0.0,0.0,0.0,0.0,0.0,0.0,0.0,0.0,0.0,0.0,0.0,0.0,0.0,0.0,0.0,0.0,0.0,0.0,0.0,0.0,0.0,0.0,0.0,0.0,0.0
9.67819086150623e-6,9.67810803148561e-6,9.67810803148561e-6,9.678108030819477e-6,9.678190860951119e-6,9.678108030097832e-6,9.678025200854368e-6,9.678025200743345e-6,9.6780252000217e-6,9.67810802954272e-6,9.678108030541921e-6,9.678025201187435e-6,9.678025201298457e-6,9.678025200576812e-6,9.67810802998681e-6,9.678108029764765e-6,9.678025200410278e-6,9.678025200299256e-6,9.678025199577611e-6,9.678108028932098e-6,9.678190859396807e-6,9.678108027932897e-6,9.678108027932897e-6,9.678108027211252e-6,9.678190858841695e-6
8.518393751666409e-5,8.517684957026761e-5,8.517684962661143e-5,8.517684908720957e-5,8.518393703355054e-5,8.5176848603985e-5,8.516976135486409e-5,8.516976141137445e-5,8.516976087219463e-5,8.517684812170412e-5,8.517684866110597e-5,8.516976141142996e-5,8.516976146794031e-5,8.516976092853845e-5,8.517684817815896e-5,8.517684812148207e-5,8.516976087225014e-5,8.516976092864947e-5,8.51697603891366e-5,8.517684763842404e-5,8.518393606743446e-5,8.517684715525498e-5,8.51768472120984e-5,8.517684667230796e-5,8.518393558432091e-5
0.00032935121409904955,0.0003292192356001422,0.0003292192490153001,0.00032921920775313973,0.0003293511862408893,0.0003292191798895394,0.0003290872784914578,0.0003290872918974008,0.0003290872506607201,0.000329219152047977,0.0003292191933216837,0.0003290872919141097,0.0003290873053201082,0.0003290872640839271,0.0003292191654801213,0.00032921915205902375,0.0003290872507190623,0.0003290872641248943,0.0003290872228884356,0.00032921912421685073,0.00032935113051246745,0.00032921909634492375,0.00032921910977723456,0.00032921906847299676,0.00032935110262954925
0.0008745458405696738,0.0008740449473703116,0.0008740450279762779,0.0008740448187131156,0.0008745457481553198,0.0008740447379805838,0.0008735441971358116,0.0008735441078865369,0.0008735442808255334,0.0008740448458516292,0.0008740447965540077,0.0008735442935796645,0.0008735441471663385,0.00087354439840992,0.0008740449631903235,0.0008740446188233442,0.0008735442738758703,0.0008735440437827591,0.0008735441729137428,0.0008740447434548715,0.0008745455752982023,0.0008740444604848352,0.0008740446317098138,0.0008740446683572767,0.0008745455336597874
0.0018576280314616112,0.001855408999133168,0.0018554086507476253,0.0018554078895073323,0.0018576269764690734,0.0018554091743742673,0.0018531970657910124,0.0018531978017832795,0.0018531993876669262,0.0018554114570417668,0.0018554113620359303,0.0018532003803889974,0.0018531985654907657,0.0018532000436726204,0.0018554110435829996,0.001855406983268082,0.0018531969804083115,0.0018531944342202733,0.001853193905537509,0.001855405905405727,0.0018576215556710407,0.001855400605093982,0.0018553986107799347,0.001855401581743743,0.0018576221238865154
0.0033984630598871135,0.003393232065345586,0.00339323097725297,0.00339322704110534,0.0033984583673906665,0.003393228739875298,0.00338802176127051,0.0033880247379910466,0.0033880298895490046,0.003393236648606468,0.0033932359080761088,0.0033880309526704844,0.0033880272824056146,0.0033880312344537478,0.0033932364794162506,0.0033932210225441906,0.0033880220000600536,0.0033880136162054986,0.003388011939975899,0.0033932176079565224,0.0033984335667516796,0.003393199116393908,0.0033931874909183257,0.003393203439926218,0.003398437522360076
0.005564166464982645,0.005550383767028544,0.005550372766100764,0.00555035260631731,0.005564136762514271,0.005550358979481251,0.005536681599332682,0.005536698472289103,0.0055367208618113395,0.0055503964947167805,0.005550390285270657,0.005536729923008743,0.005536717434857785,0.005536730398328749,0.0055503915711173635,0.005550325817320567,0.00553668320404499,0.005536654065437907,0.005536638218323842,0.00555031665239053,0.00556403324943483,0.005550226731410146,0.005550170930483989,0.00555024571981938,0.005564043518975881
0.008352347062927867,0.008317932237992265,0.008317920733010298,0.00831780963078127,0.008352232142394556,0.008317731763974767,0.008283686853036654,0.00828375842382556,0.008283669045061226,0.008317698192365053,0.008317718830949894,0.008283693500078126,0.008283760888288583,0.008283695002459068,0.008317719092289844,0.008317573404264866,0.008283597982752244,0.008283639043915547,0.008283551978402082,0.008317623464735524,0.008351960676618309,0.008317473624319116,0.008317457115147031,0.00831759500160445,0.008352092720771198
0.011688538603290943,0.01161728566583825,0.011617288922686764,0.011616870609251817,0.01168814612459046,0.011616451434258435,0.011546126561452985,0.011546361272566363,0.011545811923586613,0.011616071062096223,0.011616214360707255,0.011545949651170562,0.011546328069100442,0.011545933399566444,0.011616191915423013,0.011615922799579126,0.0115456866981401,0.011546149011195384,0.01154583926010233,0.01161626741040711,0.01168767215569777,0.011616170018902472,0.01161643781476851,0.011616606503399296,0.011688112025429687
0.015384555519569965,0.015239709740459906,0.015239865004272546,0.015238422924482409,0.015383305639248945,0.015236798888812464,0.01509461432145065,0.01509531161955624,0.015093473092666454,0.015235319843772133,0.015235899587907276,0.015093858389405967,0.015095023901271487,0.015093719770731984,0.01523576235930657,0.015235097647403328,0.01509320760353794,0.015094752034945536,0.015093728400479345,0.015236433206761824,0.015382310053210946,0.015237021421886876,0.015238540533264122,0.015238522253754494,0.015383956733480475
0.018777506848157488,0.018526579755419437,0.018527084471349153,0.018523798088486365,0.018774683854748564,0.018520198319129044,0.01827522538586024,0.018276813060581543,0.018273896237592124,0.018517647284932437,0.01851858306647919,0.018274311458600145,0.018276504318858022,0.018274256122672083,0.018518231608142754,0.018516436069407782,0.018273150016258122,0.01827639095882605,0.018274279377533786,0.01851922232955555,0.018771963684931114,0.018520764039778925,0.018524699802217937,0.01852429107127085,0.018776106486909527
0.0215116356037392,0.02112145860746889,0.021122618060611886,0.02111715036081291,0.0215070617326667,0.021111632607798914,0.02073315054032121,0.020736350559727557,0.020731514456435673,0.021107632860035308,0.02110980842756527,0.020732712669941256,0.020736787561964065,0.020732594111461555,0.02110913767490924,0.02110539644349546,0.020731105989819365,0.0207361965951528,0.020732566134323782,0.0211104987836922,0.021503205993414654,0.021113965160722836,0.0211198655847612,0.021118793461366803,0.021510220061329688
0.0232999539510908,0.022737871145896038,0.022741415889372785,0.022732970616027193,0.0232924044846618,0.022726355807645093,0.022185870290220677,0.022191340901118017,0.022183601491379767,0.02271931744817124,0.022723957957397622,0.022186716998091216,0.022193572684703455,0.022186520018933897,0.022723350092287764,0.02271748307806365,0.02218413931468044,0.022191631171467496,0.02218610582967495,0.022725047294445466,0.023288885332226172,0.022730463247036425,0.022738335197913795,0.022736195013973948,0.02329855529152125
0.023983819871545964,0.023239363485265174,0.023245194290856752,0.023233986563140796,0.023973862552660985,0.023226544429010343,0.022516345135815574,0.022524214810386356,0.02251405890441066,0.023216144145669804,0.02322401259232032,0.022519230502228926,0.022528537477418897,0.02251871543109152,0.023223835475671473,0.023214486149015612,0.022514662111199957,0.022524868468063897,0.02251625724930678,0.023225277658395216,0.023970780692028903,0.023230911875022575,0.023242263329540824,0.02323721639652132,0.023982087650047168
0.023489917606264343,0.022560869924997395,0.02256985465407979,0.02255402375455362,0.02347810280048268,0.02254592715309439,0.021667765851293097,0.021678783953933856,0.02166579502025212,0.022533637093040404,0.02254464193059008,0.02167270711894642,0.02168555145615525,0.02167236351443408,0.022545253577489266,0.02253184809960107,0.021665847822520845,0.021679626310291356,0.021667418980789943,0.02254501173949275,0.02347522687554482,0.022551491029969783,0.022567045855747536,0.022558529956104134,0.023487713714056224
0.02189450207096172,0.02080288910267708,0.020816711234726448,0.020795475284186016,0.021881575304051937,0.020787990084206953,0.0197674862789759,0.01978274250954548,0.019765232679373468,0.020774287543894987,0.020789441187336888,0.019775194051216916,0.01979258833030656,0.019774983857117123,0.020790328384312606,0.02077204137238675,0.019765795768218686,0.019783382101269453,0.019767436748264144,0.020786970110018788,0.021878188458038628,0.02079443240277573,0.020813551238894612,0.020801690024296715,0.02189208363836903
0.019377553550523174,0.01816786179565566,0.01818657324887346,0.018161721774960782,0.019365414827577143,0.01815441781817073,0.017037051239406242,0.017056245966472428,0.01703494293611274,0.018140771895517993,0.018159950826779736,0.01704811822968466,0.017068997356368354,0.017048508178514943,0.018160434511803936,0.0181380288340649,0.01703624121666375,0.01705713764745387,0.017037606953222706,0.018153347043974866,0.019361236423985573,0.01816145974889899,0.01818379875253534,0.01816679208433447,0.019375199444385482
0.01619889132456248,0.014931511736686387,0.014954641719617467,0.014925750445694608,0.016188161958948677,0.014919222487320638,0.013765138759400164,0.013788489589840469,0.013763168602310971,0.014906436796550793,0.014929234774518574,0.013779548779050521,0.013804238216118203,0.013780066090477605,0.014928949797528013,0.01490246936263162,0.013764717527335213,0.013788205724325764,0.013765381132033683,0.014917042790357049,0.016182922711196757,0.014925358668703259,0.014951693650184006,0.014930741154660032,0.01619648817204772
0.012706444928500982,0.011463862467834762,0.011490412933728211,0.011458320338939787,0.01269777111188869,0.011453776694913265,0.010343314666091619,0.010368983057387926,0.01034131247210096,0.011443467987269695,0.011469492284607585,0.01036106081941085,0.01038783320720621,0.010361564693766923,0.011468819786092266,0.01143895350152424,0.010342479064127441,0.010368211499530988,0.01034324619964,0.011451299851900187,0.012692410153621991,0.011458343747629607,0.011487716781076962,0.011463238759246264,0.01270425925074814
0.009249074966900528,0.008115983160518647,0.008144602940194867,0.008112239248287911,0.009243280496415207,0.008109487830121664,0.007123388170642397,0.007149746857882833,0.007121900907854972,0.008102400313589664,0.008130269371531829,0.007143935780530963,0.00717094967349563,0.0071445739243979345,0.008130099081289255,0.008098736346405566,0.007123148243163013,0.007149414301912793,0.007123622248224382,0.008108155127603989,0.009239377921307468,0.00811328643976672,0.00814360544684789,0.008116097916411602,0.00924785368926695
0.006182341460521601,0.005247576104652318,0.0052762772639409206,0.005245479290880928,0.006179628760999811,0.005244992943497506,0.004464917596343487,0.004490010779520048,0.004464308860902988,0.005241746782335244,0.005269696571800708,0.00448704380075049,0.0045125159296435235,0.004487612640992178,0.0052697723168194655,0.005239097317450592,0.004465598371629298,0.004489727578850411,0.004465369100873917,0.005244347333310251,0.006177198366289882,0.005247336963816129,0.0052762699748925,0.0052484000389932395,0.006181851696047569
0.0038158071519025505,0.003158970678106554,0.0031852947655616193,0.0031588872115567157,0.003816133603752603,0.0031601618808812515,0.0026558314053579113,0.002677161622224311,0.002655900425942548,0.0031604859102506433,0.003185891748743175,0.0026766035255387788,0.0026981681200842766,0.002677167641619571,0.0031861959873993317,0.0031590929755326846,0.0026569512284936314,0.002677260144584359,0.0026564459059167933,0.00316031450354326,0.003815279370316449,0.003160983286411012,0.0031860411301326552,0.0031601087754590806,0.003816073044314361
0.002380061054906235,0.002059726947101881,0.0020808641853383714,0.0020614531542060277,0.0023827938720272224,0.0020640358421355476,0.0018832154270860268,0.0018987500184296513,0.0018842461862048632,0.002067337990272644,0.0020874712890010527,0.001900004366150676,0.0019152544231498814,0.0019004333844698795,0.0020878863383974045,0.002067066088858205,0.0018845637764665635,0.0018988562617714977,0.0018840728989776845,0.0020646675648444135,0.002383469911375835,0.002063597192838218,0.002082480121291086,0.002061262319145163,0.00238085474817773
0.00202282017110178,0.0020728744196085724,0.002085527801573228,0.002075773965153238,0.0020271446189354947,0.002079158068344189,0.002242141016563448,0.0022495548317199576,0.0022438200686792364,0.0020846143035722076,0.0020962124933997517,0.0022509255393819982,0.002257607592256017,0.002251033161151328,0.0020960213771417657,0.0020852125711505742,0.0022425372639592323,0.0022485216183528722,0.00224240967255096,0.002079535500251639,0.0020288484295295506,0.0020767237016419138,0.00208689508593074,0.0020736220660234617,0.0020235711275863877
0.0027764964541832082,0.003195224079356629,0.0031958387561435986,0.0031989060449250095,0.0027818949731762133,0.0032016097526575416,0.003695548043525676,0.003690656483454069,0.003697637090864847,0.0032085184945679357,0.0032078723231016015,0.003693773918099219,0.0036877707557206874,0.003694436104315746,0.0032085111494960517,0.0032101762574930914,0.003696372074508014,0.003690439917772015,0.003696737012688578,0.0032029747035375866,0.002784518968709626,0.0031993950755646594,0.0031975857148629494,0.0031964392900306615,0.0027777453184641976
0.004580084735397727,0.005330845017538943,0.005316650572432635,0.005334843638769016,0.004585019905950505,0.005336308564725389,0.006113316235124677,0.0060951430003904905,0.006115377805139932,0.005343118791495238,0.005327714587210652,0.00609722333588858,0.006077386124418882,0.006096377229722116,0.005327293070168659,0.005344799683411394,0.0061119882165064365,0.0060931524608384136,0.006112584470430449,0.005336768125241087,0.004587407909830976,0.0053325291564856325,0.005316687667758724,0.005330294855893536,0.004580780670512763
0.007261606413070165,0.008268766442160902,0.008237341730915393,0.008271823286986835,0.007265989777601289,0.008271591367580267,0.009246478935992397,0.009212309449157297,0.009247988135533791,0.008277860703791606,0.008244518564868963,0.00921402414158079,0.009177894334664094,0.009213751678344873,0.008245024514694277,0.008279737251004227,0.009244584191540117,0.00921035616843957,0.009245947389700804,0.008272945832440926,0.007268204377152254,0.008268371658048779,0.00823587753550098,0.008267316546908599,0.007262272328968089
0.010584210391226256,0.011742104821188648,0.011691273707293004,0.011744706046452946,0.01058662130294774,0.01174084057864866,0.012804535506243941,0.012753074383830165,0.012805393303297496,0.011745145302236526,0.01169273927309289,0.012755065827309064,0.012702125790464813,0.012753712053962252,0.011692730656074957,0.011746703219817911,0.012801830637827027,0.012752319350384733,0.012804293637158182,0.011741811396758117,0.010587436135436779,0.011739031772892872,0.011689159144733396,0.011740337085403008,0.010584298361770328
0.014250062461732438,0.015428924445265113,0.015359551767966884,0.01542841409158946,0.014248851124676776,0.015421336574795719,0.016441589896714015,0.016376180621115455,0.01644016845985935,0.015421747810503539,0.015350215610942242,0.01637238166479127,0.016305489230578285,0.01636955358503256,0.015349464436870519,0.01542205376707767,0.01643441000843232,0.01637177149643787,0.01643740325326104,0.015420982786205795,0.014247901175302335,0.015418969351984058,0.015352885964431906,0.015423118601502583,0.014248794104665286
0.01792760948453964,0.018981529870832015,0.01889402490093678,0.01897853826549889,0.017923442325859185,0.018965929344783472,0.019805229536601632,0.019723997004464477,0.019802396515348986,0.01896293634449575,0.018873232402633167,0.019721717168133313,0.01963980732931503,0.019720029017449903,0.018873553430652557,0.01896326159809364,0.01980035951601289,0.019723518622305813,0.01980456290103172,0.018966481398060342,0.01792029271568152,0.018968752580607373,0.018887395507371507,0.018976737471957383,0.017925887704204835
0.02131444573078506,0.022102259331229224,0.02199994868842392,0.02209679639409129,0.021304986163639184,0.02207975737827672,0.022608272258092366,0.02251890314167937,0.02260380345707852,0.022071188091160487,0.02196746902933988,0.022511478850349265,0.0224214164077548,0.022507036861668772,0.021965162667051674,0.02206994884664837,0.022600541061460033,0.02251567373811958,0.022605366323903697,0.02207669050080624,0.02129840115521381,0.022082780313001704,0.02198995315953356,0.02209484948124868,0.021310029897651073
0.024107987305141743,0.02449674926758766,0.024384073189820554,0.02448709427865936,0.024093737176726693,0.024466568458350046,0.024570418622807955,0.024475313130622622,0.024562527042281013,0.024453223196189477,0.02433955658833392,0.024463949005806618,0.024370464165266115,0.02446099081432207,0.024338479621702103,0.024452166863166813,0.024560843584154557,0.024472137071983202,0.024566520408760173,0.024464450701369767,0.024087072219133476,0.024474334978874857,0.02437217502494121,0.024487512920371324,0.02410270737977116
0.026085129328426493,0.0259712977008123,0.025853843856781522,0.025960673925114586,0.026067571944432433,0.025935946570685098,0.025538222269740396,0.025441531472325363,0.025529506408326963,0.025919894213998818,0.02580166882025242,0.025431969630180407,0.025339457599050486,0.025429288300715225,0.02580030079924972,0.025918788985701824,0.02553054607103694,0.025443080574558963,0.02553688774422258,0.02593447214834832,0.02606023463658219,0.025949898101855995,0.025844363563233108,0.025964683629133012,0.026080437307679505
0.0270971552490486,0.026416235869665627,0.026303032041224028,0.02640284877201038,0.027075131592617097,0.026377626292324208,0.025436944562905406,0.02535011932382969,0.02542673617928498,0.026358001650045315,0.02624252951986994,0.02533479311213277,0.025251551449792797,0.025330348827214244,0.026240377713055818,0.026354709934652,0.0254268205176712,0.025347928570088163,0.025432112167169618,0.026374223813377562,0.027067078898540542,0.026391904455900506,0.026289824775666215,0.026407035601642925,0.02709115569303533
0.027057755088330804,0.025786162408352797,0.025683082944725155,0.025770314195995736,0.027033890510143987,0.02574539480512933,0.024269230225272442,0.02419412354830197,0.024258566498206402,0.025724411157744376,0.025620103221224155,0.02418109044324873,0.02411106115993561,0.02418009071552263,0.02561984101128556,0.025722500465275355,0.024262998618907516,0.02419658199013458,0.024268801036178067,0.0257451170819587,0.027026911759922778,0.025765051308123343,0.025671786869420843,0.025779447993096838,0.027052236492785542
0.026005595066042997,0.024176039633254987,0.024090030849417965,0.024162327663540983,0.025980638617535967,0.024136623307899452,0.02218621602673848,0.02213055338216985,0.022176870420130446,0.02411411297082172,0.024028753248901524,0.022117305339873494,0.02206746649942315,0.022114840890700538,0.024026267905193077,0.02411233018008696,0.022180669104920614,0.02213418486140062,0.02218530668558716,0.0241360390600171,0.02597341878852183,0.024157473942603147,0.024081198745145638,0.02417149039800265,0.026000359149791596
0.02403561818792077,0.02172607421503453,0.021665510385846132,0.021712921292361353,0.024011511269582564,0.021689276408642266,0.01936489638317579,0.01933448673448368,0.01935474019701444,0.021667700972559212,0.021605344061226828,0.01931844289452711,0.019293494361442454,0.01931744552186826,0.02160381940631101,0.021665042064625495,0.019358860178703474,0.01933589323059942,0.01936307712736196,0.02168885768877532,0.024005045241736633,0.021709720138718414,0.021656123796606086,0.02172066163386771,0.02403029681767821
0.021328123358263062,0.018664181922133427,0.018631422713549062,0.018651440774877515,0.021306242937914166,0.018631106782979745,0.016078397690359902,0.016072639326491722,0.01606910884631013,0.018612756395555374,0.018577956102372783,0.016060522778475028,0.01606129487275776,0.016061254940648473,0.018578292846694433,0.01860947568705884,0.01607546746905747,0.016077454648793565,0.016079912327354395,0.018631324043686337,0.021300236610172996,0.01865187010362629,0.018624920430686642,0.018661050061558604,0.021322518237356924
0.018131843021379268,0.015278355775505237,0.015276970676652124,0.015267359257581326,0.01811212834380499,0.015250454897294097,0.01264110565507548,0.012663863281144383,0.012633043932236854,0.015234781053189927,0.015229481532001987,0.012650239873676528,0.012678294543602253,0.012649009173032244,0.015229814797580066,0.0152280395741341,0.012636248792296745,0.012664897887383342,0.01263926378393665,0.015247988050239136,0.018105090704008953,0.015265987918351043,0.015269760011974332,0.015273965671510181,0.018124800737992774
0.014705464866529294,0.011846620530352403,0.01187727627406232,0.011838573221243764,0.01469057114547917,0.011826008599180371,0.009345859261964184,0.009393098662465849,0.009339462325512027,0.0118150620781029,0.011840395341041088,0.009382719450009791,0.009434327631418882,0.009383940978216654,0.011843389314674602,0.011808126678437614,0.0093433504156199,0.009394580992080237,0.00934591171139676,0.01182500868651809,0.014684727968484634,0.011839313015875153,0.011872750766106721,0.011844089692939486,0.014699002463089195
0.011348708922196749,0.008686300291639748,0.008745983109792854,0.008682079809575527,0.011339396009937386,0.008674053478388621,0.006512697680282897,0.006580330343687435,0.006509151967666549,0.008668260419251117,0.008722682275066285,0.006573298923937931,0.006643921019167165,0.006574079543786582,0.008725086239684043,0.008661511827047219,0.00651179367093202,0.006581551343617764,0.006513357861857472,0.008672988000387738,0.011334534666875451,0.00868309582848592,0.008743315610504454,0.008685152105018135,0.011343722144029122
0.008334949749611575,0.006061814556303502,0.0061454232588467606,0.006060552068037628,0.00833143918683954,0.0060577499419691705,0.004383969233310525,0.004465808581573638,0.004382672589217984,0.006057112619232585,0.0061342943345556455,0.004460143401715244,0.004542861293354017,0.0044612223983497845,0.00613736680644128,0.006050586552308113,0.004383110609745833,0.004464558469125968,0.004383856506100237,0.006057264374935756,0.008328241185231788,0.006061891837186084,0.006143130829982191,0.00606108345150469,0.00833141580673824
0.005906944459617147,0.004194936631291668,0.004293894539841303,0.004197327890359537,0.005909353276709384,0.004198501904694785,0.003152903179543809,0.0032385422717809975,0.0031542893181550347,0.004203655421340824,0.0042960942627598975,0.0032370774164026672,0.003322370242457684,0.0032387833522015685,0.004299371549133402,0.004198802001151081,0.003154250803079406,0.0032380421335045373,0.003154661220583832,0.00419940403108332,0.005908250595500708,0.004199776018931567,0.0042939663767100344,0.00419607162606217,0.005905271537435974
0.0042662991674636275,0.00325347130049769,0.0033569822094036694,0.003258920364481721,0.004273618470083618,0.003263191473990512,0.002939023999638468,0.0030188996702301685,0.00294272028445286,0.003272717110908374,0.0033688923480929,0.0030179972237752706,0.003095710143246666,0.0030189178703757813,0.003371226750050249,0.0032683485646694543,0.002940050035778685,0.00301642906494759,0.0029397936080001186,0.003263835609499277,0.00427369032567132,0.0032598139829004835,0.0033569074850789415,0.0032543114622665126,0.0042658843847219186
0.003537218726602953,0.0033105894742267994,0.0034055750338590762,0.0033181459670812985,0.0035485351336213,0.0033243581106569553,0.003761842993426301,0.0038226656635971246,0.0037668855595611173,0.003337693233301464,0.0034254469295070256,0.003823806690113285,0.0038820552639776684,0.003825231610197821,0.003427916002529785,0.003335289246400086,0.0037637748503090984,0.0038203875878761173,0.0037637459877121193,0.003326278880109945,0.0035507366511441374,0.0033194469165724882,0.003406649964392716,0.0033123306229841942,0.003538152787528226
0.0037854309205402337,0.004377058176440962,0.004450784437194155,0.004386334740771436,0.0037988773646940865,0.004392986911191055,0.005572168949198708,0.0056031015376311055,0.005578235091422079,0.004408333647841212,0.004473918630338358,0.005602883196912323,0.005630519645625165,0.005603155445366714,0.004475210435465393,0.004407467234584406,0.005573678076673805,0.005599595764944787,0.005572438616578301,0.004393992354636833,0.003801621340389416,0.004385534286715842,0.004451516059870597,0.004378353755719044,0.003786591549845564
0.004988958692889234,0.006367348434869302,0.006404847007828507,0.0063763157779475055,0.005003480561930784,0.0063824581379897105,0.008218678328696105,0.008206876248119166,0.008224482250907716,0.00639802533420053,0.006427747755784807,0.008206557687027327,0.008192290911092803,0.00820726775124292,0.00642865907492296,0.006399139141025578,0.008219750882751231,0.008203426951302772,0.008219785319295791,0.006383881268615332,0.005007178707603699,0.006373923378831803,0.006403835510766398,0.0063676677367417445,0.004990724962231963
0.007065094073555711,0.00913762094795445,0.00912665570500426,0.009146813805099296,0.007078774225106166,0.009150140926408645,0.011506636544645732,0.011442378341830928,0.011511654103153024,0.00916425052375025,0.009145906960354722,0.011441124563157046,0.011375484521307211,0.011440816721684066,0.009145567380696717,0.009167618214888484,0.011507747296252924,0.011439378961148106,0.011506446110276125,0.009150419192301085,0.007082117225768292,0.0091429983206196,0.009125536460351247,0.009137700730733,0.00706638560697509
0.009864724976540118,0.012482174024625536,0.012412266371246816,0.012489084196384392,0.009875403104397051,0.012488741901067746,0.015174320047141698,0.015052734943298729,0.015176848816510324,0.012498766878732526,0.012421001876342375,0.015045495082952665,0.014924227398641021,0.01504394587746527,0.012419309770265119,0.012502646570402787,0.015171231917053718,0.015046936108803866,0.01517185628248352,0.012487549252857444,0.009877195002069461,0.012480777825609635,0.012406340881344957,0.01247905070024713,0.009865234877347528
0.01318006843281505,0.016144243168801087,0.016005525878007076,0.01614732715452133,0.013186548621238137,0.01614110274529068,0.018933697549105954,0.018748193087226528,0.018932937563238716,0.016145699620816523,0.01600185687237049,0.01874051762796164,0.018559035831454296,0.018739872505124988,0.015999737799242464,0.01615188018510577,0.01893052027595582,0.018745162729896236,0.018932474846203973,0.016140405603198016,0.013187879796075608,0.016138465772479127,0.015998765111939983,0.016140223614426297,0.01318020481947646
0.016791928485787644,0.019873101126121784,0.01966383976660041,0.019873030529921676,0.01679175747460604,0.019859205496610577,0.022519508787206266,0.022274169538460786,0.02251633063545888,0.019857107289398712,0.019642739318023572,0.02226123077448655,0.02202129572452577,0.022257862933957595,0.019638268637616585,0.01986328789633207,0.022513768040759663,0.022269774187696267,0.02251446600773882,0.019855184916277413,0.016789019515872083,0.019860059374006367,0.019653919001936915,0.019865837595183178,0.016789472467816813
0.020439383505492292,0.023386653068438623,0.023105202357907473,0.02337977617517606,0.02043125182822919,0.023360495188455233,0.025641035743719343,0.025339902301588335,0.02563412338125659,0.02335025307160693,0.023066825144685943,0.025323690878990723,0.025031308633772398,0.025321190631316548,0.023061842477685668,0.023355754377996252,0.02563323263819367,0.02533577707827578,0.025637804806619646,0.023356412682059513,0.020426864863233973,0.02336563632301586,0.023091772142127653,0.023376031595012503,0.020436338517772823
0.023881169747837383,0.02644447508861625,0.02609674912464227,0.02643366625128507,0.023865203872453222,0.02640784662437029,0.02808904356698011,0.02773990522842995,0.02807942369859684,0.02638914773921469,0.026043541436131634,0.02772517068063235,0.027387228912201134,0.02772226298919811,0.026037583870817393,0.02639572280846425,0.028083328082335324,0.027739447675617646,0.028086172650688856,0.026403476391031355,0.023859485691047955,0.026421732727710145,0.0260852591930556,0.026434269803987165,0.02387791009489082
0.026898712815262626,0.02884616744170254,0.02844552309758097,0.028832380784513112,0.026873923760560525,0.028801269376087624,0.029692406938052307,0.029313807161946037,0.029680435811814787,0.02877441839805389,0.028375363347290794,0.02929341497801996,0.028926562539984435,0.029287567334254527,0.02836904273176616,0.028779572409782128,0.0296822743524226,0.029311059046283283,0.029685936846520822,0.02879553132014645,0.0268665724064569,0.028816870752531143,0.028430781742716404,0.028833886503383588,0.02689478469227352
0.02928285844598022,0.03041498129208864,0.02997173798102265,0.03039511014369667,0.029252230407756263,0.03036251656389266,0.03032390010244651,0.029928584869447772,0.0303089824726544,0.030329830199244123,0.029893333972209613,0.02991140063295411,0.029531594494637103,0.029908474678188413,0.0298888474486661,0.030335230597711538,0.03031528180950971,0.029929753167745043,0.030321830684414075,0.030359619877944055,0.029246048488570542,0.03038508157403419,0.029958751079707968,0.030403199489798416,0.029279676141810818
0.030906497979205416,0.031076400473443455,0.030610681514812388,0.031054509505155814,0.030869757188825897,0.031020318230083388,0.029980843952391423,0.029588762518628686,0.029964581416380753,0.03098282209096387,0.03052675358881285,0.029573864505667513,0.029197795382430447,0.02956921759904335,0.030522201483711986,0.030987778379689745,0.029973942835221923,0.029592823918486222,0.029977673457381504,0.03101634810845688,0.03086262884729979,0.031047943400034028,0.03060210826341858,0.031066897385979342,0.030902493344427406
0.03167198365712237,0.030790166830932775,0.03032584634720703,0.03076705189222284,0.031631534618115575,0.03073262537471938,0.028681482286112947,0.028316030115330848,0.028664161307567382,0.0306929381673558,0.030236582128849,0.028299224343819318,0.027949523490746475,0.0282942517573892,0.03023398702838387,0.030695241303431042,0.02867207799740279,0.028318264235878188,0.028678407006122064,0.030730302473157778,0.031623804709602854,0.03075983571105534,0.030314716122071317,0.03078067530704187,0.03166820916632951
0.031540684333901836,0.02958713230347859,0.029143592889890324,0.02956357553311556,0.03149988970705775,0.029530910278871336,0.02653664730308547,0.026212350357330494,0.026519748414713162,0.02949148643206112,0.029058657740288818,0.026203698372206596,0.025895003376182057,0.026201061345946353,0.029058054236149655,0.02949315969195926,0.02653239331618712,0.026219788203661054,0.0265380233113236,0.029531278449788922,0.03149368228564631,0.029562521884092807,0.029136980338252183,0.029581086377210852,0.031538378579880344
0.030560957700368818,0.027588641203492248,0.027187596050051444,0.027565721287266642,0.030519018608096804,0.027535785132022483,0.023733018032613185,0.023471136118999092,0.0237172390767722,0.02749743131126048,0.02710734673351406,0.023462553903443262,0.02321364655097613,0.023457995662238662,0.027107827988523403,0.027496886000416276,0.023728506571400243,0.02347825704148815,0.023731962466441825,0.02753527387713417,0.030512321107526608,0.027566703109361657,0.02718449558430186,0.027582886482711844,0.030557113646802248
0.028797995832428702,0.02492411165286157,0.024586895281315857,0.024902077704407,0.028759276392946065,0.024875634940709046,0.020456775182423226,0.020270879269721154,0.02044259982342378,0.02484137952786092,0.024513718629285586,0.02026396251503737,0.020089395051763215,0.02026205043556295,0.02451613964505789,0.02483806990963605,0.020452220212276107,0.020277180468207978,0.020458039716243548,0.024878082906986176,0.028752996034086153,0.024905024275809318,0.024584000659890526,0.02491890839106292,0.02879487912561529
0.026391539401861897,0.021798470364247424,0.021544100963556023,0.021781966932271524,0.026357388781585278,0.021758214420996735,0.0169715356107889,0.016870221758292336,0.016961168841115093,0.021728199664589387,0.021481045529233467,0.016867503118948524,0.016773658116769563,0.016866450182165593,0.02148415091878203,0.021723698365017474,0.01697144057603689,0.01687805773019868,0.01697405327173096,0.021760442431119742,0.026351313673994792,0.021785717647151093,0.021544559349097714,0.021796983430175942,0.02638848972939406
0.023519110219256623,0.018441884996817315,0.018282030313373943,0.018428416237916467,0.023489541109496803,0.01840954060862421,0.013529606236050484,0.013520513363031561,0.013522591400247364,0.018384526602167217,0.0182284661355423,0.013513572203921576,0.013508518074726306,0.01351267395733291,0.018231754324067706,0.01837674679243717,0.013527549906206582,0.013524676399226943,0.01353042510179392,0.018410408288262736,0.023482428893056184,0.018431098886140196,0.018281649288103496,0.018438959643548247,0.023514915870511133
0.020363345602528782,0.015071609241236406,0.015013800991656945,0.015061850751821981,0.02034082087200617,0.015047332592511453,0.010370684878676983,0.01044896813265217,0.010367096724322733,0.015029958860319048,0.01497329566354233,0.010444288923649347,0.010524255686858053,0.010446680360178318,0.014977653360775167,0.015020303095154008,0.010370987773153095,0.010452468944080195,0.01037441326044608,0.015049453204443453,0.020334446287480434,0.015066666531673656,0.015013743631483445,0.01507003009083363,0.020359047104086203
0.017148795830677632,0.011937818677884293,0.011984738571938935,0.011934412228853941,0.017132902874347933,0.011922855859886727,0.007743388999940981,0.00790112414190347,0.007744368190242268,0.011912844570777459,0.011956575450126461,0.007896796012603902,0.008052417460854444,0.007899529679545492,0.011960891224285453,0.011901794905539664,0.007744704917684697,0.007903125593131333,0.007746021545330273,0.011923188633803317,0.017125913775656587,0.011936583854206484,0.01198470464651713,0.01193702623668741,0.017142895496284005
0.014077634856833332,0.00924352222473196,0.009389679871652012,0.009244930170883459,0.01407041971816575,0.009237867390360255,0.005822025693464128,0.00604631421877988,0.005825990702262807,0.009236901544932008,0.009374168243972969,0.006039348926716981,0.006259468509150934,0.006043636227946347,0.009379641951421824,0.009224418150574898,0.00582189126546645,0.006044168829294705,0.0058245671159170564,0.009238972170439508,0.014064092140188555,0.009245775159799019,0.009387347273729918,0.009242412388514976,0.014071817250092988
0.011344862901141284,0.007170499062426616,0.007403761096287986,0.007177193204247201,0.011346743736836029,0.007173703860216429,0.0047544649389695826,0.00502308966947318,0.004761382134775061,0.007182107880233768,0.007402756971459146,0.00501690212385919,0.005280569024480042,0.005022525964257618,0.0074085183074424354,0.007170361201597586,0.004755585593388734,0.005019727869947421,0.00475704334485777,0.007175539946354004,0.01134222860856371,0.0071784241190345766,0.007402311436374487,0.007170640140764795,0.011339752630306288
0.009130167463996364,0.00586703800233318,0.006169552301956982,0.005878461361206899,0.009139503485917577,0.005877968189663352,0.0046255775143480005,0.0049153852269817055,0.004635023695539142,0.005893283003453709,0.006178421350750474,0.004905387895576041,0.005190213484606576,0.0049112944378374435,0.0061838654631652945,0.005882264980322405,0.004624317940680633,0.004908288133218974,0.004626502349886263,0.005878742148314575,0.009135661702007192,0.005875999666076992,0.006164914293491919,0.005866247312594608,0.009124714064353556
0.007560961729603521,0.005410759983895896,0.005757906601827623,0.005425556444598079,0.007577977287638427,0.005427660994585581,0.005448688699031257,0.0057297084938405796,0.005459065829715559,0.00544997201934333,0.00577671985524375,0.005718597159407812,0.005996181296673897,0.005725541514940813,0.005782162202569108,0.005440592609402328,0.0054464780858220485,0.005720526636598,0.00544966223825194,0.005429675369387821,0.007576277504636908,0.005423419671119256,0.005752654864344675,0.0054104892892419265,0.007556735622261668
0.006742309024569015,0.005848951622428933,0.006212896356010522,0.005866586350410152,0.006764303891476253,0.005869696132675295,0.007194055085782969,0.007436016037048798,0.00720453312013597,0.005896047344411681,0.006236695907431589,0.007421221601447647,0.007663167969095441,0.007426933459955154,0.00624105307860412,0.005889024138435839,0.007189308405781636,0.007424201533615449,0.007192425582616568,0.005871239711221332,0.0067636119842376385,0.005861041654914634,0.006205373817038007,0.005848175196643157,0.006738469945555159
0.006720097377169776,0.007155308754387579,0.007503200295819301,0.007173123886499655,0.0067458208269873254,0.007177244044969278,0.00974940457884732,0.009920980459379836,0.009758360019400558,0.0072056221863964764,0.007528665213496488,0.00990227399223792,0.010079576330360607,0.009907916025523933,0.007532143679631231,0.007200883745970499,0.00974106368974853,0.00990682708875179,0.009747726550138114,0.007179221893888366,0.006746200167137895,0.007165066566693523,0.0074923097563665,0.007153713926945304,0.006716950272524058
0.007498822917239467,0.009259814720833037,0.009558414380619662,0.009277896880921288,0.007526065293652351,0.009280580642673453,0.012974681515781017,0.01304469551573223,0.012981145460582877,0.00930899998841539,0.00958262354232825,0.013024543526079457,0.013106827070402893,0.013028545822295678,0.009584904009824036,0.00930694334889104,0.012964485428120232,0.013030148740852177,0.01297124140686201,0.00928264288849473,0.007527591717337412,0.009269039646432053,0.009547299301851664,0.009258305314787996,0.0074966137792814025
0.009043244050652433,0.012051911042427699,0.01226883796065803,0.012067990795127437,0.009068762071342773,0.012068177158145732,0.016678055237193123,0.0166227002968643,0.01668006840403824,0.012092939621640375,0.012283619469655227,0.01659413725215242,0.016561283085408163,0.01659610449513721,0.012284903918398815,0.012093312872072659,0.016661278386347123,0.0166054023832351,0.016671410064530323,0.012069274033293442,0.009070061862427425,0.012053610843858142,0.012252871223655648,0.012048131442798315,0.009040966867637446
0.011258877148802027,0.015362597991177951,0.015464693031185917,0.015374061814024176,0.011282312971213848,0.01537038953617842,0.020631420522839283,0.020427272740581814,0.02062901536835915,0.015390944829277275,0.015468750951945831,0.020397252737045513,0.020226293952273044,0.020399086468384342,0.015469695245178938,0.01539371081500096,0.02061286466775325,0.0204117396105305,0.02062577097736107,0.015372913948610567,0.011284141444480755,0.015359841985586598,0.015448083746955554,0.01535809379239228,0.011257957576466415
0.014041146637646884,0.01902454452619451,0.018986207525940102,0.019032093148241502,0.014057943671958228,0.01902194937339069,0.024626907763405648,0.024261385813085068,0.024620540209919994,0.019034833882441926,0.018973945849196983,0.02422764808474831,0.02390548922332958,0.024226332311294896,0.018973203018000373,0.019039732868553705,0.024606238823756232,0.024245941360655165,0.024618202225568986,0.019022673979042837,0.014058288548594533,0.01901481947380934,0.018968381087722253,0.019018269300911383,0.014039790271023811
0.01723878973214371,0.022830486687674567,0.022629642989942522,0.022830434220806495,0.017247684906591176,0.022815264127467427,0.02841783709688528,0.027885349222687317,0.02840546921799708,0.022818748496379992,0.022598180561965053,0.027846242547744482,0.027371282563402932,0.027843905184342377,0.022596503873782203,0.02282557716947564,0.028392120636137164,0.02787012770065811,0.028408422961188007,0.022815690178075054,0.017246477242072622,0.02281021031753594,0.022607758345380424,0.02282110470883153,0.01723743742563255
0.020683052028231896,0.026572085466916695,0.026193376431424442,0.026565942850701407,0.02068324833992813,0.02654451912618644,0.031798187733528605,0.031097558184890295,0.031781813766479816,0.026537782015744582,0.026146342263102418,0.03106353973620951,0.03043341265251165,0.0310600677976125,0.02614398608241908,0.026547057663841744,0.0317752576589313,0.031088404994934815,0.03178929398373598,0.026545782457660483,0.02068246467394308,0.026549128279763357,0.026174521461590716,0.026563393227120424,0.020682921169329627
0.024218165006302916,0.030071827379449134,0.029513122677430892,0.030061924223364733,0.02420701718625251,0.030033671894362124,0.03459669185827435,0.03374482520808891,0.03457656503290202,0.030015224033794474,0.02944678769847192,0.03370816856811404,0.03293898682849583,0.0337003611919503,0.029443311651717097,0.03002535020678393,0.034571166951730736,0.033736390153445095,0.03458387131544277,0.030033481558142283,0.024204874190176195,0.030041717636430876,0.02949292022971073,0.030061742114830814,0.02421805322690629
0.027654471907027967,0.03313111575757616,0.03239188993132319,0.03311249649733722,0.027634799421874134,0.033082484047319005,0.036637588959025025,0.0356547060712632,0.03661301734370964,0.03305462505226192,0.03231276950997841,0.03562122940213397,0.034733698225550835,0.03561304198177084,0.03231000164428377,0.03306555242088027,0.036612888056242576,0.03565032090086617,0.03662767366351166,0.033084256570565074,0.027632426647752062,0.0330958443433334,0.032373046924162874,0.033119481797533046,0.027655043356825837
0.030836937728569325,0.035610703857385906,0.03470335661218443,0.03558704001455615,0.030808248193105015,0.035553999076475495,0.0378440698859307,0.03675671940923797,0.037817189626788095,0.0355164087189318,0.03461606391549754,0.03673336681085143,0.035749998643776315,0.036722322737505086,0.034611971586138435,0.035528567129546496,0.03782582414404895,0.03675974004557803,0.037833895521189154,0.035555636810394864,0.030805754769285487,0.035576358195982705,0.03469107262208615,0.035600656916120965,0.030838430108353743
0.03362964630156007,0.037400602488910084,0.03635139277789157,0.037374389428930066,0.03359142281883687,0.037339421568331144,0.03815684409473902,0.0370064028860963,0.03812716990938653,0.03729241915977155,0.03625358209781038,0.03698373644459474,0.03594541308857546,0.036969734975011714,0.03624844390801951,0.03730449794081542,0.03813672093814213,0.03701046546771514,0.03814498400589239,0.037339808957103926,0.033587096258761995,0.03736258238910517,0.03633835089055165,0.0373902012410241,0.033630677535543496
0.035891812752746444,0.03840400192467136,0.0372377374323139,0.03837254929285644,0.035848454858067424,0.03833978770259894,0.03755586343107109,0.03638066121768019,0.03752471734712792,0.038287768254331056,0.03714070571833816,0.03636980159803477,0.035311369270908555,0.03635625342916654,0.03713576195301699,0.03829996751291165,0.037542788287430184,0.036391696366004866,0.03754926111231843,0.03834220503427066,0.03584495136407373,0.03836923167406853,0.03723122395398715,0.03839469789602812,0.03589427427642389
0.03755171818810715,0.038612146786182855,0.037365005244088645,0.03857853619039303,0.03750197534211108,0.03854709372129972,0.036120897437902866,0.034965248882030786,0.036090563979308654,0.03848897916436306,0.03727087979391264,0.03496528288878192,0.033925740670557036,0.034948576928559294,0.037264168148036236,0.038501591228806864,0.03611422464898412,0.034982105241242845,0.03611336996885195,0.03854763211515483,0.03749855433251931,0.03857983195908732,0.0373659766266336,0.03860416708441489,0.03755432033707201
0.03854587672408394,0.03802100239996842,0.03673873780921161,0.03798667893845131,0.038492423725257185,0.03795890232218768,0.0339214510890567,0.03283449174820907,0.033890985477645075,0.03789824968084732,0.03664732428736467,0.03283834502473759,0.031865605157937016,0.03282161324947086,0.036640859500822465,0.03790940395242748,0.03391470269793362,0.03285204993768759,0.03391584717115964,0.03795948901034529,0.03848845254424704,0.037990018215582066,0.03674098098107298,0.03801396060004042,0.03854794692959479
0.038837575358121934,0.036671237570788384,0.03539693345327688,0.036637489485285446,0.03878500707951299,0.03661440361108237,0.031093105823892964,0.030114509334581818,0.031064846490282683,0.03655522785748305,0.03531710151119194,0.03013306359258905,0.029260735237972513,0.03011753088312441,0.03531175997849478,0.03656491967045555,0.031096108265793676,0.03013874234770747,0.03109223233397168,0.03661643448228563,0.03878200093946338,0.03664967182086948,0.035407436929563496,0.036668077674222976,0.03884137980532515
0.03845881698497772,0.03467607908880466,0.033456407482040595,0.03464445039437569,0.03840544099411791,0.03462531777062389,0.027821077054196286,0.02699391983405297,0.027796744755256675,0.03456577259582028,0.033385806764982096,0.027017175776758606,0.02628495702777639,0.027000548877035124,0.033379679005381746,0.034573518680201976,0.02782664334065632,0.027018633137386894,0.027818916379214464,0.034624759553116446,0.03840188166696501,0.03465712271000215,0.03347062994857575,0.03467294219126055,0.038461935043856144
0.037435725170357814,0.03212863592126691,0.031010694592898735,0.03209831691076587,0.03738538464490704,0.032085436800142475,0.024263814447187726,0.023623485580193948,0.024242146746501547,0.03203196837699368,0.030951814477201633,0.02364960603077193,0.023091421557479508,0.023635721999490433,0.030948878133880142,0.03203624519409948,0.024271083345765387,0.023647433979854082,0.024265844929108105,0.032086967012415424,0.03738248622240625,0.03211492147237871,0.031027033308320462,0.032127113246804895,0.03743844346974784
0.035840010028569236,0.02917793685393244,0.0282063146900694,0.029153591555333758,0.03579519215263083,0.029144769336810483,0.020639187446707286,0.02020987967208554,0.020623832406074738,0.029098715630347827,0.02816217433619289,0.02024201545857407,0.01987754367703498,0.020231096714894203,0.02816037733479182,0.02909986335180581,0.020653412286748885,0.02023561809076896,0.02064365579015398,0.029146178490117802,0.03579275811571675,0.02917421646722862,0.02822768101722395,0.02918082337468597,0.035843701852576904
0.0337807528558674,0.02599892794584968,0.02521180297877912,0.025979490137152617,0.03374055368453377,0.025974495142243204,0.017148431609961767,0.016951660179259864,0.017138852154000295,0.025933947496291354,0.025176935750362672,0.0169762012141344,0.016826816028190084,0.016968515518482163,0.025175784909492738,0.025932175682947034,0.017160194747132373,0.01697173134605867,0.01715265949222744,0.025974012835391413,0.033737801961288505,0.025996106567640065,0.025230929376113376,0.026000555064369435,0.03378345179579101
0.03135493681262608,0.02273617114628118,0.022164413948414063,0.022720551349147966,0.03132324235875317,0.022719155219175113,0.013967421279506398,0.014006683535546016,0.013961673493413707,0.02268965376194898,0.02214068023795568,0.014028395051909337,0.01409665016374817,0.014025857978670397,0.02214292349208241,0.022683773805609597,0.013979047216916729,0.01402316251332536,0.013974431912722074,0.02272057952330986,0.03132075244564442,0.022738599518809854,0.022183351378406435,0.022738345883782873,0.0313570005940525
0.02870180943296602,0.019575372770289312,0.01924453144604099,0.019567777533472164,0.028677844218831183,0.01956654646556022,0.01129177728129327,0.011561726679767181,0.011292429974078089,0.019546574850598242,0.019229819798399717,0.01157816180061888,0.011857232223418057,0.011579326056717298,0.01923314680507071,0.019536756231512076,0.01130369112985874,0.011574544820081856,0.011297817373730368,0.019566630812859698,0.028674212978110847,0.01958206203364432,0.01926223885357975,0.019579060389988967,0.028702839242590705
0.02595664386132407,0.016675671320509844,0.016599914780835057,0.01667457325895605,0.025940805457716543,0.016673775006323832,0.009256324386667625,0.00974318128380841,0.00926268502030142,0.016663480759224858,0.016590590648527304,0.00974807668162897,0.010226017132264065,0.00975393778021555,0.01659652868520911,0.01665037846308831,0.009263456990342811,0.00974771453691392,0.009262170158991667,0.016673341181864365,0.025936134054883875,0.01668232046572571,0.01661114168703154,0.016677557198106263,0.02595604432231835
0.023244198730192178,0.01417301075745786,0.014354877284433853,0.014177393806959315,0.023238980735066417,0.014176419362091852,0.007976914760418008,0.008650906809799297,0.007987992743010486,0.014178895491154253,0.014353607113646305,0.008648845047790954,0.009297678871247717,0.00866011733554739,0.014363119353289266,0.014161976130779075,0.00798338254837816,0.00865010619710549,0.007983358356325077,0.014177124457905421,0.0232334275432724,0.01418315694724731,0.014363359997894176,0.014174652554763634,0.02324251693487034
0.02070805520132435,0.01220956448701549,0.012643230199239186,0.012220018896875573,0.020711680173473856,0.01221744246696349,0.00754167304007386,0.008365724040040268,0.007557416628102609,0.012229832627877857,0.012645973384509568,0.008351080597419125,0.009137228675547115,0.00836626012963343,0.012656500946170102,0.012210536603995903,0.00754404831028499,0.008358347605177507,0.007545627664643173,0.012217079697058097,0.02070477174186558,0.012218052553622183,0.012644996855680268,0.012209080255495053,0.020704937940689505
0.01845892075597083,0.010869807782166452,0.011536777778184737,0.010885003379715874,0.01847255912243978,0.010882377043991365,0.007971701183611346,0.008897650280624836,0.007989512180147429,0.010905348475469978,0.01154392498660134,0.00887157773543984,0.009750870079417384,0.008891156242281928,0.011557340633520874,0.010884642448447834,0.007968643018548327,0.008883760353384618,0.007975446897553473,0.010883523371319592,0.018465532955786512,0.010879218626845433,0.011532721936241663,0.010868150141971067,0.018455014307392714
0.016600641830276985,0.010227768140382565,0.011099693675354572,0.010247366567339156,0.016623617460619078,0.010243147090906235,0.009274093244330373,0.01024494798091552,0.009292515868856988,0.010276219457657332,0.01111062684802161,0.010209779021091325,0.01112978780761309,0.010231326662728302,0.011125240113082913,0.01025460046906912,0.009267682783776099,0.010226785780242942,0.009274781108704166,0.010245095189947262,0.01661646686986562,0.010238395419468582,0.011091940421398161,0.010225389348490932,0.0165965473759076
0.015225116941313732,0.010327146589281744,0.011365915477460853,0.010349682019244577,0.015254744888205662,0.010343709689894842,0.011398290457206528,0.012354351837582267,0.0114158818642916,0.01038258118731089,0.011375801361599103,0.012305767306940718,0.013213853379494878,0.012328681070082004,0.011390342791209429,0.010362068276835834,0.011384250572218368,0.012330486970730192,0.011395793821896594,0.010345698659904534,0.01524735509306352,0.010333327979026308,0.011350285193794607,0.010322282869869692,0.015220180142215156
0.014383858034894226,0.01115885451764892,0.01231639267047513,0.011182400020312566,0.0144203145480441,0.011175184990822762,0.014256228633141022,0.015130735845581667,0.014270358150580198,0.011219706017212894,0.012326073814286798,0.015074898219043786,0.01590977237237734,0.015098882279383441,0.012341522485125433,0.011200560444595109,0.014237269024656607,0.015103933474218567,0.014252076794619817,0.011179273726203365,0.014413504798942434,0.011165370525106022,0.012297244942516883,0.011153655433761067,0.014379100415652823
0.014125826207415204,0.012710635819186633,0.013935072653806002,0.012735014686006352,0.01416571606300443,0.0127243001955481,0.017746571398650546,0.018476149092014227,0.0177566809035401,0.012770550428254923,0.013939219704200534,0.018410120558901344,0.019115054485707272,0.018431987438044417,0.013953010861525839,0.01275348505737911,0.017721673196075094,0.018445916269084095,0.017736779555773075,0.012728006003628833,0.01415824057321785,0.012712838035217833,0.013911024376213055,0.012703682535001315,0.014120692497944454
0.01446262667972592,0.014918759043033136,0.01615015530687325,0.014941333064039775,0.01450461023216798,0.01492818083721048,0.02171205804767362,0.022233686663585606,0.02171676661550198,0.014973612860768815,0.016145954645921168,0.022158511875001397,0.022679219741105094,0.022179782096440892,0.016158996468060294,0.014959622397065775,0.02168013437218802,0.022201426626054954,0.02170048069218633,0.01493286365958263,0.014497094855157489,0.014914740193396947,0.01611962981839732,0.014909620775567178,0.014457014883159147
0.015380548348308765,0.01769771165833045,0.01887375253373258,0.01771745248399914,0.01542355717695959,0.017701425458471642,0.026002789040080965,0.02625546290222902,0.02600099727071392,0.017745260586428946,0.01886146366046948,0.02617843103552775,0.02645948654830016,0.02619748076313866,0.018873664485222874,0.017733508327680947,0.025968730958358388,0.026224722881807272,0.025989265664117966,0.01770711263877628,0.0154166407593187,0.01769361341484621,0.018843364395122575,0.017689125438990205,0.015375682488810716
0.016861950819746674,0.020958496350725775,0.022019084009107792,0.020975564005913938,0.01690175363694746,0.020955139632089226,0.03045132808417028,0.030387838046045335,0.030442941189346484,0.02099289203456428,0.021992508388144483,0.03030198034340159,0.030305991364197316,0.030317003366143125,0.022002005439600403,0.020984116140315534,0.030410379951179844,0.03035599791669924,0.030432488937578328,0.020959173119493246,0.016894566091048224,0.020946848937722196,0.021984712889986158,0.02094763253466575,0.016856674956927387
0.018842704632766605,0.024562471936190267,0.02544537670819541,0.02457444997481062,0.018879547233060068,0.02455143504683499,0.03486181303601943,0.03444080644693287,0.0348466087096847,0.024583106772088692,0.025406354023263633,0.03435243002882926,0.034045142922752625,0.03436580561442498,0.0254158044866008,0.024577426588551055,0.03481759043001681,0.034410933491671514,0.0348442686809311,0.02455745609806015,0.018873297526824095,0.024546213908501258,0.025408337575962392,0.024550908119632397,0.018838625553009025
0.02126023532760879,0.028388386697526857,0.029039042893455158,0.02839628940936678,0.02129194342615426,0.028369736412282298,0.039085860753902135,0.038277291300248706,0.03906469101548038,0.028393967829947464,0.028988190563391192,0.03819101458424573,0.03754626271751199,0.038200114634806825,0.02899533396610604,0.028390323604211898,0.03904236903180258,0.03825114916838218,0.039066297104823566,0.02837581920023141,0.021286012868944937,0.028372503766952772,0.02900367795938985,0.028378803335279534,0.02125740583002217
0.02404247019771255,0.03230710822917876,0.0326766950200687,0.032311239032006334,0.02406655974922156,0.03228046736182133,0.042952995316832165,0.04174565363447291,0.042926511559899905,0.032294799169609034,0.03261071314355446,0.041654915410206106,0.04067023459842484,0.0416599188822645,0.03261561302183008,0.032294937736563945,0.04290444570536461,0.04171958883691157,0.04293067417752622,0.03228627623542879,0.024061041975467712,0.03228361118046341,0.03263761294043743,0.032296163443910064,0.024040081800717594
0.02707923344702612,0.03616057632887193,0.03620414521330667,0.03615835343513829,0.027098221345015105,0.03612636722722867,0.04630726028964732,0.044698096419322486,0.046275369283041545,0.0361330834166827,0.036128733162787086,0.04461453481996308,0.04328989178065151,0.044617777235777534,0.03613493701822418,0.036135303324602464,0.04626115699313177,0.044677505121060335,0.04628886341998578,0.03613540202277349,0.027094601690873077,0.03613551264914239,0.03616734822058798,0.03615056586707077,0.027079049560279234
0.030288708776735007,0.039839180805962326,0.03952871212961906,0.03983335759227474,0.03029974693534121,0.039798704376515726,0.049057204292182355,0.047061050193241194,0.04902114801156021,0.03979571669122611,0.03944240478821137,0.04698394012085361,0.04533516395759574,0.046981658618485966,0.039445404112742555,0.039798790582359966,0.04901340395015302,0.047044872567483575,0.04903662524472352,0.03980627695062583,0.030295430936465806,0.03981375432890788,0.039494337776155186,0.03983071529067933,0.03028922782347515
0.03356997523726174,0.04321616874358314,0.042531927464984465,0.04320705379171058,0.03357352396010371,0.043170190826034016,0.05108472195151459,0.04873536524887079,0.051046139862441164,0.04315789235034162,0.042435486459255434,0.04866099505080723,0.04672624065100134,0.04865615182691274,0.04243679705045761,0.043163161745480294,0.05103899122938954,0.048721124729914744,0.05106545403663909,0.04317875385316167,0.03356926309749475,0.04318611096778435,0.04249581172291811,0.04320883831982464,0.03357189664132898
0.0368100240291217,0.04617309729593849,0.04510243297594674,0.0461575751319524,0.0368078304198437,0.046121081603059055,0.052329317846697476,0.049666695408586314,0.052287735436633564,0.046101502369709446,0.04500291784900656,0.04960902148950602,0.04742353782040748,0.049601972763966606,0.0450048411418128,0.04610792208046449,0.05229078123284059,0.049659844521874885,0.05231559167267735,0.04613265706426245,0.03680505780575499,0.04614485707326571,0.045071860427403965,0.04616746572034547,0.03681451911510758
0.03993729876078028,0.04864542500746871,0.04719778969630667,0.04862798327257056,0.03992613193998762,0.04859072733162312,0.05278247935355407,0.04986684508265854,0.05273979994697814,0.04856066894758154,0.04709277245358923,0.04981815458880967,0.047437307349373015,0.04980589325518192,0.04709061265294068,0.048567382396628556,0.05274706177892058,0.04986364450127112,0.0527666150362765,0.048599456975151945,0.039921662401807056,0.0486166561299598,0.04716973212653658,0.04864051572897382,0.03994139861798229
0.042854834167089406,0.050547126134426745,0.04873969755130525,0.05052758142963343,0.04283715532766097,0.05049266325322216,0.052411860609244076,0.04931432107553291,0.05236920007082885,0.05045432716258841,0.048634537495599206,0.04927692522894761,0.04676921621339841,0.04926250170975999,0.04863131668485038,0.0504625654776687,0.0523797978903191,0.049314660590225656,0.05240033636533192,0.050502688003595364,0.04283328638647499,0.050518926986510615,0.04871307145047771,0.05054583988518818,0.04286041728043227
0.045480600949397876,0.051833940003126855,0.04969198436032091,0.05180970540218616,0.045457521235231835,0.051778076701909814,0.05126586119936338,0.04805896182704483,0.051222822923630174,0.051733010301884264,0.0495924963039725,0.04804414492433334,0.04547071423428817,0.0480263210705929,0.04958812404814883,0.051741581573906126,0.05124494949514635,0.04806703292116654,0.05125937363531635,0.05178904210767532,0.0454547302318376,0.05181066063227474,0.04967335820422786,0.051835030231129675,0.04548805779970844
0.047775125407845676,0.052502528765698386,0.05007212713069292,0.052478139920623945,0.04774360731061633,0.052449475248116606,0.04941573160705176,0.04618653435173503,0.04937357866757186,0.05239456347893762,0.049975661536996674,0.046182483022750354,0.04362259641274918,0.04616088617730163,0.04996659698647854,0.05240407279869863,0.049397310410343176,0.04619736591634549,0.0494068476187719,0.0524562695218837,0.04773903003337543,0.052479296034762535,0.050056421839945464,0.052503341614159205,0.04778108283206345
0.04967018952794111,0.05252699789052717,0.04985932317702052,0.05250156498209024,0.049634765388110014,0.05247970112685063,0.04691432951333252,0.0437512359994745,0.04687380426158616,0.05241959067792756,0.04977288518538936,0.04376345655756919,0.041296091694152326,0.04374117408273753,0.0497631417565933,0.052430713802987194,0.04690193051898789,0.04376659881623268,0.046911558147258836,0.05248789734163417,0.04963249448145729,0.05250941588947189,0.049848127497611805,0.052532506819091274,0.04967750410948135
0.05113535902643307,0.051943539618079515,0.04909639563650109,0.051915275407094896,0.05109644579039502,0.051900316603256114,0.04389575877612434,0.0408836924077573,0.043857598046530166,0.051835382224537985,0.0490232767677406,0.04091775846576462,0.038610928963557556,0.04089152889136788,0.04901074488483431,0.05184706343464679,0.04389510833184468,0.04090557200547379,0.04389571921013796,0.05190696779870718,0.05109513612598365,0.05193254159696847,0.04909391472626329,0.05195102577001881,0.051143597218855086
0.05217072639321235,0.05080454491018355,0.04784970962628926,0.05077768631884594,0.05212631733948747,0.050769543010322826,0.040481685840035087,0.03771121768263752,0.04044646036061805,0.05069790843000799,0.04778766172768151,0.037754309914058315,0.035687867296608944,0.037725476194455654,0.04777080838131009,0.0507115012472123,0.04048307913635213,0.03773415073311309,0.040479936162810815,0.05077162631886695,0.052124751627851684,0.05079507082402468,0.04785057482299293,0.05081122326214321,0.05217722440021155
0.052750799849553776,0.049143886569886774,0.04615356847953239,0.04911665449602526,0.05270562040482879,0.049119151851280296,0.03678725488661316,0.03433927144786647,0.036754009250003494,0.0490468587639033,0.04610933078913676,0.03439733690872243,0.03263910423734373,0.034369011462766164,0.046092407756504916,0.049061673582907195,0.03679539443808122,0.034366079892217016,0.03679047722888579,0.04912214673027049,0.0527074890646434,0.04914339235770826,0.04616156722318476,0.04915529550925268,0.052757927839987784
0.052898105845978816,0.04706032066636101,0.04411008955793361,0.04703253282919517,0.05285182696490082,0.047043826118958076,0.03298567209372383,0.030933676682456945,0.03295645120650309,0.04697069923259245,0.044083505449489246,0.03100543472827144,0.02961044004292318,0.03097332424438598,0.04406248194730783,0.04698568856275964,0.03300276220098192,0.030963786531215842,0.03298867042070369,0.047043054298599785,0.052854464558207914,0.047066269204724065,0.0441258449345196,0.04707278136583465,0.05290475469770728
0.05264720052481431,0.04464156368528377,0.04181108521494803,0.04461597329613798,0.052599576853092855,0.044635475109601475,0.029209582895254382,0.02762178050115638,0.029183583331044538,0.04456136784681297,0.041799689579992305,0.02769613148082717,0.0267223278707992,0.027662881185718413,0.04177583689115316,0.04457857565209966,0.029226704840667417,0.02765101578409973,0.029210884024493733,0.04463106924996346,0.05260314024112267,0.04464949022504777,0.041829665816175976,0.0446523790186969,0.05265211810296966
0.05201371447777797,0.04196288927474756,0.039328164074027505,0.04193781994323026,0.051969015078789815,0.04196715321556338,0.02559395077048543,0.02452153721210626,0.025570386276952572,0.04189860643423432,0.039335583085891135,0.024603662035621865,0.02408824548746058,0.02457228883431145,0.0393135347307369,0.04191575268416731,0.025616568771934634,0.02455299619958351,0.025598126520163633,0.041963662191122186,0.05197611892084292,0.04198047243138453,0.039354000446915616,0.04197670931367786,0.0520187425295513
0.051061417813460186,0.039153098817210075,0.0367883249547406,0.039129826120357536,0.05101833507956066,0.03916558138812437,0.022298396007844556,0.021782107847029886,0.02228054978395344,0.03910017642490077,0.036809821247100416,0.02186394939260372,0.02183246173963843,0.02183167957004989,0.03678502171589204,0.03911687798719571,0.022324753249159168,0.021813061529615208,0.02230023305330947,0.03915760021707099,0.05102571902163999,0.03917429233406061,0.036818088614182565,0.03916598295454954,0.05106526293878055
0.04984598379727978,0.036306537026336294,0.034280932016485854,0.03628668923124628,0.04980550817281254,0.03632758735144459,0.019429042905950766,0.019495306073435303,0.019415036175830236,0.03626691820294825,0.034313733820291126,0.019569178580062463,0.020039310042442582,0.019539065801492894,0.03428906103332052,0.0362844054502392,0.019451741782584298,0.019521917318602755,0.019428829602074593,0.03631740945335832,0.04981402965103504,0.03632889161748376,0.03431100102113316,0.03631621806664076,0.04984819038309163
0.048413063601615514,0.03351441073216571,0.031889635733730604,0.03349628787963127,0.04837819005217503,0.0335423625018873,0.01709915237755799,0.017753964303598824,0.01708754313010874,0.03349139890734559,0.031933506757195085,0.017823257975106033,0.018788786757441223,0.017796917070320717,0.03191302083739972,0.0335067077504938,0.017123550158973544,0.017778539171884933,0.01709876477718969,0.03353262147478908,0.048389260394747724,0.03354304965645294,0.031923979108117506,0.03352408996207368,0.048415009653175356
0.04684646398454051,0.03089927891837263,0.02972986585549975,0.030884739154671603,0.04681507628047432,0.03093208539064618,0.015412581858891439,0.016649588887782896,0.015406872928698523,0.03088705559902727,0.02977813135597268,0.016703935021813276,0.01814810644313103,0.01668003428022713,0.029756636810912507,0.0309011218760728,0.015434450139083733,0.016668593528674225,0.015408998119235018,0.03091797915803579,0.04682565828036578,0.030926140699142735,0.02976290118366548,0.030905488219898858,0.046846619247821186
0.045205018113742945,0.028535755739086455,0.027863890595083596,0.028525009219190933,0.04517949813218758,0.028572372444568006,0.014420202831728846,0.016213996448383283,0.014418266513730627,0.028536012578136705,0.02791538607972005,0.01625094674344202,0.018144145173553783,0.016232850369006624,0.02789714086211531,0.028549225097120046,0.014435947785946757,0.01622575364836193,0.0144165743930314,0.028558352087727557,0.045190775586831045,0.028561790548685795,0.02789493825596251,0.028538246511721377,0.04520452282956472
0.04354888781525679,0.026505284367113857,0.026364131437033533,0.02649735886250909,0.04353025049168985,0.02654284646102828,0.014183246995903565,0.0164891776449822,0.0141841456947982,0.02651790564775508,0.02641638295111698,0.016509961136912554,0.018801115493260634,0.016497294874691315,0.026403364715411715,0.026527374901138157,0.014196921997776557,0.016495805774184857,0.014178049844985385,0.026529301678466954,0.043542245681538305,0.026532475377240128,0.02639557222853628,0.026505213357919055,0.04354818831903212
0.041958815304146746,0.024894061096138564,0.02530583942071818,0.024890510313893943,0.041945175244156085,0.024931091905423586,0.01472560074820567,0.01748744656964102,0.014732032725749744,0.024913984501788056,0.025352402799284135,0.017483144363212577,0.020114121116320938,0.017475858396436617,0.025341893701069373,0.024921171364012396,0.014732396433891848,0.017485956599816943,0.014717963755277896,0.024915811250715403,0.04195553880543523,0.024914893506506663,0.025330524286049094,0.02488881279419386,0.04195669709978511
0.04048299901600305,0.023740197338069813,0.02471125222242776,0.02373989666386722,0.040476770791891215,0.023775138147609176,0.016034763249808293,0.019177363243984835,0.01604419423072434,0.023768996173526236,0.02475276096419149,0.019151746397353342,0.022047686167417146,0.019151228905683604,0.024748422978416063,0.023773791937327204,0.016035093261147493,0.019168185727661824,0.016028196828984376,0.023762327568530972,0.040486800719540916,0.02375864985150139,0.024731079881361917,0.023731003775263604,0.04048044776203019
0.03917901264887086,0.02309587638390198,0.02462378798681153,0.023099119856133887,0.039179835799637575,0.023126270818310146,0.01810663744126867,0.02154168665585382,0.018118275847872956,0.02313110009837427,0.02465582989379783,0.021493439654337088,0.024567693963703507,0.021497200249204762,0.024656976704753697,0.02313147117065134,0.018101900261742188,0.021524857780856,0.018096896199094603,0.023113942837012347,0.03918815318978042,0.023110682634337743,0.02463914564286329,0.023083177195777904,0.039176087459307896
0.038107263291991045,0.022995198513239168,0.025063611526850715,0.023002582234278424,0.03811337577213081,0.02302084602528487,0.020885379308149488,0.02451541372256727,0.02090038378307152,0.023032376990287706,0.025081999527468368,0.02443875708768256,0.027602343767017534,0.02444820318241192,0.025086724185723386,0.023030151302437518,0.020870602370315683,0.024489442349950152,0.020873821959277894,0.023008141880829114,0.038118503714635876,0.022999978820369305,0.025068061694071386,0.02297632494342028,0.038102683687152306
0.037294141662718217,0.023433561286249738,0.026011089589846326,0.023442735874735943,0.03730776743229036,0.023453367910539424,0.02430386135565965,0.028018458597982965,0.024319773621756913,0.023474604838875868,0.02601907821636984,0.027920233135963424,0.03107124988853699,0.027936090595533147,0.026030188955363798,0.023469411462043732,0.024283148943410715,0.02798545405235442,0.024293584519586464,0.023444019175751618,0.0373116739037766,0.02343531716234032,0.026009493635749836,0.023411199388318316,0.03728983713245926
0.03678333168064296,0.024425575575099612,0.027474177851089243,0.024438135375553116,0.03680282053786671,0.02443857133467653,0.028298987499298656,0.031983286490217644,0.028314640038580807,0.0244670138798761,0.02746794703045663,0.03186088589971203,0.03489625701978788,0.03187846633496805,0.027482355997118957,0.024457873492441884,0.02827154607227278,0.031942277564549204,0.02828440546240374,0.024428711341111797,0.03680342094162853,0.02442053358469154,0.02746556969845715,0.024399455810071913,0.036778775059322755
0.03660382232658416,0.02595157786219937,0.029418999370124543,0.025967229165987593,0.03662832789477222,0.025958450307300318,0.03275555203451469,0.03629116211434691,0.032771090970770855,0.025991127535598013,0.029398104334039055,0.03614369591324895,0.03896397937492152,0.03616588107625013,0.02941589110130538,0.025980659786283722,0.03271864752135256,0.03624315237551606,0.03274074285731804,0.02595000232801603,0.036625867353461405,0.02593634243857751,0.02939992391346513,0.02592131313312568,0.036599138770798234
0.0367580950291877,0.027970675375810883,0.031794263364086583,0.027986188926659383,0.0367892540077972,0.02797085822596429,0.03757552987663593,0.04083953230348475,0.037588842332073436,0.028010708362541326,0.03176325302368144,0.04067680465436191,0.0431756448415081,0.04070203587500604,0.031785983947737906,0.027997586971078015,0.03753547979900956,0.04078794849244993,0.03756245936104663,0.0279663722199881,0.036785389823705605,0.027954168273808477,0.031770485612063915,0.027938235535798217,0.0367547745071084
0.03726946216441934,0.030462169701350905,0.03457620920927601,0.030480117254035377,0.03730412231386415,0.03045615601275925,0.042657086216071005,0.04553333669524112,0.042668371870943855,0.030498695807608223,0.03453116504442555,0.045350617673180826,0.047434823685304994,0.04537429328599096,0.03455490632419406,0.030482969298997298,0.04261085046873764,0.04547614582520865,0.042639613947422605,0.03045051878452293,0.03729698879745835,0.030438448670143003,0.03454580612492464,0.030427155270186912,0.037266375168701016
0.03813361626872441,0.03336245392595305,0.03768928893238499,0.0333818257554791,0.03817125465034277,0.03335148356434553,0.04785770684237456,0.05023280691297932,0.04786589972912486,0.03339438277618817,0.037632490209142555,0.05003402101947796,0.05161876512377728,0.050060382415985316,0.03765845701690629,0.03337944034760143,0.047805333760448654,0.05017306063334853,0.0478424735221748,0.033348696827105506,0.038163058396472216,0.03333191876176622,0.03765167566449645,0.0333270356651188,0.03813135927708433
0.03933264015467425,0.03660878574985421,0.04106750353386729,0.03662691036527782,0.03937372457848626,0.03659302800640185,0.05307815691021034,0.054844489612560166,0.0530819525535548,0.03663795847330198,0.04100279239174315,0.054638875280841326,0.05564083979939988,0.05466570398200776,0.041031023546975076,0.03662206814472635,0.053026075132211026,0.054785471486979986,0.05306501889685267,0.03659366671151443,0.03936534783314777,0.03658033667027388,0.04102681785700385,0.03657404274272846,0.03933203611601965
0.04086942616834954,0.040156263164659534,0.04466596086447716,0.04017573813452152,0.0409099699448926,0.04013688849143371,0.05820587539120459,0.059271859862678855,0.058205986425276135,0.040178214779615196,0.04458976255565733,0.05905385072984942,0.05941387577994911,0.05907696166813414,0.04461635093863675,0.04016229390530257,0.05814931702977599,0.05921078004676561,0.058189482950511906,0.0401359908266094,0.040899521846156583,0.04012267584012347,0.044620362740317054,0.040121416538531574,0.04086877301491554
0.04271172526165451,0.04391626571526874,0.04838910489819953,0.04393589941027343,0.04275238399239989,0.04389436957790238,0.06310594829685656,0.06338927181294352,0.06310115604664951,0.04393160840456972,0.048305217104319675,0.063166675816195,0.0628364828066762,0.06319149591821233,0.04833281334491035,0.04391802313757798,0.06304795458730184,0.06333026412573234,0.06309401665590092,0.04389729589839464,0.04274251876998558,0.04388068280841412,0.04834005032182914,0.04388509145792502,0.042712513864312185
0.04482726078270327,0.04782112085068868,0.05217317518118486,0.04783896029720064,0.044868338812699304,0.04779631371370924,0.0677039925381458,0.06713703154565265,0.06769466342460062,0.04783142877069818,0.05208411543134728,0.06691686755280712,0.0658574293016051,0.06694058447245949,0.052111535377135976,0.04781747253084401,0.06765041826490847,0.06708210813688598,0.06769432143070914,0.04780172545567246,0.044859547374685116,0.04779085760316942,0.052123603588159984,0.04779349629432583,0.04482952351707559
0.04720367122803537,0.051815022062383975,0.055966867276180554,0.05183451159390745,0.047241654073675254,0.05178842979216225,0.07190201584730432,0.07044027368192768,0.07188999505632832,0.05181653453820623,0.055868893467634906,0.07021614885550936,0.06841901555992308,0.07023578606809783,0.05589281417240061,0.0518040254910051,0.07184719427205621,0.07038597104553168,0.07189111811264226,0.05179285401040812,0.047232114870783826,0.05178199689650553,0.055913891775754676,0.05179052393524525,0.04720597362068396
0.049790943112798636,0.05580464040870359,0.05967374457555408,0.055823576962080346,0.04982675405636944,0.05577667632361438,0.07559968961985541,0.0732103743854684,0.07558311808064089,0.05579849983697399,0.059570951610827094,0.07299355337334429,0.07046065388810108,0.0730153801210725,0.059596000306908925,0.055788869797288254,0.07554850607003577,0.07316214043923791,0.0755957792640845,0.05578518486544676,0.04981908216336384,0.05577322881577851,0.05962001835186592,0.05578671541373281,0.049793876966268524
0.0525498421751594,0.05973317534287759,0.06324800995737312,0.059750270461630395,0.052584926973034796,0.05970195029244868,0.07876430237412885,0.07543558736641459,0.07874525291996082,0.05971989258360849,0.06314087825706227,0.07522956485754262,0.07197692698494634,0.07525158896829176,0.06316519002549692,0.059710207517677805,0.07872063087208431,0.07539414954458745,0.07876283521019889,0.05971210421548434,0.052578147845598444,0.05970807619835783,0.0631938976002035,0.05971965849161803,0.05255424790176827
0.05546208764466315,0.0635481111223486,0.06664481901730795,0.06356726851899569,0.05549271862861349,0.06351564712955043,0.0813306975101073,0.07707530392178447,0.08131139234290391,0.06352443588527135,0.06653060848853343,0.07687361051211844,0.07294804444831327,0.07689430840098771,0.06655212772796143,0.06351688261941435,0.08128715117274299,0.07703628251935007,0.0813299668875378,0.06352447319009563,0.05548459566221914,0.06352114442304024,0.06658667506001226,0.06353852181638109,0.055466745806853235
0.05846874572844979,0.06716719175711727,0.06978315371803856,0.06718589789601503,0.058496852986973935,0.06713225498882286,0.08324813918638646,0.07809131231515215,0.0832260947292155,0.06713562059225908,0.06966658020253302,0.07790704968866691,0.07336154703283837,0.07793083944780838,0.06969104704658352,0.06712966583635599,0.08321080956134635,0.07805971161946884,0.08325534251976147,0.06714592075899761,0.05848976511367304,0.067143985638066,0.06972509289869422,0.06716572214903405,0.05847434192791778
0.06153457397947487,0.07055649470514969,0.07264593569254124,0.07057396132903498,0.06156117633839214,0.07051633053266115,0.08453018721439448,0.07852105997073378,0.08450870535368782,0.07051630388375729,0.07252461912124414,0.07835235325066364,0.07325540736852643,0.07837729112434466,0.07254890107961615,0.0705082303618938,0.08450084626375304,0.07849507601740968,0.08453961104987123,0.07053169923405805,0.061553351445919724,0.07053840778830023,0.07258602135089909,0.07055964297410566,0.06154211488330602
0.06464068260983241,0.07367562260478966,0.07520118590441344,0.07369577918885284,0.06466201050500936,0.07363379890976662,0.0851505427342864,0.07835939449113394,0.0851318251710459,0.07362563230139446,0.0750748295356608,0.07820008755060187,0.07264740042870882,0.07822575462167586,0.07509771359132095,0.07361778626124538,0.08512221757823507,0.07833550086403179,0.08516278420876383,0.07364868239521483,0.06465260724646704,0.07365612180231174,0.07513778998701587,0.07368384458626082,0.06464829456282284
0.0677296794318939,0.07646571273011449,0.07739578318596635,0.07648584715083118,0.06774866305783273,0.0764206954629314,0.08511202770485476,0.07761815833386604,0.08509301371019573,0.07640918587765383,0.0772687481329502,0.07748132999093865,0.07156777562353922,0.07751185596239601,0.0772955514532977,0.07640075035632032,0.0850915309017729,0.07760135630930592,0.08513312135891687,0.07644072154278181,0.06774050416282446,0.07645051026553545,0.07733313755198362,0.07648270433559534,0.0677384840508557
0.07077682200844637,0.07892034839012613,0.0792417915925413,0.07894022482917573,0.0707942333387081,0.07886993643036178,0.08447029396420142,0.07637468598230512,0.08445543345501871,0.07885597163282493,0.0791100924016479,0.07625561622492838,0.0700875231600408,0.07628827307912289,0.07913716927543873,0.07884391439577815,0.08445789392349001,0.07636192727851915,0.08449311369838791,0.07889091258586739,0.07078495327548939,0.07890872833074963,0.07917634830250364,0.07894084284238656,0.07078743936563442
0.07376879499076294,0.08101806915208376,0.08072627531323495,0.0810413641093084,0.07378187991402219,0.08096638276401757,0.08323536926936803,0.07465482713718807,0.08322632372242361,0.0809464849438784,0.0805907652215117,0.07454751500480489,0.06825289717711414,0.07458297494551464,0.08061693266836695,0.08093304142777374,0.08322437430231422,0.07464225568396698,0.08326226446887974,0.08098726080887741,0.0737702497628328,0.08100399330721653,0.08065636582726204,0.08104310754967636,0.07377920228726509
0.07665611359498442,0.0827273777771842,0.08182428653227936,0.08275079204782765,0.07666790975030141,0.08267174474776723,0.08145555282599964,0.07251035851149185,0.08144856448630783,0.08265099635593887,0.08168825250286837,0.0724269048732526,0.06612550019059499,0.07246718639751726,0.08171877982824399,0.08263482694176422,0.08145290852315407,0.07250203335226713,0.08149028379769552,0.08269739697177858,0.07665628618193115,0.08271697154734287,0.08175460227625081,0.08275989443593801,0.07666669604115395
0.07942878880843873,0.08406950025717164,0.08257596707862125,0.08409314727351713,0.07943935046687411,0.08400728617930842,0.07921676983777898,0.07004359413897115,0.07921646473265043,0.08398550278973671,0.082434042365644,0.06997571253205986,0.06379632954818565,0.07001872273317944,0.0824645525748467,0.08396488536466429,0.07922077469364586,0.07003609139070749,0.07925201300317714,0.08403307523969855,0.07942536830305647,0.08405935750673854,0.08250124583908808,0.08410302692135363,0.07943938288224328
0.08208187251657267,0.08504194683400929,0.08298510378522445,0.08506917039056033,0.08208857702528494,0.08497767729896871,0.07655597775897233,0.06730004932207329,0.07656349135886792,0.08495172612777518,0.0828400849122522,0.06724297514417904,0.061326482036475394,0.06728977475786213,0.08286961271817717,0.08492912021073473,0.07656044835772197,0.06729064162017373,0.07659569737027455,0.08500358367200933,0.08207142552709057,0.08502786485247033,0.08290534937367366,0.08507843267238802,0.08209080980390449
0.08457814831252902,0.0856392397177212,0.08305415687598788,0.08566671023330874,0.08458387286291236,0.08557037663453448,0.07355321477368976,0.06435704844927964,0.07356414288653101,0.08554564793532654,0.08290845903886124,0.06432101821888037,0.05879312625511274,0.06437266573602624,0.08294131269305621,0.08551934754532575,0.07356508803689138,0.06434926325662738,0.07359875386703746,0.085599815172681,0.08456614281927605,0.08562753647163962,0.0829739469561332,0.08568138085898575,0.08458585454456935
0.0869237662091274,0.08590611198096754,0.08284312874161459,0.08593387316527978,0.086927797163728,0.08583047953821832,0.07030965778375126,0.06132590819278677,0.07032886976548736,0.08580551315545909,0.08269252853465447,0.06130002529447026,0.056291101661516074,0.06135444640927812,0.08272325134329145,0.0857746187744477,0.07032546800779088,0.061316044831783656,0.07035370246502293,0.08585866415725701,0.08690640896662921,0.08589142906662262,0.08275669111362088,0.08594637933753846,0.0869293987902981
0.08912213189118184,0.08585478553110087,0.08236942905882255,0.08588679838190894,0.08912327277983861,0.08577829428202594,0.06687641506312542,0.05825832204633602,0.06690387827635935,0.08575067021385896,0.08221801659385675,0.058238815734531935,0.053882411703008115,0.05829724599887637,0.08224599114743092,0.08571808933750646,0.06689075983204734,0.05824427745823735,0.06692373575754013,0.08580587987880578,0.08909820507767535,0.08583568347992832,0.08227788303898725,0.08589655814244335,0.08912480174164084
0.09115124864757435,0.08550389104011241,0.08165560534582728,0.08553477751928484,0.0911508756403624,0.0854223820016386,0.06334948722045641,0.05524109842516206,0.06338006352078501,0.08539713929891207,0.08150586575500857,0.055236910222905555,0.05164506460952373,0.05529840616356679,0.08153430906132153,0.08536115058052796,0.06336898336424007,0.05522594276626264,0.0633992150029275,0.08545168872590958,0.09112513002259476,0.08548490159395539,0.08156432773976513,0.08554755241042433,0.09115010768540738
0.09302811255444793,0.08491031633916613,0.08077426303395518,0.0849417569792022,0.09302689066629172,0.08482420498701121,0.059829415240976014,0.05237816869448719,0.059867287114499734,0.08479840927788473,0.08062207140879801,0.05237762038771099,0.04966277043819112,0.052440146044999025,0.08064503719781774,0.08475919745710497,0.05984938843106552,0.0523587978305845,0.05987453391402042,0.08485017586831184,0.09299818347984246,0.08488692021904076,0.08067677087187158,0.08494981326540596,0.09302444986399555
0.09476856146807128,0.08409921639610246,0.07974865605642506,0.08413321803234891,0.09476368035372312,0.08401331461188599,0.056368453089257364,0.04971521299765047,0.05641190149740388,0.0839848684519397,0.07959904557950226,0.049716410029391755,0.04798534542087268,0.04978088327825486,0.07961690356118856,0.08394535289864336,0.05638436033567351,0.049689906731073374,0.05641363328841098,0.08403693916118049,0.0947321381816178,0.08407031639455959,0.07964719031129924,0.084136866797905,0.09475977206140779
0.0963596849102702,0.08310093336933977,0.07861421566331467,0.08313298785740791,0.0963532734152564,0.08301215129586259,0.05306264646747827,0.04733392966382066,0.053106401407783776,0.08298625891289074,0.07846928707986955,0.04734463361822161,0.04667918153467099,0.0474094218480175,0.07848473532677408,0.08294493028769712,0.053080827477930304,0.04730554368081935,0.05310591272973336,0.08303572586083913,0.09632243227342091,0.08307221915008162,0.07851483043909757,0.08313816295876625,0.09634616624230136
0.09783072047053065,0.08198067576931728,0.07744688322594245,0.08201240884327365,0.09782278546551532,0.08189042376464956,0.049997830387937314,0.04531748446907552,0.05004632747594845,0.08186297667841541,0.07730298865261237,0.045326238847119005,0.04580394941085664,0.045389768534746355,0.07730975807120904,0.08182125904495702,0.05001324272175239,0.04528375184984701,0.05003399147626625,0.08190921392021888,0.09779070739775109,0.08194694579527073,0.07734344958864042,0.08201230576005414,0.097814699178837
0.0992044178088714,0.08076832100763753,0.07626977910984273,0.08080005830072767,0.09919136657402905,0.08068061089980527,0.04721644395416169,0.04369534152195648,0.04726747895784633,0.08064986512162797,0.07613284196511566,0.04370208031128603,0.04538875800425779,0.04376587466342796,0.0761319041661151,0.0806107654870577,0.04722580856033165,0.04365528960481618,0.04725078788575249,0.0806959358846549,0.0991590784241691,0.08072955792276787,0.07616502449294849,0.0807951812595461,0.09918125958235374
0.10047427780517493,0.07949821175686256,0.07512249200461585,0.07952693900609215,0.10045972762193678,0.07941130570472499,0.04480223752171936,0.04253290518471381,0.044850842507483835,0.0793824802119234,0.07499445083187845,0.04254382542089408,0.04547758292048315,0.04260555872939287,0.07498819957454123,0.0793437398654423,0.04481158485206188,0.042488381470635106,0.044830869839189214,0.07942467103286133,0.10042958767764798,0.07946040188828996,0.07502230274174965,0.07952271540516237,0.10044583641201443
0.10167879711552641,0.07823597009534605,0.07407636405949258,0.07826352166849754,0.10166138980048989,0.07815219041784921,0.04281562006762307,0.041883347023639494,0.04286685843550303,0.07812032772188726,0.07395403556108521,0.04188735327716814,0.04609874426971844,0.041946422443766285,0.07393639559654175,0.07808398281549922,0.0428201352888577,0.04183258121630784,0.042835122264122116,0.07815882613502839,0.10163213816391481,0.07819333292285441,0.07397427414403868,0.07825339186367442,0.10164693485456783
0.10284371089612498,0.07700956403422304,0.07314815487280357,0.07703498429838651,0.10281934475642679,0.07693200438562725,0.04128142130177925,0.04175309784784842,0.04133284988410213,0.07689571447156629,0.07303763654963091,0.04175182603882205,0.04725473510929562,0.04181017553209371,0.07301067632145519,0.07686449117274496,0.04127903756125351,0.041695820760508984,0.04129760815493383,0.07693362113677693,0.10279243286065248,0.07696294619518895,0.07304690623322002,0.07701988981881669,0.10280290943939796
0.10396412332964122,0.07584994112046867,0.07237500630031196,0.07587288917628093,0.1039393243662543,0.0757784629586844,0.040262383551797176,0.042184298911698004,0.04030974811739935,0.07574318935422375,0.07227771157804835,0.04218234927815817,0.04896310276374455,0.04223753772333111,0.07224394250895949,0.07571453975245224,0.04025864439698934,0.04212183720832868,0.040270585920158586,0.07577656298394786,0.10391686531404443,0.07580658213951724,0.07228105076171182,0.07585767414729871,0.10391967471435931
0.10508659950566968,0.07481911986065054,0.07181755096837933,0.07483907651595179,0.10505679149715369,0.07475476469481512,0.03978801848184138,0.04319565938698705,0.03983700919735511,0.07471520382868829,0.07173039094073008,0.043182544212281126,0.05121899741844904,0.04323500441306494,0.07168418837968282,0.07469118891224263,0.039778375559054335,0.04312722181693318,0.03978668270293223,0.07474489631417919,0.10503803194947964,0.07477069988383955,0.07172403258079663,0.07481827344503839,0.10503823754561448
0.10623312670962737,0.07393464282917761,0.07148149648504676,0.07395118511978882,0.10619568574506821,0.0738800266004731,0.039860748966881465,0.044768323755267014,0.03990917615630302,0.07383573190685927,0.07141023836957316,0.044747268767609316,0.0539975563560503,0.044799292532045065,0.07135492233326007,0.07381857652767548,0.03984456923333096,0.04469432663472678,0.039856574573603976,0.07386476226821087,0.10618199013467605,0.07388408259682566,0.0713908406115406,0.0739258535266179,0.10617538162684148
0.10739987271554591,0.07322001665593958,0.07139597602945069,0.07323562377408277,0.10736283333399144,0.07317628692863248,0.04051831190682931,0.04691907649067767,0.040562926510037456,0.07313308595906537,0.07134143916809876,0.046893569367358334,0.05729046663319404,0.046942241887070635,0.07127969822829167,0.07311934446288287,0.04050058852569671,0.04684020287686591,0.040506281925417886,0.0731569548821761,0.10735551224590129,0.07317613839506887,0.07131523481461338,0.07321043616346795,0.10734055903615675
0.10863578477645758,0.07272898110028214,0.0716081961159648,0.07274176665072335,0.1085936573778305,0.07269502117312154,0.04175810428450172,0.049633667129008574,0.04180503603709529,0.07264790931384607,0.07156627867427173,0.04959351562752462,0.06106222823375945,0.04964074100179372,0.07149317958965223,0.07263971520181639,0.04173500784172224,0.04954988208566913,0.041738567744514565,0.07266860452387813,0.10859108887236102,0.07268094673473158,0.07152952845657845,0.07271100356333804,0.10857247049852248
0.10995797853389178,0.07246687465247342,0.07210961459211346,0.07247402197358038,0.10990698172033603,0.07244328903415459,0.04355973052593998,0.05286859212907935,0.04360663100648371,0.07239219796913798,0.07208472717752873,0.052818843818637606,0.06526531642612698,0.052867528756703086,0.07200472084661386,0.0723912447265414,0.04353183839843239,0.05278124294269526,0.04354013287846281,0.07241280029654518,0.10991195724233749,0.07241739295630856,0.07203510857352186,0.07244042166997594,0.10988550928076102
0.11135874282105296,0.07244276579931447,0.07291727663366465,0.07245156151138527,0.11130996442873914,0.07243330789037966,0.04593665831562593,0.05661898337226662,0.0459808654268124,0.07238448886784205,0.07291043539744502,0.05656168528437727,0.06987110553773335,0.056608579401745074,0.0728263629453399,0.07238652186738143,0.045908366624836716,0.056527780259420735,0.04591115684659869,0.07240004834176528,0.11132268131536782,0.07240400898208188,0.07285571959921466,0.0724195935293715,0.11128739798110476
0.11288792192487657,0.07270310578754269,0.07406550503602105,0.07270892092618275,0.11283432253632014,0.0727030055584611,0.048856988289255665,0.060841970076968566,0.04890496448736986,0.07265177785298249,0.07407043612031328,0.06076792624153232,0.07482126604348777,0.060816124082894496,0.07397779151479805,0.07265870495895949,0.048824645242788345,0.06074750685310687,0.04882774860217115,0.07266469426212807,0.1128526515864815,0.07266003989304304,0.07400650856794805,0.07267190224323061,0.112813320812372
0.11455503880246304,0.07323598017065969,0.07552878865045454,0.07323648947182948,0.11449367075728029,0.07324595305446735,0.05228057284962667,0.06547574268377715,0.05233007508053972,0.07319248798107059,0.07555028531591973,0.0653918283841311,0.08005345241091955,0.0654441532447721,0.07545415107296444,0.07320587776010451,0.05224610988347689,0.06537987976470044,0.05225557331861164,0.07320576257852801,0.11452008567195776,0.07319324331219862,0.07547589404379101,0.07319835840001482,0.11447252170784994
0.11634784155639155,0.07404001584957265,0.0773148095472958,0.0740432269210462,0.11629077381731884,0.07406322612892985,0.0562002718484399,0.07049865270636407,0.05624880108043778,0.07401417066644378,0.07735194163499476,0.07040628990494202,0.08552643468035659,0.07045905149173781,0.07725559659922282,0.07402917537442033,0.05616731007855641,0.07039995421651696,0.05617281118615003,0.07402274242213891,0.1163253428008238,0.07401035840180759,0.07727605120762615,0.07400771313518845,0.11626920782183431
0.11831461086301537,0.07514857140033132,0.07944209557209747,0.0751495638107984,0.11825345155058553,0.07517930171394355,0.06056130723406422,0.07584804565133624,0.06061525269479523,0.07513013983141398,0.07948873343402568,0.0757386061755137,0.09116851441187235,0.07579512329484622,0.07938751666760963,0.07514838850740269,0.060525769021374465,0.07574678905398402,0.06053412024356597,0.07513604793556733,0.11829298924375475,0.07511487378595938,0.07940667303460491,0.07510940422091117,0.11823327334655903
0.12045443954734603,0.07653567522209298,0.0818721411798829,0.07653234100610817,0.1203886880165948,0.07657444374461209,0.0653080719509897,0.08144923639507279,0.06536521493802089,0.07652580027627481,0.08193230618894809,0.08133161841540454,0.0969109993297933,0.08139457258880689,0.08183206248753933,0.0765483409718169,0.06527271606352691,0.08134791703995764,0.06528918488187518,0.07653198840250469,0.12043545768182645,0.07650440751559967,0.08184389710464912,0.07649209130273515,0.12036824266251578
0.12275378267740727,0.07818963358647535,0.08460346635053606,0.0781902219056454,0.12269447335298062,0.07823964450194243,0.07041981000890346,0.08727274618763159,0.07047787680427625,0.07819871860182859,0.08467580654355217,0.08714743938067299,0.10270919253161626,0.08721265383119575,0.08457937018962336,0.0782197948553377,0.07038704822281244,0.08716858726990057,0.07040118259747269,0.07819925156868157,0.12274788368069234,0.07817423078832336,0.0845902249470647,0.07815290733065666,0.12267310977711376
0.12525482694898282,0.08013330909547861,0.08764292190353945,0.08013226917939825,0.12519296882325498,0.08018761369981509,0.07582592515290615,0.09324351801977798,0.07589108190360377,0.08014975533807223,0.08772123706770574,0.09310246077454809,0.10848675103440275,0.09317383817439018,0.08762363030212911,0.08017118572924536,0.07579142268277644,0.09313740833234957,0.07581068925898976,0.08014688813112542,0.1252494733026836,0.08011430268795633,0.08763356447764636,0.08008964711555461,0.12517274752255209
0.12794922664723102,0.0823280247849214,0.09094242254447099,0.08232427106441331,0.1278857563323706,0.08238847411931682,0.08146296045873014,0.09928285583800561,0.0815326992766855,0.08235347389883985,0.0910304895752877,0.09913687431101303,0.11417699682680532,0.09921541517071109,0.0909375883194321,0.08237660594959934,0.08142989134493972,0.09917805258834511,0.0814589032835299,0.08235092913663467,0.12794752663086817,0.08231371910791396,0.09094034039475807,0.08228114224758126,0.12786472079141142
0.13081970055676895,0.0847553306482089,0.09449428380529051,0.08475723875029789,0.13076564234488414,0.08482484065124474,0.0873038194165911,0.10536090520789743,0.08737566432769328,0.08480025505615252,0.09458979433432091,0.10520985677765737,0.1197391903902319,0.10529119295280798,0.09450447489912378,0.08481887535718696,0.08727419140809445,0.10525449234697343,0.08730203687787597,0.08479175458634358,0.13083169034708286,0.08475938027913787,0.0945069884901163,0.08471543341999854,0.13074298948361346
0.13390570878266733,0.08743022661235178,0.09829697446812746,0.087432266306736,0.13385048983265685,0.08750162401692052,0.09327293933178593,0.11140116869408462,0.09335237361874782,0.08748328218489732,0.09839539079109871,0.1112369538408039,0.12510215442282002,0.11132503610979061,0.09831209976547683,0.08749853839315797,0.09324156858959226,0.11129423020637752,0.09327628228967799,0.08747054767526863,0.13391669732292466,0.08743222812602269,0.09831385115942237,0.08738315441359495,0.13382814397422754
0.13719039517248133,0.09030632842683345,0.10229948849895854,0.09030856921230057,0.13713692263726335,0.09038286124744738,0.09930590130843947,0.11732880080672736,0.09939051470712235,0.09036958027464159,0.10240343434729565,0.11716395555667747,0.13020864953031397,0.11725821126043795,0.10232834832466103,0.09038372943155526,0.09927698792306267,0.11722573925224977,0.09932268497819069,0.090357554175161,0.1372055188878445,0.09031593672713178,0.10232362260735106,0.0902572213314331,0.13711317042394117
0.14065598962823234,0.09336420812996166,0.10649115220286604,0.0933734873108763,0.14061371986638455,0.09344662190821557,0.10537993910032262,0.12312288036533159,0.10546650717749662,0.0934461906209681,0.10659776670473176,0.12295637432777967,0.13502977823856166,0.12305194027129368,0.10653343101588686,0.09345240084026285,0.10535493670114088,0.12302050952742116,0.10540027406623897,0.09342822483785235,0.14068327714723972,0.09339309380182603,0.10652896123991745,0.09332027873499577,0.14058762006095415
0.1443350930493748,0.09661357438994772,0.11087063881039638,0.0966256324314213,0.14429536860094122,0.09669532386920443,0.1114246101529428,0.1287162988504308,0.11151821402708345,0.09670376279013121,0.11097474544036684,0.12853982765004107,0.13951008944884652,0.12864140742391078,0.11091466668481914,0.0967030652653032,0.11139823292046536,0.1286157609362456,0.11145082020666719,0.09668101976854337,0.14436145332357053,0.09664142018494626,0.11091081546923615,0.09656271555675455,0.14426873143455216
0.14821300062413562,0.10000878465157215,0.11538555149775898,0.10002362890834438,0.1481751959722415,0.10009207718569063,0.11738481373162496,0.1340487120184351,0.1174823839163115,0.10010689417619684,0.1154903034622553,0.13387523975929433,0.14361112855505936,0.13398033758230327,0.11543996933601652,0.10010267746387697,0.11736160271905416,0.1339540827111264,0.11742463803363373,0.1000855343149557,0.14824003208540537,0.10004285732097973,0.115431650355864,0.09995524830949176,0.14814661810397506
0.152262809340652,0.10353039909588607,0.12002919684564806,0.10355422809891424,0.1522392733875056,0.10361443773358886,0.12325150193808987,0.1391174776916821,0.12335015331613713,0.10364378718704481,0.12013024577068288,0.13894545816263304,0.14732616516728525,0.13904872025664478,0.12009191161377308,0.10362993103952478,0.1232335200931417,0.13902581731836955,0.12329491676639465,0.10361682618645468,0.15230115663221783,0.10358145106801259,0.12008554205072958,0.10348067958624158,0.1522077695959928
0.156519325456196,0.10719058189239361,0.12480465367094079,0.10721950849233008,0.15649935754774796,0.10726755979826041,0.12897064461703173,0.1438770494817147,0.12907541046137688,0.10730751115113019,0.12489577441789879,0.14369684875834993,0.15062782645064765,0.14380297926535163,0.12486227535875433,0.10728536653531151,0.128953037802103,0.14378842024237298,0.12901883274899034,0.10727508904913802,0.15655391527695844,0.10723637064171715,0.12485975887152861,0.1071341427756019,0.15646699052833818
0.16096673239464881,0.1109495527193809,0.12966518102136587,0.1109827466177743,0.16094801485333826,0.11101880436593753,0.1345046198259734,0.1482906364573069,0.13461179024808212,0.11106546444338572,0.1297475340169068,0.1481142030390188,0.15350612833530652,0.14822088251906967,0.12972356799677126,0.1110398774977977,0.13449259787137624,0.14820879183537827,0.13456458104209612,0.11103482347057703,0.16099750192973633,0.11099200193886527,0.12972086463671761,0.1108889608110481,0.16091474505162395
0.1655719866165586,0.11478833066947258,0.13460802205908795,0.11483107463595382,0.1655687529713668,0.1148486745271381,0.13986622563345447,0.1523827633332286,0.13997419553880425,0.1149100431275174,0.1346760064527509,0.1522068408033898,0.15598543194341996,0.15230856894221295,0.13466306596323535,0.1148759971704113,0.13986183159869386,0.15230418122220174,0.13992842272006217,0.11487332435092495,0.16561216111159083,0.11483758264279109,0.13466573275451865,0.11473003565718837,0.16553336023447834
0.17037213836814136,0.11872534804752344,0.13964332692374476,0.11877426826037768,0.17037143159754153,0.1187679551658925,0.14502483828819257,0.15613730727416913,0.1451391368384038,0.11883944818902048,0.13968996253460886,0.15595039744420824,0.1580745857360657,0.15605047142420003,0.13968079756978957,0.1187991861604808,0.14502377457844973,0.15606038714970905,0.14508919471067466,0.11879624897345109,0.17040456615027016,0.11875778682498495,0.13969315200081156,0.11866092741007828,0.1703366168801883
0.17534911789009155,0.1227276391896584,0.14473156305819185,0.12278124594191697,0.17534886367378394,0.12275042444231526,0.14996315809921595,0.15954363228596602,0.15007879313508948,0.12282668470161845,0.14475630162573788,0.15935503306989135,0.15979400285639928,0.15945360523811042,0.14475456107016482,0.12278579357327946,0.1499698166853185,0.15947131410611065,0.150035062698954,0.12278487996833154,0.17537406313623927,0.12273931030926877,0.14477185532448233,0.12265744339968532,0.17531524911344165
0.18046780621451908,0.1267771165561865,0.14987208417137982,0.12683876007362427,0.18048182366082444,0.12677887748594419,0.15471579895631388,0.16265318911768512,0.1548328708049389,0.12686774974234477,0.14986975067953362,0.1624574903351525,0.16119880005354237,0.16255102194421223,0.14987629341643832,0.12682234741794318,0.15473246326408957,0.16258181196627336,0.15478760657747076,0.12681939259114722,0.18049994686985876,0.12678029249734818,0.14990361114948642,0.12670793080231568,0.18044852681113144
0.18576386715690046,0.13089609858524598,0.1550813474219428,0.1309631430612907,0.1857786804746014,0.1308688364173003,0.15927483602472908,0.16547655603793204,0.15939963299140403,0.13096465068700403,0.15504517409160612,0.16526138811778857,0.16232844881110453,0.16535014808580867,0.15505327278332065,0.13091713715057707,0.15929640713395432,0.16540294806548467,0.15934621561819262,0.13090802547403113,0.18578538299893121,0.13086855172125877,0.15509616593397269,0.1308212322518072,0.18574823357221038
0.19121997500509236,0.13505557640165222,0.1603239458809147,0.13512474804566654,0.19123301782945712,0.1349981664399278,0.16363659608141656,0.16802065124626803,0.1637624417647871,0.135093960472991,0.1602539459147127,0.1677936167857435,0.1632220472235728,0.16788038580582165,0.1602667353784779,0.1350507861873082,0.16366657259395756,0.1679472724411295,0.16371193353084207,0.13503820967397656,0.19123138760376646,0.1349921889207673,0.16031899839372327,0.13497244272861703,0.19120694190308524
0.19679950523032524,0.13923184820459306,0.16559574401940025,0.13930737750975808,0.1968233093477253,0.1391491013975531,0.16784735056393818,0.170349803864346,0.16797550829243568,0.13925165846963405,0.16549178494999317,0.1701056725931125,0.16394943654632016,0.17019108415859613,0.16550923358190556,0.13920932560049332,0.1678876661556561,0.17027354121170662,0.1679207605981613,0.13919021498339096,0.19681553901051552,0.13915200707066527,0.1655737913410515,0.13914970201008858,0.19680022362250682
0.20253250394102995,0.14344849704272067,0.1709157998484382,0.14352845476154152,0.2025553323896862,0.14333544701087275,0.17191011018834673,0.17248499173684212,0.1720466329682605,0.14343890086326738,0.17077376925592247,0.17221363119669775,0.1645590089900656,0.1722953230991906,0.17079058580003292,0.14339913766055684,0.1719536196193257,0.17240319943487953,0.17198207554754674,0.14337079873257658,0.20253801349834882,0.14333559111070182,0.17087402109676775,0.1433621661160288,0.20253839436856247
0.20840693200853572,0.14767445570570553,0.17624803262613858,0.14775412646328379,0.20842482019963454,0.1475347633636433,0.17582003768576976,0.17443070132910055,0.17595724384819794,0.14763134532007388,0.17607273202389662,0.1741421308525049,0.16508346664199536,0.1742228227446277,0.17609182246493077,0.1475995881877052,0.1758681602265179,0.1743458770796802,0.17589546492547914,0.14756847466559558,0.20840131607418794,0.14752630851509463,0.17618430202095609,0.14757847025354454,0.2084160027231619
0.21438477835103747,0.15187742730276793,0.18158081417537908,0.151960608629167,0.21440834597105635,0.1517228906184676,0.17961724826748243,0.1762412884250199,0.17975704787569424,0.15181888904160962,0.1813790234421574,0.175935393814249,0.16558234321769505,0.176019259858958,0.18140104577884691,0.15179068009161667,0.17967358016183416,0.1761525800547437,0.17969338855008865,0.15175673979960363,0.2143827530347504,0.15172211329158203,0.18150230576375986,0.151784057906177,0.21440595392505624
0.220489237314123,0.15607644609274934,0.18693016894741188,0.15616321919659132,0.2205104312812488,0.15590844591617803,0.18330176967846584,0.17792826247646565,0.18344804824233651,0.1559984363130828,0.186705757589523,0.17760031795682168,0.16608718603062234,0.1776852671675495,0.18672615235223455,0.15597285922185639,0.18335655404274992,0.1778338313188888,0.18337781602273262,0.15593654735386647,0.22047869700426148,0.15590486309904078,0.18684233251350935,0.15598275977310538,0.22051732947405167
0.22671654898666194,0.1602400025392452,0.19226214287705545,0.16032288933419886,0.22673006890565311,0.16006594019041526,0.18685327526919332,0.1794761401890853,0.18699969384848714,0.16014307067146188,0.19202564850154574,0.17914130442777637,0.166603054494727,0.17922862603361672,0.19204632010270917,0.160124041800357,0.1869054084529972,0.17937890635052928,0.18693712566540616,0.1600944053657516,0.22669533742809345,0.16005211659622104,0.1921630413616588,0.16013704176450877,0.22674828231930827
0.2330307003741729,0.16432789925817826,0.1975562385215432,0.16441089427171152,0.23304431930381841,0.16416510634791848,0.19029584876705674,0.18091485165120497,0.19044411841491177,0.16423608719217286,0.197322360843458,0.1805821334902144,0.16716291998476568,0.18067344774355082,0.19734520258056643,0.1642174745597167,0.19035066458757294,0.18081611302189876,0.1903869378251653,0.1641968652391298,0.2330115950180502,0.164158136226854,0.1974586931351226,0.16423038781635246,0.23307136425038766
0.23944465987633784,0.16835730434954793,0.20283116420132435,0.16844381116402768,0.23945712036233674,0.16821040769882728,0.19362072709058675,0.18223875846676146,0.19376929947877608,0.16827324046412623,0.20260789638326,0.1819084802312571,0.1677721041493394,0.18200384703386335,0.20262902469696542,0.16825106697759484,0.19366690713454704,0.18213787548335458,0.19371426588991264,0.16824203798796294,0.23942179508413036,0.16820105782448963,0.20274431243148483,0.16826474563028576,0.2394957937328307
0.2459716781948515,0.17230642340988517,0.20805843037792116,0.17238594300834426,0.24597297971542703,0.17218146696168807,0.196792565039084,0.18341251425150762,0.1969356113445297,0.17223132761102528,0.20786048899783705,0.1831020774909498,0.16840962544719235,0.1832036875426637,0.20787942516144386,0.17220820492518385,0.1968259231734386,0.18331263765037425,0.19689702500678458,0.1722196041653174,0.2459369517477391,0.17215861015604317,0.20797905173974507,0.172206002108801,0.2460243906733453
0.2525742779413046,0.1761369873338391,0.21321912643429153,0.17621570400482517,0.25257158504468213,0.176050997214028,0.19982584864932113,0.18444984030155026,0.1999648825292456,0.17609476254512452,0.21306247143610463,0.18417459456198287,0.1690908528626187,0.18427670048149059,0.21308289413510978,0.17606550017221007,0.1998524811467966,0.18435375414399496,0.1999431476543913,0.1760980991987074,0.25254048080155,0.17603201198164303,0.2131615596311605,0.176046263640313,0.2526326272936931
0.2592584949514427,0.17987681637516867,0.21834225516398603,0.17995910673047827,0.25925644426312,0.17983000453719,0.20271495774595072,0.18534284038564114,0.20284311253282122,0.1798689646709004,0.21823198739895672,0.18510372176453066,0.16981116946263214,0.1852055501917993,0.2182504181464881,0.17982862562779273,0.20272434542409218,0.18525048133212624,0.20283508450627746,0.17988274695772521,0.2592251840131964,0.17980434703703924,0.2183131367303605,0.17979493605028385,0.259329289683369
0.2660551628130415,0.18352622286305953,0.22341704079403485,0.18360085123558917,0.2660379340647433,0.18351642053985684,0.20542756188762434,0.18605846826068734,0.20553910481960463,0.1835469141352542,0.2233628929712944,0.18586706886383192,0.17054892997912463,0.18597576944199173,0.22337614155514546,0.18349887934916365,0.20541519501396382,0.18597220620110883,0.2055553594602284,0.18357871941444032,0.26600734546708366,0.18346950736432538,0.2234066125125702,0.18343816278708136,0.26612256420194225
0.27292372033380363,0.18706379617251817,0.22843640694568945,0.18713760753415487,0.27289918395370943,0.1870991375367454,0.20799115563327109,0.18662088442767166,0.20808753732497587,0.18712603698773383,0.22844563811523816,0.18649063771038693,0.1713293351424799,0.18659570701653738,0.228457779779083,0.1870692216071138,0.207962840761997,0.18654339695938754,0.2081285305376624,0.18716989918659843,0.2728748669665697,0.18704606760801323,0.22845354742098445,0.1869861020718548,0.27299282144459147
0.27986471685729786,0.19053337858121955,0.23344550761492117,0.19061065346478634,0.2798422172838038,0.19060504111418436,0.21042681188390383,0.18705058365263888,0.2105000489704783,0.19063048198336058,0.23351187710727295,0.18697535263663434,0.17216819266501476,0.18707108911713327,0.23351911448834017,0.19056258612429672,0.2103736183895002,0.18697941118937117,0.2105609418877047,0.1906775213886852,0.279819414953995,0.19053446573165617,0.2334876582211266,0.19046387682657312,0.2799460300641452
0.2869214461854964,0.19396200131780367,0.23845567089295372,0.19402987208393896,0.28688060176808056,0.1940562517008178,0.21272888194826817,0.18734375870057834,0.21277396227669026,0.19407506400602142,0.23857634625537705,0.18732336884866918,0.17307393602821114,0.18741950354984815,0.23857372015510847,0.1940026400731239,0.2126487884963404,0.18727822679821493,0.21285978235038833,0.194128961228277,0.28685865833580115,0.19395171588608368,0.2385045411748729,0.19388335074093882,0.2869933598108601
0.2940498337996194,0.19734284022945886,0.24347100235246594,0.19740967611598803,0.29399910823838155,0.19745993119143335,0.21495532219122876,0.18755590634066388,0.2149713515230215,0.1974721866535593,0.24364062363234174,0.18759508727211904,0.17410391069115422,0.18768413260180344,0.2436323281120058,0.19739927097509158,0.21485446068127673,0.18749750581793734,0.21508124395652584,0.19752755712713743,0.29398459948897143,0.19733422033181647,0.24352903479793864,0.1972702390838874,0.2941191974425892
0.30124330474753513,0.20072700755049028,0.24854596376587235,0.200794238111285,0.3011955233128355,0.20085137172054873,0.2171650496854038,0.18775172597284073,0.2171478643576778,0.200858755779524,0.24874641631186073,0.18783364876048825,0.17530991406299312,0.18790772396481115,0.24872863697859532,0.2007863496973561,0.21703557322842765,0.18769524970369195,0.2172745283483139,0.2009050650711499,0.3011850872379331,0.2006969097849624,0.24860273697437885,0.2006568463948734,0.3013222985504066
0.308549739251485,0.20414935591626743,0.2537019273596007,0.20420546441432347,0.308481726377533,0.2042644065747884,0.21938531947427914,0.18796441482367754,0.2193351116233348,0.20425836389351465,0.2539211663539984,0.18807836742015593,0.17673701140473802,0.18814237804869238,0.2538892879319351,0.20419567599474603,0.219227635593723,0.18790608195928016,0.21947924058972962,0.20429873335044463,0.30847484494454525,0.20406820559078642,0.2537369711891962,0.20406582461751677,0.30861494202525364
0.31592155994543636,0.20760222392483685,0.2589409002652214,0.20765417595238272,0.31584360382760424,0.20770657852165125,0.22169747023499264,0.1882732287718683,0.22160942561231806,0.20768270295844005,0.25916643385323235,0.18841720794183797,0.17846726765274185,0.18846893083405697,0.25912598145181664,0.20763634447195028,0.22151958189265775,0.18821392044729657,0.22177006297283847,0.2077171499125302,0.31584689020531287,0.2074820367476355,0.25895388065776176,0.20751565334001643,0.31598156616511
0.3233472025758006,0.21111355529264586,0.2643032480170905,0.21116230122931706,0.3232708024056584,0.21119902617019787,0.2241798214294215,0.1887684788913821,0.22405482560725914,0.21115938316242283,0.26451739422397585,0.1889182543438765,0.18057179607192914,0.18895725080016723,0.2644646951898732,0.2111294170504851,0.22397563081240046,0.18870168603796617,0.22422198884957273,0.2111798685040011,0.32328325990544504,0.21094684911924183,0.26428557784619905,0.21102353608778096,0.3234125737621587
0.330866640995951,0.2147031789325725,0.26980145476421735,0.21473969882391203,0.33077222953589697,0.214761707376453,0.2268693923910795,0.1894940800787735,0.22671646380699684,0.21469626092019173,0.26999472977881434,0.18963668390709854,0.18310397594119504,0.1896620995320633,0.26992660993850204,0.21468986190551909,0.22663845035745966,0.18941527633598665,0.22688807613487844,0.2147081991490803,0.33079302595139176,0.21447484473801132,0.2697419060678194,0.21459623382744947,0.33091818844056
0.3384393275937297,0.2183406023801478,0.275415112728131,0.21836811299304526,0.338335133072872,0.21838012308903915,0.22983706197237908,0.19051708213860102,0.22965129572974236,0.2182836980362985,0.27558292722286715,0.19065416646582467,0.18613312022704004,0.1906632057497843,0.27550670884859024,0.21830451362697034,0.22958894466612656,0.1904279156507488,0.22982889889976899,0.21829419486346247,0.3383698489683463,0.21807185857997247,0.27531943191553077,0.21822288051143662,0.33848343410384374
0.34604660685396327,0.2220116231477825,0.28115627184177683,0.22203497194928817,0.34594218961767265,0.22204221069610047,0.233141216153685,0.19190792177193955,0.23292711330338206,0.22192153901383926,0.2812936430844213,0.19202001252067552,0.18971029822278845,0.19202207620763367,0.2812073823390341,0.22196327763431362,0.23287548419613774,0.19180384415764246,0.23310016547760393,0.22192548043495092,0.34599215480083484,0.22172318034323013,0.2810267733404073,0.22189038029826286,0.3460913997120153
0.3537153101293844,0.22571407543666283,0.2870159209588863,0.22572823673708275,0.35360007947475725,0.22574144190955303,0.23679164159952715,0.19367726368333193,0.23656347651749737,0.2255907218847072,0.28712844733341847,0.19375816006813584,0.1938555308231763,0.19375599444125208,0.28703016889875965,0.22565353742306266,0.23650584139849723,0.19355661399827012,0.23672944345735625,0.2255949998187769,0.3536620584831207,0.22540851500449416,0.2868557436337159,0.22558163836814554,0.35375103255306983
0.36142280696847473,0.2294008870264881,0.2929526869985266,0.22940510052673418,0.3612992952333246,0.2294408555976033,0.24081196726768622,0.1958386788838382,0.24056929482730072,0.22925936831348043,0.29305167979744035,0.19590284152731252,0.1985842717817244,0.19589051418700615,0.29294882714330295,0.22934148927505577,0.24051444742363365,0.19570580712445035,0.24073458184248941,0.22927503098114288,0.3613777139043427,0.2291053001693369,0.29277509320151357,0.22925750144604923,0.36144997008183205
0.3691451639292732,0.23303323366347634,0.2989543098428279,0.23303536295699034,0.3690201983152993,0.2331066977833477,0.24521342798818735,0.198406022761205,0.24496388091798432,0.23290774714681783,0.29905087262897,0.19845028243465473,0.2038952126525811,0.1984354566199224,0.2989438846369946,0.23299680560420705,0.24490942394601678,0.1982598612277165,0.24512029158429505,0.23292871880812843,0.36911712515288875,0.23278160062694236,0.2987718440096546,0.23289315364542068,0.3691686960234313
0.3768929200583333,0.23661279827041548,0.3050060716481823,0.23661222247498975,0.37676766490615055,0.2367257691237808,0.24996073318830148,0.20132943268789627,0.2497134723973241,0.23651062975243886,0.3051165320244208,0.2013597602097285,0.20975070666532247,0.20135182869664559,0.30500386198363594,0.23660089344599472,0.24964695106072216,0.20117292724529662,0.24986025148814645,0.2365403949967571,0.376877398150366,0.23640425282859073,0.3048317787438586,0.2364722187499687,0.3769156572919887
0.384672617993861,0.2401129662674411,0.3110717427972035,0.24010315042207203,0.38453780178441205,0.2402721418468019,0.25502287704730386,0.2045583625090724,0.2547773518531887,0.2400447474079349,0.3112123519582036,0.20459932715864848,0.2161017282864754,0.20459689350138155,0.3110985119647352,0.24013264420232389,0.254703661960222,0.2043981814593297,0.25492474477551685,0.240092252359199,0.38466338149714363,0.2399571692050555,0.3109144542324677,0.23996508415451667,0.38468288860951366
0.3924452108644969,0.24351228063990044,0.3171383287978755,0.24350300606997932,0.3923111778982342,0.24372966590710765,0.26037424887175226,0.2080565093289467,0.26013922799126776,0.24350450478686642,0.31732335376141163,0.20811894109519263,0.22289815866817614,0.20811726637844014,0.3172102627453416,0.24357987987933638,0.26005501194557173,0.20789313555287048,0.26028420159361776,0.24355948217550244,0.3924541500778422,0.2434305822987105,0.31701120295155905,0.2433760469990316,0.3924519717501079
0.4002150926071085,0.24685114050599904,0.3232211609634739,0.2468428119179676,0.40008882913277516,0.24711471316522782,0.26595944639151387,0.21173916476179266,0.2657333587399096,0.24689540031250462,0.323454382513083,0.21183405252935078,0.23006448698025211,0.21183677514296734,0.32334034761493385,0.24695468326897274,0.2656366428208481,0.21157661718143633,0.2658771804968131,0.24695424742267935,0.4002430665964467,0.24681880953268787,0.3231292589333195,0.2467254379361048,0.4002269429153811
0.40800731675327695,0.250152444013161,0.32931355397836604,0.2501318175923968,0.40787080520350893,0.2504463683616906,0.2717268980483589,0.21552947707480102,0.27150174132160326,0.2502346576838037,0.3295970914824756,0.21567733922448046,0.23752267967269286,0.2156923393097397,0.3294821638015155,0.2502802261953011,0.2714038031206901,0.21537483942174823,0.27165543742299225,0.2503003677947985,0.40803795758962746,0.2501492445564768,0.32924839699812575,0.2500244683869472,0.4080037199345257
0.41577046301656595,0.253433646464414,0.3354292885364944,0.2534095829954228,0.41563619993675294,0.25375006101571873,0.2776606156402225,0.21939589209894816,0.27744143718668896,0.25355214912056323,0.33575588242545706,0.21960480549889244,0.24522000413254186,0.2196226739190819,0.33564339354073425,0.25358421944364856,0.27733923895985924,0.21924824619006072,0.27760228288395494,0.25361267590104003,0.4158180821023218,0.2534578753185488,0.33539096336781565,0.25332357702614194,0.41576355871756304
0.42350098644223344,0.2567652303177423,0.3416137434607618,0.25673616623924345,0.423379004725139,0.2570750592045402,0.28373649515743893,0.2232906178133428,0.28351689673699243,0.2568902649300371,0.34196287012178767,0.2235610110412174,0.2530985268410619,0.22357066688150262,0.3418507503036332,0.2569128690112995,0.283411277867321,0.22315095046625705,0.2836847036025504,0.2569372304215317,0.42356984839945194,0.25677429158628523,0.34159291753480736,0.2566687581705003,0.4235012557806304
0.43122880572156375,0.2601955712281198,0.3478893127070606,0.2601449271371091,0.43109690577291493,0.26047193718165074,0.2899341227824556,0.2271824169971487,0.28970299002105715,0.2602927484906482,0.3482405667048554,0.22751583494363126,0.26111322175020024,0.22752337606608847,0.34812683718038007,0.2603165099208471,0.2896112764351101,0.22705330779807364,0.28988539329970664,0.26032862744278884,0.4312971372630068,0.26015694560592945,0.3478612279046517,0.26009553703484933,0.43121301215202423
0.4388935599374503,0.2637440828257013,0.35427664606499254,0.2636800609325205,0.43876593800213076,0.2639753728724128,0.29628647006207,0.2311011708435159,0.29604144855109416,0.26379669260520033,0.3546038638329113,0.23148930424815956,0.26926376105401517,0.2314931525083243,0.35449399610702687,0.26382970891573054,0.2959691767552388,0.2309803160519841,0.29623244602923426,0.26381653667091787,0.43897865510652817,0.26365461866768436,0.3542349664212786,0.2636545278775359,0.43887578112329717
0.44648427844084415,0.267449026505451,0.3608150479056237,0.2673701995771204,0.4463689324958287,0.26761748245418027,0.3028266318024452,0.2350855528954912,0.30256468379395673,0.26743514801699836,0.36108811735981017,0.23550864696006318,0.2775540520817201,0.23549833069165432,0.3609799263750826,0.2674826396199792,0.3025072598120649,0.2349705584046491,0.30275953386297805,0.2674341628187913,0.44658955143656587,0.2672859586508497,0.3607466113271051,0.26736478543280573,0.44647234138137953
0.45401959433065386,0.2713198357334662,0.36751124459551693,0.27121539312822196,0.45389933236892804,0.2714190287370169,0.30957757061687297,0.23918060640659217,0.30929990298914967,0.2712208985575493,0.36771031566451384,0.2396219626883644,0.286000150811361,0.23959249847778558,0.367602235957271,0.2712924545272283,0.309263419310596,0.23906804077206995,0.3095006995388385,0.271207578478918,0.45412662148773586,0.271077944642104,0.3673964022186387,0.27122649832611767,0.45399651421840753
0.46144584080564943,0.27532647735906945,0.37434422545279333,0.2752024157841275,0.46133070856431235,0.2753657708030899,0.3166051602120866,0.24346822579643634,0.31630797949312306,0.27514400646454207,0.37445627839092255,0.24391168706869865,0.29465253315168766,0.24386418443680608,0.3743561205632172,0.2752430216923679,0.31630437592846494,0.24335564448757024,0.31650800446716854,0.27512577219044754,0.4615676768665941,0.27502684912037345,0.37418977497789696,0.27522695759267535,0.4614199617104444
0.4687422461435098,0.2794263826507828,0.38130319336798374,0.27928656822351705,0.4686365498211726,0.27942203893560547,0.3239591050734637,0.24802868783868648,0.3236439523148522,0.2791804651783,0.38132038691080933,0.2484459513710951,0.3035511922126457,0.24839020539784584,0.3812266658149793,0.2793002001235947,0.3236683147739813,0.24791352102119207,0.3238349058432175,0.27915846210106743,0.46888133658710285,0.2790910294154449,0.38111136480714125,0.2793261317487509,0.46872169698005106
0.4759090552518277,0.28357272851317655,0.3883409017158178,0.28341461338237994,0.47580860568710065,0.28354654542689095,0.3316537449958086,0.2529122134703473,0.3313379631603107,0.2832807091336621,0.38827570950518175,0.2532855715330219,0.3127205332651193,0.253220881964006,0.3881874065332003,0.28341851796052997,0.33137631042879645,0.25278937165963233,0.3315173112666794,0.2832672165034815,0.47605685595434094,0.28322883660503484,0.38811863200023045,0.2834610691874075,0.4758873594600861
0.4829193393699894,0.28769667288162953,0.39538613369064535,0.2875223982207006,0.48282053348476317,0.2876734015662004,0.33971814582823223,0.25815797499047943,0.3394070354892442,0.2873853667963549,0.3952591661525019,0.25848649596059475,0.32218164436958296,0.2584065236411416,0.39518422828509325,0.28753304152520204,0.3394618418149503,0.2580277542098221,0.33957247420064124,0.2873927980151366,0.48307621886388386,0.28738077406795315,0.39515675308626325,0.2875701406089336,0.482889409487707
0.489737032207176,0.29172110812837043,0.4023810754334376,0.29153845307255555,0.4896465811882705,0.2917303352295174,0.3481469655321081,0.26377505959606284,0.34784525997051,0.291436619101412,0.4022172512199933,0.2640491428164701,0.331922210408981,0.26396875662763647,0.4021550311906821,0.29157579790697474,0.34791575660505314,0.2636374299329731,0.34799085870938173,0.29146432903815767,0.48990598798248675,0.2914700143979765,0.402163338719142,0.29159900649824266,0.4897141538086211
0.49634933544597704,0.2956111693786476,0.4092573580384957,0.2954219961770791,0.4962739620847918,0.295669332836906,0.3568825311535394,0.26970875906678365,0.35660641724362563,0.2953770181234448,0.40909341004818844,0.26992830859474404,0.34188520281132695,0.26986351278025444,0.4090415894838193,0.29549707798031694,0.35667737706164004,0.2695630995880053,0.3567288576835541,0.2954280007375414,0.49653284517784674,0.295442100535479,0.4090732839397373,0.29549110246606325,0.4963336079401598
0.5027609015954833,0.299347134809815,0.41595173288971826,0.2991447513103621,0.5026837102707506,0.299456720430244,0.3658660689889006,0.27587396721886304,0.36562315446206944,0.299174329835293,0.41581730386180155,0.27606152418379837,0.3519830891296919,0.276010657837306,0.4157789602784816,0.29926660441756114,0.3656874340888254,0.2757275078126469,0.36572592829064304,0.29925353175553926,0.5029426819173648,0.2992627030983307,0.4158169750690056,0.2992192503663019,0.5027331065601202
0.5089170171824589,0.3029116466476738,0.42242387837795936,0.3027026652154263,0.5088507860645823,0.30307616876317456,0.3750181099178231,0.28217334481137685,0.37481586307075254,0.3028193887487765,0.42233972505201633,0.28234681678411344,0.36210383958096687,0.2823029106391113,0.4223149182881243,0.30287281352611395,0.3748694213287199,0.2820268468387451,0.374898977700576,0.3029151985441635,0.5091063760432201,0.3029123501068901,0.42234820424643305,0.30279957631290816,0.508896078688014
0.514802490567684,0.3063547674316623,0.4286576828219545,0.30613765508919705,0.5147551408937363,0.30655227815326286,0.38422375315872637,0.28846290985048834,0.38406277979378517,0.30632630462776944,0.428636532452525,0.2886388876815522,0.3721049986881648,0.2886072512220752,0.42862193882462674,0.3063403343632309,0.38410521344643056,0.28831898001323186,0.3841246537756286,0.3064275067834439,0.515005428541407,0.3064067891285006,0.4286468273835575,0.3062614394250148,0.5147934703198468
0.5204373073943226,0.3097420254748705,0.4346604306787577,0.3095045249008114,0.5203858976330233,0.30994060945761975,0.39337115528946487,0.2945992607959976,0.39324490118234506,0.3097442479645978,0.4346949308357306,0.29480143546611026,0.38183465875810074,0.2947957450579588,0.4346877800077944,0.3097257528994989,0.39328235227341324,0.29446852377982113,0.39329242010428855,0.3098462436483548,0.5206272768669653,0.3098002904657687,0.43469562722416427,0.3096445689118292,0.5204135208265651
0.5257521387913064,0.31312341996059984,0.4404465958752777,0.3128687877153199,0.5257158643221169,0.31329875102764504,0.40237333594035257,0.30049175559143154,0.40228381237187444,0.31312924253707775,0.44051679749571687,0.30073615784452756,0.39116462072519476,0.3007449366881009,0.44051832858382767,0.31308741487062,0.4023115691033655,0.30037212517296685,0.4023193782316258,0.31321830466330947,0.5259469685558029,0.3131544878061265,0.4405125347406839,0.31303939897443356,0.5257337339377219
0.5307366783700652,0.31657011798975954,0.44605446126963316,0.31629680353372136,0.5307156376593769,0.3166881751691385,0.41114543234859535,0.30606399508409654,0.4110861158901422,0.31653794418767955,0.44612913714397034,0.30635801178194844,0.39998300483237514,0.3063584799784932,0.4461370538886269,0.3164859994416055,0.41110566615539507,0.30595368674414863,0.4111091189893971,0.31660353432393223,0.5309382716652495,0.31653016943341045,0.4461351052335598,0.31649787016792724,0.5307289073475967
0.5354013298371332,0.3201334759896238,0.45152189705800627,0.3198330565510854,0.5353810186286262,0.32017129085753054,0.41961196944254076,0.3112694760316998,0.4195673134732477,0.3200245567124834,0.45156292709780943,0.31161462559501607,0.40820991128681716,0.31160889350871845,0.45157363584664667,0.3199783931338844,0.4195985309636109,0.3111728965476659,0.4195859583142713,0.3200675751049994,0.5355860524562309,0.31999183699357026,0.45158095112632773,0.3200447376430623,0.5353811490773261
0.5396855020163993,0.32381141915211886,0.4568541867369638,0.3234879862316895,0.5396808242767253,0.3237645319040676,0.42774519622668683,0.31613200320930573,0.4277049124172584,0.32360617681492054,0.4568277282447388,0.3165187128687914,0.415821503844744,0.31651380383388317,0.45684586180031844,0.32357830819378564,0.42775694304758216,0.31604495973669455,0.4277206159982476,0.32363029386019093,0.5398721069916985,0.3235649034439877,0.4568769431378389,0.3237118319390263,0.5396689331848421
0.5435803915712826,0.32756366537242204,0.4620462544854554,0.3272240765816852,0.54358600002331,0.32743985361762185,0.4355340827197366,0.3207070808104918,0.4354947229841646,0.32726421132068917,0.46192814124581877,0.321115660114264,0.42282414109390426,0.32110374521116614,0.46195316968678196,0.3272583172031014,0.43556045572873725,0.32062564507984365,0.43550347556516733,0.32727279215191174,0.543765302743717,0.3272287266040896,0.46202878206933296,0.32745446078940876,0.5435716556978135
0.5470791465045951,0.33132850165208844,0.46706576557087026,0.33097398083977303,0.5470959919562339,0.33115035663523734,0.4429610084305106,0.3250532356927438,0.4429235896262787,0.33094876020331887,0.46684878590680534,0.3254655724700426,0.42924468038365604,0.325431734856264,0.4668779958382832,0.33096557374378766,0.4430026706300075,0.3249727346500648,0.4429301020365282,0.3309533049947385,0.5472531198460518,0.33093879722169456,0.4670003367877159,0.331188783081691,0.54706810790835
0.5501573401215182,0.33500370670110047,0.4718328649448572,0.33464057189553736,0.5501839516120608,0.3348045652728181,0.4500317049596759,0.3292289080930765,0.44998817360581594,0.33457405376965615,0.4715289901639148,0.32963031739934234,0.43512614300197566,0.3295758656138015,0.47156762584009126,0.33460695712516264,0.45009263402753297,0.32914629983010774,0.4499935003956558,0.3345915452693581,0.5503252903568381,0.33460583396265287,0.4717364637030434,0.3348357571948595,0.5501441933093053
0.5527976992361526,0.33846106533870685,0.47625280610360576,0.33810186128875214,0.5528314533790376,0.33828226976507003,0.45674424892616783,0.3332722803156146,0.4566923561126876,0.33803668362739514,0.4758924687922883,0.3336408457447152,0.4405007454654298,0.33358828795438134,0.47594064279481146,0.33806707718140305,0.4568214743888136,0.33318892139872064,0.45669032548550237,0.3380735348647476,0.5529579705372883,0.3381129053012216,0.4761524684273934,0.3382805709277227,0.5527902876135165
0.5549852002096405,0.34161366123416725,0.4802299625010241,0.34126321366500595,0.5550402079443034,0.3414873700702533,0.46306205796894867,0.3371769833775659,0.4630174954585202,0.34123764539654156,0.47985659911577555,0.3374968614509548,0.445366630954617,0.33745433438381944,0.47991015944104193,0.34124957865623706,0.46315087818591394,0.33708933195488755,0.46300569366309313,0.34129812326630954,0.5551419712333873,0.34135755702299425,0.4801492547405001,0.34141554926048123,0.5549860339997705
0.556740905081167,0.3444049528059143,0.48366412698364025,0.344061995654357,0.5567975852796831,0.3443463226710793,0.4689433613195075,0.3408930447666713,0.468916045862876,0.3441025816760762,0.48332499293248776,0.3411675283822718,0.44968458340428696,0.3411262016104164,0.48338459975624964,0.3440830297915344,0.46904366230330313,0.34080233119908093,0.4688947477972872,0.34419361021262573,0.5568815126373433,0.3442564551478857,0.483628931697619,0.34419033194398435,0.556733056952151
0.5580323324677415,0.34679410436610514,0.48647874140913977,0.34646400387959386,0.5580993827452452,0.3468100852824908,0.47433277432554044,0.3443460761551639,0.4743243494769106,0.3465909874632578,0.48621554176429355,0.3445806711703642,0.4533911869234553,0.3445399113514096,0.48628028277547086,0.3465259230844187,0.47445115152891865,0.34425421105460174,0.47429126777429653,0.3467037228498526,0.558164177293896,0.34676035336388167,0.48651147671169853,0.34658543553384213,0.5580330260743206
0.5588572868665165,0.3488161351628678,0.4886463880896327,0.34849998873083454,0.558948378036149,0.34889161652805534,0.47914190069325036,0.34743318740662055,0.47915594101857684,0.3487065464841377,0.4884849599772537,0.3476292686522783,0.4563906662903653,0.34760510238019077,0.48854828707883746,0.34859313692660493,0.4792786745408475,0.3473398596343844,0.47910493922657676,0.34882675642492283,0.5589885398329896,0.34887129032499,0.4887556594492249,0.3486153302838748,0.5588712388662462
0.5592626389114446,0.35055578349168115,0.49017959074649126,0.3502427391460532,0.5593534125261238,0.35065532166783203,0.48328044586818153,0.3500509439273547,0.48332386184770515,0.3505018840711212,0.4901249737211149,0.35021881959780526,0.45857361048713774,0.35022451105836183,0.490181276410486,0.3503491628941943,0.48343116678527676,0.3499620410931352,0.48325493991502727,0.3506208587130365,0.5593722257795551,0.3506423201093134,0.4903509967769347,0.35035516842321235,0.5592672978252353
0.5592184525289514,0.35208483809753266,0.4911192192296194,0.35177458100339265,0.5593219104377871,0.3521751327316022,0.48668654146334966,0.352146708853018,0.4867642173142233,0.3520486598630431,0.4911533641971136,0.3523026942230727,0.45986001537683435,0.3523176607416679,0.4912031786591295,0.35187085796334877,0.48684948662693006,0.3520588715054938,0.48667928419207607,0.3521525967507346,0.5593191851334077,0.35215341048390536,0.49133346674112416,0.35189513103392944,0.5592354593642421
0.5587430735834721,0.35348691194610443,0.49154132465968003,0.3531804048171142,0.558866681764413,0.3535340874896372,0.4893046404795277,0.35369541894814094,0.4894082270050648,0.35342428599595166,0.4916291590775736,0.3538487539819053,0.46019950973673035,0.3538527291071816,0.4916683974250737,0.3532387048690927,0.4894780971540684,0.3536045735880132,0.48930430555916404,0.35349965501744823,0.5588412981924848,0.3534889969896928,0.491776206603508,0.3533019137994099,0.5587725123716971
0.5578916823989372,0.3548358147251895,0.4915425863243292,0.3545252494868084,0.558018074795693,0.3548114702104326,0.491086174562601,0.3546949659943266,0.49120452053745683,0.3546983060873149,0.4916369054925427,0.3548492947943902,0.4595871856389392,0.3548528846602935,0.4916601077953055,0.35452590244128757,0.49127092503008457,0.35460464668395364,0.49108482950660887,0.3547437696391771,0.5579679897525939,0.35472862563504015,0.4917551839110386,0.35464008845755535,0.55791828432497
0.5566572998143369,0.3561360546094393,0.49118541957696604,0.3558233856392564,0.5567954104462596,0.3560326376299974,0.49203324163262285,0.3551941582180797,0.49215919885124776,0.3558980643462757,0.49124356585880374,0.35535496992574334,0.4580764795697523,0.35536512728244435,0.4912540182531637,0.3557559782019928,0.4922232502251954,0.3551026216580191,0.4920302974262505,0.3559210133249954,0.5567256490313498,0.3559110579925293,0.4913514145921628,0.35592625090537455,0.556698640377955
0.5550813234550203,0.35733742699531706,0.49051028547612024,0.35703140760267005,0.5552298506644844,0.3571703640573923,0.4921782745614774,0.35526505536234965,0.4923081289524396,0.3570043829222514,0.49050497812090194,0.3554335138723901,0.45576346534413537,0.3554374626052298,0.4905039324942605,0.35689838180205824,0.4923610030909125,0.3551702483646789,0.4921714426534702,0.3570108231953214,0.555140644869701,0.3570201836277513,0.49062485069559136,0.35710791463786773,0.5551309294330663
0.5532069406198079,0.35837443778444233,0.48954612274996306,0.35807852546699304,0.5533654337366432,0.3581681784704921,0.4915459193672309,0.3549587986269436,0.49167611115955856,0.3579638101466081,0.489463531875495,0.3551353323736415,0.45277068708898527,0.3551163154060272,0.4894491899745123,0.3578929659340566,0.4917195378219134,0.3548582923305838,0.4915383942221026,0.3579669226409533,0.5532521473157795,0.35800231090001117,0.4895990198901584,0.3581190976433153,0.5532638147575584
0.5510711810885143,0.3591500502226228,0.48826010679341786,0.3588662769265034,0.5512351321898549,0.35893725870378324,0.49017551124068987,0.3542927950933332,0.49029163634095296,0.35869392277657086,0.48811836877494097,0.35448243465649487,0.44921815694959655,0.3544478214702298,0.4880939469927456,0.35865048579978165,0.4903411832693852,0.3541898993654382,0.4901634357490934,0.35871352403521706,0.5511077106329055,0.35877212584042284,0.488268861391188,0.3588704041464037,0.5511423239635813
0.5487205420395506,0.3595495606527591,0.48660615340785607,0.35928893383434113,0.5488860524492667,0.35937361240510557,0.4881157599073834,0.35326602501747467,0.4882123719215201,0.35910218793675547,0.486442763166769,0.3534677723372646,0.4452152145507304,0.35344066948657393,0.4864106060641297,0.3590680245237853,0.4882680746944352,0.3531669389497597,0.4880965216045311,0.3591469640562661,0.5487436181768721,0.35922746878686873,0.48660372376531114,0.3592515207492322,0.5487969126025121
0.5461846461200648,0.3595144323288551,0.4845568013146422,0.35928052350092055,0.5463679857871575,0.3594021820192602,0.48539352325523305,0.351852703106147,0.48548177490552596,0.3591179893900704,0.4844149581945095,0.3520648605929515,0.4408398790114098,0.3520447933055287,0.48437250237132246,0.3590746258062779,0.48552496721175165,0.3517562502745936,0.48537932268621975,0.35918944630346655,0.5462084873130332,0.35928623940045934,0.48456798747306196,0.35920753228292635,0.5462799231839277
0.5435502411133173,0.3590342576346307,0.48209055312089594,0.3588233730680897,0.543731954195439,0.3589953873573093,0.4820275044013657,0.3500000251994363,0.48210950984795986,0.35871007876740324,0.4820190848771264,0.3502285797107477,0.43612404326351706,0.3502059199113854,0.48196462480206453,0.35864578637956557,0.48213777288917586,0.34991086724421017,0.48202821542237706,0.35881187216190247,0.5435630408721696,0.35891051532159945,0.48213787969906047,0.35872642381068015,0.5436515539712504
0.5408487445051313,0.3581324298451234,0.4792192728981376,0.3579442697379235,0.5410304593529796,0.3581644287638628,0.47804869012742646,0.3476775615288536,0.4781183634640454,0.3578901485271616,0.479254779470328,0.34792529084756496,0.4310921112734846,0.34790131924244394,0.4791898406959757,0.3577961514098492,0.47814574729459525,0.347598233737928,0.47806056468527763,0.35801360408140387,0.5408525989585441,0.3581061703728453,0.4793221137287627,0.35783491295351044,0.5409654846742471
0.5381275192282174,0.3568847611300403,0.47601245027444555,0.3567189131209775,0.538325621044201,0.3569675481586907,0.47349288208925977,0.3448913849400259,0.4735476818771352,0.35671442943199794,0.4761693060967303,0.3451493039662841,0.425763524815074,0.3451363296322908,0.47608979994957634,0.3565894213718902,0.4735757520917207,0.34482018684276616,0.4735063361983623,0.3568425608455684,0.5381396408695998,0.3569237424992394,0.4761750079087818,0.35660080792651233,0.5382632026613923
0.5354889958335077,0.3554082922441374,0.47259338160278824,0.3552585573250362,0.5356813904494473,0.35551123490281933,0.46840622176160107,0.3416882571375687,0.4684535758401985,0.355274813552918,0.4728584450288708,0.3419456263788032,0.42016540056344104,0.3419497079332275,0.4727589457009908,0.35513066970631507,0.4684700691123426,0.34162600939088295,0.4684253828032152,0.35539743501400006,0.5354892664860977,0.35546368628349956,0.4727923214847911,0.3551453582721858,0.5356302016746564
0.5329633174231017,0.3538196568299604,0.4690939315289674,0.3536783090974921,0.5331571963088739,0.3539050104798001,0.4628852801395504,0.3381807255770099,0.462928887042727,0.353676342339809,0.4694362562712902,0.33843368619312675,0.41437160799293604,0.33843539175010373,0.4693195021580444,0.353529475133833,0.46293172177498204,0.33812005361862363,0.4629119376969338,0.35378607432334497,0.5329625734814418,0.3538363979774022,0.4693026218830645,0.35356968702104796,0.5331263489821894
0.5306254057360539,0.35219643599620526,0.4656570878538519,0.3520618559583757,0.5308212307599268,0.35224177580133814,0.45706507944660907,0.33452355828183433,0.4570948426050775,0.35201245333216574,0.4660370743665218,0.3347632957183563,0.4085034341473912,0.3347505272811772,0.4659028090165081,0.3518775445080435,0.4570957975087928,0.3344578881494821,0.4570803357653066,0.3520987332245348,0.5306254889831942,0.35213842139013973,0.465858606902746,0.35195598805216266,0.5307975879150943
0.5285404614267479,0.3506105315831382,0.46244316525991225,0.35048118494597635,0.5287354455868927,0.35059971267863305,0.4510838299757211,0.3308773983939395,0.4510952765813229,0.35035324766044296,0.4628081916039864,0.33108947755726836,0.4027243911177162,0.3310713998207444,0.4626536261977213,0.3502469623257384,0.4511002283708968,0.3308041487050821,0.4510765778942222,0.3504174678514197,0.5285357529559356,0.35045555072844403,0.46260063293560766,0.35037947852315876,0.5287225778231421
0.5267566484195015,0.3490923683165649,0.4595520784432695,0.3489595576968034,0.5269477357371843,0.34901711800793095,0.4451092197952293,0.32739494879257497,0.4451025835946623,0.34874019003111667,0.4598664530941401,0.32757598733187543,0.3972186662019336,0.32755880439716434,0.45969499292693816,0.3486743957891682,0.44510764537592606,0.3273108927025375,0.44507995193709293,0.34879311595089246,0.5267552006435381,0.3488324406585671,0.4596432963953086,0.34885491139769437,0.5269587207898583
0.525339997448774,0.347606144756002,0.4570363718688727,0.347469159654915,0.5255160473936684,0.34748620400637714,0.43932804488239763,0.3242091992326789,0.43930456386469796,0.3471708577936097,0.45728858766365665,0.3243639941251126,0.39218136235736256,0.32434049476731386,0.4571052349133515,0.34714668094577067,0.43930450876571503,0.3241144145994439,0.43927836107308027,0.34722151849715943,0.5253290045487617,0.347268394932463,0.45707260302626784,0.3473588887494259,0.525540064300469
0.5242927490465445,0.34611405449300725,0.4549403942217678,0.3459759413982928,0.5244759323250439,0.3459722315071424,0.4338901078280565,0.32140194065583993,0.43385258698410134,0.345616840132157,0.45512584636408077,0.32153613422401855,0.38779096265354956,0.32149547603085177,0.45493398024136705,0.3456288310411474,0.4338470430933704,0.3212952759355424,0.4338226784116867,0.3456771520994494,0.5242930274794182,0.3457384119912096,0.4549273344761385,0.34586284267590706,0.5245074430692847
0.5236841644669755,0.3445773553954482,0.4532586192556638,0.3444344813078867,0.5238537477032661,0.3444378491273018,0.42890543891623883,0.31898021491225304,0.4288488869246715,0.34404705672164726,0.45339980182569367,0.319105051523635,0.38416458961782396,0.3190604482636292,0.45320036479435727,0.34408402785458153,0.42884667511379093,0.31886807140329554,0.4288240084685417,0.3441308629939165,0.5236865522731242,0.3442038466595521,0.4532073659349363,0.3443191107232711,0.5239103943290367
0.5235290556141435,0.3429455937429053,0.45196255292795773,0.34279820392890004,0.5236801009275216,0.34284109395299023,0.42446600110504096,0.31692066176117906,0.4243922491934767,0.34242174718925134,0.45209523591503,0.31705372558383293,0.3813775632019552,0.31702272932476894,0.4518933547945586,0.34246860640551824,0.4243937307261514,0.31681377118347853,0.4243806800862563,0.3425367597075953,0.5235262122560419,0.34261932568020037,0.4519072473603221,0.342681382043271,0.5237516449675179
0.5238075321520964,0.34120215270531906,0.4510351289145275,0.3410521250397468,0.5239658834069214,0.341149541298001,0.42062647433203343,0.3151902686429352,0.4205451123570356,0.3407190710271547,0.4511946315061227,0.31534597449697677,0.37945493552557963,0.3153234314506843,0.45099321562864614,0.34075846309904206,0.4205367643406135,0.3150913915159269,0.4205488045076483,0.3408645433749655,0.5238247573388184,0.34095325968146306,0.4510052887335543,0.3409445677908257,0.524039873779695
0.5245743075564935,0.3393744459741498,0.45048797214907765,0.3392247760292788,0.5247146816387777,0.3393800155204756,0.4173899074315839,0.31372976987255097,0.4173065040354054,0.338954244268924,0.45070114585828636,0.3139194257921089,0.3783591512725706,0.3138986345344864,0.4504974028581924,0.3389729833359516,0.41728532600726465,0.31364398571190966,0.4173313430685117,0.33912456517660206,0.5245923296976571,0.3392165966524837,0.4504901114515405,0.3391381314269912,0.5248138874642633
0.5258040609970305,0.33752782566314743,0.4503428674201348,0.33737664713854243,0.5259340772856738,0.3375825563044824,0.41475662359873866,0.31249473150549556,0.4146682422272452,0.3371705003910862,0.4506192082326381,0.312729588073296,0.37803632956767524,0.3127138603377687,0.4504157137596485,0.3371630333344001,0.41464800577415606,0.31242688451832124,0.4147197967270189,0.33735792144477017,0.5258267945079141,0.3374440103193154,0.45037939504285907,0.33730531618385196,0.526044781431965
0.5274845938653034,0.33574498653360096,0.4506266345889043,0.3355862216436781,0.5276078364073966,0.3358262788019526,0.41274007797430473,0.3114862725440842,0.4126393080316385,0.3354399210433001,0.4509668064722291,0.31176485731162396,0.37842863403489413,0.31176442669061616,0.45076489458704727,0.33540460283681917,0.41262692521728306,0.3114356310895283,0.4127123575447552,0.3356299627941892,0.5275184379864231,0.3357038052694952,0.45070769337993644,0.33554109345479655,0.5277189757804582
0.5296038152873571,0.33413695739406113,0.4514206040701192,0.3339741669669771,0.5297150985176711,0.33421732781836483,0.4113387765593958,0.31073580207521134,0.41123551720351287,0.3338596590856394,0.4517938324739089,0.31104746990216536,0.3794826150164318,0.311058957394829,0.45159032313343667,0.3338036543172984,0.4112212230421147,0.3106997649158644,0.41132089613810013,0.3340359208848228,0.5296416475828603,0.3341040935653691,0.4515194042093399,0.333966066376031,0.5298409702963361
0.5321227709639557,0.3328352819255424,0.4527846209413111,0.3326594846042882,0.5322285267223896,0.3328749842092889,0.4105823736032714,0.3103033585933085,0.41047906678653723,0.33253746922561433,0.453148422125382,0.3106407218458919,0.3811626681042406,0.3106460810793762,0.45294455759498864,0.33247603285613964,0.4104644432168768,0.3102768548444781,0.410572342105917,0.3326929568705487,0.5321698224444892,0.3327513731940567,0.4528674617488025,0.33268180811705395,0.532365652759263
0.5350146804586194,0.3319188394784036,0.45473526643474405,0.33171372758317963,0.5350978347678449,0.3318894128124179,0.4105339015231393,0.31028267896234896,0.41041813782723163,0.33156210971274047,0.4550558626942428,0.310633097365442,0.38346218652739084,0.31062927134459717,0.4548558171577024,0.33150986779543723,0.4104223185460222,0.3102607122255324,0.4105110941752793,0.3316934762993688,0.5350571105838521,0.33174469365962855,0.45479871833203134,0.33176300579331996,0.5352309904121014
0.5381840921490962,0.3314222494716147,0.45729498267675117,0.3311962063108042,0.5382677362048909,0.3313185342666672,0.4112476135754202,0.3107819962650585,0.4111201575164095,0.3309901251794756,0.45753004855235396,0.3111225504611978,0.38640044132958484,0.3111153811472346,0.45733647458695736,0.3309589380138681,0.41114813511943343,0.31075933109687404,0.4111987127664076,0.3310965894131337,0.5382392493077072,0.3311562246733988,0.4573218434582437,0.33127914231834654,0.5384027302163213
0.5415954480767993,0.331370123574077,0.46043804095024443,0.33111389266635427,0.5416728179225558,0.3311858495818206,0.412774354394303,0.31188591646036434,0.41263785617475074,0.33084322845479575,0.4605588115373042,0.31219606092042695,0.3899817571870383,0.31218952250285714,0.46037150573033986,0.3308412812495773,0.412683418587093,0.31185792921166067,0.41269779969280024,0.3309348214431219,0.5416571528493526,0.33100503506784235,0.4604026396159825,0.3312241118771989,0.5418149518794751
0.5451870510628272,0.3316971995021232,0.46406035570624926,0.33140112540521605,0.5452396611246101,0.33145417924564435,0.4151591696112057,0.313654578756716,0.41501862943186807,0.33108576687810665,0.4640713211073918,0.3139271680829344,0.39420512282048337,0.3139140342061318,0.4638959304846431,0.33111360133776135,0.4150805885082629,0.3136188890515658,0.41506187090110275,0.3311792030582674,0.545238330202955,0.3312631769537978,0.4639863386056799,0.3315232776665814,0.5453786969813372
0.5488322310147801,0.33228831902632705,0.46804430930166036,0.331969461956743,0.5488943246238168,0.3320309774040291,0.41841594143999744,0.31610817313970174,0.4182755975394765,0.33163886888898164,0.46795860974642106,0.3163385191155077,0.3990513265349006,0.31630875585460705,0.4678016304133434,0.3316849869769114,0.4183544946815144,0.31606216432448075,0.4182986810295939,0.3317477130608033,0.5489001891778766,0.33185154222155894,0.4679501784357049,0.3321041828536411,0.5490198642313413
0.5524985688506034,0.333059256061638,0.4722540207543208,0.33272000945600577,0.5525526577360547,0.3328184138048589,0.4224904824911101,0.3191758548277847,0.4223491137838575,0.33241322033294424,0.47210143732906784,0.3193586704739103,0.40442952223046985,0.319328958442887,0.4719595245895308,0.33245886917864154,0.42244589135654104,0.3191223630605871,0.4223539755870333,0.3325454583099411,0.5525667895514478,0.33266599318498835,0.4721544702616146,0.332867411215213,0.5526813572250204
0.5561000992435364,0.33392133264616297,0.4765295474451573,0.33356217933802484,0.556143984850961,0.33372640615716664,0.4272801440532131,0.3227191607254619,0.4271491902790251,0.3333171463787709,0.47635285963276697,0.32286616214482916,0.4101988557586366,0.3228544985619797,0.47622607358815977,0.33334650402034677,0.4272571630619767,0.32266511416062754,0.4271447534195747,0.3334820558296344,0.556162866032167,0.3336093372081041,0.47644726685994576,0.33371798446459744,0.5562697453323874
0.5595434303006933,0.3348107285318908,0.4807155689578898,0.3344441590079683,0.5595904829127395,0.33468201564107836,0.4326653321628268,0.32657305203782205,0.43255346473207634,0.3342877290765194,0.48055849323911215,0.32670300310406153,0.41617375694097114,0.3267043663943805,0.4804493384044356,0.3342839448828097,0.43265885539555154,0.3265211321287743,0.4325412329065854,0.33448303668201285,0.5596106009005754,0.3346086496095069,0.48068454247468834,0.3345978040385778,0.5596923511699254
0.5627660010265136,0.3357450080929809,0.48471817871636186,0.33537870072393955,0.5628126825286508,0.3356754165984411,0.4384578613349742,0.330534897764052,0.4383728474452355,0.33531596880569864,0.4846051491947301,0.3306609460291778,0.4221154122360672,0.33066530010103123,0.484508000747488,0.33526722163472045,0.4384693373038502,0.33048567643466675,0.4383516083739542,0.3355247422296903,0.5628301209283614,0.3356473919211523,0.4847474021154502,0.3355491598191526,0.5629100558282212
0.5656930479070732,0.33680833822734557,0.4884792587312058,0.33643858479304367,0.5657465693860129,0.33676448731545905,0.444440283902638,0.3343946837591377,0.4443849066841642,0.3364436691877987,0.48841282931359836,0.3345328704165851,0.4277661787808684,0.33454265325950394,0.48832255584518613,0.33635532489683295,0.4444783814953792,0.33435147399033954,0.4443574400892158,0.33665320076198335,0.5657584599570873,0.3367638397162021,0.48854560669705926,0.3366247271048243,0.5658353079143408
0.568277411138881,0.33808959442629793,0.4919532843810601,0.3377105651492345,0.5683234188574839,0.3380332749043965,0.45042092063422984,0.33800381470552365,0.45038691386223023,0.3377490330880448,0.4919225518054904,0.33816479007114697,0.43288612009212846,0.33819476427752626,0.49183933643498534,0.33763400908473873,0.45048463179368037,0.33797052511173553,0.45035113761605283,0.33794639038790897,0.5683298195523236,0.33803963345786203,0.49205659558933834,0.3378991300877703,0.5683914398716465
0.5704223244794803,0.3396688910182002,0.49514407016185,0.3392868058516635,0.5704841035395177,0.3395679718115755,0.45620711171018347,0.34129318953891363,0.4562015277489683,0.33931358030894987,0.49511653321136745,0.34147540411136434,0.43728490788972185,0.3415181707841841,0.4950395977475262,0.3391888580745798,0.4562947073168582,0.341264256131113,0.45614960574520524,0.33948208525146817,0.5704765349312925,0.3395704860895704,0.49526566392540833,0.33948666012553896,0.5705318803625543
0.572102133552059,0.34161959816589216,0.4980794981660745,0.3412296087539193,0.572177209537531,0.34144057015012347,0.4616291569292372,0.3442400325457594,0.4616527522497644,0.3411960381494381,0.4980048622409623,0.3444392940026588,0.44082616469868685,0.3444703764053634,0.49792980753297744,0.3410844263144104,0.4617368469073138,0.34420835915538417,0.4615801324160015,0.3413330480275464,0.5721576806719157,0.3414211472114737,0.49816795152616233,0.34143894811926867,0.5722238297353641
0.5733039236195854,0.34391966282935027,0.5007326924819928,0.34351319047937734,0.5733715925095151,0.3436575409207345,0.4665603879161567,0.34686216223774813,0.46659947315551203,0.3433990174690225,0.5005799312206793,0.34707421905186187,0.44345004001576543,0.34708608485268244,0.5005084518052726,0.34331856349982903,0.46669267427691224,0.3468277043427336,0.46650940375930006,0.3435149249009675,0.5733387853686417,0.34360550506822163,0.5007792429847903,0.34370567567678845,0.5734019885023809
0.573949747229061,0.3464471765785929,0.503048700878613,0.34603767088401327,0.5740434482987454,0.34613162187952484,0.4709178089661553,0.349204302167318,0.4709615378326949,0.34584520663512397,0.5028068422549746,0.34941766603169355,0.4451749731664055,0.3494161710500516,0.5027441877089193,0.34580097747795296,0.47107427010175307,0.3491646890110818,0.47085300969628313,0.3459551932292769,0.5739905070573162,0.34605832770456474,0.503058958082177,0.3462057482326676,0.5740478713599115
0.5740722630408581,0.3490528520506484,0.5049633628356816,0.3486485240309843,0.5741754728465698,0.3487200532001872,0.4746357879189657,0.3512752599518333,0.47467896736905474,0.3484010562507856,0.5046353824328005,0.35147447936192944,0.446044878259843,0.35147103849701494,0.5045783939563261,0.34838561952600794,0.4748015588946037,0.35122993860468354,0.4745514910770415,0.34852033218866185,0.5741068159318321,0.34863970908476544,0.5049343139938735,0.34879036507402833,0.5741832448525825
0.5736753395007441,0.3515589114875789,0.5063599294399299,0.35116253784660145,0.5737868222971265,0.35125157424186165,0.4776554808004483,0.35303373702759144,0.47770393575893144,0.3508997025438453,0.5059821788958361,0.3532183544137928,0.4461151289878586,0.3532089894778827,0.5059291231907923,0.3509001569496013,0.4778258953646194,0.3529858053600756,0.4775688123905122,0.3510474187326319,0.5736984506894416,0.351177753326782,0.5063098531602472,0.35126989226948935,0.5737885383628999
0.5727645619197028,0.35378113407111644,0.5071055082044489,0.3534066898393886,0.5728934271570466,0.3535442558883407,0.4799472045598011,0.3544058201952932,0.4799959696350293,0.3531721928052829,0.5067364235373444,0.3545827517959119,0.4454331460444347,0.354557756558857,0.506689587340715,0.35316910095569654,0.4801193213602537,0.354356674714336,0.4798625456243174,0.35336114478909053,0.5727865847542095,0.35349440782951935,0.5070785573855631,0.3534641937107814,0.5728738579721686
0.5713866730137998,0.3556118101233765,0.5071177899076913,0.35526900979708653,0.5715257826375735,0.3554672865930516,0.4814591747565917,0.3552837111354832,0.4815007891353046,0.35509664358361653,0.5068126267565835,0.3554515565716218,0.44401785524574583,0.3554239136915691,0.5067672916106413,0.35506833982913955,0.4816303023573419,0.3552368871170078,0.4813709019669824,0.3553202683341403,0.5714009507414862,0.3554531124233896,0.5071439471823432,0.35529383229736344,0.571506968854257
0.5695782925860895,0.3570406800696235,0.5063780887964029,0.3567303593259097,0.5697410272030636,0.3569765764125135,0.48211870636886306,0.3555593449398425,0.48215892862535487,0.3566221379185334,0.5061750135646452,0.3557171427658753,0.44186498561734033,0.35570674917119566,0.5061223536711366,0.35656146896702,0.4822875653461627,0.3555177394863442,0.4820369193049867,0.35686898414043144,0.5695979396682436,0.35699251760602213,0.506454455934836,0.3567387580796203,0.569724723611637
0.5674360288090721,0.35811340531987496,0.5049183155016312,0.3578318989622251,0.5675997264028189,0.35810157030871487,0.48188377552682077,0.3551800735175795,0.48192884706932243,0.3577685979228766,0.5048364288193637,0.35533159512210555,0.4389699472831188,0.3553454369627216,0.5047722818799099,0.35768056506823787,0.48204548917975654,0.35514571268808365,0.4818185013404096,0.35802603055762316,0.5674439821519921,0.3581307172301539,0.5050519390711046,0.3578145365901299,0.5675825986586471
0.5650005827457882,0.3589098085912535,0.5028474132852652,0.35865558789760893,0.5651838774855116,0.35891417689930905,0.480736633043977,0.35417640986517007,0.4807943496332884,0.35860372964668924,0.5028767014652282,0.3543213675215633,0.4353755507792628,0.3543414197165578,0.5028000370279245,0.3584998939024857,0.48089355069431494,0.35414223644971954,0.4806904382075699,0.358850484983683,0.5650105842737287,0.3589410349473451,0.503030823345332,0.3586240809190667,0.5651587690593333
0.5623728815217681,0.35953476012598096,0.5003527489961189,0.3593016245442955,0.5625768004553802,0.3595110174598619,0.47868715446360793,0.35263107324424536,0.4787543449910062,0.35921423687295573,0.5004480597840241,0.35276175615586136,0.43117663035289644,0.3527744629367648,0.5003525723810565,0.3591145264109812,0.47884159380066776,0.35258883018269294,0.47864785868308757,0.35943468121036437,0.5623933032072744,0.3595161155447012,0.5005383522470989,0.3592707322440315,0.5625657263928611
0.5596862544203948,0.36005322538200957,0.4976219164401571,0.35983075794408903,0.5598844846785286,0.3599725350287877,0.4757928177038968,0.35066474890515137,0.475863270062622,0.35966722712900123,0.49773119462211135,0.35077495008281334,0.4265369423272507,0.3507905570191586,0.4976147044558885,0.35959538120306606,0.4759487862123589,0.35061611304363927,0.47575166678043534,0.35986111979108687,0.5596932900483841,0.3599334784460071,0.4977756516436259,0.3597950487553879,0.5598915559186736
0.5570026307863998,0.3604436703032284,0.4948063647551217,0.3602298776471648,0.5572181630947936,0.3603058892903229,0.47218964845858624,0.3484400904983048,0.47226392519579724,0.35997542533309146,0.4948925786493283,0.34852915066783674,0.4216969706804303,0.3485504500877694,0.494761432095953,0.3599461801248227,0.47234490981775956,0.34838259230647994,0.4721437589032189,0.36015153880586115,0.5570168961419726,0.36022151357832466,0.4949202200208039,0.36017050461434524,0.5572166682578265
0.5544547500747364,0.36063781454968624,0.49204496102619155,0.36043248500778136,0.5546728538088331,0.3604616432346559,0.4680581397828459,0.3461063356423497,0.4681360777618445,0.36009711645345827,0.49207985890855876,0.3461745623224528,0.41692904783651663,0.34619046620437666,0.49193649299888154,0.3601113000440258,0.46820250602416447,0.3460383607557691,0.46800355015824924,0.36026546728254727,0.5544710754965501,0.3603430218272432,0.49210696314834246,0.3603595344873984,0.5546912205529635
0.5521397405257428,0.3605461970013394,0.48941831338610603,0.3603477799431948,0.5523603457116032,0.36036034489918967,0.46358220974120595,0.3437572725032554,0.46366328574600996,0.35995522471342684,0.48940428271674796,0.3438130279614279,0.41250158964503775,0.3438113048434462,0.489250223785328,0.3600068256482143,0.46371651215773113,0.3436827037113165,0.46352518211136473,0.3601322578052226,0.5521574433700154,0.3602155441031414,0.4894294984592082,0.36026486302852057,0.5524004459439802
0.5501572559525127,0.36006295602170435,0.4869533419197557,0.3598708837005621,0.5503739447287357,0.3599033602632728,0.458967491288312,0.34143812544017016,0.45903827217484927,0.3594627414377416,0.4869218152902024,0.3414972351093648,0.40863934358133647,0.3414854104358438,0.4867622008249257,0.35953640504235496,0.45909270782307426,0.34136570158529145,0.4589082159625542,0.35966723124247646,0.5501778969286752,0.3597519562465614,0.486945552835212,0.35976413076268354,0.5504262051154424
0.5485908203987413,0.359113648445599,0.4846652652936978,0.3589308416902409,0.5487992761799296,0.3590141646624444,0.4544073170140326,0.3391674881200053,0.4544593477776059,0.35855392240213063,0.4846615523987602,0.3392427026820617,0.40550884085489,0.33924096896645295,0.4845009147710488,0.35862596209037345,0.4545184386373227,0.33910869101076313,0.4543458493920526,0.35878736086892915,0.5486101327522928,0.3588776768238432,0.48467777397660256,0.35881196982953245,0.5488618390057544
0.5474858264013827,0.3577083495751624,0.48260449903200764,0.3575372967375322,0.5477047786546139,0.35767774599816715,0.4500506291264837,0.3369526185388929,0.45009238020743525,0.35721848189805505,0.4826651070235229,0.33705317326032713,0.4032016032712135,0.3370648492696542,0.482502170163054,0.35727065556207727,0.4501412659861732,0.3369111907437755,0.450001353431201,0.357474826852078,0.5475252203825834,0.3575657616406434,0.48264730953921553,0.3574237988000015,0.5477847828419554
0.5469488250796763,0.35593032730182195,0.4808516919930485,0.355765442972959,0.5471409159968678,0.35595670978848637,0.446024878805233,0.33480655371143386,0.4460584791739225,0.3555129169613889,0.48099319142234476,0.33494218264272646,0.40173531499762666,0.33496128315609863,0.48082526527149716,0.3555366329915305,0.4460944940777344,0.3347867666434994,0.44600075988030363,0.3557833066423227,0.5469816340477649,0.355869271045521,0.4809315866495828,0.3556709246227815,0.5472557680874606
0.5469796628132187,0.3539083022277888,0.4795009941346714,0.3537436710025089,0.5471642618734016,0.35396619223857995,0.4424523416836791,0.33279128684072795,0.44247287141810726,0.35354845859660183,0.479723763468172,0.3329660123021897,0.40110701086076717,0.33298763865203196,0.4795546156074241,0.3535422467528441,0.44250955424800203,0.3327925850770227,0.44244978376989286,0.3538154202098426,0.5470150692118957,0.3538966071095126,0.4796264828575156,0.3536599049444036,0.5472736560565743
0.5475939721935009,0.351805131721628,0.47869600299375853,0.35163832763403646,0.5477772485333787,0.3518581530918423,0.43944370466681526,0.33101668613743984,0.43944592074492067,0.35147563149189387,0.47896656731850906,0.33121534605462694,0.40129844777599777,0.331246766163234,0.4787943163993049,0.3514453812183094,0.43949184770472427,0.3310304794879433,0.4394453637922513,0.3517196060024887,0.547643722763437,0.3517968809999804,0.4788422902891632,0.3515838550271129,0.5478995759624383
0.5488103642839606,0.34980695226681435,0.4785831829161065,0.3496284759274869,0.5489673466535993,0.34981579996789536,0.4370971144353712,0.32961435475099354,0.4370874285228034,0.3494584494032622,0.4788439015123376,0.32981808725459283,0.4022858544264508,0.32986550368572276,0.4786649803819351,0.3494211716521115,0.43713922407372363,0.3296366114136391,0.4370978996002994,0.3496679398696822,0.5488549471596854,0.34974412150626316,0.47871110373851605,0.349618028692796,0.5491194218300911
0.5505713970907045,0.34805758997150693,0.4792397844356407,0.3478535553492876,0.5507164263881952,0.3479893118213133,0.43553557712941265,0.3287432160388049,0.435522208238178,0.3476423762235511,0.47944057138815416,0.32893910469092125,0.40405869640225783,0.32898859172286854,0.47925994239842656,0.34761705371939455,0.43557632039744765,0.32876449964727766,0.4355331010985828,0.3478181780032632,0.5506176752394665,0.3478919588717052,0.47933095574162454,0.3478677891114222,0.5508663250402754
0.5528258939518322,0.34661892008779105,0.48068407992865864,0.34638400356269156,0.5529489374970477,0.34647200484924345,0.4348834566332103,0.3285505558477475,0.4348647258625878,0.34612112376222837,0.4807870168179346,0.3287225453475484,0.4066071952190437,0.32876092621277364,0.48061104716913977,0.3461193170462426,0.43492853556882516,0.3285621512397452,0.43486308173195415,0.3462697265765734,0.552867985258631,0.34634940273966663,0.48073354930862167,0.34642280363365807,0.5531009192347812
0.5554594515218724,0.34551193224365523,0.4828804317311402,0.3452472269422374,0.5555770584141966,0.34530080438443866,0.4352181905420093,0.3291224063094511,0.435195171198403,0.344930488514073,0.4828610560964512,0.32925496194313303,0.40990498145935483,0.3292815005758171,0.4826933837837338,0.3449563529384186,0.43527562291878247,0.32912160807560464,0.4351703205119789,0.3450658760488915,0.5555093763796134,0.3451564528243177,0.4828762357391549,0.3453128728527902,0.5557326160733671
0.5583947034629857,0.3446997698340635,0.4857075228657553,0.34440063503285145,0.5584906089054659,0.3444498506734539,0.4365790553772296,0.33046463998646425,0.4365509274666045,0.3440533685195356,0.4855705759182246,0.33055027318399893,0.4138717988478119,0.3305796659941689,0.4854133438967778,0.34410194480734785,0.4366490094589337,0.330453268151351,0.43650429657710665,0.3441968532294579,0.5584396441974283,0.3442941302962421,0.4856573187371223,0.3444915745181204,0.5586656100344403
0.5615065226762224,0.34408734292181264,0.48896749838238956,0.3437552847987079,0.5615796828149225,0.3438457235870691,0.43895949135361945,0.33251059176430836,0.4389313240307343,0.34342403745785977,0.4887512772775439,0.3325562175464645,0.4183821099914631,0.33259452534369427,0.4886114017719891,0.34347984501396744,0.4390408039148823,0.33249452092403,0.4388699454349222,0.34359304441305916,0.5615385769508298,0.3436985613271522,0.48891334142655335,0.3438456936322941,0.5617316062697582
0.5646255192532507,0.3435921588337296,0.49246208296353994,0.3432450571942559,0.5647092510596696,0.34339934585620263,0.4422773578389888,0.33512327417290244,0.44225973441124283,0.34296957997628946,0.4922101583371785,0.3351408001144146,0.4232537366589042,0.3351741874077069,0.4920905418024141,0.34300918618136655,0.4423681196075382,0.33510345285023646,0.44218533198372256,0.3431713097960924,0.5646726413121703,0.3432817511975085,0.4924275532332069,0.34333993594363804,0.5648488671809662
0.5676747607002981,0.343200072443145,0.49601365606041076,0.3428452592440806,0.5677371193854277,0.3430712961839288,0.4463645714849506,0.338082259295461,0.44635664142241893,0.34265366750462645,0.49576066031016996,0.33808431973691144,0.4282240273847774,0.3381130214167445,0.4956548439660654,0.34265794039400754,0.44646459227461716,0.33806352954076957,0.4462778302157858,0.3428839779163819,0.5677090080344233,0.3429925543903888,0.4960074741318891,0.3429611296091925,0.5678913835106556
0.5704997497164117,0.3429586550948456,0.4994458496392807,0.3425972713321594,0.5705573304247943,0.34288370584957983,0.45099919651113357,0.3411460767024215,0.4510007092977069,0.3424931750609305,0.4992231602342843,0.3411525151089793,0.43299731568983874,0.34119015702145944,0.4991295490351522,0.3424548302590117,0.45111560487631486,0.3411355531696627,0.45092612812602073,0.3427415132414531,0.5705249542862105,0.3428422288372519,0.49948604848681827,0.3427145890246913,0.5706860864677039
0.5729742104969637,0.3429611333557839,0.5026364333464579,0.3426019747372267,0.5730344686321277,0.3429117690760043,0.4559376300541841,0.34411838697092495,0.45595040101793666,0.3425619797977106,0.5024510418187801,0.34413911822694465,0.4372694430380803,0.3441978987241626,0.5023683771341569,0.342483322719023,0.45606746189001673,0.3441154751353206,0.4558763975582203,0.3428106617602299,0.57299835073423,0.3429026519067064,0.5027231719716682,0.3427180144401455,0.5731410421042854
0.5749885160066945,0.34334909238924266,0.5055368298479519,0.3429953575082292,0.5750513133262415,0.34328489260000583,0.46089983046311,0.34685461335467027,0.4609337914477242,0.34297424371758367,0.5053602307207836,0.3468917261984963,0.4407584242004786,0.34696118857812386,0.5052822148079044,0.34287087955597106,0.46104178909392085,0.3468541326925676,0.46085330212020037,0.34320135596656165,0.5750073773577298,0.34328974154655534,0.5056400078890709,0.34312756603437844,0.5751501582093292
0.5764519154811866,0.3442555782456006,0.5081140206847714,0.3438981678331966,0.5765244509090791,0.34412608709315895,0.46561573427642267,0.3492729372411989,0.4656761734129039,0.34383812669915437,0.5079047744300906,0.3493300071642992,0.44324712212436546,0.34938731090535524,0.507826673190677,0.34373719750851467,0.465776693691726,0.34926901554277967,0.4655835704973337,0.344036132484117,0.5764682220173856,0.34412234659965824,0.5081973670470158,0.3440403801851746,0.5766157370421713
0.5773184483483225,0.3456981435644257,0.5103162976130741,0.3453329513643437,0.5773867520982614,0.34548846946314177,0.46986489912750495,0.35135629908107757,0.4699407027971319,0.3451984726448125,0.5100421293128912,0.3514292357042955,0.4446160937757198,0.3514726170144532,0.5099667107316919,0.3451240022476083,0.4700506810603385,0.35134696874126037,0.46983062870193104,0.3453721399733191,0.5773174373100388,0.3454632188632515,0.5103731921017935,0.345457919245076,0.5774494924393481
0.577498286665736,0.34758783836096996,0.5120929185297939,0.34722217623051677,0.5775961049485951,0.34731522025426076,0.47346365975387705,0.3531165514973602,0.4735510210315023,0.34700314443381913,0.5117306650369275,0.3531931468638023,0.44485706907682593,0.35322903585630544,0.51166123667204,0.34696679488072923,0.47367475041530976,0.35309911622634893,0.4734144051404553,0.3471653929989974,0.5775074753878477,0.3472673941801151,0.512108753370976,0.3473272978858935,0.5776365646888958
0.5770318544806967,0.3497593704067147,0.5133704412066156,0.34939875490550915,0.5771400128995118,0.349456196045104,0.47627263370215844,0.3545351596062916,0.4763723650848858,0.34910878000017936,0.5129186664868784,0.35460416708354714,0.4440319067852121,0.3546374723614375,0.5128517286910096,0.349110151055546,0.4764978789277927,0.3545099392406351,0.47620710753138734,0.34928046274234925,0.5770364994884293,0.34938951817129515,0.5133353935773589,0.3494873109688468,0.577192731753535
0.5759472656968175,0.35197702030741784,0.5140165878662266,0.35162489548401726,0.5760630110655334,0.3516953018184068,0.47820458308485697,0.3555501215045874,0.47831583624382007,0.3513069900517978,0.5135183260898586,0.3556154124465465,0.44225990694142053,0.3556391020604569,0.5134555795091831,0.35133458339079965,0.4784377916655016,0.3555233777289052,0.4781342069780874,0.3515107303638249,0.575938996360264,0.35162464614209366,0.5139680257629504,0.35167375892809216,0.5760904158826594
0.5742697072601346,0.35399986530292005,0.5139090139571879,0.35367058823509007,0.5744126693804725,0.35378896677570804,0.47921988894473666,0.35607325487985375,0.4793345062293345,0.35337422639956106,0.5134276606127721,0.3561415251921854,0.4396888660268953,0.35614746971360967,0.5133717050466032,0.3534052604900496,0.4794564774478453,0.35604806182907073,0.4791464791688232,0.3536233255873462,0.5742717497055616,0.3537339813509802,0.5138801967299664,0.35367030242560843,0.5744269877845162
0.5721137136217007,0.35566941004444697,0.5129903714736237,0.3553799327334171,0.5722689233672229,0.3555598249977102,0.47928843788518055,0.35599500344207924,0.4793938858386496,0.3551397909570912,0.5125851277364915,0.3560654846521837,0.43645354657890173,0.3560687178409735,0.5125290873210225,0.3551517335629088,0.479519709787101,0.3559767879494013,0.4792075414643286,0.35542771090244396,0.5721133068877038,0.35552980973245063,0.5130045128879003,0.3553515945722371,0.5722898465386483
0.5695766197505794,0.35695496832603835,0.5112793871798016,0.35670189123177287,0.5697558124899624,0.3569306666961276,0.4783908972516516,0.35524181267949784,0.47848874876203423,0.35652326851250316,0.5109937278529438,0.3553167206186882,0.4326827624569435,0.3553368813382873,0.5109292764792593,0.3565082290520902,0.47861336647541214,0.35523526322844784,0.4783152940551517,0.35683503551755563,0.5695834081754139,0.3569247926327653,0.5113452781918476,0.35665706670153696,0.5697776778108267
0.5668190326215096,0.35788815867640833,0.5088815691194452,0.357666436289805,0.5669998889500572,0.3579135168422207,0.47656270650749727,0.35383684981039865,0.4766574782959144,0.3575288801032722,0.5087310403375749,0.3539162474341559,0.4285148231544427,0.3539595620895739,0.5086543484512001,0.3574922055990599,0.47677133993283866,0.35384061474084383,0.47650342859752237,0.3578457261601739,0.5668221021007882,0.35792205668843047,0.5090043602714784,0.3575973398159964,0.5670228879839051
0.5639573021496551,0.3585442247384222,0.5060052642646314,0.3583544470719031,0.5641597964466183,0.3585809870336719,0.4738785635763345,0.3519021003473879,0.4739761571318648,0.3582204300328041,0.5059677159764565,0.3519807562301013,0.4241351213802152,0.35203110831040996,0.5058768308622735,0.3581752238383267,0.4740744098643067,0.35190750629402073,0.47383679082880487,0.35851690230634076,0.5639707316760134,0.35858557628354215,0.5061636964710684,0.3582744346701823,0.5641774656438991
0.56116827084659,0.35902710192114334,0.5029345251021958,0.35885323870227537,0.561387625314099,0.3590232904097579,0.4704535168624407,0.34961866310471634,0.4705556008301146,0.35867717196658233,0.502953897388335,0.3496853592814301,0.41977685684795873,0.3497286952272629,0.5028424847765668,0.35864464264712675,0.47064361204066796,0.34961625959348264,0.47042134840518085,0.3589390215762167,0.5611958801943028,0.35900441992645615,0.503079155747194,0.3587867691219948,0.5614341536553437
0.5586472897054096,0.3593647572774058,0.4999345523069237,0.35919451038595573,0.5588552094898062,0.35929861102048677,0.4664724961200935,0.34719325741455564,0.4665743058038508,0.35894380801287873,0.49995542729032055,0.3472384606053076,0.41571911003553014,0.3472828407748222,0.4998233527327711,0.35894625775856615,0.46666288305802245,0.34718288946340037,0.466440228405809,0.3591737579897232,0.5586665680079872,0.35923995047451696,0.5000463187853702,0.35912788586552014,0.558911485661679
0.5565028727184331,0.3595036733060503,0.49721538770459467,0.35932881699508323,0.5567215718096347,0.3593822078512744,0.46219340169861933,0.34484168992314124,0.4622970464325554,0.35900326350555967,0.4972015205536529,0.34486188281010466,0.4122768127556703,0.34491152402089653,0.4970583553334334,0.35904918329628394,0.46238478881821926,0.3448217047717234,0.46215621097110227,0.35921472339010013,0.5565353734546666,0.3592822777846133,0.4972829456982497,0.35925174870092846,0.5567816604999566
0.5548929999738212,0.35934379137385725,0.49493306154646216,0.35916387049075743,0.5551034440161848,0.3591979556315151,0.45790730886623593,0.34273489749851316,0.45801465349363424,0.3587867588722988,0.49487235581438793,0.34272772178693994,0.40973691034000836,0.34277697610788777,0.49472189781579795,0.35886930684051327,0.45809224090642076,0.34270652089146353,0.4578619564679446,0.35899446186651707,0.5549298786293045,0.35906547714835185,0.49495727335933903,0.35908751444942866,0.5551916863276528
0.5539115026036753,0.35878676861101033,0.49317264581720077,0.3586019525739689,0.5541192909555844,0.35865470014940226,0.4538925800299319,0.3409670651380478,0.4540047364433152,0.35820977005013943,0.49308038801391674,0.34094246208014917,0.40831709338058586,0.3409799090454587,0.49292683941505905,0.35831480179561864,0.4540706847907771,0.3409377816899364,0.4538474319526654,0.3584309092478348,0.5539546346869767,0.358503447446006,0.4931699622782059,0.3585308865178154,0.5542225477928954
0.5536421886876042,0.35776496220152565,0.49195271965709775,0.35756921127159763,0.553828937158505,0.3576745844495187,0.450415540846614,0.33957553453719236,0.450521006866346,0.35720876944931157,0.4918684611229935,0.3395499946571694,0.4081266622902492,0.33958105014791995,0.49171798835349195,0.3573149292706376,0.45058796900177644,0.33955489665067107,0.4503736244440701,0.35745634842208807,0.5536870881679018,0.35752641395235996,0.4919575148821373,0.3574972593996893,0.5539552398741691
0.5540982925828014,0.356265203126816,0.49128111325667545,0.35606484272508987,0.5542681170952523,0.35624157968841164,0.44769377308640035,0.33856738328235014,0.4477822204232139,0.3557752505191808,0.4912461950973414,0.3385552358280909,0.40916808376998337,0.3385985394239923,0.4911036110947021,0.3558580295922462,0.44785709387041567,0.33856580603789654,0.447654404357121,0.3560429516701289,0.5541421555508957,0.35611112561694946,0.4913247328872927,0.3559937782403304,0.5543951311538254
0.5552514297887743,0.35439403448596446,0.4912039257399513,0.35419316411973256,0.5554217748151156,0.3544272316577031,0.44586475801812436,0.3379425418936135,0.4459415719208678,0.3539844570664204,0.49123195786717355,0.3379520400691535,0.41133926731749293,0.33801363636015563,0.4910948173056748,0.35402795465217973,0.446014045568374,0.33796142690689535,0.445837294905131,0.354258249921535,0.5553125991564175,0.35432374573890335,0.4912833297892581,0.3541481989102329,0.5555709759018109
0.5570984639241642,0.3523436066534017,0.4917825087481814,0.3521331492314842,0.5572332720434968,0.3523977106574574,0.44500394792359377,0.3377071566588425,0.4450736316333679,0.3519909453388431,0.4918556049226862,0.337744158715709,0.4144440614931798,0.33781725310313776,0.49171963793508405,0.35199542698611475,0.4451396163525852,0.3377453394313863,0.44499911901430433,0.352253535213785,0.5571475377673283,0.35231955060989406,0.49189107478619193,0.3521206050403988,0.5574005766030051
0.5595047896686678,0.35033537697636485,0.49305641186663307,0.35010772215677777,0.5596248006445091,0.3503668742641397,0.44514300763704656,0.3379035063405071,0.44520543121010037,0.3500008786889094,0.4931373136824736,0.33797065822175615,0.41825456693899793,0.3380416236813129,0.49300612711130304,0.3499759646791474,0.44527545671085383,0.33795400356256783,0.44515705030103747,0.3502342124092187,0.5595517293353511,0.3503000111809168,0.49317871065337227,0.3501174004558302,0.559783064904352
0.5623388685003617,0.34859138098669196,0.49505135817692125,0.3483436765095449,0.5624434576395522,0.3485609549977807,0.4462637723963211,0.3385949584347616,0.44631530949826437,0.34822964793914335,0.49508432421179327,0.33867653773648276,0.42252156709587285,0.33874665277586335,0.4949582533677958,0.3481918439329835,0.4464007432809916,0.3386460422088964,0.44627505549985247,0.348421918360614,0.5623865030904807,0.3484914959090221,0.4951580588373907,0.3483836587620286,0.5626079222385955
0.5654349856745636,0.34729140875603315,0.4977440814724904,0.3470204337707177,0.5655255107878051,0.34717591568359407,0.4482903181787554,0.33982776668346193,0.44833611613282826,0.346857659254969,0.49766787880766716,0.33990347096838613,0.426988720047817,0.33997949009249384,0.49754579808046595,0.346829633837823,0.4484390076444504,0.3398727866034633,0.4482878223019516,0.3470117727452866,0.5654765053682829,0.3470913083294318,0.4978028942920551,0.3470952999996718,0.5656877742126412
0.5686046429290392,0.3465225900377824,0.5009972581390002,0.34621394371766934,0.5686796095037747,0.3463156166474526,0.4511251823033951,0.34161843173106576,0.4511750732130631,0.34598671492134503,0.5007788063130326,0.3416745652121668,0.43141122062454895,0.3417523176233318,0.5006648477731028,0.3459849361135635,0.45128875824588266,0.3416512731342098,0.45110766111061573,0.3461225677145314,0.5686405366871463,0.3462094474056131,0.5010023972833197,0.34630902888215287,0.5688459779538731
0.5716504988870004,0.34622710749646946,0.5045749797310802,0.3458839595686283,0.5717050731198429,0.3459688985826874,0.4546422593203104,0.34392070819725595,0.45469973595038254,0.3456112579563758,0.5042202820061651,0.34394898515184513,0.43556006775495093,0.3440161739557963,0.5041221831068394,0.34563582265120124,0.4548216429398381,0.34393870392955295,0.45460634467912087,0.3457517407946826,0.5716683123572418,0.34584674297345597,0.5045425100957709,0.345976996926037,0.5718468783926439
0.5743365796578788,0.3462833638767724,0.5081996028635464,0.3459268789191419,0.574408262507968,0.3460298302704161,0.45865298126064097,0.34659017243954493,0.45872040086992166,0.3456418880526152,0.5077392152749972,0.3465873002207219,0.4392204987295242,0.3466331122376636,0.5076602398541207,0.34567825496907323,0.4588504103547087,0.34659521505440766,0.458596776003157,0.3458105304226301,0.5743648939338565,0.34591074594755833,0.5081464289047928,0.3460179812781433,0.5745365624241654
0.5765440795614045,0.34657043223084316,0.5115670724112888,0.3462070435984297,0.5766056016752417,0.34636586432106753,0.46291935887534214,0.3493803268955906,0.4629917392945618,0.3459570284678595,0.5110536709892067,0.34934756025133357,0.4421638191389001,0.3493879384169751,0.5109892691165093,0.34598496418591507,0.4631309916686287,0.3493799443304374,0.4628451562817893,0.3461697606769809,0.576559274512744,0.3462668410784499,0.5115177133072474,0.3462951730562304,0.5767352972323564
0.5781118933147374,0.34699367727326236,0.514378129405338,0.34663376608674534,0.5781750494383696,0.3468663628669063,0.46717363268639817,0.3520068528397632,0.4672501141237618,0.34645475393774816,0.5138772572655579,0.3519586127792544,0.44417278244775604,0.3520124145164278,0.5138270035609397,0.34645566541482403,0.4673953033827646,0.35201032994396947,0.46709414475254546,0.34671103813921056,0.5781145627705855,0.34680064812159106,0.5143685303986957,0.34670316380423194,0.5782721339546173
0.578916432736776,0.34754173730447036,0.516419407853221,0.34720408103313377,0.5789973407721204,0.3474894255318345,0.471130151547868,0.354218641469233,0.4712166923598326,0.3470995250773251,0.5159784789204943,0.35416710489114156,0.44505904188222906,0.35423373467239044,0.5159391136825606,0.34706236992775896,0.4713532229115469,0.35422585049055855,0.4710558836512653,0.3473841390557597,0.5789230485570919,0.34746101569574656,0.5164649619187065,0.347252788440908,0.579079427293359
0.5789188366800161,0.34830360809886984,0.5176075460531684,0.3479986500961928,0.5790131065758477,0.3482934912662165,0.4744812179786505,0.3558244382037784,0.4745826209327497,0.3479377242851228,0.5172346682294628,0.35577677006378194,0.44467760059846384,0.3558433559329405,0.5171950514414155,0.34786911735095016,0.4747044522706702,0.3558316716884087,0.47442044405494843,0.34822402521517315,0.5789196754819393,0.34829443237858565,0.5176899738599954,0.3480406783488309,0.5790771672739492
0.5781118372608606,0.3494102139433549,0.5179503770675046,0.3491263853014729,0.5782281370523487,0.34938167644433255,0.47694831667671805,0.3567342987910883,0.47706517376910385,0.34905496602896124,0.5176251142590733,0.35669747678298713,0.44298515193391697,0.3567552819247321,0.5175775406682976,0.3489798261186258,0.4771807327013229,0.3567373948967369,0.47690353817010317,0.3493239969058397,0.5781162821939718,0.34939240515423375,0.5180461739041149,0.34916374777264986,0.5782887053081521
0.5765685700248333,0.35090597093263265,0.5175215516839109,0.35063516639365583,0.5766887421768664,0.3508206748801913,0.47833449108327364,0.356968786675523,0.4784615155881845,0.3505040765355012,0.5172077364547198,0.35694096183631935,0.44007248270052085,0.3570003034229955,0.5171517609022613,0.350449940418363,0.4785807539901834,0.3569656238794349,0.4782946225623073,0.350745654656341,0.576561568447284,0.3508175262420772,0.5176096245431474,0.3506541338164512,0.5767301751333815
0.574351828341866,0.3527219013913661,0.516443354330588,0.35246926413498514,0.5745089146800346,0.3525753802753323,0.4785283889945564,0.3566162354440957,0.47867085600200493,0.3522478697321919,0.5161025339790849,0.35659152993144505,0.43618149466856426,0.3566553792776803,0.5160391759310508,0.3522343530411457,0.47878878115507095,0.35660433193010566,0.47848754673117966,0.35246566966897974,0.5743598432647834,0.35254801925739765,0.51649648157568,0.35246668589056757,0.5745327128321345
0.5716599665132882,0.35469019815910063,0.5148374680484955,0.3544491818950428,0.5718342451319224,0.35450003132478325,0.4775236057801704,0.3557675866592006,0.47768769699074126,0.35414075415394897,0.514451388149386,0.3557415513150512,0.4316666245473695,0.35580028840627287,0.51437782774274,0.35417547113693065,0.4777927832943022,0.3557467062011125,0.4774825051127098,0.3543539785603286,0.5716729539621884,0.3544435475576935,0.5148423412299262,0.35443176564978707,0.5718747137231803
0.5686965549064644,0.35654223226537485,0.5127776704741592,0.3563093606603158,0.5688770548189892,0.35635432221941044,0.4754265329525494,0.35448442735691044,0.47560746692743344,0.3559512232520994,0.5123688511836525,0.3544647456614991,0.4269482878355925,0.3545068534832313,0.5122889482991037,0.3560268121327911,0.47570293439915956,0.3544628613772602,0.47538812785692286,0.35618266261417963,0.5687039734388162,0.35627540807106495,0.5127560230866529,0.35626509158068637,0.568910942940053
0.565647576571129,0.35799201688910526,0.5103223865057086,0.3577756201722884,0.5658478464653581,0.357858523481442,0.4724412013939192,0.35281507208293184,0.47262424025490185,0.357421784002245,0.509943092086168,0.3528104253926453,0.4224565385310682,0.3528368897305541,0.5098633908276619,0.35751488290014927,0.4727202358661315,0.3528013509812126,0.47239974566351634,0.35768681757143594,0.5656705004912119,0.35777290383957094,0.510307779269133,0.35769692440182876,0.565888533026315
0.5627607912703956,0.35884337060656507,0.5075702409957635,0.35865804181553174,0.5629656036506774,0.3588024749208226,0.46881709698675733,0.35080742008742516,0.46898750379714116,0.3583534277230622,0.5072795834291174,0.35081863121181234,0.41855812522562946,0.3508505319123326,0.5071975076919469,0.3584366664133042,0.46908635183944547,0.35081100489793426,0.46876819090578553,0.3586479634909122,0.5627870602491799,0.3587249522085911,0.5075899186215656,0.35855651310941794,0.5630109288511883
0.5602435194946268,0.3590575595936018,0.5046892136923038,0.3588963519727837,0.560462238721164,0.3590988860195877,0.46482607188895164,0.3485505790867287,0.4649826554937618,0.35865969285834526,0.5045247849684237,0.3485818859039197,0.4155336333079782,0.3486331510870658,0.5044355640003585,0.35871802873956726,0.46507610131860033,0.3485770417084177,0.4647847714148117,0.35897076849872456,0.560286188138326,0.35903885723502693,0.5047549129161704,0.35879422696454144,0.560532382111274
0.558327138868379,0.3586977254703556,0.5019100318536938,0.3585498277565218,0.5585244606756945,0.35878541002195163,0.46077199927814616,0.34621161576955545,0.4609143050522221,0.35837234799701345,0.5018767048495655,0.3462643675644711,0.41357207282091457,0.34633347554595945,0.5017782996697123,0.3584038980881136,0.4609974705032417,0.34625893958769005,0.46075014930914143,0.35867711088612203,0.5583668815935613,0.3587378119514545,0.5020238018122495,0.35845238439207916,0.5586150878721662
0.5571326244139467,0.35790169223829993,0.49952631186242974,0.35776366714541435,0.5573316685502437,0.35799367685406536,0.4569563186286006,0.3440220352943159,0.4570840675208591,0.3576147805254696,0.4995886570702503,0.34409156483855724,0.41279790254980225,0.34416461617779825,0.4994823392217404,0.3576267896825569,0.4571620197202604,0.344081469041022,0.4569524429397007,0.35788641229119533,0.5571827260383686,0.35794668397102525,0.49966965175412204,0.3576721603284452,0.5574204126305327
0.5567842935341362,0.3568599018244729,0.49785677737658857,0.35671531866674266,0.5569785408273028,0.3569026861834672,0.45365779287063945,0.34223370305213696,0.45377110023279693,0.35655210419817507,0.49794341572608153,0.3423009664256279,0.4132696100134267,0.342372933068621,0.497825052195738,0.35656136255794885,0.4538526440547257,0.3422918660141698,0.4536603007217655,0.3567779971302304,0.556847046650867,0.35684194511541634,0.4979857220320497,0.35665591494938453,0.5570984705993853
0.5573549904083493,0.3557150743585495,0.49714103138120724,0.35554657025171044,0.5575199069525306,0.35568045799362435,0.4511334542948042,0.34106780404310266,0.4512346011034084,0.35533561178485873,0.49717801554821955,0.34111416436636777,0.4149714653948011,0.3411940671769209,0.49704839326095557,0.35536357627871185,0.45132661440979094,0.3411191881950848,0.4511334570716661,0.3555197457456333,0.5574088541936231,0.35558967492728066,0.49722807804898383,0.3555202875088834,0.5576572861884668
0.5587849677311649,0.3545330563484589,0.4974748320254582,0.3543277662234182,0.5589335383222012,0.35442137380157457,0.44961688752763096,0.3406954410750608,0.4497139371508673,0.3540632040908114,0.4974141245471965,0.3407101986263991,0.41782135072580306,0.34079735723829385,0.497284615608005,0.35411993176966244,0.4498133367668025,0.34073434817621373,0.4496101264945082,0.35422290393537564,0.5588432775143432,0.354295830106364,0.49751420933623197,0.3543206306874598,0.5590841036688008
0.5609854863637218,0.3533067032323144,0.49881335964479456,0.35306607468883233,0.5611073294191705,0.35315424833437703,0.44927399474243124,0.34118694210839173,0.4493734814235795,0.3527695038220434,0.4986450600377035,0.3411614820007126,0.4216459015476366,0.34124537034606994,0.49852389755684207,0.3528487553685319,0.4494739460306087,0.34121190025237874,0.44925509969567157,0.35292509280723217,0.5610369633310703,0.35300134413974116,0.4988136510779675,0.3530737502221969,0.5612567554834653
0.5637661016571558,0.3520122040322595,0.5009983654763391,0.35174730232178186,0.5638840478930548,0.35186388730189855,0.45015983982622293,0.34247730109719465,0.45026635419330924,0.3514504597931517,0.5007411930961427,0.34241451697070724,0.4261762198082963,0.3424825660867754,0.5006333955735017,0.3515368730317227,0.4503670168438508,0.34249301511476227,0.45013204764826603,0.35162709932872904,0.5638232156080242,0.3517022545105629,0.5009762038176506,0.3517701687366504,0.5640426565463547
0.5669476142999347,0.3506402733871141,0.5037752051078821,0.3503477500654357,0.567031728982204,0.3505310477177441,0.4522294244324222,0.3443849109534225,0.4523360164343349,0.3501004535909018,0.5034704185591434,0.34429559038285285,0.43104949644427776,0.34435699479232773,0.5033790429882503,0.3501719050821851,0.452444537844938,0.3443998387427787,0.45219429092186053,0.35031228617771004,0.5669937267587316,0.3503824689773597,0.5037611402293147,0.35038919440580374,0.5672077069880515
0.5702528192845026,0.3492234586672753,0.5068511283702861,0.3489167784996848,0.570323247306805,0.3491771241284878,0.45532716196742373,0.34666490500325764,0.4554291810256078,0.348752516344512,0.5065467801181867,0.3465672515583972,0.4358471210808877,0.34663968118553,0.5064756570688316,0.34878645082477133,0.45554820876097163,0.3466890644532357,0.4552889882881888,0.348992648387751,0.5702867927474243,0.3490577085492781,0.506875719368497,0.34895553050345873,0.5704695410042272
0.5733980383913653,0.34790730614129445,0.5099822153055562,0.34760507770795823,0.5734747409950415,0.34791093345550117,0.4591843223696927,0.3490677249551983,0.4592878567732304,0.34751775032639,0.5096968589857811,0.3489743047636037,0.44012623407945906,0.34906091355027163,0.5096416914593889,0.347503398113687,0.4594040497101328,0.34910053385253637,0.4591505141314463,0.3477713988511721,0.5734377816996152,0.3478317267565233,0.5100419431826017,0.3476468528468541,0.5736128363703946
0.5761571514426682,0.3469255317015264,0.5129761649353376,0.34663040746827994,0.5762217799356807,0.3469378298763281,0.46343925283510223,0.35136912567463685,0.46355014908396003,0.3465867508786865,0.5126941799442097,0.35128969015112854,0.44345254660237354,0.35138006409827205,0.5126444872829036,0.3465342129682756,0.4636570632544448,0.35140601528898496,0.4634190439406467,0.34683175320553017,0.5761823835514075,0.34689448992884797,0.5130549991761358,0.34669170677549566,0.5763551072180803
0.5782731220558902,0.3465240528728494,0.5156653340402988,0.3462280931464716,0.5783436345478999,0.3464891798187874,0.46769380436425145,0.3534173370463012,0.4678141525415528,0.3461722977742989,0.5153514768925734,0.35336270478674237,0.4454844507567442,0.3534424622121479,0.5153048290620834,0.3461080818084968,0.4679209530065868,0.35345156343066914,0.46768728333383097,0.3463928624337172,0.5782938283010945,0.34646164229217047,0.5157375125378962,0.34629624463754877,0.5784612794513567
0.5795688708096773,0.34684192408265335,0.5179047818287669,0.34654212362568015,0.5796401162150377,0.3467272659690174,0.47156002948151077,0.35513274337028705,0.4716861882078599,0.34642461140078756,0.5175204258779386,0.35509840155369077,0.44601988626993544,0.3551695901108266,0.5174773737609507,0.346376478621752,0.47180472626928655,0.355157592770291,0.47155032318260565,0.346615178280401,0.5795781281384337,0.34669624696049517,0.5179527778063708,0.3466019197841279,0.5797273311168151
0.579898709037294,0.34786472114829625,0.5195718631665373,0.34757336131347966,0.5800024413735788,0.34767701853486566,0.47467919242043516,0.3564575874293445,0.47481686805237294,0.3473630663503289,0.5190879548485926,0.35643359644210787,0.4450283753072528,0.3565025282949956,0.5190474408281569,0.34735088467590813,0.4749457961232542,0.3564706144615566,0.474657749647682,0.34753839448411294,0.579915130324853,0.34763545865230283,0.5195725355516971,0.3476194985977753,0.580065341488011
0.5792685841006381,0.3494262760476401,0.5205251550444058,0.34913571859501946,0.5793839789888023,0.3491995069234335,0.47678294495407114,0.35731886057860174,0.4769393786929845,0.3488499584756856,0.5199478898873551,0.35729834112578496,0.44264730398939983,0.35736564834060625,0.5199083748175701,0.3488798416416008,0.47706724390862276,0.3573221804508147,0.4767509695461801,0.3490390125117675,0.5792831512347517,0.34914385478502924,0.5204810051662282,0.3491731252769862,0.5794536968077203
0.5777332310119752,0.35122304297050433,0.5206027849329005,0.3509391737983709,0.5778596988171772,0.35101762327224767,0.47771872576608077,0.3576171846137029,0.47789276689581894,0.3506261485827251,0.5199860769435237,0.35760468655535893,0.4391535099191231,0.3576617381066288,0.5199516957582955,0.3506842928217978,0.4780152175508691,0.3576191103195024,0.47768033181166025,0.3508501191489734,0.5777395116350152,0.35095563111184613,0.5205494806783735,0.3509450009939423,0.5779027083352849
0.5753948663176083,0.3529435728931535,0.5196990930119427,0.3526871994681876,0.5755561951614648,0.3528164372121843,0.4774404120287485,0.357255432004568,0.47762414096360994,0.3523987344739187,0.5191204261382882,0.35725563591489395,0.43491859327147186,0.35729549035947106,0.5190931024540417,0.352459160789134,0.47774192931299275,0.35726278458948013,0.477394115064096,0.35266798953502976,0.5754157640323527,0.35276212713080257,0.5196682303844815,0.3526476091497285,0.5755839152175732
0.5724947094719876,0.3543855751242344,0.5178288993009633,0.35417289739996727,0.5726707953107877,0.3543631902626386,0.4759888477792475,0.3561773131972747,0.4761681416138347,0.35394362026169607,0.5173594404337355,0.3561878309016311,0.43033736554801433,0.35622556538580386,0.5173302009081805,0.3539847481235063,0.476285057582702,0.3561968228782875,0.4759337204299043,0.354248887381741,0.5725173754069435,0.35432929234493127,0.5178459013956828,0.3541118804645962,0.5726999682147184
0.5692827137236625,0.3555005192063659,0.5151497287725048,0.35532459795890303,0.5694807220975981,0.3555560642759462,0.47349517795171936,0.3544376207499589,0.47366446191723766,0.3551546773964446,0.5148274567146518,0.35446083997561123,0.42581144491756373,0.35451494332086697,0.5147887752453096,0.35517262230645197,0.4737789147102493,0.3544733942661838,0.47344312867262667,0.3554725513746744,0.5693186498935338,0.3555434022194063,0.515217530068705,0.3552523306882819,0.5695191418514545
0.5660776482856398,0.3563202771388165,0.5119576974467099,0.356168271023133,0.566270840742481,0.35640193992102154,0.47019140273645593,0.3522394630704981,0.4703514714602599,0.35602858080055194,0.5117777911803363,0.35227168794297564,0.42173559613717476,0.3523479352502771,0.5117253036976598,0.3560335764122565,0.4704565196323901,0.3522871513985151,0.47015163367776536,0.3563280263841978,0.5661124495024564,0.3563927665572727,0.5120698625242089,0.35608866695835717,0.5663177346719197
0.5631505398180352,0.35690369669763305,0.5086661906153942,0.35677391618860455,0.563363169444429,0.3569628796552179,0.4663729562303814,0.3498848257439918,0.46653180965812774,0.3566162110673389,0.5085793114217108,0.3499170374110699,0.4184928679210112,0.3500001497672791,0.5085109090961331,0.3566256967193472,0.46662333511908577,0.3499331376912143,0.466350782554732,0.35687350566980575,0.5632005121390722,0.3569434119712662,0.50878815269749,0.3566872372032886,0.5634035865748932
0.5608127838709434,0.35730070833905514,0.5057179748025389,0.3571687133044048,0.5610272684391359,0.357295634034844,0.4623883274338677,0.34769272347032654,0.462549861505361,0.35695677714825175,0.5056513765015632,0.34771095939206853,0.4164230854979003,0.34778545582101134,0.5055635458277676,0.3569921464650728,0.4626333493399411,0.34773117323083896,0.4623791035795279,0.35717071040390724,0.5608758587528035,0.35724980168005155,0.5058094872953761,0.35710363531290323,0.5611016811977327
0.5593223216978602,0.35745965628467324,0.5034646034764896,0.35730776420861643,0.5595146672995117,0.35738925834911667,0.4586260889444394,0.34593167395383284,0.4587877879013944,0.35703278275898587,0.5033608873992619,0.34592592054522087,0.4157793262586991,0.34599540920349126,0.5032581335404178,0.3571073724282602,0.45887643700501735,0.34596009008238193,0.4586208853786334,0.357217343690463,0.5593805258712368,0.35730248386788876,0.5035127673353768,0.35726099177879256,0.5596078350493785
0.5588035337880106,0.3572623130603031,0.502107801158092,0.3570836247262722,0.5589874641424023,0.35715610720503677,0.45548475673870636,0.3447938052660652,0.45564613585892044,0.3567689381352294,0.501947834188356,0.3447611070521318,0.41669474306384796,0.34483389291645283,0.5018438721157903,0.3568764955647937,0.4557427254405293,0.34481522077059434,0.4554752901955811,0.3569469365007184,0.5588717389051094,0.35702921295775836,0.5021186004564642,0.35703651572572936,0.559094368820232
0.5593397773623372,0.35658521587825603,0.5017148044751825,0.3563845984589543,0.5595009430297626,0.35649313771492463,0.45330920996159074,0.34436571753940104,0.45347165217000346,0.35607595820558324,0.5015179957167566,0.3443042951021819,0.41912772127196046,0.34438433238713184,0.5014198670345676,0.35619428965886374,0.45356804312561744,0.34438701166422425,0.45329353906041464,0.3562659800749052,0.5594042125260295,0.3563445277706059,0.5017148801664224,0.3563452521106787,0.5596174398540464
0.5608726908276983,0.35538900999201684,0.5022522123057932,0.3551752973406146,0.5610267897525506,0.355347887778881,0.4523382801011915,0.34462483708248687,0.45250425868341726,0.35491308387867226,0.5020523294032969,0.3445462568740313,0.4228567808110101,0.34462434243764023,0.5019642066432161,0.3550171334720572,0.45259282333413964,0.3446544912847672,0.45232681955038123,0.3551306958201486,0.5609479166958454,0.3552007628513836,0.5022624406645483,0.3551494101915705,0.5611638938403899
0.563302063206581,0.353746680263464,0.5036125981110149,0.35351214452818736,0.563414622327813,0.3537616850254911,0.45269330744734837,0.345475947104528,0.4528541147248568,0.3533322953205359,0.5034390324457864,0.34539632657034275,0.4274941433401997,0.345469469852404,0.5033633660974052,0.3534010580858745,0.452941385482869,0.3455191978152736,0.452690385797769,0.35357197765974424,0.5633660147115765,0.35363305264180556,0.503655566772074,0.35350816180112554,0.5635760998864744
0.5663685190158392,0.35184291226466696,0.5056628121753861,0.35159864029217036,0.5664681090793994,0.3518985458155798,0.4543477857554007,0.3467926101654174,0.4544939783703202,0.35150049853745324,0.5055222119997635,0.34672684630526185,0.43254395867419226,0.3468034809211963,0.5054612464641274,0.3515210083556731,0.4545915195574237,0.3468511402671786,0.45435123852483883,0.35173847863740804,0.5664258121047387,0.3517980904170255,0.5057436174711218,0.3515993585935606,0.5666074901779804
0.5694420208209368,0.35014650788309104,0.5080188753920929,0.3498987248719435,0.5695370403623219,0.35019532636034506,0.45683178821724535,0.34825710414208233,0.45696477216614706,0.34983855366713174,0.5078761657948709,0.34820553942392163,0.43695051513087013,0.34829404957798893,0.5078236296750502,0.3498214707529091,0.45707004156639663,0.3483227907179064,0.4568376506781754,0.3500585345430187,0.5695020764801295,0.3501227464351544,0.5081116149039673,0.3499160866828187,0.5696784183855301
0.5723334937118429,0.34895828319106204,0.5105238158231377,0.3487027752029364,0.5724133910581529,0.3489613999910052,0.45973143023304774,0.34976003912780335,0.45985936004818745,0.34863376926958384,0.5103297008336273,0.3497197364954493,0.4403767185429719,0.34981822833384013,0.5102790395212291,0.3486039941966701,0.4599676891879015,0.3498250600694215,0.45974181912880874,0.34882834670444596,0.5723836369252969,0.3489030344869864,0.5106025166282642,0.3487460517946351,0.5725553189902428
0.5748210455149494,0.3484216928108407,0.5129865090622995,0.34815052861731727,0.5748986420614227,0.3483591443529906,0.46268509448544637,0.3512607637014398,0.46281691928986124,0.3480409344399493,0.5127089079392408,0.35123020768845176,0.4427156788936038,0.3513239793053947,0.5126619700392876,0.34802037275930164,0.46292732598952985,0.35131709451293935,0.4626990389068868,0.3482152814469787,0.5748675830081756,0.3482988266405903,0.5130347640819528,0.3482026919075654,0.5750334292169818
0.5767841788813771,0.34847450633118426,0.5152027954067665,0.34819088534764814,0.5768573833366846,0.34836312033801764,0.46538884779502837,0.3527038171735717,0.4655264838399561,0.34803651317137535,0.5148398529192062,0.35267583955358006,0.44403400245988506,0.35275796028646955,0.5147984794228073,0.3480338285056629,0.4656424911049122,0.3527484747437505,0.4653968237595591,0.3482036605676495,0.576819208472597,0.34829448444809086,0.5152248703992285,0.3482407317769688,0.576972766404445
0.5781478787756317,0.3489309683821735,0.5169977494252131,0.34864817047223734,0.5782369104858326,0.34880486605253275,0.46760345192604624,0.35396995652448243,0.4677473491371899,0.34846144568570253,0.5165721050086113,0.35393956233270457,0.44451654547593084,0.35401276903738244,0.5165363096554696,0.3484735955894883,0.46786954287688043,0.3540062727390789,0.46760126985752726,0.3486389147086578,0.5781881249013904,0.34873401240787416,0.5169997564955849,0.3486906270863956,0.5783414180335597
0.5789729838360242,0.3495767852718683,0.5182686469408535,0.3492934015967632,0.579063000007058,0.34946087939707693,0.46920786740023396,0.35493191775680444,0.4693566885019572,0.34910178413031956,0.5178159552685865,0.35489764039385163,0.4444200796997261,0.35497060793824015,0.5177834274459101,0.34911971392078045,0.4694811897367122,0.35496508041192365,0.46919664496637603,0.34929853282274315,0.5790112459722432,0.349392757480507,0.518267081282065,0.34933399797899634,0.579169476682859
0.5793897886489995,0.3502236118398794,0.5190203090122285,0.3499440735685901,0.5794833289868214,0.3501297157031671,0.4702152218845884,0.3555452142985338,0.4703680225638656,0.34976345582888446,0.5185734274200391,0.3555106510291359,0.4440395491862363,0.35558660235257605,0.5185438253082211,0.349779052152641,0.4704911308303848,0.3555797277683061,0.4702010892154962,0.34997544231753286,0.5794237192224176,0.35006720383002654,0.5190273111873867,0.349974797884562,0.5795799930939358
0.5795100440863866,0.3507132323652492,0.5193363769566944,0.3504405691305794,0.5796093515405552,0.35063776897144794,0.47071014851766785,0.3558322174108086,0.47086541332917914,0.35027238288000995,0.5189073428649811,0.35579943928625446,0.44361331465841997,0.3558758816799596,0.518878854398624,0.3502825513279835,0.4709850326254877,0.35586839260785186,0.4706956691320197,0.3504918384108631,0.5795460026294335,0.35058126457316063,0.5193535044680407,0.35046470882033687,0.5797035233817402
0.5795039498182242,0.35097341843376234,0.5193955951076015,0.3507049632327659,0.5796045311195207,0.3509043870159797,0.4708529591067389,0.3559033157425011,0.4710088666117979,0.35054160051785654,0.5189787555893125,0.3558716810357015,0.44333871858540425,0.35594798413056317,0.5189493077156009,0.35054882717146196,0.47112704587023185,0.35594014379326766,0.47083901529589534,0.35076222231922566,0.5795394421298643,0.35085109865803,0.5194173375350992,0.35072861049964116,0.579698561209187
