0.0,0.0,0.0,0.0,0.0,0.0,0.0,0.0,0.0,0.0,0.0,0.0,0.0,0.0,0.0,0.0,0.0,0.0,0.0,0.0,0.0,0.0,0.0,0.0,0.0
9.67834253656763e-6,9.678335542939731e-6,9.678335542828709e-6,9.678335542939731e-6,9.678342536345586e-6,9.678335542828709e-6,9.678328549422854e-6,9.678328549533877e-6,9.678328549533877e-6,9.678335543217287e-6,9.678335543161776e-6,9.678328549755921e-6,9.678328549866944e-6,9.678328549977966e-6,9.678335543217287e-6,9.678335542995242e-6,9.678328549755921e-6,9.678328549755921e-6,9.678328549589388e-6,9.678335542773198e-6,9.678342536179052e-6,9.678335542662175e-6,9.678335542551153e-6,9.678335542606664e-6,9.678342536290074e-6
8.519682477248214e-5,8.519617958457903e-5,8.519617958535619e-5,8.519617958097081e-5,8.519682476892942e-5,8.519617957769565e-5,8.519553439495509e-5,8.519553439589878e-5,8.519553439173544e-5,8.5196179574476e-5,8.519617957847281e-5,8.519553439578775e-5,8.51955343965094e-5,8.519553439240157e-5,8.519617957525316e-5,8.519617957458703e-5,8.5195534392013e-5,8.51955343925681e-5,8.519553438862681e-5,8.519617957136738e-5,8.519682476315626e-5,8.51961795679812e-5,8.519617956886938e-5,8.519617956481706e-5,8.519682475960355e-5
0.0003295878460352619,0.000329574108385966,0.000329574108565156,0.00032957410818712507,0.0003295878458364765,0.00032957410798845066,0.00032956037088271994,0.0003295603710616879,0.0003295603706838235,0.0003295741077895542,0.0003295741081672521,0.0003295603710617989,0.0003295603712408779,0.0003295603708631245,0.00032957410796891073,0.0003295741077901093,0.0003295603706844896,0.0003295603708636241,0.00032956037048542663,0.00032957410759126837,0.0003295878454394052,0.00032957410739198334,0.0003295741075710623,0.0003295741071927538,0.0003295878452400647
0.0008752731211076892,0.0008751358189666436,0.0008751358270506215,0.0008751358152586652,0.0008752731173997108,0.0008751358115505758,0.0008749985281598094,0.0008749985362429546,0.0008749985244531633,0.000875135807842764,0.0008751358196349424,0.0008749985362441204,0.0008749985443275432,0.0008749985325378629,0.0008751358159282963,0.0008751358078433191,0.0008749985244563829,0.0008749985325398058,0.0008749985207500144,0.0008751358041366175,0.0008752731099828659,0.0008751358004282506,0.0008751358085133942,0.000875135796719384,0.0008752731062736663
0.001860876911799203,0.0018601832459865797,0.001860017151535387,0.001860268520110675,0.0018607415913469705,0.0018600525238959276,0.0018594148875854533,0.001859242838707753,0.0018593675874026827,0.001860103771211541,0.0018600607178790307,0.0018593950183447006,0.0018595131738398663,0.001859565855733103,0.0018600190184904775,0.0018600783018888345,0.0018595758349920222,0.0018593574896377252,0.0018596473598807561,0.0018599660610141289,0.001860653020517966,0.0018602218200606813,0.0018600451933064588,0.0018601555511971735,0.001860727385118055
0.0034038111961211537,0.0034006211742427794,0.003400880037031817,0.0034010330948661127,0.0034033198388117025,0.0034010051901509075,0.003398233141887863,0.003397953569939327,0.0033981020218125657,0.003401017894052172,0.003400755431577418,0.003398050131068253,0.0033978961170312294,0.0033983303268600995,0.00340082179611767,0.0034008433656488313,0.003398120947535943,0.003398235685299622,0.003398517066860285,0.003400926441514518,0.0034035319177252443,0.0034009014494200684,0.003401060640420228,0.0034009425131144577,0.003403749829844538
0.005573734928026486,0.00556380804567036,0.005563987403001347,0.0055640661066758135,0.0055729817926374325,0.005564200667894537,0.005554916413063715,0.005554288509281413,0.005554721772846827,0.005564252838067829,0.0055636033549906205,0.005554708267380137,0.0055544905655113275,0.005555131122651158,0.005563969902823707,0.005563859527161041,0.005554727327119924,0.00555489519000546,0.005555409039309567,0.005564028538439736,0.005572983010064758,0.005564078209124579,0.0055642548336197195,0.005564198587542646,0.005573501562944672
0.008374226713585953,0.008348162752989996,0.008346656551421971,0.008348745969332327,0.008371063526376621,0.008347792069337667,0.008322627053851672,0.008319234145637455,0.008321783584890607,0.008347837902100808,0.00834489496617602,0.008320743179885681,0.008321806718534774,0.008323519972819604,0.008346568629261641,0.00834576385573349,0.008322683283024268,0.008322726947400272,0.008325288852320423,0.008346098480249697,0.008370326183275878,0.008347581500764367,0.008347760301933072,0.008348429554504211,0.008372654504996024
0.011730942834916047,0.011674836127478105,0.01167013739984707,0.011676125485695299,0.011723097776692892,0.011673099056293712,0.011618290786916952,0.011607940821832696,0.011616348621623196,0.011673095907440256,0.011665342649349875,0.011612227463937475,0.011614964609371281,0.011620477889301595,0.011669710157534818,0.011667288519659202,0.011618039794167312,0.011619213038365994,0.011625437840236175,0.011668228420007865,0.011721092190380089,0.011672798301465226,0.011672954045380046,0.011674878063175353,0.01172686138502782
0.015485646476144754,0.015381306282299445,0.015374245740861936,0.015383065407198027,0.015474188144153134,0.015378385599146394,0.015275697813734945,0.015258159360509727,0.015273107071129388,0.015378129016003217,0.015366395883476991,0.015265274656804162,0.015268255358459382,0.015278841756093398,0.015373014254761452,0.015368881846557658,0.015274096604377452,0.015277927619121223,0.015286598731658274,0.015370841084942466,0.01547120419104675,0.015378005398380079,0.015378307002808456,0.015381069427198635,0.015479772020542404
0.018957226960388873,0.01878438653881398,0.018778739374331277,0.018785455885429903,0.018947022619717813,0.01878102474015536,0.018610801767464547,0.018593079197314566,0.018608527917369777,0.018780279424263746,0.018770053085974014,0.018600119697744,0.018601406760914152,0.01861330588635035,0.01877591366636505,0.018771450833487302,0.018607219162220856,0.018613558866168667,0.01862009555222416,0.018774129731499556,0.01894421466710927,0.01878054730632528,0.01878133072491045,0.01878340243926918,0.018952074000335273
0.021776987663343572,0.021508039508645438,0.021506859245877696,0.02150710092575614,0.02177150717685894,0.0215039734191651,0.021240400218173305,0.02123070011887257,0.02123859653746557,0.02150248124303067,0.021498858616499472,0.0212341641396373,0.021233931162636166,0.021241118958595928,0.021501367016265094,0.021497745035695237,0.021235592060945274,0.021242369769845337,0.021243015473623117,0.021500549572218086,0.02176924984848072,0.021503283878839596,0.021504997240976043,0.02150535289364841,0.02177421447885941
0.02365932119126879,0.02326549562786351,0.02326810881545638,0.023262565249434375,0.023656915136234524,0.023259801420952908,0.02287664014452051,0.022876416221308205,0.022874801487495267,0.023257450744875396,0.023259890713286213,0.02287545934523577,0.022876613941605672,0.022876554538368676,0.023259641756981142,0.023256354590138584,0.022872760931753833,0.022878311948340113,0.022874145735370166,0.023258964175723762,0.02365407087766519,0.02325885712515796,0.023262555849699607,0.023261316274135746,0.023657659254613717
0.024434118795205517,0.023898080098125885,0.02390148541724102,0.02389491468694349,0.024429378891472342,0.02388967446220458,0.02337231221093161,0.023375510928346,0.023370031400550773,0.023886063051206385,0.0238895682447684,0.02337234236922281,0.023377957543951722,0.02337330886883371,0.02388947011149556,0.02388493129608299,0.023369650980673784,0.023375421756047676,0.023370538583050493,0.023887228291618712,0.024424665931111145,0.023888746711981934,0.02389598606611054,0.02389374766492225,0.024430564538389543
0.02405040772788164,0.023375438953464,0.023377658523790923,0.023373137798667287,0.024040179398407968,0.023364549088801978,0.022717926751332163,0.02271797451058072,0.022714892111896035,0.023359327792259632,0.023360751321469753,0.022716306234673966,0.022726301782180547,0.022721778500160716,0.02336272496053554,0.023355237434753595,0.022716101379288756,0.022724123184893696,0.02272122515976782,0.02335784113764139,0.024033056615390958,0.02336364282314518,0.023374950184411436,0.023371957814077915,0.02404363980223262
0.02256464640225747,0.021772375896990326,0.021775618040042022,0.021771037903822732,0.022551541465756608,0.021760701191967213,0.02100716552153531,0.021005689923878745,0.02100504946550813,0.02175439111444083,0.021755844729917317,0.02100569398307034,0.021017504693775058,0.02101449701596997,0.021758572082485494,0.021748573358932044,0.021005508417238472,0.02101733792342353,0.02101395954026236,0.021751156100114966,0.022543414337599488,0.02175971332770693,0.021774768405327993,0.02176981135294842,0.022556272835153213
0.020129987576399833,0.019254103712390225,0.019262087316287146,0.01925227808583585,0.020120294619251855,0.019242945719111892,0.018416979873378092,0.018420806963091896,0.01841636062864349,0.01923703560178136,0.01924367294634144,0.018420014136263596,0.018431405331082562,0.018426152622341818,0.019244532006265747,0.019232846059254294,0.018414815356747105,0.01842964778098044,0.018420834406828845,0.0192352872808641,0.02011278711817327,0.019242331948863267,0.019260244775817892,0.01925153784703354,0.02012362591485306
0.016992212365766646,0.01607281785928205,0.01608760937827708,0.01606971031136678,0.016989314828567026,0.016063261233261905,0.015205565762365869,0.015220227039585088,0.015205987417638678,0.016058232648851978,0.01607376333487065,0.01521611361003894,0.015227112186576186,0.015215039138699982,0.016071050396851694,0.016058746146006164,0.015202856817303823,0.015218703646674492,0.01520258259340207,0.01606072219939869,0.016984195114768175,0.01606356622079852,0.016082997076096173,0.016070042826897002,0.016990023526133102
0.013474165030480822,0.012559786170866671,0.012579772671912848,0.01255585787014074,0.013476692877867513,0.012552261905406481,0.011711263110185555,0.011735252692343767,0.011711851742395418,0.01254892875220942,0.012571500082664278,0.011728669709107187,0.011740912652472901,0.011721571743270154,0.012566435880008942,0.012553387200353538,0.011709206302347452,0.011724246806587568,0.011703162959775304,0.012554453656335507,0.013474100060970495,0.012553743631025238,0.01257367100451634,0.012557254032879828,0.013475574427687709
0.00994189032060494,0.009092199598633222,0.009113587192032258,0.009088656614049229,0.009945755639818477,0.00908667185804124,0.008319842780210807,0.00834633484300129,0.008320007852324285,0.009085019557787954,0.009109372258223503,0.008340036876664791,0.008354431338499557,0.008331850767805349,0.009104720844723913,0.0090901758295584,0.008319074758204481,0.008332892170486328,0.008311536781061502,0.009090552475814528,0.009944849483387475,0.009088980912726474,0.009108463189889837,0.009090460997767835,0.009944544741706252
0.00675636539825647,0.006038005090242826,0.006057948753686149,0.006035867880791357,0.006759262284776912,0.006034883090521359,0.005404326694357697,0.005427380119582548,0.005404404001092988,0.006034629973904138,0.0060566404457575995,0.005423675420317631,0.0054388030332305215,0.005417994878580745,0.00605395788051899,0.006038286095968903,0.005404614499875615,0.005417439659643086,0.0053990520986782475,0.0060381294727923085,0.006759540350517401,0.006037384207721208,0.006055507423979145,0.006037508140540326,0.006758865338358455
0.0042303468106523745,0.0037059429700355695,0.0037234424841592895,0.0037053550176398,0.004233004591004286,0.003705803655270401,0.003268122206873947,0.0032861831544631626,0.0032686623481628096,0.0037066998157327946,0.0037252032397419033,0.003285144930247008,0.003298234739279926,0.003281677573563402,0.00372400388588634,0.0037090235775975033,0.003268855750359567,0.0032800117887026303,0.003265259505924767,0.003708430893246961,0.0042343544745964135,0.0037078422154425694,0.003723067562202975,0.003706565364702874,0.0042327978155461965
0.0026035579055309066,0.002320437970460165,0.002334716287561489,0.0023209688203290058,0.0026071675693217222,0.002323213348291442,0.0021193318732647404,0.0021328405801741,0.002120279045569662,0.0023250551867280977,0.0023397501173129664,0.0021331580380165027,0.0021421828784153885,0.0021302627901422233,0.0023389970647850755,0.00232708327066955,0.0021201420856107878,0.0021280453918600672,0.0021171686985227423,0.0023261550326224567,0.0026095478245763415,0.0023245349317987385,0.0023351857421365363,0.002321732736193738,0.0026063812587695523
0.002031556549646374,0.0020160767928822376,0.0020251221318458024,0.0020174585430360326,0.002035484530420406,0.0020206461444211565,0.002070722852741791,0.0020782172235921936,0.002071491250697055,0.002023190602028435,0.002032115685531577,0.0020792536727935462,0.0020834063379104317,0.002077134157746685,0.0020318609435667767,0.0020248947821840946,0.002071748040822885,0.0020747629210845497,0.002069480248643618,0.0020237981502418956,0.0020381495840371966,0.002021444532890715,0.0020263214565318655,0.0020178964225855966,0.0020343724543653297
0.002576815766060503,0.0028330478100507817,0.002834579009920346,0.002835240869557887,0.0025791492757819556,0.0028384265165873335,0.0031406911692009043,0.003138640747474719,0.0031407767509132323,0.0028409948188140577,0.002841339884156968,0.003140838900440035,0.003139565854215598,0.003141472138387391,0.0028421708522314293,0.002841299709623213,0.003141600411486145,0.003139278503879517,0.0031414979321089387,0.002840730851261908,0.0025810840062995277,0.0028381537917671618,0.002836845548805811,0.002835259813752433,0.00257836263310135
0.004197367971126353,0.004705149119730412,0.004698969763544392,0.004708605420264189,0.004196873089625686,0.004710478403281981,0.00523941552667917,0.005227685173727847,0.0052392447462377145,0.004711159118900965,0.004702688903058805,0.00523067021816831,0.0052225992954484934,0.0052335730379728385,0.004703859574538671,0.004711133914773291,0.005241408662068681,0.00523260572509715,0.005242375647351638,0.004710745220002199,0.004197327919996829,0.004709315590661123,0.0047010087434911085,0.004707509210436001,0.004196297798171322
0.006747689580529459,0.007459751458375519,0.007446283708121004,0.00746414353688829,0.006744363250897334,0.0074641538269559216,0.008167429809107507,0.008149316046878796,0.008167563692274393,0.007460841382052663,0.007445290122115256,0.008150948730321794,0.008134414188077088,0.008152296801066883,0.007444311290492611,0.007463257088781372,0.008171745172876221,0.008155043763745762,0.00817009265264268,0.007461643441396659,0.006743502711783478,0.007462958611388348,0.007446407849249437,0.007461147237851351,0.0067434337769515795
0.00999551595165954,0.010837487423959624,0.010815565584641862,0.010841361465267207,0.009990525204632505,0.010839781167307272,0.011638721162248289,0.01161640329294139,0.011639246458952424,0.01083289464808318,0.01080993574810063,0.011614375821487777,0.011588760710729062,0.011611033093416157,0.010805417419553764,0.01083845469999567,0.011644617629726017,0.011619362727397498,0.011638200816571243,0.010834355595584433,0.009988745183478254,0.01083852675059982,0.010813438268050812,0.010836368740113289,0.009988554251311565
0.01365359440160513,0.014531394251722785,0.014496759654261115,0.014532324194015012,0.013647754318827143,0.01452947228106266,0.015327137362116994,0.015296786530284157,0.015327051334256825,0.014522366067454828,0.014487499914947022,0.015291229095324543,0.01525750635528006,0.015285999921730853,0.01448167050360305,0.014526873776024851,0.015330989547251761,0.015298074790584537,0.01532399032223869,0.014521565360854582,0.013644767174213035,0.014526889567451573,0.014493798802238611,0.014526954441638484,0.013645049654194885
0.017412231019505342,0.01822215268134947,0.01817123855146041,0.01821916762837278,0.0174043712563709,0.018214326439742967,0.01890863161983586,0.01886294682728379,0.018906590165367665,0.01820968878979279,0.018158049589073966,0.018856940840000447,0.01881696533058358,0.018857337603351176,0.01815577181362127,0.0182070894156105,0.01890690560321906,0.018868468692983087,0.018907378812466957,0.01820446722283281,0.017398957633111944,0.018209270783611786,0.018169356918066204,0.01821567135794988,0.01740278234172926
0.020962426875651974,0.02160136517382849,0.021535836739741798,0.021596002349414056,0.020950433309760208,0.021587480508353463,0.0220822897245731,0.022018389333229915,0.022078457063916368,0.021584364241182596,0.021516954862048243,0.02201595622349911,0.021971107564027648,0.022027136599549912,0.021520292924550877,0.02157273703802648,0.022075361260102788,0.0220332055545035,0.022087434841407017,0.021575478467694365,0.020940892519194176,0.021580123313294675,0.021534707706227785,0.021594619980572105,0.020951484363298356
0.02401216548796481,0.024384302366597943,0.02431234002827487,0.024379439700242922,0.023995190488681817,0.02436555726151135,0.02457668699524651,0.024503045895292785,0.02457220251439307,0.02435929957122579,0.024285090528382625,0.02450394800938066,0.024454827033875692,0.024521484926643355,0.02429064806658704,0.024344694353264362,0.024569178941472924,0.024524159408570112,0.024587762352892284,0.024351295758212488,0.02398143330244451,0.02435819536634759,0.024309071487878198,0.024378118884099964,0.02399863084089593
0.026305703051161256,0.026328595371545027,0.026258774732732026,0.026325032212305033,0.02628512018790491,0.026306195129789267,0.026164852495560664,0.026095593589982702,0.026161005960419537,0.02629252681264216,0.026222690747268906,0.02609513753489756,0.02604359532984485,0.026109337745439776,0.026224642091157824,0.026282759698780134,0.026160608299775123,0.02611459787435355,0.026175649842427706,0.02628943530797556,0.026268730869182244,0.026301062765007877,0.02625112966864762,0.026321619852152978,0.0262893782612309
0.027651229093447915,0.027262576889204637,0.027199943517645875,0.0272589598214934,0.027630547773407343,0.027237584613319488,0.02669525220899982,0.0266415038082094,0.02669274519471193,0.02721739290968639,0.02715876773332232,0.026634778268520676,0.026584556697548722,0.026638654040898657,0.027153036626541116,0.027215984494923906,0.026694091672838427,0.026649951130476357,0.02669959054049459,0.027218425328686013,0.027613501496000448,0.027234457949559476,0.02718784904767302,0.02725310761158589,0.027633451003653053
0.027948063775787013,0.027116102450836843,0.027060377452489404,0.027110008658634444,0.027930181788441588,0.027088974878386907,0.026127950170349523,0.026089456193517657,0.02612629049663484,0.02706840209466793,0.02701936909244984,0.0260771900958775,0.02603264263959748,0.026073018225100886,0.027008232212440586,0.02707026260995049,0.026125731372285466,0.02608753674745934,0.026125524226296992,0.027067968745845994,0.027913348702569396,0.0270855021471047,0.027046771553183302,0.027103832774924563,0.0279309692837324
0.02719710605799508,0.025929772746867197,0.02587876089563379,0.025920171715781704,0.027181865182163478,0.025900811006574764,0.02454395476060378,0.024513109140569367,0.024542153841523473,0.02588509423430252,0.025841522307232356,0.024500491140505565,0.02446651094378738,0.024497574716908666,0.025831605055412987,0.025882624526461284,0.02453693941707291,0.02450879285244989,0.024540273119717793,0.02587920179922354,0.02716526367755101,0.0258946758622306,0.02586734386334405,0.025916525618186248,0.027182270866510816
0.025489875798703043,0.023836649907206575,0.023792589284293342,0.023825169885646647,0.02547541249631241,0.023806531553717702,0.02211918920185041,0.022091660791710988,0.022116518181583278,0.02379672057198151,0.02375807427747334,0.022083813182146028,0.022063411363581142,0.02208891259841539,0.023754807824856006,0.02378602892028603,0.022107468238214023,0.022092266664344995,0.022119856175552566,0.02378583478169849,0.02545851131124993,0.023798866593088885,0.023784588784266758,0.023825174820767625,0.02547754410922004
0.022986005423583256,0.02103271160703113,0.021002871585312555,0.02102209777385261,0.02297163347609582,0.021002791321398817,0.01908406142002228,0.019065029527225108,0.019081031384664382,0.020995749340066094,0.020969537124941873,0.019062570999484163,0.019056579892878067,0.019074154797954046,0.020970919585009018,0.020981427005626607,0.019071764688273374,0.019070531504394084,0.01909035381621421,0.02098465622984902,0.02295500329714506,0.02099755734258857,0.020996548518957214,0.02102461322210769,0.022976076493371966
0.019896129358920045,0.017755595477023767,0.01774656880573877,0.017747098867723465,0.019882933395939495,0.017726887993868956,0.01569814878449527,0.015697067900708073,0.01569519554037274,0.01771897205201267,0.01771351717218972,0.015696518894120826,0.015704827126089504,0.015706771217126103,0.017714883907188228,0.017708317754506264,0.01568904991226211,0.015701202786019053,0.015704736079755255,0.017712789227290804,0.01986834604884896,0.017727748034055968,0.017739765123799378,0.01774972707250788,0.019888714405322194
0.016470467041202086,0.014272812779335231,0.014286713483510238,0.014266407598716502,0.016461270612063705,0.014247888112389029,0.012240943166802576,0.012263532582454051,0.012238795928572577,0.014239661294400352,0.014258181582717355,0.012261273607448608,0.012283373475294512,0.012264203275847263,0.014256328977794885,0.014236456657502616,0.012236148586384832,0.012260691610805508,0.012243039814912093,0.014238937303253374,0.016450748293815876,0.014254977187778961,0.014279445495425813,0.014267823546877834,0.01646634371166311
0.01298758570930647,0.010874058379612195,0.010907639352247256,0.010869112538404224,0.012984502749128102,0.01085551613752167,0.009006740458906537,0.009049427571916235,0.009005364537204463,0.010850465982337743,0.010888847522566913,0.009045143493175811,0.00908015897270742,0.009041463554251006,0.010884796171211575,0.010852454937646583,0.00900432846693272,0.00903986454220257,0.00900354822510735,0.010851694911395648,0.012979044236765769,0.010865759400935815,0.010901860375359729,0.010869864804988694,0.012987583433672734
0.009735120148557042,0.007851034289724279,0.007898441654078714,0.007847255188935698,0.009737954818484273,0.007840182297842169,0.006283705251694194,0.006336944923556687,0.006282962693547778,0.007841153973072057,0.007891572520826173,0.0063331251680459055,0.006378688969334023,0.006328077142769117,0.00788887139250899,0.007843378153576608,0.0062816072121442135,0.0063257375097256485,0.006278655786084997,0.007840658274033907,0.009737003770305841,0.007850152125358167,0.007896034423251597,0.00784875981464006,0.009739225412718933
0.0069809689757293625,0.005464575436777808,0.005520646881399194,0.00546272407293269,0.00698802252308961,0.0054611966161085546,0.004318607100843641,0.004373904093969705,0.00431825308251782,0.005467727756882312,0.005523644684214624,0.004372354985545113,0.004424106456039745,0.004369837700484047,0.00552454239948974,0.0054680851052208435,0.00431658202559293,0.004364991299863119,0.0043149390251729924,0.0054647120267607985,0.006990090339294097,0.0054696589918580285,0.005521691680488883,0.0054653218851582475,0.006987953278796977
0.004944669402040136,0.003913236034169598,0.003973652968112917,0.003914316757279823,0.004954352991971722,0.0039160738877299095,0.0032823863701557654,0.003335237595373186,0.0032824076982618244,0.003925338790289112,0.003982463053803009,0.0033350908928893586,0.0033870062920562383,0.0033344654681293218,0.0039861151577073595,0.003925420321256368,0.003281555244441292,0.0033283443427359893,0.0032804691845166323,0.003921608147748001,0.004958293779770029,0.003923963990624557,0.0039765463284340274,0.003916758658981889,0.004952912225184847
0.003781384347738115,0.0033185918833358863,0.003377642319141283,0.0033227940218253926,0.003792807894497985,0.00332613825988326,0.003258194437302131,0.0033047633272180743,0.0032586830172783854,0.0033357106442341022,0.003389254191732305,0.0033037903986596895,0.003349126585085127,0.003302687042642194,0.003393437602184468,0.0033377571166344766,0.0032590371717102773,0.003297590650262472,0.0032565760243479236,0.0033329842787644948,0.0037980807000268513,0.0033341740819349264,0.0033806364017619495,0.0033232110708101836,0.0037896119967051334
0.003578464875504783,0.0037270483899121687,0.0037761646306372354,0.0037334914481095827,0.0035911362927275037,0.0037378387195464713,0.004248925142520621,0.004282280215760048,0.004249912926864552,0.003747599896632481,0.003789836700625493,0.004279530181688196,0.004311295472238741,0.0042782273780421765,0.0037936312991725396,0.0037515218538455852,0.004251201906056434,0.004275152300541485,0.004247738505686938,0.0037455363266494235,0.003597227922664259,0.0037452747123298824,0.0037793878494377653,0.003731663404683838,0.0035864835636440495
0.004357312076933406,0.005116404933222185,0.005145870499260408,0.005123959419455204,0.004369579788304212,0.005128630035801218,0.0061893035467079915,0.006199224749870891,0.006189872380249928,0.005138836104295885,0.0051597752417278375,0.006194822367423858,0.00620694659519061,0.006196089898101331,0.005164818489990397,0.005142309463766037,0.0061914596402625754,0.006194831633459463,0.006189132378236095,0.005135933653216074,0.004375384837514595,0.005133850160751352,0.005149562470964486,0.005120692097307977,0.004364500072772226
0.006071704218844509,0.007396267168242432,0.007398964860848789,0.007404732649757162,0.006081363716354815,0.007408633431548184,0.008947008234631681,0.008924862166436343,0.008946314214326123,0.0074178091270693525,0.007408303569083952,0.008918859849482708,0.008905135740348014,0.00892387267771938,0.007415727888428036,0.007417599415729337,0.008947063530712396,0.008924196669636286,0.008947970232504265,0.007412749155968068,0.006084622721491517,0.00741008022287587,0.007401203409865165,0.0074006605651117385,0.006076509177373235
0.008606238483482631,0.010407261317145644,0.010379713309096317,0.010416878011050734,0.008610861818461268,0.010419037776316198,0.012321516417781786,0.012264377887416411,0.012319174119046428,0.010422707737139048,0.010379320093141353,0.012255548263249871,0.012210115446987857,0.012261822778617482,0.010386572946328942,0.010419124484556341,0.012318577740529857,0.012264599049175484,0.01232196669614416,0.010416510185707217,0.008609868220084249,0.01041571702323213,0.01037704914824178,0.010410988668589582,0.008606476144116249
0.011781450755357692,0.013928179287558684,0.013868202752785663,0.013938295703827985,0.011780216876825622,0.013938765860934121,0.016054067371088443,0.015964399281957253,0.016050478057258455,0.013932896404941941,0.013856888000867873,0.015951143981608074,0.015870216814608318,0.015954292930315583,0.013859407174886484,0.013930076832757987,0.016049423091958892,0.015961621294209194,0.016052031750280416,0.013928230817844833,0.011774822250540162,0.013930422169584622,0.013858328520490959,0.013928867131767664,0.011775246237691162
0.01537159503185298,0.017699259964283454,0.017602506299942144,0.017707468840597762,0.015365544011934018,0.017706653156250862,0.01985712814981122,0.01973762008040214,0.01985300184545291,0.017691766745813797,0.017583836891134963,0.019719776411389944,0.019603191877552106,0.019718304503559936,0.017579267959334732,0.01769375731262629,0.019853008184799015,0.01973147430961364,0.019853101038478427,0.017690699037221758,0.015357125968132379,0.017694122563254422,0.017587467487734487,0.017694872431855024,0.015359069165009287
0.01913066414145942,0.021454249913810064,0.021314346096875436,0.021457655462690572,0.019121362444270484,0.021454786124336156,0.02345373902109138,0.023302541483542216,0.023449582117196832,0.021436037986710677,0.021292236037332546,0.02328257539541262,0.023133239696000008,0.023280732364229118,0.02128373042410686,0.02144174686506678,0.02345071498034018,0.02329783817352532,0.023450503200332817,0.021437501673521764,0.01911089214290801,0.02143915097061244,0.021298804957300632,0.021444312600293447,0.019113840336462518
0.022816551921087003,0.024946240978455048,0.024759518082214327,0.024943902811709828,0.022804287640444065,0.024937293974523822,0.02660499157993046,0.026417900892540647,0.02660069464370779,0.02491948464850957,0.024734107344012546,0.026399218077103714,0.026221294247837923,0.02640342475025592,0.02472744413964678,0.024922104487856145,0.026601054342308472,0.026420381882918897,0.026605374495331235,0.024919237540518224,0.022790508989230074,0.02491827853145223,0.02474649096335968,0.02493228064790065,0.022797218432139
0.026202895907090018,0.02795750755800247,0.027728093874464843,0.02795101657998711,0.026185670221423485,0.027938536904414057,0.029114964578588365,0.028891987267724184,0.029109679896418883,0.027920954070546067,0.027693804094687913,0.028876282756434113,0.028674667231082807,0.02889002190889156,0.027691921597354285,0.027913985930476115,0.029106425472533837,0.02890330779378203,0.029119470640395606,0.02791578484705337,0.026165826928470082,0.027915215130381588,0.027716241058155622,0.027942097922151188,0.026181014279586523
0.02908303375290383,0.030299968494570062,0.030040601745670747,0.03029163600527679,0.029058652196935486,0.030272449758197317,0.030825118636741144,0.03057692502970072,0.030817480984104084,0.03024974073514447,0.029991223663639266,0.030562885434693876,0.030343912289470976,0.030582427708801874,0.029991787449712315,0.030233396515153388,0.030810394071633218,0.03059267789683051,0.03083105407511305,0.03024175468030227,0.029031742818210582,0.030246887601361405,0.030025845002314033,0.03028418720303433,0.029057726825006736
0.0312768740685993,0.031819371990813305,0.031546444635558724,0.03181040410590963,0.031245201791412658,0.03178626983594246,0.03161463785826912,0.03136131241264217,0.031604898516199464,0.03175315172526644,0.03148210400634821,0.03134644581632168,0.03111901309145687,0.031363307336832014,0.03147851520421524,0.03173460608248707,0.03159582703739777,0.03137390435276849,0.031618318928645806,0.03174688879719928,0.031212710397813093,0.03175995060025827,0.03152597103838228,0.03180280560707882,0.0312470529111184
0.03264478705974572,0.03241126691297275,0.03213885272969996,0.03240059764673764,0.03260864021668364,0.03237421906974225,0.031419887070432584,0.031182456696188743,0.031409610578097935,0.03233129705332477,0.03206718006100662,0.031165593809984127,0.030941945753875322,0.031173866227339364,0.03205438548738848,0.032319144746798756,0.03140190973987056,0.03118761404179715,0.03141986261088764,0.03233107137302921,0.032574448428655256,0.03234996344627916,0.0321141699131724,0.03239227537513284,0.03261128528437618
0.03310716584467688,0.03204259616824345,0.03177934657763326,0.03202754841061067,0.03307075983308683,0.03200098526823786,0.030258185122007397,0.03005000485105863,0.03024869743398484,0.031955560445783404,0.03171034567705133,0.03003266308318492,0.029827272461023346,0.03003348976813336,0.03169015993453317,0.031952882307935915,0.030244877261015046,0.030050419399835104,0.030256315860403893,0.03196174551742825,0.03303931060967891,0.03198180964323599,0.03175631013174096,0.03202106998840376,0.03307364276127611
0.032656268156353085,0.03076147047852773,0.030513375009309895,0.030740210298806137,0.03262250378099851,0.03071339500425413,0.028235152815108022,0.02806033135485947,0.028226718488996216,0.03067422074480508,0.030451897264727912,0.028045507535694347,0.02787170597296046,0.02804563893811629,0.030431747887963434,0.03067635624811621,0.028226140399541577,0.028062704536423677,0.02823503060572724,0.03068292600937539,0.03259596267855153,0.03070121467455955,0.030497696305275546,0.030739626823481414,0.03262708605174214
0.03135243887413364,0.028686729189737137,0.028462044652905527,0.028659881175731983,0.03132139304306358,0.0286311017177161,0.02552650281043256,0.025385631477544857,0.025518254256070128,0.028602026393216406,0.028404913466773818,0.025375135423369943,0.025242261448937375,0.02538049526427366,0.028391388960070596,0.028600842918264757,0.025517963085061157,0.025394036323522773,0.02552943309891187,0.028608250163464688,0.03129844936456161,0.0286255513024527,0.028454948876322383,0.028667213058134355,0.03132989973684985
0.029307741299545165,0.025982958759889097,0.02579418135187278,0.025953921878316744,0.029277164119537902,0.025921346312661797,0.022344523921911774,0.022240873297195096,0.022336584305003737,0.025898495057585513,0.02573525686902156,0.02223541428615594,0.0221468272930353,0.02224658522826356,0.02572880722163301,0.025890230154835936,0.022334233016057248,0.022253564214398613,0.022349643685667664,0.02590128360857802,0.02925561043022895,0.02592224325403447,0.025792246405209163,0.025967508285584473,0.029290655324779757
0.02666762717950255,0.022838456836187293,0.022700111967731584,0.022810609940157267,0.02663699852361201,0.02277410011488029,0.018911867453578868,0.01885568467494686,0.018903909902267868,0.022752465538740385,0.022636223357910046,0.018851889284815015,0.01881076741804305,0.018863573843434678,0.022632947152938288,0.022739745441595183,0.01889990607728903,0.01886598002250134,0.018916228230658305,0.02275401884005379,0.02661521122002425,0.022781248380692176,0.022698400849809286,0.02282612303244763,0.026653430629780206
0.023602259170185713,0.019454575808071306,0.01937772060212989,0.019429772145398094,0.023573077324216818,0.019392427998763728,0.01545139809513546,0.015452497338465432,0.015444490955583645,0.019369858790562244,0.019313036889105684,0.015448096029925862,0.015455868606808254,0.015454590732064455,0.019308288377420768,0.019359208479066636,0.01544024380037351,0.015455219773458151,0.015453046635336032,0.019373632708043986,0.02355351443786352,0.01940617016971019,0.01937403609510424,0.01944387315953655,0.023589679531291596
0.020302446497116433,0.01604543172843015,0.01603383348947507,0.01602406032596171,0.020278880749281192,0.01599010209654428,0.012188833357604678,0.01225000916445751,0.012183844418247214,0.015970450349473864,0.015978368643842333,0.012244325028772152,0.012301818253828922,0.012244344575309929,0.015971084523092094,0.01596674764182776,0.01218140437786358,0.012245100849765267,0.012187612010265747,0.01597756747626944,0.020264648914803174,0.016009832446890138,0.016030138677854466,0.016035596079714942,0.020293064287816964
0.01697748687646594,0.012835064157489695,0.012885536903772199,0.01281707777462654,0.016963037396950265,0.012789595869980297,0.009348863319156242,0.009462832226172113,0.009346571373866186,0.012778959538780943,0.012847098053189066,0.009456925454567722,0.00956192708171466,0.00945392887604235,0.01284055532152123,0.012781150585634449,0.009346042017765843,0.009454273536067204,0.009346617744149188,0.012786863258182402,0.016955795185314315,0.01281333922694372,0.012884950608853363,0.012827064400074584,0.016973363491856963
0.013842412638920776,0.010042853383119277,0.010148342838519786,0.01002878847432559,0.013837931701102812,0.0100083952808106,0.007138194198066328,0.0072909233423729125,0.007138816388117086,0.010010122926309817,0.010127871579777847,0.007285790869056341,0.007430772479876946,0.007284239252214164,0.010126383508600512,0.010013646023091183,0.007138780149686996,0.0072826558853658074,0.007136689449303457,0.01001504236153028,0.013837280597084944,0.010033772752101155,0.010152129703723534,0.010038192011381786,0.013844768956762066
0.01109878302430567,0.00785991325356139,0.008012171716904049,0.007851292797984577,0.011102998844315204,0.007836818267526968,0.005719549817803649,0.00589560044478421,0.005723062489817521,0.007849129931301546,0.008005169340833174,0.005891613693479791,0.0060635595964740885,0.0058929723474500095,0.008009954074103542,0.00785049293656992,0.005721857009577835,0.005888370539558041,0.005719163785999348,0.007849035493312673,0.01110674333572187,0.007861489838197677,0.008018235872086499,0.007859024590311015,0.011106785588913759
0.008916157412225734,0.006428304880023494,0.006617309868644172,0.006426716241921149,0.0089270324835099,0.006417010780071397,0.005192066594662148,0.005377649302635623,0.0051984322099977165,0.00643504820797669,0.006619400627125072,0.005374289735926352,0.005556795289422933,0.0053765903585133445,0.006627891567932309,0.006434560781032939,0.005195489697568667,0.005369281739657783,0.005192182344899987,0.006431034990691198,0.008933182241348314,0.006439498146645517,0.006622558442741511,0.006430217187624154,0.008927248977442015
0.007421089060436203,0.0058340799751331884,0.006046057799281468,0.005840158694918607,0.007437813621733236,0.0058350545274535315,0.005589426628460625,0.005770716910995621,0.005598431269829951,0.005855069367993515,0.00605668608675447,0.005767220282747898,0.005943295969519646,0.005768056647735664,0.006064856330242785,0.005855590402556732,0.005594789228627883,0.005759478896844639,0.005589707544798039,0.005849601106734104,0.007445720495962482,0.005854638305913928,0.006049125136547873,0.005837208821580231,0.00743338933172899
0.006698210270926042,0.00611304900581322,0.006329496707907556,0.006125930153152437,0.006720576506825338,0.0061256163532815155,0.0068910264155814804,0.00705092859022971,0.006901708926986605,0.0061475093915344114,0.006349788169109805,0.007046570832099919,0.007199779928730887,0.007045835463369121,0.0063566507833711094,0.006150752720429309,0.0068985461840210816,0.007037751404380621,0.006891873581741925,0.006141645184263966,0.006730313573160063,0.00614175869086242,0.006331118391039392,0.006116108882905147,0.006711118927943238
0.00679297033825188,0.007258226640242449,0.00745760735084966,0.007276277163822231,0.006820149711494361,0.007279871887972522,0.009032338705974974,0.00915018364789999,0.009043855368886078,0.007305722014283034,0.0074861055221595585,0.00914315202469762,0.009258331566867395,0.009144619857496705,0.007494547931633844,0.007310106567899988,0.009040860157702113,0.00913853878140597,0.00903514226719826,0.007298492028689985,0.006830994117471734,0.007291594545001612,0.007458680355667546,0.007260814863020326,0.006806316602287366
0.007711095955154679,0.009220690763908301,0.009382087490711288,0.00924247131081768,0.007740666481865499,0.009247886482674383,0.011907093435253535,0.011962007059231894,0.011918825354277574,0.009277866733245543,0.009412304570270646,0.011950214182367358,0.012012167842959609,0.01195834590212852,0.009426234624580754,0.009279738895681067,0.011914694642095935,0.011954902305507387,0.01191301470250683,0.009267718770765043,0.00775028522051735,0.009253644656409599,0.009381782212947554,0.0092229666562762,0.007723991570887434
0.00941419048150366,0.011904672587412068,0.012010736638324082,0.011929539039755355,0.009442720114143821,0.011935122957359878,0.015363721670384689,0.015339480182963938,0.015375161721390307,0.011964750948360192,0.012034844640900877,0.015322460700932183,0.01531477010730542,0.015336791327601462,0.01205384709761348,0.01196186302680824,0.015368808535983602,0.015336554853645823,0.015371955870038811,0.011951526165378257,0.009447854128845468,0.011933125822057078,0.012006185370835476,0.011906480706343758,0.009424156424713948
0.011816439181296046,0.015166147849231038,0.015202679533177998,0.015193783373422143,0.011841160793627514,0.01520005259562296,0.019206605686405975,0.019093334386329763,0.019216501166768096,0.015221508315635957,0.015217165189803539,0.019073125639120003,0.018979975598100496,0.01908717303545704,0.015234955110475401,0.015215884095663545,0.019208751232695387,0.019090771630343006,0.01921425356706935,0.015207585536967771,0.011839733240560202,0.015188636166624359,0.015191095821564415,0.015166647864348515,0.011820537546194054
0.014789875396248764,0.0188233969327688,0.018776616449973027,0.018852590564967908,0.014809841963831616,0.018861229686932324,0.023211081386212196,0.02300362350098828,0.023217684682372397,0.018868855483253122,0.018783830175227667,0.022983128402347952,0.02279370151773319,0.022989807970796194,0.018792854699528627,0.018865289517808637,0.02321088336422017,0.022997823717741894,0.023215104672045905,0.018857668324645527,0.014802446415402237,0.01884013754087216,0.018757740109511478,0.01882116132713757,0.014786640877294421
0.018178654416883766,0.022678240220533108,0.02253295085401319,0.02270632734955369,0.018194415277828058,0.022717046664573415,0.0271505626804171,0.02684521526870559,0.027152800853604442,0.022711973848968614,0.022537203680866646,0.026826522804358932,0.0265371540675714,0.026823973099581844,0.022535298245490276,0.022713770179818016,0.027148563150250882,0.026836236697052263,0.027150444330007795,0.022705540582069084,0.018183313569737347,0.022688303384778785,0.022509613431055786,0.022671642375156342,0.018168967635515898
0.02181733290665744,0.026537146755899965,0.0262787795750532,0.0265605387942483,0.021829092708679332,0.026571114917176564,0.030820126017896132,0.030413717164727738,0.03081843524869643,0.026559929373940194,0.026280754823097774,0.0303951347236881,0.030010863970401314,0.030390984302823276,0.02627295909886801,0.02656433850925788,0.030815883055747784,0.03040670087133912,0.03081992609387091,0.02655516134987107,0.02181513835576615,0.026536435184500995,0.026255083282016034,0.026525429514333565,0.021802714732526984
0.025540443338909202,0.030221699416980663,0.029841734191184133,0.03023740406213471,0.025546232871491048,0.03024257371423056,0.03404734742897603,0.033538950742844964,0.03404159459968925,0.030231112187844744,0.02983426915183629,0.03351701164988968,0.03304717911597965,0.03352147957716389,0.029830510079647876,0.03023176858794424,0.034038307201034124,0.03353960728682748,0.03405032745176878,0.03022508050428402,0.025528843792086253,0.03020508038497216,0.029819912556977746,0.03020542436709467,0.025522384807438736
0.029185885186367055,0.033566851449152835,0.03306764230629611,0.03357381043356822,0.029182570321899748,0.0335693511225339,0.03668581570920032,0.03608301062067537,0.03667623997741787,0.03355735470087462,0.03303987078839332,0.03605542925536748,0.03551138690134681,0.036073665985406955,0.03304502142890331,0.03354838803439614,0.036669956690441985,0.036094046876310015,0.036693143631563285,0.033548310333638864,0.029158753096515833,0.03353096468980321,0.03304720607666417,0.03354790060469659,0.029164719906237313
0.03259388015324505,0.03641781393449933,0.03581315488082554,0.036417212686281175,0.03257823258945158,0.036402826007676914,0.03860947285408639,0.037931621211508504,0.038596186039625946,0.036382641370750424,0.03575854745505608,0.03789980925704378,0.0372933093866068,0.03792665547945551,0.03576839325320591,0.03636399257062706,0.03858703902588406,0.037949271000087936,0.03861879950029912,0.03637259232223761,0.03254510471152311,0.0363634938948556,0.0357907672552481,0.036397449196885034,0.03256769963659417
0.03560925956961569,0.038633941464086,0.0379448313703592,0.03862743254582435,0.03558009720359284,0.03860675401253655,0.039715739102489434,0.03899182250371325,0.03969763898276568,0.03856920965164057,0.03786597226928101,0.03896017513944222,0.03830614651971942,0.03898271404432585,0.03787002207960566,0.03854729014355757,0.039688783228409685,0.039009013773073975,0.039722403371912796,0.03856359981849655,0.035538258019243985,0.03856666182540275,0.03791832135235618,0.038612547808224595,0.03557666039601903
0.03809291585319041,0.04010418328932791,0.03935256487685823,0.04009137332879015,0.038051684186782675,0.040069302981826094,0.03994184489549796,0.039203518658216974,0.03991701738484449,0.0400108676150388,0.039258919769925404,0.03917595782999911,0.038496449143797906,0.039183719243256254,0.039248681019873444,0.03999438508441061,0.03991362269380305,0.039215170305067104,0.039942515449580496,0.04001607333590018,0.03800555500377323,0.040030913674274304,0.03932363009172729,0.040081687979691305,0.03805496501376043
0.039937206069829756,0.04076507649058225,0.039970128755726586,0.04074329271263816,0.03988696710456574,0.04072231394326242,0.039283371060702565,0.038557873105237506,0.0392504435684472,0.04064858943017524,0.03987155446427293,0.038536586335813694,0.03785935915979638,0.03852840574170374,0.03984720254691959,0.040641040077745494,0.03925632869002693,0.038564620107528924,0.039277619108388395,0.040667047396728384,0.03984164011195085,0.04069022387488591,0.039943888290859486,0.040741422532224236,0.03989806960531728
0.04107920731247788,0.040610346439831524,0.03979069375364486,0.04057677547635313,0.0410215460358766,0.04055459878152651,0.03779997387093348,0.03710942861602334,0.03775972709123754,0.04047609763476778,0.039688570257087497,0.037093006041981236,0.03644845211386122,0.03707746875285889,0.03966095223384425,0.04047395868760928,0.03777577838130586,0.037116870133521274,0.0377920173267019,0.04050674503163848,0.04098027715024022,0.04053418346923171,0.03977225817657748,0.040586362235001505,0.04104334034457652
0.041500702717890914,0.03968523322750611,0.03886286922107862,0.03963885565837533,0.0414353076500113,0.03961074486141014,0.0356057036902665,0.03496924747031527,0.03556056388773726,0.039536692881183666,0.038750995127443066,0.03495497861104202,0.03437059051803759,0.034943522444555675,0.03873268223534615,0.039530770860549735,0.0355843904448333,0.03498295633378734,0.0356008492083103,0.03957402457524084,0.04139702944710211,0.03960551962681591,0.03885419809066848,0.03966227877696815,0.041470110019260875
0.04121903307883579,0.03806899058289209,0.0372725306957043,0.03801204942579628,0.04114378796600715,0.037974558622877796,0.0328438810393753,0.03228251983598451,0.032796720116833766,0.03790617570777072,0.03714312869640424,0.03226883823537663,0.031766186091464366,0.03226684865479301,0.03714052387747685,0.037889727734806755,0.03282483182707152,0.03230287948628263,0.032844237134693144,0.03794615877407498,0.04110503112774244,0.03798449010628935,0.03727106754427212,0.038048319438446,0.04119189157273839
0.04027408142288552,0.03585833096151925,0.03512158481437122,0.03579541690518495,0.040188826113047915,0.03574943572069028,0.029667239743833174,0.029205637260196315,0.029620435278858992,0.03568145141744378,0.034974082271236606,0.029193722694544066,0.028788729965069426,0.0291975551192184,0.03498206584944241,0.035655362063008456,0.029650450543441786,0.029227474087930305,0.029670775997083954,0.03572318839574895,0.04014670039471979,0.035771966035538116,0.035122759375012025,0.03584041956894879,0.04024750477067407
0.038723344367060986,0.03316190705549715,0.03251833463655446,0.03309801843370308,0.03863059781028544,0.03304808168836271,0.02623068515087912,0.02589420456657987,0.02618593263393809,0.0329745515352593,0.032361864144350105,0.025886475635537032,0.025592394510147554,0.025886845426907112,0.03236905592269379,0.03294659768738212,0.02621677237179315,0.025910858413583593,0.026233358440598042,0.03302005677517211,0.03858644059629923,0.033080097001810194,0.03251921859476814,0.03314635030074359,0.03869563578446117
0.03664359525566108,0.030104740763327198,0.029582003143728663,0.030043335338033716,0.03654882163146811,0.0299951929307693,0.02269812825771078,0.022506293656050502,0.022656537300554613,0.02991598591275041,0.02943147045912925,0.0225046099365519,0.022333257797340522,0.022493958032799855,0.029428428817493302,0.029895170463672238,0.022688047173077375,0.022514167159093046,0.02269704714411991,0.02996620586380705,0.0365076653926491,0.030034091869751478,0.029583501082617092,0.03009144033536909,0.03661610738399351
0.03413789615926943,0.02683592659749151,0.02645295610672105,0.026778152961435542,0.0340470133676018,0.026735166178222025,0.01924830228208929,0.019209785123533385,0.019211318792462018,0.026656414360193892,0.026320173261606072,0.019213463314093238,0.019175721915911992,0.019192325652055753,0.026307280233223596,0.02664756788251288,0.019242637331185974,0.01921005574250323,0.01924394196248963,0.026710933761442124,0.034014227238659545,0.02678021364854316,0.02645822899243233,0.026825556376258386,0.034114147584373034
0.03133498785643568,0.023525816789609244,0.023293865419552917,0.023471565156262253,0.03125213459816417,0.02343297702544589,0.016069235445523078,0.01618175353761575,0.016039043110485762,0.023364236786783787,0.023181885583617112,0.016187406701148654,0.016289706912869795,0.01616380573066062,0.02316760532085954,0.023364164657485975,0.016068258489255083,0.01617817932177351,0.016064695548382302,0.023419031924397926,0.031230034535081885,0.023484420072475143,0.023304452672365583,0.02351876791263502,0.03131777641293276
0.028381305819582148,0.020351232674811703,0.020276858782127316,0.020301232560501203,0.028308445791951686,0.02026423820160772,0.013340953694760405,0.013594359840891357,0.013320083338396238,0.02021266429163232,0.020181771337013488,0.013598757215289747,0.013838641626851667,0.013581254427831535,0.02017629776015517,0.020214012955020344,0.013344542723013275,0.013590140446032906,0.013339390150237884,0.020262074024520238,0.02829576281468693,0.02032116203334733,0.020291910924794043,0.020347961313151697,0.028371358773329802
0.025425714422594392,0.01747620153193996,0.01756309886499019,0.01743287524781767,0.025363902375038327,0.01739515389646884,0.011214255247261273,0.011594128383202618,0.011204389826562633,0.017362381658113546,0.0174802417554204,0.011595740802280985,0.011960273871659766,0.011587380540447834,0.017486798136900128,0.017359340104659338,0.011221734472431855,0.011588733865018797,0.01121664350415752,0.01740173396829342,0.025356344069143832,0.017455135542017497,0.01757929014925802,0.017475831080155657,0.025421415006915082
0.022605958091455325,0.015037179164804848,0.015284547634110024,0.015003824216626993,0.022556427664135348,0.014965659488851923,0.009797326163634767,0.010285920628740175,0.009798535685698107,0.014948678058993026,0.015214592726441989,0.010285403581008712,0.010753576782407515,0.010283062055824688,0.01522852051536483,0.014941803451490654,0.009807882090270947,0.010276589874906983,0.009802245427595335,0.014976671653291529,0.02255178746288633,0.015025751805930798,0.01529863629585787,0.015038477199256328,0.022605363806234735
0.020043454980153363,0.013139964304955287,0.013540292103754403,0.013119682434862057,0.020008755538794498,0.013084362415684225,0.009156307888516124,0.009732111152169709,0.009168032353442213,0.013079462944844411,0.013490013647043553,0.009730087779479868,0.010276426359656199,0.009728622064010595,0.01350320992427001,0.013073593530609051,0.009169005953987952,0.009715663399974928,0.009161393002303564,0.013096469561362234,0.020007019530052073,0.01314051265339855,0.013550628312852975,0.013141517692595084,0.02004524741357211
0.0178434505240323,0.011865349307116357,0.01240232113288553,0.011859236039045762,0.017826316212452897,0.011830607072368104,0.009324410217187551,0.009959289460392207,0.009345531936980178,0.011837187453970943,0.012379879948832051,0.009954702664993709,0.010552096012613144,0.009952270556239873,0.012387855066255393,0.01183747686769071,0.009338304757590454,0.009935787230637372,0.009328604360048953,0.011844657489310628,0.017829888385381576,0.011880217261578896,0.01240988234947471,0.011866733549858344,0.017848031482755156
0.01609922675093689,0.01127554626316346,0.011924789582622164,0.01128268391224585,0.016101311001349206,0.011262799560977255,0.010309756284206217,0.01096817374826381,0.010339177955756063,0.011283479723038004,0.01193354779958411,0.010958381125997452,0.011578059686901176,0.01095773987286186,0.01193836796896064,0.011290934707136768,0.010323977460717337,0.01094108118746806,0.010314099999551796,0.011281795427903418,0.016112004737712682,0.011304108516697886,0.011931199709648621,0.011277089628311365,0.016108094693216557
0.014892071381018002,0.011413686613546525,0.012145207910844391,0.011432180496034172,0.0149126586007719,0.011420528557855136,0.01209542082222509,0.01273638105361019,0.012131879096604181,0.011457982006760126,0.012181107895496202,0.01271836084848954,0.013328112920689639,0.012724445766953973,0.012189027033556066,0.0114689661584636,0.012108723216257555,0.012709625372654743,0.012101053407450935,0.011445737847282422,0.014929274687723204,0.011452020355284198,0.012150493774549798,0.011415558540233628,0.014905454491777603
0.01428414268693401,0.012294929990547265,0.013076428570795329,0.012323784901523138,0.014320839574032962,0.012318471971028866,0.014629777049323445,0.015210955962754125,0.01467222511584082,0.012371607281613017,0.01313090628522423,0.015184051237944307,0.01574699332659729,0.015199238011157523,0.01314599390477117,0.012380962651283023,0.014640732799766243,0.015186150937286702,0.014636952151974414,0.01234734938285853,0.014339603302070847,0.012338158935445376,0.013078147802879136,0.012297268038454767,0.014300730880686785
0.014310545148041587,0.013898209843232978,0.014695482190094977,0.013937028532088946,0.014360293202319296,0.013937350235253665,0.017820293912472196,0.018301172075425143,0.017867089021014193,0.014000030014591214,0.014761581793226786,0.018267892909957506,0.018743738208913563,0.01828911640197517,0.014781259410467928,0.014005737152858633,0.017827492354769825,0.018276891263406425,0.017827474515059227,0.013964202371042567,0.014377356999912438,0.01394271283173254,0.014690229757357287,0.01390054745872954,0.014327600266538953
0.0149745529696379,0.016164444914463116,0.016940180648011283,0.016212862191324673,0.015035104826275236,0.01621972564833024,0.021537319118601628,0.02188081946137893,0.02158578699918473,0.016283755930912913,0.017016350651789525,0.021844523743482946,0.02219367932971028,0.021864901610192444,0.017032486892984533,0.016288695896565897,0.021539356965214085,0.021853907353585444,0.021541768203002964,0.0162392683427805,0.015048948410617491,0.016208813836411207,0.016926153479348838,0.01616555650260426,0.01498952265218495
0.016250332665107003,0.019005223398664783,0.019717850932345682,0.01906143864899329,0.016320618468692483,0.019076049195866973,0.025628549152883373,0.025800196517164642,0.025675596985888005,0.019135532348709405,0.019806158657256046,0.025762698883924295,0.02595091310343045,0.025776953874815767,0.01981107212536487,0.019145161769668628,0.025624468059932348,0.02576954586591973,0.0256283797501351,0.019086957709496255,0.01633266603889294,0.01904898515807918,0.019696276213951258,0.019003676961450167,0.016262514024469987
0.01809196161526827,0.022316972793364864,0.02292140692431932,0.022376911070112526,0.018171071867313815,0.0223984542849881,0.029938071351724438,0.02990517078728916,0.02998073774467136,0.02245362781009902,0.02302188165469904,0.029864572956855406,0.0298658866879582,0.029874057174902657,0.0230152089366501,0.022471127517520173,0.029927659042950694,0.0298733847973362,0.029934039434152904,0.02240457175779642,0.018183759924876863,0.022358109171469243,0.022895980761189594,0.022311241248457847,0.018102502761745187
0.02044261351505655,0.02599081675305942,0.026443220377057264,0.02605024620883134,0.020528063910774774,0.026075630797420646,0.034317059690752605,0.03405040075317195,0.03435387494960862,0.02612959177872709,0.026549872842099198,0.0340017404503411,0.03379854646447766,0.03401374905847243,0.026538206145935883,0.0261521695896334,0.03430010647492543,0.03402331190931562,0.034312642386410075,0.026080475077504106,0.02054172692277284,0.026025330526654067,0.02641714949650653,0.02598036846694962,0.020452679792524076
0.023237461881159105,0.02991577651430044,0.030178108026372275,0.029971221391045244,0.023324722461154634,0.029995339507892127,0.038624865323720614,0.03810099553631807,0.038654477200439574,0.030050731992360413,0.030277609310321252,0.0380400718008973,0.0376200244445134,0.038061874591068245,0.03027116504960231,0.030070943415037354,0.03860042530390373,0.03808362393877507,0.03862216789766448,0.03000014462760736,0.02333613593043954,0.029937696446827256,0.030151666649045394,0.029900516085059503,0.023246807088682542
0.026400135448809703,0.03397286076665629,0.034016758923547,0.0340225537241538,0.026483844127085543,0.0340410891336933,0.042720430029124956,0.04192759802520479,0.04274196358334631,0.03409562738354294,0.03409407482327864,0.04185384766675071,0.04120825341518741,0.04188808284895107,0.034098585160450334,0.03410638771724617,0.04268780754253804,0.04192064711281579,0.04272044808724984,0.034042923174068485,0.026487686508726904,0.03397780503747283,0.03398724403564096,0.03395346024464968,0.02640644658033342
0.02983917114206136,0.03803179832976322,0.037838373098334765,0.0380754271087157,0.029914382428123387,0.03808735656844131,0.04646013433957086,0.045399330441915076,0.04647199084139131,0.03813315509294496,0.03788387567918755,0.04531762574603221,0.04444182837058008,0.04535769908016296,0.03789552470305518,0.03813231715926996,0.04641887132437039,0.04539913247054328,0.046460269097350126,0.038079774690331414,0.029905405102397864,0.03801771813842564,0.03780133200608765,0.0380087324366889,0.029839013859669694
0.03344712438053632,0.04195385795143147,0.04151081997727257,0.0419913806278055,0.033510622623752095,0.041999017865527066,0.04970363203558453,0.04838759333581005,0.049703807624776386,0.042025275414052654,0.04152490641004808,0.048305371415164944,0.04720294884887105,0.04834043870915933,0.041531394414350886,0.042018461916245475,0.0496535018272759,0.048388961861650925,0.049699631878510064,0.04197634997583405,0.0334879029434379,0.04192239910327944,0.04146437314987944,0.04192738581311822,0.03343817376993197
0.03710802511008576,0.045603053047526654,0.044901706566077726,0.04563296281982998,0.03715793536922862,0.045639220530271196,0.05232786612105356,0.05077795504148008,0.05231412312259365,0.045639097010444274,0.04489022446408142,0.05070187570819329,0.049387189410190546,0.050722583826437684,0.044881781514166275,0.04563562462269499,0.05227014368796307,0.0507781856044382,0.05231767212294758,0.04560233773954614,0.037126509882035696,0.04555808026893299,0.04484837969527394,0.04557375367865235,0.03709107752615215
0.040708139951966205,0.048862773594675335,0.04789605802331498,0.04888114165492563,0.04074442296756042,0.04888672241549419,0.05424641324846502,0.05248876461361385,0.05421769679293437,0.04886094562542592,0.04786586395106568,0.05242178193485453,0.05092132110594,0.05242737078650428,0.047840441082099616,0.04886632644795735,0.05418345096252136,0.05248939926169499,0.054230752868602294,0.048842431347294823,0.04071042395316282,0.04880695726528966,0.04784242377857589,0.048830635665850275,0.04068771749265637
0.04415008055749903,0.051646122424032326,0.05041161837768349,0.05164868567798425,0.044172557710815796,0.0516506057958625,0.05541900520004872,0.05348214897942605,0.05537503421761075,0.05160647863760304,0.05036431134464314,0.0534243386318346,0.05177304576464037,0.053423123412163986,0.05033019193527233,0.051620073667285216,0.055352520521370685,0.05348840892142526,0.05540132558208144,0.05160809046623377,0.04414096224059383,0.0515802517100864,0.05036572503466469,0.051611304951092674,0.044130959423707594
0.047356051657813314,0.05389660566372678,0.05240254616778217,0.053881354965361505,0.04736259136502308,0.05387477446766681,0.0558437991786912,0.05376135344337957,0.05578681233520849,0.053819427366812445,0.05233301149152725,0.05371160610785858,0.051949815560092094,0.05371490627846953,0.05230336765149601,0.05383382206227533,0.05577552970514771,0.05377886267136334,0.05582738932614828,0.053839276537989034,0.04733354464482359,0.053818793027473555,0.052367334339981864,0.05385938733972018,0.04734110742716957
0.050264261475071625,0.05557858956277384,0.053847386176324785,0.05554707329178521,0.05025166498051492,0.05552790545092623,0.05554134207286865,0.05335709988807996,0.05547518768010451,0.05546517019921293,0.05374847907576469,0.05331531838489284,0.051486166568338376,0.05332859279931773,0.05373313058327056,0.05547141547954665,0.05547364733783394,0.05338856486695326,0.05552835605431017,0.05549842752369338,0.05022135878164069,0.055486715201346515,0.05382076333173991,0.05553959990998869,0.050252721802338196
0.0528201264670608,0.05666605312209294,0.05473453037026155,0.0566223831849611,0.05278650119234363,0.05659151665750439,0.05454191597934954,0.05231215716294996,0.054469655327493205,0.0565188996227578,0.05460414116528478,0.05227998035791259,0.05042873672002263,0.05230083231802002,0.05460263541552285,0.0565123743281819,0.05447671814541716,0.05235476047532439,0.0545322723569035,0.056560822581064596,0.052748959318920985,0.056560285447332936,0.054710859176461846,0.056626510441323885,0.05280793032835557
0.0549708755391482,0.05713875849551786,0.05505311991166484,0.057087301703125704,0.05491684807142433,0.05705043337091592,0.052883151626989866,0.050673400880158426,0.05280602683717012,0.056962291490159855,0.054897813865815936,0.05065373755364033,0.04882885853983504,0.050673749751157626,0.05490023524881171,0.05694519366108447,0.05282150920176559,0.050720869907004695,0.05287574635343539,0.05701125462754408,0.054869170843290516,0.057024045304158166,0.055028848522485685,0.05710064539399673,0.054954107496088866
0.056667583170133484,0.056987183297236454,0.05479740584382914,0.05693070468608419,0.05659597689029228,0.056895569089223386,0.05061771170193613,0.04849564638906184,0.050536056389715645,0.05678736790964295,0.05463057815090666,0.0484916411941167,0.04674378492518849,0.04850059183672645,0.05462420699858883,0.05676777085515877,0.05055986347656127,0.048541073404229806,0.05060996125306455,0.05684535250435141,0.056540686916556226,0.0568719444238901,0.054773588921316785,0.05695262779366905,0.05664488439199161
0.05787371005285197,0.056223865125072325,0.05397883680681298,0.05616268690072013,0.05778846951093958,0.05613480876926902,0.04782437579209192,0.045853009025593416,0.047739493997149385,0.05600723606253322,0.05381524585037584,0.04586649467942583,0.0442460275828252,0.045857986949960405,0.0537926211771082,0.055994465877048594,0.04777230325540738,0.04589280128054468,0.04781448115230352,0.05607803114694526,0.057732675379467635,0.05611547906267539,0.053960774199804384,0.05619430187654567,0.05784791165441472
0.058574777546046786,0.05489197304986626,0.0526380667736257,0.05482448797387629,0.058479575143809415,0.05480517389595463,0.04461467291830962,0.04284655262755804,0.044528462269554425,0.05466462706336728,0.052487612816282336,0.04287801254792484,0.041434430864218,0.04285423727485238,0.05245123850000766,0.054663279454184754,0.044571696444107634,0.042883819509255294,0.044603662700797464,0.05475006781698638,0.058430863285778956,0.054794055443277756,0.05263288877889516,0.054868649900047084,0.05855140008604759
0.0587835608749368,0.053065791571972,0.05085011575332565,0.05299053365687029,0.05868024244756359,0.052976217772546685,0.04112719324726344,0.039606212111687744,0.041042839402085474,0.05283246861525076,0.05071320737150503,0.03965257243333897,0.038434277763079505,0.03962455340024995,0.050674403046718386,0.05283991703625818,0.041096326290776475,0.03964655155579094,0.04111814775157985,0.052931267711847974,0.05864294551916527,0.052978676201077546,0.050862295065370655,0.053049171321258304,0.05876736723074233
0.05853640445517616,0.05084059089697662,0.04871393967796955,0.05075787336792309,0.05842489338237583,0.050743455583586616,0.03751122293521669,0.03627706977916312,0.037431957635783775,0.05060442136339244,0.048583767617661755,0.036333452376207775,0.0353824543435608,0.03631163750466809,0.04855547021741702,0.050612699167416564,0.03749364299338287,0.03632371377906618,0.037507461900171735,0.05071182542096925,0.058398155777026395,0.050761968598521,0.04874265707029718,0.05083042903335022,0.05852886443919114
0.057882899652230535,0.04831691157948598,0.04633492604322509,0.04823044429594103,0.057762885883589354,0.048212141418218946,0.03390935858885996,0.03299958625793453,0.033837781842753156,0.048080397725319524,0.04620514247062296,0.03306138093500327,0.032409963027385746,0.033049438067748016,0.04619243883656621,0.048081956815900495,0.03390280072801688,0.03305015884431639,0.03391063044333814,0.04818908683246731,0.05774084093484161,0.0482434735560337,0.046373968066872495,0.04831247570208863,0.057881556968071124
0.05687484056628206,0.04558864004230717,0.043809313783765236,0.04550371311416773,0.05674720514428738,0.0454812465086597,0.030442317083973436,0.029894396074465757,0.03038117602907886,0.04535513555896231,0.04367866173214685,0.029958737364807253,0.02963000452368586,0.029952013992828264,0.043677008500638104,0.045347840951161955,0.030445617743854292,0.029942547109793494,0.030448823297835603,0.04545937916334147,0.056724405972551184,0.04551976702622218,0.04385140654819897,0.04558949905820969,0.056875340320748424
0.05556130596116293,0.04274141318081742,0.04121994083086428,0.04266314467874194,0.055429128941099415,0.04263950536243116,0.027214575862934853,0.02706136194250769,0.02716721267017086,0.04251603722982028,0.041094225618847846,0.02712632274016069,0.027136609019068003,0.02711677960768344,0.04109303615151971,0.042503343285589246,0.027228782513852412,0.02710027076159799,0.027226277474520333,0.04261396009421786,0.05540389814291846,0.04268098126958564,0.04126111014858652,0.04274694706678028,0.055559939557471516
0.0539908857679296,0.03985852637900894,0.03864211571197973,0.03978936141323414,0.05385937091324089,0.0397687041523474,0.024328018791784423,0.024588199777797637,0.02429322680139312,0.039647657819807336,0.03853033679222517,0.02465133259513763,0.02501012976214212,0.02463288155363219,0.03852123171090305,0.03963659096653138,0.024351344693238686,0.024613603252259197,0.024341753574007308,0.039740474447230056,0.053834929682913424,0.0398128035093272,0.03868338302500812,0.0398683914850822,0.05398726980202129
0.05221881643969151,0.03702864756613161,0.03615480228818996,0.036968805533880045,0.0520930406730008,0.03695343754523139,0.021883522877356842,0.02255813255990413,0.021859491755735316,0.03683812323545854,0.036065103518977626,0.022617726316649434,0.02332648927818698,0.022589618846686588,0.03604595916926312,0.03683460912725417,0.021913222152049716,0.022570675548260533,0.021895616212340763,0.0369278887865328,0.05207488279439654,0.03700221405846571,0.036199761733283486,0.03704280505904767,0.05221563880601582
0.050311804447376485,0.034348881869780135,0.0338463685910535,0.0342972632906009,0.050195258356859174,0.03428581582031043,0.019977938867109968,0.021054201419044183,0.0199654346279049,0.03418223108693036,0.03378137264996356,0.02110792788008603,0.022158541748876603,0.021075987608366265,0.03375749536970546,0.034188726327467445,0.020014275909893797,0.02105818872151255,0.019989797775460227,0.03427008472782833,0.05018834521645027,0.03434255425249377,0.03389840056497223,0.0343679671570854,0.05031321550595824
0.04834772320698999,0.031920731594319796,0.03181138716956955,0.031876739753922634,0.04824174085923205,0.031864748700338286,0.018700247325338815,0.020152587982581127,0.018701697092063208,0.031780135263993314,0.03176655336536427,0.0201982217669342,0.021573026160392472,0.020170621198986993,0.03174866750378291,0.03179253221892486,0.018744085791934872,0.020152620149455902,0.018714682365888802,0.031862684963304466,0.04824680089910155,0.03193060883331911,0.03186982914290365,0.0319445043921312,0.04835572774900204
0.04640915046104699,0.02983874643262968,0.03013910277889842,0.029803299284725582,0.04631423722782757,0.029786937070171327,0.01811816301785002,0.019912137032681243,0.01813513482325585,0.029725097685973312,0.030106456301408624,0.019947122227830127,0.021616874866068503,0.019928922797889492,0.03010252795381796,0.029736295907900834,0.01816850813032833,0.01990891863406763,0.01813613285835708,0.029796885006122042,0.046327992926966766,0.029859333783931852,0.030199042859091252,0.029865877927268802,0.0464227335160462
0.044572830271688846,0.028178648960127617,0.028899998599340393,0.028154364396811515,0.04448920628493713,0.028131825986235093,0.018265568721363035,0.020360684450431377,0.018298869455571576,0.028091923232282323,0.028873045415480025,0.02038346057042978,0.022307709879765547,0.020373587117323844,0.028883284591772973,0.028096806870185953,0.01832028008716191,0.020350878874902223,0.018286392096086457,0.028147359405454875,0.04450685313446012,0.028205620747938087,0.028954111684955208,0.028207346738945704,0.04458850636495715
0.04290269031067834,0.02699273043986078,0.028137886536214074,0.026982923751931287,0.04283227466078815,0.02695532802531203,0.019143895305318903,0.021494139279151725,0.019193210554039664,0.026933351979426368,0.028116606140210165,0.021503795808229254,0.023632573518163724,0.021496420516645076,0.0281331760594008,0.02693147138714519,0.019200141927393166,0.021472439137844856,0.019165451159087077,0.02696886319262759,0.04284951531752412,0.02702469799857321,0.028180769588837862,0.027020492956436992,0.042916834241004176
0.0414484850712008,0.026312445968043163,0.027872629566094598,0.02631828123134622,0.041394537535986264,0.026288645232523944,0.020731828374620176,0.023282534777590125,0.020794905243127826,0.026281448821456554,0.027862170619740445,0.023278115197369442,0.02555517917527922,0.023267988739617662,0.027875992725949872,0.026277242270908552,0.02078755899693896,0.02324545694434127,0.020752837346543762,0.026297369423059935,0.04141046115802027,0.026351049698467355,0.027903574308427714,0.0263371531537806,0.04145909417477561
0.040250023073243324,0.02615638744163984,0.028110506052221207,0.02617669723189253,0.040215948587185024,0.026147760230983308,0.022997061053335432,0.025681455283592447,0.02307006357366037,0.026155150128449267,0.02811747095288686,0.025661963304471624,0.02802686868941462,0.025647847071916696,0.0281239202721022,0.026154423124597537,0.02305050771534989,0.025630166607059968,0.023015930522897632,0.02615454334765971,0.04023330968826966,0.026203661828649416,0.028132670687343098,0.026176863499378034,0.04025818061255859
0.03934487950507293,0.026538450916059997,0.028855088603508827,0.026570746574330062,0.03933269257987082,0.02654354871223552,0.025902651085437933,0.028643300450664766,0.02598246344975208,0.026568306504558215,0.028883150191509444,0.028607266557091893,0.03099668693089397,0.02859375721576035,0.028885201723695797,0.026574111540689727,0.025952632406135323,0.028583930442112604,0.025919625205354735,0.02655470666540366,0.03935549701702823,0.026595923187671566,0.028873076152652333,0.026554752623383582,0.039353675095763485
0.038770998325586004,0.027469514184580157,0.030110350948315878,0.02751138295739386,0.03878004937435342,0.027484317664946856,0.02940419726557303,0.032116746250968164,0.029489805729188634,0.027530075230510653,0.03015691139259663,0.032063312465446414,0.03441093155061403,0.032057872833354095,0.030163001417655433,0.027541135625119728,0.029450251831461216,0.03205612714922257,0.02942096172744596,0.027505242827516874,0.03880997574823536,0.02753557128042955,0.0301265960760696,0.027482425263876675,0.03878344245423504
0.038564578418004314,0.028953260797769276,0.03187606789021641,0.02900297884259384,0.03859236171140479,0.028973427829018683,0.0334424989767525,0.03604148499976151,0.03353415909907187,0.029041667279578798,0.03193387618000254,0.03597057962833361,0.038208060669711386,0.03597902720844959,0.031952032611018366,0.029053369230026715,0.03348432480841651,0.0359836787548814,0.033461034372663845,0.029005369700332406,0.03862766243498894,0.029023266019354677,0.031888801554122714,0.028963704282771063,0.038581483464570854
0.03875435248063391,0.03097723586813983,0.03413728495484658,0.031034934348714516,0.038797410424878276,0.031001420295586946,0.03793671977907975,0.04033984539980212,0.038034176469118275,0.03108875426846841,0.03419756595214796,0.04025268550173722,0.04230964852724639,0.04027443398526198,0.03423018049944326,0.031096209535315056,0.03797307220453228,0.04028382521274465,0.03795734271069273,0.03103988962007026,0.038833601378627514,0.03104595959646772,0.03414114285365871,0.03098591488074015,0.03877324422833767
0.039354201909528375,0.033508451018367136,0.03685631223534763,0.033574387547930296,0.039409914564397075,0.03353780565626496,0.04278312597786421,0.04491320511416641,0.04288469719250515,0.03363668215260496,0.03691313299066884,0.04481180337107904,0.046617902274136314,0.04483936658694454,0.036954150812862074,0.03363833980946718,0.04281201365960802,0.04485355240349975,0.04280407741819764,0.03357497055007819,0.03944180633169797,0.03357218894791325,0.036845438261050745,0.03351485729064224,0.03937117835370396
0.040360141841325636,0.03649329116313321,0.039972075528645956,0.036566830624690405,0.04042727944674113,0.03652939025115931,0.0478630465122204,0.04964693981229107,0.047965840651762126,0.03663093630933639,0.04002480967626465,0.04953345974920864,0.05102174987513214,0.04955685794193626,0.04006317740731774,0.03663067694873379,0.04788349050425428,0.049579528011580165,0.0478829569153133,0.0365595539755067,0.04045298608585329,0.036551284043490395,0.039944985581852666,0.03649660294513407,0.04037254207530122
0.041753618368616574,0.03986584246257524,0.04340995009755649,0.03994403998190782,0.04183229443815001,0.03990816340368891,0.053058249471787444,0.05442346407867449,0.05315716569381573,0.04000652245409414,0.04346087909658708,0.05429891824921412,0.055409918333775454,0.054312075482059186,0.043487759392694725,0.04001007372349985,0.05306958867337669,0.054347416003583615,0.05307604111968339,0.03993101347013628,0.04185339197623661,0.03991873963352477,0.04336989263952262,0.039864127186180376,0.04176108086661223
0.04350936630897162,0.043557806421354095,0.047095395183295974,0.04363585623196353,0.04359996852420245,0.04360219094576723,0.058263473920289466,0.05913720587739074,0.058352606970854315,0.04369746860988227,0.04714700310466785,0.05900251588748562,0.05968424637664438,0.05900704157119224,0.04716052879425259,0.04371000889570309,0.05826593347121489,0.059058121408747,0.058279373091618736,0.04362445451426783,0.04362115846624831,0.04360826082051916,0.04705036420762876,0.043551276963502805,0.04351486522130876
0.04560318849004985,0.0475071574061422,0.05096484208921365,0.047580349214894624,0.04570449013497835,0.04754809327899162,0.06338971906449808,0.0637023020779528,0.06346459465716797,0.047643324075288374,0.051016483345311336,0.06355722425651561,0.0637675524153215,0.06356041463565204,0.05102253405120993,0.047665784550015355,0.0633831413261009,0.0636283006947253,0.06340413763414315,0.04757704067470775,0.04572994238956496,0.04755596301082643,0.05092168845258421,0.047496700136718695,0.045610614991675624
0.0480149073453795,0.051658710277379505,0.05496693490625382,0.0517249469771377,0.04812330889605487,0.051690555024858864,0.0683580654342425,0.06804999106016557,0.06841858325052996,0.05178974216098409,0.05501274506932591,0.06789420869811347,0.06760153545784042,0.06790511549711808,0.055022981416139094,0.051818867636578,0.06834243527488937,0.06798824706102108,0.06837312260401307,0.051730596799019035,0.04815428260661564,0.05170380874170721,0.05492791917658724,0.05164599046387752,0.04802687513554493
0.050725815981638,0.05595899770862428,0.05905598084683483,0.056018608790669666,0.050836499574554606,0.05597883806315629,0.07309111546169111,0.0721190252269488,0.0731401839753299,0.05608298117246502,0.059085550691048705,0.07195343010308602,0.0711377864593844,0.07197840459819482,0.059109974777268925,0.05611114226967717,0.0730664659104519,0.07207253602390745,0.07310972352068218,0.0560273302367949,0.05086961358056302,0.0559955613151355,0.059016904493499,0.05594476444425894,0.05074160269948902
0.05371250067855887,0.06034849611007875,0.06318031108853656,0.060403169745563035,0.0538209613110181,0.06035739568798004,0.07750727939618657,0.07584603238699211,0.07754710108084972,0.060462866563478546,0.06318556743779252,0.07567286364440484,0.07432419963240589,0.07571071873194923,0.06322512186908258,0.06048274950006122,0.07747261835322322,0.07581213351157662,0.077529461214848,0.06040526364130483,0.053849215316877586,0.06037139768322103,0.06313366867012837,0.06033292623307707,0.0537279775175305
0.056940619640550305,0.0647567365096341,0.06727479717514967,0.06480826003960183,0.057043837720054114,0.06475819412329176,0.08151806540752671,0.07915946011362668,0.08154795833818934,0.06485678464334244,0.06725267979998467,0.07898204605262632,0.07710036797845715,0.07902320767763205,0.06729884630866179,0.0648660300444649,0.0814713070614761,0.07913128244774825,0.0815392583599659,0.06479531897846297,0.057060902469842134,0.06476326709153069,0.06721419374748405,0.06473970041493421,0.0569502029493375
0.06036269927033422,0.06910431598775396,0.0712615288488882,0.06915291642832805,0.06046013556455254,0.06910237338719233,0.08503640326353079,0.08198561319481668,0.08505326940344105,0.06918467622231955,0.07121563938116021,0.08180844687237476,0.07940498301229199,0.08183966525589143,0.07125457639034777,0.06918748704935151,0.08497473468278477,0.08195555607307087,0.08505128583522836,0.06912199737107388,0.060463382730902016,0.06909465905051321,0.07118589395490915,0.06908527691826488,0.060362496676659716
0.0639227223368194,0.07331147592332898,0.07506124315257379,0.07335494144880372,0.06401573472929328,0.07330775769049164,0.08799170257066802,0.08426307204395428,0.08799160472194495,0.07336723959222263,0.0749980543036885,0.08409108083429523,0.08119043809968474,0.08410446523400772,0.07501797943395616,0.0733713920229967,0.08791418887843738,0.08422811170384831,0.08799787165693579,0.07330923489429314,0.06400730479995603,0.07328803880077683,0.07497448324019074,0.07328829502080086,0.0639123404497014
0.0675650051501761,0.07730938488017619,0.07860687077094342,0.07734345031193829,0.06765503187798749,0.07730168045562297,0.09034367438840607,0.08595701866732047,0.09032260202683945,0.07733830123841351,0.07853244236894907,0.08579480985319426,0.08243217811940756,0.08579062880131666,0.07852999933459004,0.07734981501782057,0.0902520582510114,0.08592008782761029,0.0903405692480656,0.07729066146335473,0.06764067105178129,0.07727521910391028,0.07851511198782146,0.07727860338875786,0.06754758861087873
0.0712428863461747,0.08104752450314873,0.08185225446447653,0.08106663707455058,0.0713294620238869,0.08102969424873913,0.09208205071914422,0.08706393310466737,0.09203724199465824,0.08104969629774411,0.08176886197681627,0.08691261933599037,0.08313375414654295,0.0868982181985678,0.08175159730840076,0.08106958541396908,0.09197811689259677,0.08703213438564689,0.09206914122974952,0.08101630655878517,0.07131628482539953,0.08100384289958878,0.08176200924755217,0.08100792133025242,0.07122303406896574
0.0749215007009405,0.08449326649472699,0.08477518583743943,0.08449469535826709,0.0750031733145376,0.0844585945506926,0.09321608104827311,0.0876063754438926,0.09314884802400708,0.08447049484010472,0.08467952562876246,0.08746304665736904,0.08332601114266713,0.08744999116592261,0.08466170277235424,0.08449380288001929,0.09310023056145972,0.08758644175099678,0.09319368782265014,0.08445093477569376,0.07499513451846646,0.08443969824416614,0.0846910239099487,0.0844471316576268,0.07490264537338703
0.07857711471828666,0.08762746378455633,0.08737244960078899,0.08761328650284528,0.07865162118706076,0.08757236368714227,0.09376343690003541,0.08762024476511188,0.09367843629335193,0.08758142629229732,0.08725666265052612,0.08748290840986195,0.08305641564924182,0.08748101706489408,0.08725226595421404,0.0876007176346918,0.09363690219772153,0.08761580775980127,0.09373454849101137,0.08757128533414377,0.07864696491939455,0.08756142687780444,0.08729404228885174,0.08757784996368434,0.07856057190855104
0.08219198880172196,0.09043638442287566,0.08964663349655944,0.09041126570254926,0.08225667609574805,0.09036172442222246,0.09374181304226836,0.08714131379562934,0.09364418551797082,0.09036749863439592,0.08950245352478636,0.0870125143056078,0.08237311260293939,0.08702459519763217,0.08951795344331565,0.09037550207486872,0.09360701760748774,0.08715244167744696,0.09370978845455108,0.09035949950207955,0.08224855980053514,0.09035371315053115,0.0895672027248407,0.0903835160906391,0.08217593831052977
0.08574655601938708,0.09290238164022174,0.09159156790672246,0.09286988364692844,0.08579861641225656,0.09281352140463978,0.0931654951670226,0.08619876805115162,0.09305739626159831,0.09281025969263623,0.0914163696192995,0.08608365226793491,0.08131138545201205,0.08610300944288629,0.09144608396687753,0.0928010678739895,0.09302294385679233,0.08621933389653014,0.09312974210069236,0.09279730606368386,0.08577757646743056,0.09279952713736561,0.0915016179187747,0.09284390903869111,0.08572586515965852
0.08921184219804645,0.09499986626994406,0.09318739976606427,0.09496159274807342,0.08924988013369095,0.09490437587112732,0.09204746667490515,0.08481438529068436,0.09192808136187758,0.09488409792967584,0.09298745314200457,0.08471858074901051,0.07989600806630814,0.08473175366080893,0.09301737069100918,0.09485822163907925,0.09189461553941164,0.08483564772029628,0.09200260035437385,0.09486572668101778,0.0892104764241054,0.0948773931584993,0.09308285812467171,0.09493505405844088,0.08918093172379304
0.09255080321734005,0.09670158737482054,0.09441079992551482,0.09665792771675125,0.09257671983033877,0.09660661325484887,0.09040777415932844,0.08301333358406726,0.09027532143994926,0.09656269786412419,0.09419841843145427,0.08294101868740739,0.07815597059223378,0.08293563444094487,0.09421324563002076,0.09652744999640961,0.0902431108638313,0.08303006398171181,0.09034838326563926,0.09654480069959992,0.09251987990772365,0.09656485445040858,0.09429528407493615,0.09663127495630691,0.09250666896788473
0.09572690874014417,0.09799064044731981,0.0952486162110791,0.09794074510822631,0.09574453862617677,0.09789968546114675,0.08828643371347339,0.08083713004986698,0.08814014681870036,0.09783040159018197,0.09503600637088022,0.08079111340643741,0.07613706060099612,0.08076362190459702,0.09502782340110594,0.097795395277193,0.08811336499431627,0.0808501066339457,0.08821206846284785,0.09782023296632736,0.09567630129592841,0.09784720273016384,0.09513034825645755,0.09791477410614702,0.09567101687112634
0.09871370435737126,0.0988695148145714,0.09570829389855345,0.09881073467670182,0.09872598308626357,0.09878130676729296,0.08575163805801522,0.07835083780950697,0.08559158447044768,0.09869095913872578,0.09550325652370578,0.07833275663536288,0.07390401265285362,0.07828938846503719,0.09547501844824402,0.09866298834324322,0.08557603178275963,0.07836578956729856,0.08566564279127642,0.09869368177640014,0.09865484502928895,0.09872531150344199,0.09559555554714938,0.09878692658114302,0.09865184763972545
0.101500281432917,0.09936126653038985,0.09581954230894812,0.09929036415520559,0.10150754267547962,0.09927105958107169,0.08289191891991499,0.07564009022445506,0.08271954264908049,0.09916865541651065,0.0956239115865331,0.07564896308234575,0.07153851722040033,0.07560119075998734,0.09558787798416313,0.09914755123268776,0.08271814395508453,0.07566416838007389,0.08279779157353268,0.09918587340463031,0.10144098484395875,0.09921882102040985,0.09571837618156204,0.09927272929429265,0.10143920925490207
0.10409074565991988,0.09950348735211045,0.0956299342233426,0.09942006219994703,0.10409112886157351,0.09940681559303649,0.0797988751105323,0.07280000045042395,0.07961885735844249,0.09930120281021254,0.09543967216761257,0.07283195110360563,0.06913187921166503,0.07279111545938027,0.09541133265828544,0.09928079545497392,0.07962973757717073,0.0728382411318092,0.07969986016186353,0.09933113677115007,0.10403235248465226,0.0993623748464364,0.0955430409581739,0.09941346798641537,0.10403486480450247
0.10649895399542403,0.0993399842373156,0.09519613496295076,0.09924838720940354,0.10649035800421597,0.09923665104921714,0.0765549789068744,0.06992131333806512,0.07637468268911479,0.09913141080568044,0.095003772301678,0.06997187336351829,0.06677255150359013,0.06994511142032528,0.09499422484802683,0.09910300882287743,0.07639352882999495,0.06997425740113433,0.07645589349088089,0.09916903783464809,0.10643651578650204,0.09919848534096198,0.09512121369107251,0.09925346524747497,0.10644909782376044
0.10874212978088349,0.0989132241004112,0.09457120160078458,0.09881977515237766,0.10872298386439022,0.09880719703108087,0.07322994702821672,0.06708018727112597,0.07305616391702702,0.09869948916520482,0.09437104414806319,0.06714719003843794,0.06453324680253081,0.06713411494875321,0.09438113011888705,0.09865651791939462,0.07307980631232414,0.06714311341998047,0.07313641890456068,0.09873796619807829,0.10866614988385265,0.09876871307748741,0.09450115442656853,0.09883126849975615,0.10869595105161511
0.11083419917409071,0.09825714201799823,0.09379368708478497,0.09816596495263424,0.11080318816234258,0.0981544929048292,0.06988399112321864,0.06433487114599146,0.06971901969598887,0.09803837002098958,0.09358688682227007,0.06441942489912089,0.06246714225774935,0.06441184123294619,0.09360651383378366,0.09797929973230668,0.06974635753625191,0.06440053362873122,0.06979764375149383,0.0980727711705886,0.11073500710856427,0.09810797852374809,0.09372130819880925,0.09817749549288773,0.11078731777197032
0.11278062248688847,0.09739513286397122,0.0928864605979755,0.09730746195787132,0.11273729448282277,0.0973029611599559,0.06657188625917065,0.06173269747489246,0.0664139916563164,0.09717257804417323,0.09268259420279445,0.0618360989394231,0.06061461925696776,0.06182266043012702,0.0926957313663892,0.09710145501316914,0.06644496364508523,0.06179451271790931,0.06648926951500961,0.09720329139648426,0.11265382392157602,0.0972436654173709,0.09281049585177159,0.09731671726756569,0.11272870604495461
0.11457931215152006,0.09634675285145422,0.0918674425305599,0.09626262672793773,0.11452566574195899,0.09627162250144833,0.06334998518417423,0.059320047949876775,0.06319713944636474,0.09612427175477511,0.09168049556229313,0.05944217085734632,0.05901511342536031,0.05941566589670827,0.09167421034808326,0.09604941629579355,0.06323273699951265,0.059375808678605424,0.06326764918432054,0.09615705116890183,0.11442988435694829,0.09620033899959363,0.09179405311748734,0.09627175125761744,0.11452079602983672
0.11622862328018957,0.09513921415729648,0.09076317544945267,0.0950580269241536,0.11616846628566252,0.09508471493529624,0.06028400909390935,0.057152498201852864,0.0601373901150834,0.09492163649581742,0.09060593835738007,0.05729099696080653,0.05771638276855118,0.057252696693341876,0.09057730533713187,0.09485340914216472,0.06017992806638295,0.05720467929119111,0.06020386300179131,0.09496491234808324,0.11606893884441566,0.09500708049595474,0.09070204204435717,0.09507072086209456,0.11616629169000631
0.11773641950301889,0.09381419361685256,0.08961639878848926,0.0937344132664632,0.1176729755168951,0.09377892579216929,0.05745339024466739,0.05529534121935337,0.057316229992921464,0.09360600465213881,0.08949491503631879,0.05544743210739017,0.056773715057719165,0.0554059697421182,0.08945130572254179,0.09355180263338442,0.057368227235861324,0.05534955788218349,0.0573811311286635,0.09366578401037218,0.11757942296001656,0.09370270106157746,0.08957559230301182,0.0937543447342793,0.11767685418876767
0.11912427852869667,0.0924262461239444,0.08848397381155215,0.09234618195557315,0.11905830820937091,0.09240553858344047,0.054942604440393006,0.05381828532733607,0.054817970844179165,0.09223206933452632,0.08839702042283076,0.053981177593642016,0.05624543281851091,0.053947756286766124,0.08835203634314281,0.09219181736249443,0.05488022274964538,0.053880410684778446,0.054883214196658925,0.0923088244091641,0.11897759830937948,0.09233715662962944,0.0884676057993225,0.09237756831221194,0.11907461731936836
0.12042511779999987,0.0910353209418745,0.08742958198812606,0.0909550987520375,0.12035487629916763,0.0910248191233034,0.05282486725417712,0.05278520538423065,0.05271622021392791,0.09085961680173349,0.08737020914480204,0.052955240509324264,0.0561826515264372,0.05293843201066012,0.08733731090277419,0.09082629322235725,0.052786410168250975,0.052858287569393425,0.05278105476327488,0.09094886804608387,0.12028896744054368,0.09096662842840247,0.08743688351615736,0.09100208356098316,0.12038967068678402
0.12167696412306056,0.08969857736451176,0.08651393033821625,0.08962121686039587,0.1215999161648324,0.08969752216927995,0.051150966092102346,0.052244283566892424,0.051063371886368336,0.08954381756641228,0.0864732959392917,0.052416675887451136,0.05661986283844417,0.0524190935264911,0.08646004031880644,0.08950861808004867,0.05113724606797654,0.05232558870410248,0.05112546294238862,0.08963896896293866,0.12154552323024448,0.08964634529920051,0.08653984069810078,0.08968467093073146,0.1216556218631415
0.12291517324933271,0.08846377158025653,0.08578494027355604,0.08839366922940428,0.122829917673134,0.08847472190937133,0.04995117054645831,0.052220932629518935,0.049889126877139145,0.08832898178845883,0.08575757861406863,0.05239203569592166,0.057569080209462165,0.05240950241919551,0.08576182424795231,0.08828698303743948,0.04996269201007292,0.05230329244606724,0.049946326783421646,0.08842441568776799,0.1227804597146388,0.08842361136174426,0.08582225890355949,0.08846922786563932,0.12290477576212
0.1241681008719373,0.08736469694626692,0.08527249462797282,0.08730479224746335,0.12407449086913508,0.08739233746738462,0.04924226033220003,0.05271969827515782,0.04920535504810952,0.08724797514856586,0.08525954341298958,0.052888268893932444,0.05902195854772824,0.0529114557679593,0.08527030442200167,0.0871995924737351,0.049278135023519964,0.05279498702286761,0.04925789156046351,0.08734026779935433,0.12402334889131267,0.08733428490331674,0.08531536017973795,0.08738621514860417,0.12416405481590098
0.12545459000915254,0.08642205186849422,0.08499032008023955,0.08637271357337623,0.12535343378111818,0.08647098893916838,0.049035131458452064,0.05373284895567049,0.049018391349116675,0.08632388101282812,0.08499968533082064,0.05389888728920322,0.06095955892372351,0.053918040453655613,0.08500230872042697,0.0862739768143273,0.04909191198250279,0.05379645741549699,0.04906708340475657,0.08641301026287579,0.12529759718403027,0.08640295743438381,0.08503787381328304,0.08645626644843285,0.1254530183945941
0.1267849362382409,0.0856502013633586,0.08494474758798531,0.08560977651817553,0.1266786608661538,0.08572331851075443,0.049339577050437844,0.05525164219996914,0.04933806768392651,0.08557376328110428,0.08498732173336598,0.05541461655722263,0.0633624982992097,0.05542504398499715,0.08497158511053826,0.08552995837356697,0.049414653910483386,0.055304321403946755,0.0493835625852041,0.08566370998323186,0.12662107907359693,0.08564786492926502,0.08500222239573207,0.08569608089623176,0.12678449405516873
0.1281667256824851,0.08506577818906896,0.08514657734471565,0.08503207319862588,0.1280591780414021,0.08516330800562721,0.05016965996959721,0.05727358239675451,0.050182234707981,0.08501525112795955,0.08523163092836572,0.05743089235998955,0.06621752042470375,0.05743610534905219,0.08519675626993922,0.08498505960395841,0.050262909600200745,0.05731943330406869,0.05022483052626592,0.085111733106702,0.12800737267039125,0.0850869618496018,0.08522190199978458,0.08512383181552713,0.12816924660960888
0.1296125337305486,0.08469268220581089,0.08561828506900981,0.08466456514074194,0.12950744264240444,0.08481207416143882,0.05154442195094072,0.05980107796850037,0.051573578786923924,0.08467171842170185,0.08574835777536588,0.059949864571613665,0.06951618439000673,0.059958765388602564,0.08570371618166195,0.08466059782135682,0.05165726892788547,0.05984593655971526,0.05161320834289829,0.08477976305910451,0.12947062209558918,0.08474274166278606,0.08571795606394317,0.08476471036945232,0.1296232287779968
0.13114511231982579,0.08456295596703178,0.08639243501013716,0.08453986326084939,0.13104411627971618,0.08469915731718419,0.05348142311449022,0.06283562278190097,0.053529754917423455,0.08457454846448348,0.08656207152699746,0.0629744644733648,0.07324852805500243,0.06299557661425542,0.08652140628125787,0.08458161293221061,0.05361429751960212,0.06288367170871106,0.053565867775483,0.08469320116952411,0.13102805857488847,0.08464274516874143,0.08651736434045015,0.08465107900095709,0.1311693299789164
0.1327948744656598,0.08471010284387259,0.08750244816184705,0.08469203251842927,0.1326972890332922,0.0848568748616485,0.055983294677971196,0.06636760010082898,0.05605225616946641,0.08475548852634751,0.08770000789011156,0.06649677118222336,0.07739469941342864,0.06653385098771392,0.08767548507731138,0.08477335380117224,0.056135209147497256,0.06641960020283105,0.05608289926186988,0.08487842616229374,0.132702137476934,0.08481576271907532,0.08764799814966057,0.08481656236278029,0.1328355733975331
0.13459461686310098,0.08516110269755156,0.08897374362441057,0.08514981497008667,0.13449839152762172,0.08531454353431406,0.05903054514575151,0.07037245516902974,0.059121298204159456,0.08523912177618842,0.08918595487264042,0.07049173405267478,0.08191985439401722,0.07054235822595956,0.0891831657830851,0.08525806764053756,0.059200397577552855,0.07042320596430479,0.059142986248299834,0.085357473801492,0.13451961321499017,0.08528597226799112,0.08913136964541746,0.08528671241647334,0.13465037427912252
0.1365717782192456,0.08593090458223046,0.09081630584864997,0.0859295407666858,0.1364751086963869,0.08608996002742986,0.0625849181790683,0.07480680487564967,0.06269832139053927,0.08603588548294866,0.09103329825026107,0.07491539596771701,0.08677044584193483,0.07497237203074547,0.09104896920992106,0.08605007552911742,0.06277123858955963,0.07484768658836816,0.06270747047329844,0.08614309577980811,0.1365060608333442,0.08606816710857201,0.09097704324062295,0.08607274546373256,0.13663780343579868
0.13874494671930993,0.08702017773480591,0.09302402849381336,0.08703118501548907,0.13864778430072344,0.08718643198999815,0.0665987335609895,0.07961391160297443,0.0667326788022452,0.08714482397016643,0.09324161534851083,0.07971024321717568,0.09187982085339796,0.07976388604340995,0.09326427045948626,0.0871538322642097,0.06679861157149286,0.07963609818967221,0.06672818252792317,0.08723788582207948,0.1386814811664917,0.08716513773073159,0.09317962485439496,0.08717163610090167,0.13881476804987436
0.141121596119829,0.08841810031211111,0.09557500463645219,0.08844103712743778,0.141025558704098,0.08859228894813048,0.07102415296380521,0.08473048058011712,0.07117248766520573,0.08855567382330665,0.09579584565220434,0.08481293197975442,0.09717843477431276,0.08485481155264762,0.0958103697487463,0.08856338557789217,0.0712326589108539,0.08473020432571271,0.07115626036185446,0.0886354706497734,0.14105778916187384,0.08856884570391188,0.09572235463965995,0.08857131589030187,0.14119006152907532
0.1437006573930048,0.09010696538008806,0.09844071240951974,0.09013890348864723,0.14360818462874958,0.09028808992264409,0.0758187126036941,0.09009874630276893,0.07597398998700078,0.09025489589453617,0.09867188319523107,0.09016534287930533,0.10260707823399728,0.09019222065518046,0.09866683769485635,0.09026649507623924,0.07603163901169868,0.09007920335901531,0.07594916031400245,0.0903244813834535,0.1436398249226568,0.09026516850978872,0.09858310801804099,0.09025635366556461,0.14376520565983547
0.14647678565912736,0.09206948991537783,0.10159745289890632,0.09210767964596767,0.1463909517807377,0.09225458362139949,0.0809475268579104,0.09567349453960883,0.08110678046832859,0.09222845973733151,0.10184477051127577,0.0957210887625709,0.10812052011264034,0.09573649141808915,0.1018184476588701,0.09224909399765846,0.08116366504527028,0.0956409904081208,0.08107487618971271,0.09229256422855936,0.146427659502527,0.09224001212016325,0.10174257014940485,0.0922132619962664,0.14653804211304244
0.1494469329418044,0.09429590626996237,0.10503477420689883,0.09433936437825147,0.14937111088833255,0.09448007962846544,0.08638450774783363,0.10142133457398717,0.0865510065180447,0.09446639344843333,0.10529760933980292,0.10144563781971733,0.11368640311467337,0.1014589568530031,0.10525885197419266,0.09450011480336185,0.08660394999820964,0.10138003087725816,0.08650983825737452,0.09452968305180753,0.14942014171481327,0.09448320313842001,0.10518918190521875,0.09443452788046042,0.14950829428692364
0.1526158932819368,0.09678524168882213,0.1087548774901676,0.09683402226213894,0.15255204940976347,0.0969617407766511,0.09210650294021278,0.10731262184000223,0.09228557951508726,0.09696554402788282,0.10902408883465509,0.10731045058428013,0.11927749486406547,0.10733181136861725,0.1089876400327855,0.09701223111466367,0.09232828598014009,0.1072634706624167,0.09223137643304397,0.09702913620101489,0.15261819686662598,0.09698993057554772,0.10891929945461942,0.09691973798859455,0.1526819585743392
0.15599724157189854,0.0995403137432534,0.11276443433518679,0.09959457655526321,0.15594481370693003,0.09970226077131983,0.09808380864937966,0.11331339961601378,0.09827677850665001,0.09972799698979928,0.11302520438073321,0.11328496609274286,0.12486445260884749,0.11331934718683168,0.1130042481669627,0.09978062059953824,0.09830550510493513,0.11325560708283738,0.0982070983144967,0.09978631137887567,0.1560274149762117,0.09975790574583843,0.11293278816281449,0.0996722254411363,0.15607083584316284
0.15960815451485338,0.10256043623422628,0.11706370472628336,0.1026210296773104,0.15956435713625944,0.10270267813984879,0.104271484902141,0.11937994450754447,0.10447591016238572,0.10275185422839367,0.11730009995604318,0.11932897582442248,0.1304100749378561,0.11937294558757988,0.11730102584646002,0.10279962694058958,0.10449057422627528,0.11931168413859522,0.10438897128866942,0.1027960726096574,0.15965831434573408,0.10278303657799337,0.11722646263778924,0.10269107219665097,0.1596885007966008
0.16346228975697663,0.10583591868271824,0.12164007879108851,0.10590488275208465,0.16342410825582,0.10595670685910885,0.11061003702390393,0.12545908270925532,0.1108233791701918,0.10602468978002894,0.12184042814562213,0.125389322054482,0.13586720579343403,0.1254334879114251,0.12186007733950133,0.1060581110281279,0.11082430917343172,0.12537434883019716,0.11071713266280997,0.10604664056201152,0.16352052322641963,0.10605432808766524,0.1217866636732663,0.10596373746385979,0.1635445267424866
0.16756522134882873,0.10934514596539541,0.12646777966032763,0.10942589148505738,0.16753093671945463,0.10944737153640888,0.1170355159954265,0.13149161200965692,0.11725590805605807,0.1095225319380651,0.1266265606823445,0.1314040258112779,0.14118085919501827,0.13143863150318746,0.12665414129267571,0.1095391801849378,0.11724222937502327,0.1313816878229051,0.1171296551166463,0.10951972464088033,0.16762105436243768,0.1095520173285025,0.12658919691016934,0.10946530431258045,0.1676425695283839
0.17191220666456442,0.11305897715102148,0.13150981844197057,0.11315230929882664,0.17188215170805393,0.11314642365583633,0.12349059999993783,0.1374205379063252,0.12371343520993855,0.11321545502312863,0.13162913127974402,0.13731169248286224,0.1462980411414817,0.1373296205678589,0.1316498180967574,0.11321948930192083,0.12368546082171478,0.13727784719870845,0.1235693900860736,0.11319057561874174,0.17195953795582813,0.11324896425249376,0.13160099697345584,0.11316330360735005,0.17197893534433928
0.17649026299998466,0.1169449860886933,0.13672338479554874,0.11704558752531119,0.17646615934934679,0.11701907939131545,0.12993079060808743,0.14319707130114268,0.1301492631346139,0.11707491057481739,0.13681262296864521,0.14306243060025603,0.15117939663127072,0.14306107912072413,0.13681268050441908,0.11707201534406064,0.13010915322434896,0.14302143171156484,0.1299915434490605,0.117032214870464,0.1765285233802643,0.11711540144521115,0.13678604633977448,0.1170243461438798,0.17654352542161045
0.1812815934182394,0.1209698868050133,0.1420698277495719,0.12107161670986744,0.1812653265270785,0.1210303197237183,0.1363247987067418,0.14878710944436402,0.13653325392832355,0.12107450581886314,0.14214092609688983,0.1486227426429957,0.15580698207575866,0.14860535369287842,0.14211420391444307,0.12106963063084519,0.13648471851673816,0.1485864610243211,0.1363667606913197,0.12101917532123169,0.18131541255094374,0.12112285930618549,0.1421120046628771,0.12102024827793223,0.181321314865106
0.18626785012647956,0.12510555203181162,0.14752383172628003,0.125207254860066,0.1862616827466368,0.1251520485968663,0.1426538260945106,0.15417461957189038,0.14285300241883542,0.12519175551544098,0.14758567912053566,0.15397735072048413,0.16018090450831363,0.15395297614616332,0.1475372565370257,0.12518935498269412,0.1427963811021723,0.153958882352202,0.14268010572666534,0.12513009520978857,0.186306317775699,0.12524698430048242,0.14755595624770657,0.12513032383553924,0.18629703252598173
0.1914360259205446,0.12933690159647615,0.15307624538936038,0.12943880162296184,0.19144257005743198,0.12936806330844525,0.14890917494131517,0.15935688269710863,0.14910482186784474,0.12941071714917401,0.15313142134171986,0.1591231135709707,0.16431083282625703,0.15910356975379203,0.15307567683524947,0.12941384272013395,0.14903470442563327,0.15913116420674128,0.14892399543220175,0.12934824412912888,0.19148912393426343,0.12947058995023197,0.15310575406108307,0.12934140221818108,0.19146051744831377
0.19678331354353967,0.13365992049603825,0.15872961245377248,0.13376072633031993,0.1968036703309577,0.13367255049220167,0.15508450484455205,0.16433321461822692,0.15528050504350405,0.1337227951548804,0.15877356288872768,0.1640613380394128,0.16820899779978088,0.16405534807194855,0.1587275870995496,0.13373003548729673,0.15519023820525985,0.16409743286958145,0.15508981303924052,0.13366052649271815,0.19685586034339048,0.13378370508324716,0.1587570574366426,0.13364718022219674,0.19680965542825457
0.20231599152866997,0.13807211733007635,0.16448993177372118,0.13817136599999297,0.2023485585017017,0.13806402790527617,0.16116598641262658,0.16909464123050233,0.16135891883673098,0.13812498507029358,0.16451325125803207,0.16878888093601618,0.1718830693515222,0.16879804710259616,0.16448796634119422,0.13812748841848976,0.16124693048783,0.16884780698776064,0.1611596750099757,0.13805602236581566,0.20240391784477052,0.13817963384619258,0.16450857301846167,0.13804478594921188,0.202348402275085
0.20804309888381178,0.14256622642902844,0.17035557006324725,0.14266442350976583,0.20808394375929368,0.142537686949685,0.16712552811248854,0.17362301306921618,0.16731030738343972,0.1426100599496103,0.17034880841154254,0.17329316282173252,0.17533450123975852,0.17331261989566354,0.17034768260836675,0.14259655089894707,0.167179079750572,0.17336526648279538,0.16710384327768008,0.14252528996273833,0.20813526267429022,0.1426496432524656,0.17035636169905438,0.1425272645207049,0.20808168432702745
0.213969694137346,0.1471280342811198,0.17631175302052188,0.14722608085590833,0.21401462935210008,0.14708243606010024,0.17292832485950732,0.17789817473012542,0.17310255636779215,0.147161647364352,0.1762725812162252,0.17755380047336528,0.17855735591229416,0.17757532144231702,0.17629232534560074,0.14712581179629525,0.1729532812322645,0.17762713749463888,0.17288923214383228,0.14705601304476756,0.2140529404746111,0.14717983399957907,0.1762878576069507,0.1470784619000638,0.2140100287427928
0.22009196156216476,0.15173524997045656,0.1823331433402397,0.1518355566744003,0.22013872203472323,0.15167928144645004,0.1785435159929729,0.18190325953920206,0.17870679119246813,0.1517566563958997,0.1822680391263768,0.1815479334706302,0.18154187825879792,0.18156380759726765,0.18229976656183772,0.15169878101818207,0.17853815943456336,0.18161305616704831,0.17848788327798037,0.15163072418025042,0.22015648035660085,0.1517501871176008,0.18228073374263942,0.15167300369963888,0.2201276353361174
0.22639696824321376,0.15636137874459466,0.18838984179538754,0.15646576166221138,0.2264456289047454,0.15630356606893758,0.18395235547424577,0.1856266941737551,0.18410300733591345,0.15637095907544307,0.18831145514992786,0.18525816748554447,0.18428288302504758,0.18526426256634843,0.18834202280260343,0.15629543938412183,0.1839142857903716,0.18531063234483647,0.18388191251060604,0.15622817056237887,0.22643861521156466,0.15633700157474395,0.18830763639330672,0.15628168824424088,0.22642329326603727
0.2328655825414211,0.16098147018733272,0.19445275324496858,0.1610870640677432,0.23291813464873334,0.16092760991851268,0.18915079530368845,0.18906437120938469,0.18928595851876923,0.16098197319317936,0.19437705122781562,0.1886801755215763,0.18679198415050763,0.18867759978200427,0.19439241052625422,0.16089496159696504,0.18908026697336056,0.1887232134033192,0.1890678812155014,0.1608272668797448,0.23288621977068763,0.16091825589548464,0.1943438125854658,0.16087898565879083,0.2328819974457017
0.2394764034127035,0.16557375270687086,0.20049749120641125,0.16567454024461925,0.2395354122118032,0.16552611230482545,0.19414892947512713,0.1922258525891538,0.19426580933241144,0.16557120887516352,0.20044207842021033,0.1918268523017138,0.1890981476327218,0.19182077304216233,0.20043517002595407,0.16547960859381466,0.19404923085589104,0.19187243149381328,0.194056839850414,0.16541144493808152,0.2394827988304613,0.16547708103169267,0.2003722196790939,0.16544832025020945,0.23948622594598307
0.24620938624046412,0.17012152605396708,0.20651142254847005,0.1702143843202813,0.24627733024333698,0.1700822347882457,0.19896521460716377,0.1951359018822042,0.19906557940950176,0.17012842454624422,0.20649142913045487,0.19472209767023607,0.19123761060355404,0.19472140304069047,0.20646841704084834,0.17003809617051008,0.19884186519354446,0.19478578137967062,0.1988680379991658,0.16997078601402876,0.24621251943211558,0.17000234078379345,0.20638555090425525,0.16998080057333753,0.24621787641751625
0.25304990107692094,0.1746184680302985,0.2124984367190138,0.17470467884785085,0.2531288362446764,0.17459071310581548,0.20362191644926542,0.19782519241310959,0.20371178682148833,0.17464988617705524,0.21252108528456493,0.19739684715070777,0.19325004633611198,0.19741125118910247,0.2124991598128847,0.17456428980261113,0.20347846748446446,0.19748659089382042,0.20352463021840844,0.1744998063256044,0.25306283127018503,0.17448875050843243,0.21238615165975555,0.17447403851310905,0.2530632270602392
0.25999295761373264,0.17907102938466984,0.2184756308526864,0.17915171513730455,0.26008384872958407,0.1790556779261333,0.20814131003790304,0.2003238567620682,0.2082252767205599,0.17913536207998532,0.2185388909217409,0.19988211433113195,0.19517899877802358,0.19992078459342477,0.21853713408501207,0.17905573393478175,0.20797719801698844,0.1999965447759851,0.20804871732970642,0.1789947487169991,0.2600247229392494,0.1789349562681306,0.21838186428411693,0.178930488864271,0.260016877507219
0.2670430622166966,0.18349049625277425,0.22446320540080067,0.18356526651319538,0.2671445805137162,0.18348560217176318,0.21253915825320308,0.20265589817506335,0.21261689140897883,0.18358910811424856,0.22455838136723444,0.2022033565941998,0.19706220083936293,0.2022700932233319,0.22458976687077936,0.1835111524727991,0.21235162446637246,0.2023356596069198,0.21245375794827648,0.1834541940434133,0.2670934155457707,0.1833427840235211,0.22438204001499773,0.18335658785520564,0.2670821873669343
0.2742099152991848,0.18788342402074087,0.230474987737254,0.18795178266342383,0.27431837304773066,0.1878877180756675,0.21682114213331538,0.20483446578116743,0.2168895816876294,0.18801690783100633,0.23059164060553355,0.20437934364314325,0.1989242902502566,0.20446892108632192,0.23065910422518426,0.1879296623666739,0.21660796298486235,0.20451913481041972,0.21674127232146767,0.18787864290611744,0.27426888011561545,0.1877144799213768,0.23039382407658693,0.18775680601481554,0.2742655518740392
0.2815004983645752,0.19224713663340887,0.23651072102103576,0.19231061245352715,0.28161140862663103,0.19226264799923698,0.22098522404894577,0.2068654302956296,0.22104145351461357,0.1924172981455099,0.23664470027698659,0.20641860232657627,0.20078059975870943,0.2065225321060058,0.2367416029743823,0.19231034166598898,0.22074682921626848,0.20655501544812976,0.22090719354280125,0.19226651287752927,0.2815546417847581,0.19205080613680464,0.23641963678325117,0.19212821282170778,0.28156967789429466
0.2889131342045853,0.1965708414787955,0.24255798474954438,0.19663394753446162,0.2890231936708373,0.19660351399602272,0.22502827967796524,0.2087549140543491,0.22507236187624735,0.1967778206791262,0.24271447676687324,0.20832473402639612,0.2026437657964421,0.20843301174886752,0.24282810293554397,0.19665087654237756,0.2247692875930461,0.20844901186296277,0.22495209789471943,0.19661190044764554,0.28895328997052616,0.19634847551353563,0.24245477523636677,0.19646013293554676,0.288989668628533
0.29643705119371067,0.20084166948406984,0.24860004155634075,0.2009092946430509,0.29654520253931926,0.2009006268764581,0.22895653608681726,0.2105148957862502,0.22899051900485679,0.20108354746769225,0.24879029694394494,0.2101040756283042,0.2045274562752828,0.21020949815378964,0.24890578077586872,0.20094590191241468,0.22868190271011785,0.21021221954075053,0.22888590181548124,0.20090710377219212,0.29646139245488395,0.20059876215415934,0.24848806111380906,0.20073863590563618,0.29651428076113284
0.3040548865376629,0.20504893957717057,0.25462151809690015,0.2051211299416439,0.30416211180643016,0.20514358133154736,0.23279064227454527,0.21216457781170456,0.23281433149972114,0.20532419392624007,0.2548575316717484,0.21176950800951766,0.20645376599724863,0.21187326619664787,0.25496183211511914,0.20518706719727392,0.23250157353742407,0.21186487120955116,0.23272885937317422,0.20514575216486897,0.30406712835095595,0.2047902063982313,0.25450616817932337,0.20495121002781147,0.30412938047358673
0.3117473945060384,0.20918603978831118,0.26061147188936257,0.20925661315628746,0.3118554317087705,0.20931769882988005,0.23655952387664203,0.21373019149455735,0.23657151479742222,0.2094940307051809,0.26090351980004745,0.21334634637641897,0.20845677844635707,0.21345322010875756,0.2609888445816558,0.20936612485804806,0.23625816856157933,0.2134382602815768,0.23650965068494734,0.20932337357663677,0.3117534683281053,0.2089151082382033,0.2605006468787448,0.20909070477403657,0.3118198291412222
0.3194960384409309,0.21324827884516445,0.2665670382743108,0.213311917781073,0.3196067595100006,0.21341037905074306,0.2402953572218624,0.21524463995165033,0.24029702629444977,0.2135922470939463,0.26692216108972855,0.21487167712880856,0.21057741441342348,0.21498674200568607,0.26698984706827034,0.2134796339308913,0.23998898795238494,0.21497185464706475,0.2402606654788323,0.21343793483891682,0.31950386941384246,0.21297345682849467,0.26647190099317286,0.2131577964127046,0.31957008629829653
0.32728563001323574,0.21723468095374243,0.27249707300539583,0.21729334149357216,0.3274008324042307,0.21742431511827942,0.2440333647426572,0.2167444023705199,0.24402875180658679,0.2176241179261192,0.2729165486432601,0.21638368160464594,0.21285596656116007,0.2165138567555599,0.2729778931472483,0.21753065677126454,0.2437286341792238,0.21650163609963274,0.24401612423534785,0.21748962410845368,0.32730625551997844,0.21697031504214404,0.2724289903695331,0.2171592595902162,0.3273655301325531
0.33510689910797864,0.221153857640714,0.27842145922780454,0.22121325448962353,0.33522777043875357,0.22137427731843579,0.24780677305886178,0.2182629687881794,0.24779983715133197,0.22159744088484845,0.2788992522316097,0.2179164278984549,0.21532872886845728,0.2180665970565151,0.2789703843248871,0.2215250565232707,0.24750518661780002,0.21805414091308067,0.24780791370793348,0.22148192554454815,0.3351526205446812,0.2209123924347643,0.27838585898156576,0.2211041056191207,0.33519595575448397
0.3429586523191095,0.22502464844659692,0.2843639175093968,0.22508659145685006,0.34308529153347384,0.22527423236833688,0.2516407239112558,0.21982736007609527,0.25163284025108873,0.2255199501327051,0.2848882451308009,0.2194964070432866,0.21802651033748333,0.21966826599642025,0.2849818584597952,0.22546816922505525,0.25133916060336736,0.21964905017506325,0.2516601222518563,0.2254218548524236,0.3430374876851342,0.22480678853345848,0.28435779016332574,0.22500241074398625,0.3430590726878644
0.35084671642390214,0.2288646132908037,0.2903441605023941,0.2289266435253688,0.3509768922687546,0.2291344346419602,0.2555489901079243,0.22145493687985207,0.2555398558420439,0.22940111538169355,0.29090059008672775,0.22114188573347404,0.2209700398673956,0.22133377492448153,0.2910200597916226,0.22936444183636479,0.25524572295977677,0.22130185275014808,0.2555867935112177,0.22931661909905748,0.35095673940868843,0.22866046006832452,0.2903574354950741,0.2288650059967493,0.3509593273283672
0.35877893673607003,0.2326808464897548,0.296371917602062,0.23274219952464925,0.3589081288264083,0.23296603354946532,0.2595390554797812,0.22315351327446753,0.2595264221723047,0.23325111283322014,0.296947578542584,0.22286492858253543,0.22416813900274285,0.22306884462525045,0.29708661401599545,0.2332187758456239,0.25923527793670575,0.22302215648088536,0.25959402462567505,0.2331708551448129,0.35890835915355024,0.2324792867840238,0.2963914251354068,0.23270034525028732,0.35890210069325723
0.36675789486091215,0.23647266542654966,0.3024447311604527,0.23653473481796966,0.3668811121180467,0.23677494229489676,0.26361685842106375,0.2249260867294266,0.26359740942213394,0.23707198137810104,0.30303262127513825,0.22467015721977068,0.22762333372426535,0.22487603906553355,0.3031790630325123,0.2370359693188988,0.26331372314277124,0.22481547457004847,0.2636855077847031,0.23698728037680822,0.3668919021321162,0.2362677849828423,0.3024601735204372,0.2365091539456396,0.3668865803266897
0.37477697454300696,0.2402360906358197,0.3085502137368187,0.24030128679279883,0.3748902052608714,0.24055742200247426,0.26778922062326904,0.22677916509414225,0.2677625119698729,0.24085661586437612,0.3091515494410455,0.2265603311597708,0.23133914781714826,0.2267607386716773,0.3092915056654618,0.24081965675767208,0.2674884686435894,0.22668841524383787,0.26786875209227534,0.24076818605504335,0.3749053796917582,0.24002912263142384,0.3085596506765525,0.24028650836555532,0.3749030766207566
0.382819951928732,0.24396348245849558,0.3146734544158042,0.24403672038012153,0.3829217723195422,0.24430813443345628,0.2720698396781665,0.2287252170778904,0.272037561860243,0.24459870861219862,0.3152951035191277,0.22854349114865435,0.23532172536848345,0.22873425581458817,0.3154162490959379,0.24457104023396647,0.271774209862347,0.22865308056576772,0.2721594443964719,0.24451402883024814,0.3829405144533369,0.24376239801192862,0.3146828039204107,0.24402747878973075,0.3829349640710952
0.3908652779849944,0.24765093710608393,0.32080385993528543,0.24773371649397713,0.3909564744176421,0.248025781040405,0.2764802693212144,0.23078072377185083,0.27644255100410975,0.24829876514643157,0.32145364174683694,0.23063317944801048,0.23958143831722145,0.23081516708473293,0.3215470337829378,0.24828896742180717,0.2761921591259175,0.23072732428660825,0.27658044825653644,0.24822487702253299,0.39098136156485364,0.24746311484128042,0.32081981066201737,0.24772739521615478,0.3909630976660029
0.39888998365150335,0.25130333085363,0.32693659240003137,0.25138696987977194,0.39897289730531804,0.2517071096033286,0.2810442959959743,0.23296253270073009,0.28100148308185147,0.25195979802817314,0.327619255632826,0.2328472139755121,0.2441339235888132,0.23302547849496563,0.3276811022635796,0.25197249109982,0.28076780508865373,0.23293307106753358,0.28115644210235635,0.25190312859198827,0.39900731622580776,0.2511291996860142,0.3269625589227695,0.2513833198216607,0.39896967478532236
0.406873185372617,0.25492430783691866,0.33307118566528915,0.25499964684440823,0.406950702078914,0.2553462550504719,0.2857846132548828,0.2352890077973685,0.28573883481093976,0.25558482433843005,0.3337878709267814,0.23520790239560285,0.2489941420821219,0.23538703214758622,0.33382171830626123,0.2556235091600269,0.28552560481498496,0.23529270490279836,0.285909760512431,0.255552650959048,0.4069985914634082,0.2547648329594394,0.33311090142287875,0.25500272948430003,0.4069378357731454
0.4147978634740187,0.25851082442483664,0.33921248606797394,0.2585823524044045,0.41487260841244444,0.2589467725826139,0.2907227235677303,0.23777974505413235,0.2906761757746003,0.2591803564178806,0.33996129094825145,0.23773529287692857,0.2541731896956667,0.2379186936651762,0.33997742893817356,0.2592470812889476,0.2904834933022867,0.23782188765246315,0.29085991324463256,0.2591752645241947,0.41493979082821203,0.25837749018502976,0.3392731316124872,0.2586018001199367,0.41485180324996446
0.42265169329752983,0.2620673708599489,0.34537229157142146,0.2621455040640034,0.422725643359221,0.26252313140482947,0.2958729920365285,0.240447823620081,0.2958290011344523,0.26275487173237255,0.3461466676296866,0.24044093632984725,0.25967756497353,0.24063056441149694,0.34615782999220013,0.2628484088150863,0.2956529746223827,0.24052627355533296,0.2960216530432243,0.2627717946917053,0.42281931333103934,0.26197260848694776,0.3454574528617038,0.26218786349183554,0.42269766564600464
0.4304275031686515,0.26561302195177466,0.35156367316881654,0.2656975818632198,0.4305008590434418,0.26608655692046007,0.3012409836081158,0.24329600673733276,0.30120164524596627,0.2663149850997544,0.3523523887611789,0.24332953831840148,0.2655043638159275,0.2435246421998951,0.3523681242542911,0.2664310275310513,0.3010392583713233,0.24340573944426674,0.30140157379409216,0.2663474589460238,0.43062620462434287,0.26555307738571104,0.35166657152869046,0.26575858254071966,0.43046621176947913
0.43812213666071276,0.26916436954691136,0.357792432416437,0.2692475823840874,0.43819226811723827,0.2696411736553904,0.3068256927891264,0.24632118877895992,0.30679006671841486,0.2698671585041183,0.3585838217343096,0.24639956628972282,0.2716405755255998,0.246597721124315,0.35860649981763737,0.26999794977164243,0.30664075666628543,0.2464569177117964,0.3069975878926464,0.26991080165445924,0.438348530539684,0.2691223333891007,0.35789999469036776,0.26931773807864473,0.438153067390733
0.4457329768507578,0.2727219230804598,0.36405404955363635,0.2728012855089222,0.44579487578956595,0.27319343011297215,0.3126205257387405,0.2495152196469686,0.3125878638709579,0.27341914764619313,0.36484007523543865,0.2496438030827688,0.27806725128697135,0.24983989358323255,0.3648649149062814,0.27355294817782916,0.3124510588266568,0.24967293919390993,0.312801363776711,0.2734675774315929,0.4459740752354231,0.27268512916650633,0.3641556164216722,0.2728769283910617,0.4457552371866975
0.4532529472411043,0.27628012691010373,0.37033608378780275,0.27635734951510166,0.45330127024184264,0.2767504002380568,0.31861575734316655,0.2528667032758567,0.31858526989126795,0.2769736632319372,0.37111336465576283,0.2530523100930634,0.28476173182715814,0.25323780278617514,0.371131566090697,0.27710032995711453,0.3184625634628979,0.25304389168594144,0.3188025132158378,0.27701857957128273,0.45349181836934827,0.27624492576641957,0.3704254193060031,0.27644002058823863,0.453264414378526
0.46066693276374016,0.2798374527447138,0.37662020079029085,0.2799122950450128,0.4606984094617788,0.28031004895785705,0.32480151133134616,0.2563667674435105,0.3247736127620314,0.28052457953951326,0.37738979734797556,0.25661345386583645,0.29169969322191946,0.25678230668075686,0.3773928042488398,0.2806434318807004,0.3246686773291923,0.25656072257390605,0.3249916022878666,0.2805641099821313,0.4608905226528699,0.2798027256521889,0.3766940736577418,0.2800003727028868,0.4606632233063562
0.46795145104429153,0.2833905879374501,0.3828840648794853,0.2834647676562295,0.4679663648288819,0.28386595694798356,0.33117080493895457,0.26001018218088495,0.33114832766645547,0.28406528186688895,0.3836524650422265,0.26031759633164875,0.2988576703559722,0.26046877184933465,0.3836340262074052,0.28418379004177247,0.3310619177915207,0.26021846291782624,0.33136356112551135,0.28410578168680584,0.4681553427692455,0.28335849724711776,0.38294683264406965,0.28355394959449426,0.4679270129234622
0.47507796418805537,0.28693284021424603,0.389106274502523,0.287010773731071,0.47507936149611607,0.2874176090771053,0.3377204736495941,0.26379250918986497,0.3377037268465784,0.28759611661542905,0.38988397280241877,0.2641594029350185,0.30621445382658186,0.26429347200790576,0.38983979478455044,0.28772065378634826,0.33763578405264716,0.2640150697604974,0.3379159529729713,0.28764417250158103,0.4752648291355483,0.28691096470199895,0.38917008807396064,0.28710060955824385,0.4750284662400702
0.4820169635118442,0.29046339488398387,0.39527050989767254,0.29054151372599396,0.48200866278907695,0.2909643052877369,0.34444560874173097,0.26770777223470693,0.3444340003813303,0.29111910418299314,0.3960665759959736,0.2681335427832474,0.313750702201387,0.26825305621378576,0.395995072221996,0.2912509220204048,0.34438728674996216,0.26794763538269384,0.34464445022610435,0.29117806343561214,0.48219214370354646,0.29045453489332423,0.39534438588354154,0.2906355455838342,0.4819420200479414
0.48874089020883393,0.29398520822170154,0.40136391738647303,0.29405169464648734,0.4887260188432725,0.2944959794616035,0.3513376298193333,0.2717490436570076,0.35133349957127025,0.2946314772685465,0.40218245520673135,0.27223434400000046,0.32144534056980273,0.27234410263269215,0.4020870147820452,0.29477080311059445,0.3513102906986797,0.27201129780578465,0.3515411395548651,0.2947055848507403,0.4889091293244625,0.2939835349144131,0.40144780117397716,0.29415342102999564,0.48864442247252654
0.49522565675115904,0.2974924193594728,0.4073741679146363,0.29754419510390384,0.49520619929598425,0.2980030476976601,0.35838581825711013,0.2759107963555676,0.35839136049178366,0.2981289330376678,0.40821565950698185,0.276456706097515,0.32927266589064763,0.27656081175468583,0.40810489255312143,0.29827729078566123,0.3583902892266965,0.27619772881656013,0.3585940505659977,0.2982225828324348,0.49539074852291387,0.2974990773614542,0.4074670449343909,0.29765719070514796,0.4951133937427542
0.5014502665121767,0.3009744455593847,0.4132903679521829,0.3010215630820997,0.5014278743392928,0.30148847452314687,0.36557351152239265,0.2801844468339577,0.3655909428566471,0.30160968050819525,0.41415288554192886,0.2807900010595673,0.3372028175031102,0.2808914303944584,0.41403732702956214,0.3017669977080596,0.36560755656792315,0.28049289597371974,0.3657863118805844,0.30172204944387926,0.5016168170009722,0.3010029807598252,0.41339516920424724,0.3011505417732032,0.5013269223695793
0.5073975299587444,0.3044319561306133,0.41910454585160545,0.30447980809219966,0.5073729861364478,0.304957324734662,0.37287699261813295,0.28455339262237034,0.37290830249096507,0.30507163666139514,0.41998153606773775,0.2852163148560376,0.34520076545594097,0.2853166091344932,0.4198697207012142,0.3052348202000882,0.3729373566331096,0.28487735030768657,0.3730959202717977,0.30519802329758466,0.5075694852487715,0.3044876906749402,0.41921847003489576,0.30462505699176584,0.5072654411467715
0.5130536632821378,0.30787480947459256,0.42480464749651226,0.3079147680594899,0.5130256266938288,0.30840440105273,0.38026685500863533,0.2889955970847807,0.38031122325223277,0.3085112813200809,0.42568619240219363,0.2897140143440223,0.3532255834776338,0.2898138062150123,0.4255832946367929,0.3086748639901567,0.38034871644253415,0.28932934078415873,0.3804923286704524,0.308649459342518,0.5132309109707685,0.3079410456910448,0.4249156812259295,0.30806982389410054,0.5129139019646122
0.5184068088646979,0.3113020134803078,0.4303669235784249,0.31132610876082994,0.5183711507963583,0.31182226522260653,0.387706822308215,0.29348601232935567,0.3877635179317872,0.31192723429769587,0.4312475158819741,0.2942592543447463,0.3612322621480545,0.2943575966176361,0.43115520784114403,0.3120825721743259,0.387807250388612,0.2938241152612966,0.38793676038177566,0.31207575819172495,0.5185822370228478,0.31135929573048005,0.430468357571942,0.3114870406362017,0.5182609746044038
0.5234443629737827,0.3146994736605896,0.4357640142926884,0.3147109193625696,0.5233951541276431,0.31521067954735604,0.3951565239871178,0.2979963577779182,0.39522500680680783,0.3153184267424113,0.4366430665894322,0.29882572252804146,0.369173126213152,0.2989179189890591,0.4365596949794223,0.3154551319532536,0.39527473713063466,0.29833344328593847,0.39538887460570804,0.31547142029292496,0.5236046372990404,0.3147455575756072,0.435859289290244,0.3148824248166753,0.5232946850288372
0.5281500718686649,0.318056272063723,0.44097314553231526,0.31806073208684793,0.528082210176899,0.318568134230809,0.4025751069066389,0.3024976444895794,0.40265265346741186,0.3186765698019304,0.4418479142001424,0.30338440893005514,0.3769982509828286,0.3034643550006487,0.44177003213539245,0.3187892539441194,0.40271009498811206,0.3028301180454733,0.40280724238441845,0.3188278107002664,0.5282813223622388,0.3180970603036315,0.44106099382735126,0.3182465634781917,0.5279974428387819
0.5325026608497705,0.3213675437933696,0.44596908324994167,0.32136682778769277,0.5324147021299436,0.3218833898995944,0.40992046872247834,0.30696329718004955,0.41000574918788907,0.3219869603687735,0.4468352294495131,0.30790578073234726,0.3846583452215891,0.30796969464613966,0.4467595870651696,0.32207974240789905,0.4100721248811699,0.30728864932136457,0.410149265879891,0.3221374319992893,0.5325968215340258,0.32140351020444363,0.44604064586412434,0.3215614138974835,0.5323452720930177
0.5364774346079395,0.32462348779247185,0.45071688904772256,0.3246213935343768,0.5363721969742239,0.32514503406803097,0.4171509553129082,0.31136830795086984,0.4172439084588413,0.32523828175337927,0.45157778655258374,0.31236238790926446,0.39210530174201264,0.3124094201510842,0.45150137426201076,0.32531862438188597,0.41731839434214046,0.3116825152396103,0.4173749041946568,0.32539339138325185,0.5365346979942721,0.3246550246806429,0.45077364282758914,0.3248174063596406,0.5363116706409979
0.5400494697644863,0.3278105787822611,0.4551817553822617,0.32781084625640333,0.5399323463735587,0.32834691539883787,0.4242264296662278,0.31568830275916493,0.4243250575199108,0.32842339975922535,0.4560483237399175,0.3167270484358219,0.39929289573419385,0.3167597264697023,0.45596755813681206,0.32849421715254956,0.42440679754511057,0.3159879030905156,0.4244447756256198,0.3285859634113093,0.5400755813028545,0.3278422079499522,0.4552386833183359,0.32800844190730655,0.539873045855827
0.5431974482632855,0.33091966153654273,0.4593394226828872,0.3309157246522736,0.5430737578039971,0.3314752455104545,0.4311057175487897,0.31989735291759014,0.4312082362408858,0.33153054658229664,0.4602188145067404,0.3209729751717951,0.40617781717894563,0.32099710682132343,0.4601311529604336,0.3315918483485404,0.4312981960795339,0.32018372732175426,0.43131808177180664,0.33170204750906745,0.5431985207019704,0.3309501237442166,0.45940446280016445,0.3311183825496954,0.5430118330449475
0.5459052667246455,0.3339394588220694,0.4631688743937132,0.33392038258295775,0.5457780915972588,0.33450466047074556,0.43774676774203103,0.32397057513693694,0.43785281023298595,0.334541962255437,0.46406113067218674,0.32507803278983377,0.4127181783260926,0.32509929668941245,0.46396754241685206,0.3345964547717243,0.43795076961420076,0.3242464762429178,0.43795420905807986,0.33472689577608294,0.5458849023523806,0.33396170166872774,0.4632359651654332,0.33412834425132243,0.5457152683219577
0.5481624621424424,0.33684733144678103,0.46664555363155213,0.33681455437063446,0.5480320700843114,0.3374150853388087,0.44410795471213205,0.32788704917097017,0.444217661947733,0.3374412706948725,0.4675495856030554,0.32902122250392807,0.4188742964689406,0.3290428398210927,0.46745516171666734,0.3374934197536906,0.4443201433136291,0.32815150310517904,0.4443109596679057,0.33764318209247146,0.5481227842580465,0.3368649638237633,0.46671166446889584,0.337028457877292,0.5479735090074653
0.5499633753612969,0.33962136094208695,0.4697482398725047,0.33958501333600805,0.5498278933741191,0.3401998268793555,0.45014640320072025,0.33162453307885575,0.45026036841358147,0.34021617426480033,0.4706621189287703,0.33277738589201955,0.4246073047628302,0.3328013272692635,0.4705734319897546,0.34026764347470323,0.4503622083991351,0.33187397167099697,0.4503444677228052,0.3404331955844103,0.5499070981273332,0.3396462705736887,0.4698194810635913,0.33980887250204794,0.5497789473352513
0.5513072766407959,0.34225502437481925,0.47246493873533907,0.3422143612945563,0.5511637513572125,0.34285015442996886,0.45581763109881124,0.3351555995220099,0.45593572959918205,0.34285371237929657,0.4733799973681679,0.3363193351311267,0.4298780391464096,0.3363476709056926,0.47330338932183263,0.3429031500130155,0.45603083454969423,0.3353871197207734,0.45601190020702254,0.34308301681151754,0.551237660721881,0.3422848964242574,0.47253937193457923,0.34244973174819915,0.5511283904257356
0.5521987112595009,0.344746660836094,0.47478425393246854,0.34469064927373017,0.5520432615233136,0.34534725133737487,0.46107743996161943,0.3384535575545574,0.4611973980083878,0.3453404734561544,0.47568802803543014,0.33962096595137786,0.4346501583929239,0.3396554420990838,0.47562906428880203,0.34538535848376783,0.46128060536672305,0.3386622008798109,0.46126701931167546,0.3455826755456597,0.5521165841376469,0.3447639531138954,0.47485118324895753,0.3449339895166996,0.5520258191349883
0.5526472828229024,0.34708241215004176,0.4766905513754563,0.34700923722915156,0.5524755877056583,0.34767685330365355,0.465881358665486,0.34149161361419844,0.4660001992401422,0.3476677412695885,0.47757523649287137,0.342656765911477,0.43889169630857555,0.34269697788758213,0.4775376912673502,0.34770291864441716,0.4660697374450286,0.34167209474226923,0.46606164993297755,0.34792121323199515,0.5525478115962152,0.3470786351762821,0.47675034041724285,0.34725944465759595,0.5524823763147468
0.5526666607529385,0.34924302761858067,0.47817339450564567,0.34916299702980896,0.5524744754325774,0.34983635116081047,0.47018517429073353,0.3442415512759983,0.47029932106357714,0.34982917180473916,0.47903472438672096,0.34540248129608825,0.4425718638189241,0.345444581070426,0.4790194155216556,0.34984684917623887,0.4703561227057463,0.34439197790327114,0.4703528076281404,0.3500849646670461,0.5525403155195016,0.3492258686232939,0.4782361392346332,0.3494234826752187,0.5525127015652523
0.5522726717490646,0.351219865243792,0.47923310541496256,0.3511389681402367,0.5520572657399923,0.35182087560895575,0.4739492368812203,0.3466800003019829,0.47405411029239125,0.35181242620330444,0.48006307520993696,0.34783551200379326,0.44566322177115103,0.34787480578411767,0.4800685973557213,0.35180803231386093,0.47410052679580045,0.3467991195681669,0.47410183781865123,0.3520609271778391,0.5521097238255707,0.3511924357269566,0.4792953470302576,0.35140907302365876,0.5521315403606568
0.5514824490868291,0.35300968783676845,0.4798708872798578,0.35292622917637106,0.5512443963407859,0.3536154405240649,0.4771399270392002,0.3487882175483583,0.47723334079360497,0.3536004737912355,0.48066105319420727,0.349935769297122,0.448145565401481,0.34996916019233426,0.48068467169039003,0.3535764369102683,0.47727096455958673,0.3488742310857184,0.47727408752959866,0.3538400783443214,0.5512784194993097,0.3529622446615781,0.4799165677141455,0.35319699002305566,0.5513530941502671
0.550315755104719,0.35460004147581947,0.4800832172217573,0.35451650733757417,0.5500592049669686,0.35520719642276793,0.4797310498044548,0.350551012027635,0.4798126363188809,0.3551811847077001,0.480834384918444,0.3516871044289084,0.4500048959127204,0.3517134724889055,0.48087131342538897,0.35514170693825486,0.47983988864246147,0.3506026105608367,0.47984545021612507,0.35541454229618397,0.5500731836131636,0.3545275888272717,0.4801107207898458,0.35478035842379185,0.5501949612787012
0.5487972653243035,0.35597457860918047,0.47987270357546263,0.35589589748659256,0.548528305079919,0.3565902817213586,0.4817049263278958,0.35195995889636744,0.4817724358019711,0.35654711198497135,0.4805923694317629,0.3530773859651487,0.4512339155545317,0.3530984477330157,0.4806355046704565,0.3564936732588903,0.4817883995997814,0.3519754437939856,0.4818010001898513,0.3567744066414712,0.5485226470293367,0.35588356526855425,0.4798968731211838,0.35615407575902225,0.5486822970832355
0.5469592910565408,0.35712481075625147,0.4792555748894827,0.3570461308296146,0.5466831618569895,0.35775391839891235,0.4830523552263925,0.3530106165121698,0.48310347266516857,0.3576873134345051,0.47994771023838834,0.35409981154378223,0.4518349201881096,0.35411986938843276,0.47999001387920753,0.3576221333782571,0.48311022612670823,0.35298955712341495,0.4831301626020114,0.35790913016760095,0.5466579317003214,0.3570175880579953,0.4792809647835832,0.3573023215901475,0.5468502647445075
0.5448419517881006,0.3580447759147497,0.4782537982490071,0.35795541991904856,0.5445608183697145,0.3586793883386533,0.4837732228929948,0.3536989954972641,0.4838063284982941,0.35858807623461564,0.4789177854966769,0.3547546887160675,0.4518182181765515,0.3547774180186712,0.47895529476258664,0.35851762028284806,0.48380520279731215,0.3536453689623806,0.4838324545559403,0.3588102213212917,0.5445156144201628,0.3579149427837266,0.47826950631833315,0.35820975019969803,0.544741712875808
0.542491684021522,0.3587215207199622,0.4768900480852185,0.358620842089726,0.542204403750807,0.3593557125605652,0.4838759256040064,0.35402832015054675,0.4838895494967659,0.35924251750919867,0.47752696416895285,0.35504728023817933,0.4512015826459082,0.3550742440258897,0.47755937875976073,0.35917307902376966,0.4838803230188814,0.3539467558170575,0.483918226667221,0.35947108516969895,0.5421406304966052,0.3585697748746811,0.4768940964530074,0.35887448604766303,0.5424035215860359
0.5399594189793148,0.35914537964912474,0.4751973994364326,0.35904093105284623,0.5396630771517559,0.3597854326841819,0.48337819954758876,0.35400842883220784,0.4833728220790876,0.35965143862517246,0.4758078173044674,0.35498537016685483,0.4500110787164982,0.35501794024709626,0.47583701914233595,0.3595843979112464,0.4833531111647716,0.35390232449768133,0.48340551514446317,0.35988718112494833,0.5395858188370853,0.3589824817088121,0.4752017508814295,0.3592988632414925,0.5398847785685381
0.5372993361277895,0.3593223739178426,0.4732228027855501,0.35921416981972465,0.5369911237551124,0.3599716613770139,0.4823070170331816,0.3536511710186714,0.482284155714659,0.35981596094055784,0.47380087358015194,0.35458106714137605,0.44828044419809343,0.354621456641136,0.4738305182032984,0.3597502828215974,0.4822489342493463,0.3535229716895427,0.4823215700349651,0.3600584273284396,0.5369087659251645,0.35915133718565984,0.473232448735879,0.3594788025869098,0.5372373009202012
0.5345690752099396,0.3592643939329813,0.471017120352584,0.35914522713821107,0.5342471650607296,0.3599127640303137,0.48069652049085404,0.3529725480924834,0.4806562546388975,0.35973779265179573,0.47155501043063613,0.35385059148187237,0.4460517553321671,0.35390175098139814,0.4715900716120351,0.3596732923908349,0.4806021430625731,0.3528223249816063,0.48069994706658553,0.35998974375448384,0.5341682650367522,0.35907602282443374,0.47102559705032643,0.35941360554585244,0.5345185006609169
0.5318298146465702,0.3589765312846231,0.4686310205042613,0.35884566372154236,0.5314928534101905,0.3596150503701482,0.47858685994440714,0.3519915092088727,0.4785283582753758,0.35942617133057814,0.4691265146066494,0.3528149178274102,0.4433749072709074,0.3528790991553882,0.46917130353377035,0.3593612279945877,0.4784561918454559,0.35182049200907917,0.4785783771576928,0.35968810035105453,0.5314228216984345,0.35876752570940906,0.4686388389014232,0.3591169511405601,0.531791290243305
0.5291458070328414,0.35846411192799293,0.46612386659074256,0.35832720150240144,0.5287925267683022,0.35909687718696925,0.4760267329446158,0.3507292051704052,0.47594711229305897,0.3588969960748195,0.4665768622306199,0.3515017835871438,0.44030446795918476,0.35157774206768627,0.46663287273225457,0.35882629309269665,0.47585971096854635,0.3505425563602119,0.47600388432769597,0.35916131237488413,0.5287323478289829,0.3582422394835768,0.466139080052806,0.35860548007597765,0.5291222248084075
0.5265822672091345,0.35774438109754825,0.4635659684191613,0.3576016403712037,0.5262120273079423,0.35837590943268355,0.4730693782549658,0.34921462242940116,0.4729666997431785,0.3581648680660535,0.4639703228636036,0.3499422466900161,0.4368986004589091,0.350025471535494,0.4640361781997141,0.358083019815136,0.4728673442699895,0.34901466868029396,0.4730312189660477,0.3584221286252469,0.5261598725014806,0.35751140000566317,0.46358367644567733,0.35788828410241474,0.5265768171647444
0.5242030530464522,0.35683909336333763,0.46102572333441244,0.356686182547968,0.5238173850681888,0.35746323032179383,0.46977214258871697,0.34748017899820144,0.46964971940322686,0.35724224981192343,0.46137328378559506,0.34816707921244605,0.4332198499927457,0.34825315235264176,0.46144638152574563,0.35714797035620766,0.4695412552042702,0.34726645052598193,0.46972000111461804,0.3574900115287851,0.5237713422485855,0.3565846676988454,0.4610288337666945,0.3569767036603654,0.524216768789745
0.5220693343884769,0.3557636729271591,0.4585626869292899,0.3556022542509788,0.5216729134644364,0.3563749164274647,0.4662030611377086,0.3455581642838753,0.466063978517441,0.3561457216350008,0.4588535546718524,0.3462097049015035,0.4293345139616435,0.34629531956281245,0.45893066970564494,0.35604058745295325,0.4659484584509048,0.3453337881465036,0.46613921495458277,0.3563868626042108,0.521632428737446,0.3554813286384731,0.45854681329317937,0.3558947301594826,0.5221004886135943
0.5202393432932213,0.3545332777761293,0.4562363671072932,0.35436859195782633,0.5198392322672317,0.35513701205028825,0.4624380987484141,0.34348894229890986,0.46228311080217865,0.354897073972573,0.45647799963777463,0.34410865776713073,0.42531245984141797,0.3441918746955335,0.4565549531423886,0.3547829180471337,0.46216323075364,0.34325730497793794,0.46236537518498777,0.35513321566222156,0.5198042115040009,0.3542283584306096,0.4562148232938075,0.3546683043065585,0.5202849238943651
0.5187682627158524,0.35317313889454427,0.4541130529289509,0.3530022626903967,0.5183711583398984,0.35377392976963584,0.4585573031725936,0.3413181925240937,0.4583880169174434,0.3535183295980071,0.45431071421824454,0.341906247779306,0.42122792694918665,0.3419869095099405,0.4543819331574937,0.3533976555682642,0.45826807268297093,0.34107989392227034,0.4584776903192557,0.353750333997446,0.5183404121319731,0.3528502305919164,0.45409298510210966,0.35331413577543014,0.5188259265923407
0.5177064469115097,0.35171107715678906,0.4522566190646512,0.3515261500497333,0.5173163018810896,0.3523034526217668,0.4546473026220341,0.3390892855478427,0.45446385347150103,0.3520311638226995,0.4524122084297081,0.3396480889798148,0.4171587524350705,0.3397269146962568,0.4524713751284358,0.3519078192594366,0.45434837330825073,0.33884717430279876,0.45456112774666035,0.35226307066479495,0.517286984167533,0.35136823142610396,0.45222969039684224,0.35184904574387643,0.51777573600349
0.5170964995531837,0.3501667277371727,0.4507198185467439,0.3499681984139702,0.5167138292142403,0.3507472872029758,0.4507958407497919,0.3368489121904922,0.4505987391353442,0.35046146582014115,0.45083863331200497,0.3373830409442238,0.4131847505489116,0.3374606199891473,0.4508795724778657,0.35033761334520797,0.45049080568092587,0.3366092949898281,0.4507058248878731,0.3506981733834682,0.5166834399956521,0.34980671730823004,0.45068146409876,0.3503011270622113,0.5171776491331611
0.5169699773500503,0.34855894722459835,0.4495482923024276,0.3483538748786362,0.5165931300266529,0.3491358189222118,0.4470891090360469,0.3346499445967728,0.4468835961741494,0.3488380184280806,0.44963945443329933,0.3351629858958936,0.40938658250739113,0.33523951015601,0.4496576763563953,0.34871285717773204,0.446783799022875,0.3344199176973866,0.44700103317584994,0.34908155704927524,0.5165625080462423,0.34819321646308643,0.44950795527857185,0.3487010207324789,0.5170618105563262
0.5173452573557908,0.3469173508549851,0.4487857844462444,0.34670587074370607,0.5169728748804366,0.3474974995240091,0.4436159217905561,0.33254425171082835,0.4434073482486401,0.3471866613963631,0.44885578901547923,0.33304032816951556,0.40584498958504833,0.3331160851505756,0.4488506904060745,0.3470601606199844,0.44331372221029486,0.33233034166324993,0.4435345398682052,0.34743893538262516,0.5169472930353836,0.34655380694654914,0.44875196051507177,0.3470708531782315,0.5174444394194062
0.5182276474368874,0.3452757055946917,0.4484684647850148,0.3450500545138915,0.5178602548419281,0.3458536928570064,0.44046009815120846,0.3305808364471615,0.4402522556182805,0.3455309658546087,0.4485216124878763,0.3310639665030144,0.4026388647329158,0.33114104304531544,0.4484964085791681,0.3454064240676631,0.44016301401144303,0.3303875211607369,0.4403895313746471,0.34579775857009015,0.5178478306265132,0.3449131309127622,0.44844061211462016,0.34543146260503466,0.5183303160929515
0.5196108287355425,0.3436596612734848,0.44862063839187755,0.34341724584736544,0.5192508395537546,0.3442291792904856,0.4376954191791099,0.32880629811712014,0.43749191996752346,0.34389864355608235,0.44866363610931254,0.3292813129764782,0.3998415281106013,0.329362619053306,0.4486228832351735,0.3437796158858374,0.43740729201558637,0.3286377500019497,0.43763923115514874,0.34418619605200235,0.5192590354419607,0.34329860027514797,0.4486006081466982,0.34381326079675234,0.5197152261760182
0.5214787847821086,0.3420918481177111,0.44925996154387926,0.3418369465862995,0.521128922258058,0.3426571533661731,0.4353893107798636,0.32726510962425115,0.43519037240478387,0.34232225594229393,0.4492993064856616,0.3277398649036804,0.39751781618308824,0.3278258713836602,0.4492464446118572,0.34220846224501755,0.4351115618629795,0.3271248134561695,0.43534743186740066,0.3426312270203742,0.5211615504138343,0.3417392081313927,0.44925503717545445,0.34224996679763503,0.5215865393089263
0.5238060340179059,0.340602965020565,0.4504004291585765,0.3403355288127847,0.5234682555469872,0.3411687155371731,0.43359611728091557,0.32599766523284446,0.433401543753931,0.34083293557177713,0.4504341451553005,0.32648044917972807,0.3957224389394721,0.3265693745373407,0.4503725197359997,0.3407209808573074,0.4333304956440113,0.3258847351909115,0.43356688187038006,0.3411597279520917,0.5235248928106252,0.34026127619711133,0.4504078520480863,0.34076885732573103,0.5239209455833562
0.526556674335298,0.33922657137967815,0.45204240218053715,0.33894172537980816,0.5262327877044197,0.33978719548127667,0.4323534527666193,0.32503532986590344,0.43216768119478727,0.3394576321623076,0.45206231329778046,0.32553493061671257,0.3944965899989335,0.32562460564705153,0.45199706452526006,0.33934437873949125,0.4321057915922518,0.32494856651697146,0.4323373454088596,0.339799977911343,0.5263101287310524,0.3388904831382615,0.4520465558942395,0.33939604917965777,0.526682273780282
0.5296839326945623,0.3379879462195753,0.45416620695951826,0.3376885823127199,0.5293763605669494,0.3385377492064273,0.4316894572281648,0.32440155821782224,0.4315171497687285,0.3382228998745539,0.4541684967075601,0.3249295054803506,0.39386616843865635,0.32501676724987844,0.45410521280654476,0.3381057541681919,0.431464175012397,0.3243432659145616,0.4316887121504048,0.338579610436404,0.529469698643449,0.33765594419830947,0.4541580151963482,0.33816394692073753,0.5298208083040775
0.5331305256083017,0.33690863154149475,0.45673953681628704,0.3366061072448845,0.5328423814913914,0.3374533662789616,0.43162133451068796,0.32411654695893205,0.43146486631014924,0.3371553580768606,0.45672669092543683,0.3246823573914386,0.39384275194943463,0.3247625816377385,0.4566685917397736,0.3370314679086296,0.43142101496216867,0.32408517330333503,0.43163749373685434,0.33752266121324287,0.5329463716387457,0.3365863158696849,0.4567252091290581,0.3371024758714233,0.5332759914443284
0.5368298062247086,0.33601615789270134,0.4597231721262305,0.33571474243570554,0.5365637779641823,0.3365634919887308,0.43215160145428366,0.32419121274588736,0.43201295307368637,0.3362776155240576,0.45969777693772035,0.32480008199860216,0.3944239195018636,0.3248695075756106,0.45964429702893256,0.3361451422763078,0.4319798425344966,0.32417932809437944,0.43218377130736046,0.3366504908849391,0.536671386201329,0.3357048839277066,0.4597092874076407,0.33622939013901265,0.5369796670288028
0.5407069604522424,0.33533718434599225,0.46306639950403217,0.33502997643751725,0.5404632167777813,0.335884944313488,0.4332704564672293,0.3246231853228486,0.43314907578485856,0.33560767717827633,0.4630294245830826,0.3252783689789978,0.3955919880811784,0.3253360189454468,0.4629764623022916,0.3354662506097509,0.43312856836074265,0.3246255234740796,0.4333161763085384,0.335984167478244,0.5405655114029753,0.33503074117368914,0.463047740469272,0.3355577384337606,0.5408575830984346
0.5446793954191556,0.33488371333523725,0.4667006433023515,0.3345671115959824,0.5444547860969726,0.3354295113624388,0.43495438485935195,0.3254030065609864,0.43484892498058836,0.33516244955515706,0.4666571368081431,0.3261069442756528,0.39731480311488043,0.32615136129518785,0.4665981964057504,0.33501054096116306,0.4348426991404308,0.32541819429316643,0.43501243699506337,0.3355428749864384,0.5445421482198154,0.3345813895112969,0.46667062742051324,0.3351060584411644,0.5448284411302896
0.5486572126764043,0.334658159667793,0.4705454178177205,0.33433864176152733,0.5484462142205351,0.3352115213399727,0.4371668702781377,0.32651436379094484,0.4370783597655757,0.33495596998605237,0.4705052056257565,0.3272700638032505,0.3995478080561281,0.3272982193546963,0.4704333561386769,0.3347904828173614,0.43708715562987976,0.32654288277546273,0.43723735282773185,0.33534025875691736,0.5485112306121719,0.3343692722161931,0.4705062758612937,0.3348904260081681,0.5488025982749326
0.5525443383454592,0.3346679780102424,0.47451722052422457,0.3343498906311797,0.55234156233331,0.3352413031957836,0.4398622849343598,0.3279322186084262,0.43979182801068306,0.3349934834312447,0.47448832049347645,0.32874213833025967,0.4022358226735627,0.3287533760047979,0.47439949868390946,0.3348151129116633,0.439813608430799,0.32797619636639264,0.43994561039050223,0.3353833505366328,0.5523815046220093,0.3343986422876007,0.474472955910334,0.33491305542666533,0.5526830890485086
0.5562420633346356,0.33492398586298533,0.4785297892541825,0.3346017831894963,0.5560442538280503,0.3355175835007108,0.44298343065849294,0.32962631322364944,0.44293170476561516,0.3352727867927783,0.4785162764482421,0.3304874623604479,0.4053129346262616,0.3304856643540164,0.47841077545761895,0.3350892440324029,0.44296329158954206,0.32968687814653064,0.4430809285095019,0.3356747383974997,0.5560617925899782,0.3346700515290814,0.47848000082540326,0.3351700343084023,0.5563702962945205
0.5596536164258479,0.335426892484728,0.4824927547348895,0.335095240306165,0.5594603969882412,0.3360354613298394,0.44646185554713197,0.3315615017806488,0.446429691443061,0.33579268160035947,0.4824989373468097,0.33246691635967046,0.408703082612637,0.33245802627767507,0.48237989055152736,0.33561362602157513,0.44646829306159225,0.33163687157888533,0.44657376905952095,0.3362140668845769,0.5594613609014847,0.33518631744127897,0.48244051528288157,0.3356651203091983,0.5597685841491047
0.5626898752668839,0.3361673025872618,0.48631856525222134,0.3358289592892623,0.562502527809251,0.3367943998497427,0.4502215376510299,0.33369525070633044,0.4502068413778562,0.3365549081989644,0.486348300758535,0.33463913254037014,0.4123219016001331,0.3346279942919445,0.48621967908071023,0.3363849457682472,0.45024974207453716,0.33378223933355,0.45034524599008124,0.33699780019724657,0.5624925076250215,0.3359487327061379,0.4862734682832087,0.33640376191273624,0.5627921455621324
0.5652737593304297,0.33713842123209875,0.48992919597595525,0.3367962389664022,0.5650928604291098,0.3377913466901731,0.45417552680071827,0.33597851299717446,0.45417574392214033,0.33755675780857786,0.4899794650600833,0.3369550304357527,0.4160773668154311,0.33694499021895336,0.48984615856516706,0.3373954717789208,0.4542207429584456,0.3360729006859746,0.4543083922212774,0.33801869057911205,0.5650750989651131,0.3369492635877299,0.48989383431908723,0.3373790945954938,0.5653675385344843
0.5673423990976451,0.3383368660895477,0.4932529841147147,0.3379872537734149,0.5671665746415733,0.33901155056121035,0.458226626029164,0.3383547150197822,0.4582419519166457,0.3387861480270786,0.4933132826320894,0.339359457748156,0.41986969284869097,0.3393526478162303,0.49318249259416663,0.33863320239410677,0.4582872317422953,0.3384532902337431,0.4583670391880661,0.339265077518591,0.5671419612891695,0.33817224677558344,0.49321581392680724,0.3385753248061554,0.5674335829207279
0.5688480199515206,0.33975004894009087,0.49621898295890843,0.33939115537611403,0.5686737962986055,0.34043542699019563,0.46227648528320947,0.340762799736562,0.46230542229254634,0.34022640010536936,0.496279853017151,0.34179543259591616,0.42359428546549294,0.3417913719883554,0.4961602169343983,0.3400823430709907,0.4623479071940527,0.3408638228325488,0.4624209369549202,0.34072036116913895,0.5686423955634498,0.3396024689938848,0.4961701306930287,0.3399805102300348,0.5689408837169879
0.5697580058951515,0.3413540476776432,0.49876346669674665,0.3409927747680478,0.5695810577074671,0.3420492549130799,0.46622598597265485,0.3431427385680886,0.4662650207983041,0.3418597478659716,0.4988197619959511,0.34420127537744005,0.4271463378728526,0.3441971617457099,0.49871845808524573,0.34172306139831043,0.4663007986724464,0.34324042213714584,0.46636986579452644,0.342362836469414,0.5695432062553364,0.3412247771030861,0.49870749860286295,0.3415831232161626,0.569853386485911
0.5700557019801333,0.34312551301623373,0.500839040647462,0.3427679586600398,0.569871391262893,0.34383868337373874,0.4699733259320577,0.3454324604273824,0.4700204952183943,0.34366320032840475,0.500883600616926,0.34651095342824967,0.430424159464321,0.34650447654794836,0.5008044473004614,0.34353051850112926,0.47004683331885533,0.3455173080686539,0.4701129659217739,0.34416661887987465,0.5698275413399655,0.3430158628012717,0.5007827640283289,0.34335821571181047,0.5701511433473468
0.5697408065713806,0.34504370731834183,0.5024115997096386,0.34468512027313025,0.5695445188920566,0.3457748286177845,0.47342131623830747,0.34756824598315955,0.4734729949272086,0.3456055163938526,0.5024328515412291,0.3486605519048047,0.43333258413894815,0.34865056768997926,0.502376211929107,0.3454743419623935,0.47348967767252986,0.347633435049284,0.4735523053592913,0.34610265701833043,0.569493742220882,0.34494258414198387,0.5023489456468224,0.3452690575797911,0.5698330864492883
0.5688297566645967,0.3470762632392832,0.5034531839531802,0.3467103184510315,0.5686165032687391,0.3478163681603368,0.47648060916826035,0.349492191755565,0.4765314037282866,0.3476505832235738,0.5034417794016743,0.35059170769077663,0.43578732949796933,0.3505763844819122,0.5034049008557001,0.34751929503689816,0.4765401540678476,0.3495329901898855,0.47659760031947795,0.3481375211549964,0.5685555740138217,0.3469699173797618,0.5033729945261559,0.3472812356207926,0.5689169751061482
0.5673550944003342,0.34917402901697736,0.503944921063155,0.34880596388191937,0.5671195922048033,0.34992219664199037,0.4790706152671671,0.3511528480598779,0.4791169362013531,0.34976013026931885,0.5038982120146973,0.35225288352479966,0.43771851186071287,0.35222958779497776,0.5038755392940303,0.3496258213740896,0.4791199940348235,0.35116441125658104,0.4791689728808432,0.350231702050194,0.5670436444467203,0.349063225297645,0.503846285117146,0.3493623285063501,0.5674370901033614
0.565363995912643,0.3512857923015425,0.5038867742094153,0.3509271264915287,0.5651016826826495,0.35205234721089584,0.48112522009806474,0.3525047904969333,0.48116327854726987,0.3518897778162573,0.5038033993090812,0.353600614279473,0.4390718237496475,0.35356805420746584,0.5037882623924098,0.3517498610692399,0.4811625463722245,0.3524858656334786,0.48120185750140354,0.3523401943440773,0.5650069001319631,0.35118050157517144,0.5037747951982242,0.35146801725715154,0.5654409550797225
0.562916985657704,0.3533687426113107,0.5032978581120059,0.3530226389186035,0.5626259730979678,0.3541582219120758,0.4825946835191359,0.3535152648243834,0.4826208186268694,0.3539868037676636,0.5031734046211116,0.3545998907339299,0.4398114152442855,0.35455932920032374,0.5031604151345644,0.3538432530483182,0.4826175785091278,0.35346748088331503,0.4826490332952998,0.35441480243429613,0.5625117873565856,0.3532693346824077,0.5031711488276609,0.3535411658608264,0.562987959745502
0.5600877115311315,0.35537850667473386,0.5022095987638088,0.35504042071580155,0.5597698455951026,0.35618278966176,0.48344594334763186,0.35416374326144906,0.48345958235941,0.355996344346158,0.5020416904027568,0.35522682428721664,0.43992340709432437,0.3551812949505655,0.5020271557029667,0.3558549563270216,0.4834539611606155,0.35408760761395075,0.4834793987509088,0.3564060128777553,0.5596397339173503,0.3552753125047696,0.5020650088941138,0.3555281460910125,0.5601505124256202
0.5569632338484201,0.3572589835932934,0.5006660939616596,0.35692840834018635,0.5566237403026983,0.3580724415147854,0.48366708175412426,0.3544382307981222,0.4836669433374992,0.3578679785345746,0.5004587627046762,0.35547180355072694,0.43941600797868724,0.35542529492089303,0.5004392696586286,0.3577332184381899,0.4836581302623867,0.3543355032269988,0.4836807610888328,0.3582638751443129,0.5564837405455536,0.3571489104493982,0.5005111605259234,0.3573846728243545,0.5570163167837138
0.5536442759978624,0.35895174388725937,0.4987315863003113,0.35863279832078643,0.5532896777115873,0.35977989902893387,0.48326681547233735,0.3543398320635317,0.48324951653137965,0.35955389596950776,0.4984898236706825,0.3553372491396631,0.43831893471113453,0.3552948512446938,0.49846190311928834,0.3594271257512378,0.4832376153362134,0.35421470750039424,0.4832618823796984,0.3599386507761829,0.553146124546476,0.3588415696272375,0.4985788388290508,0.35906315962398383,0.5536890947096393
0.5502439317867172,0.3604095324413241,0.49649009483924933,0.36010040616930766,0.5498796898692979,0.3612560554339679,0.4822719152223826,0.3538834271833651,0.4822367023431354,0.36100483693961394,0.4962130105232486,0.35483790903675017,0.43668301170076396,0.35480445155478757,0.49617487236096464,0.3608879690715575,0.48222259991124844,0.35374001517344345,0.4822507933411425,0.36138261054766485,0.5497373617516895,0.36030211943549906,0.4963408016144537,0.36050800304071123,0.5502854287359115
0.5468841054681453,0.3615932381575567,0.49403594941228207,0.3612864075409139,0.5465134232485673,0.36244996057480927,0.4807320042943262,0.3530927958322235,0.4806786900176368,0.3621749744043521,0.49371945411617535,0.35400275042724694,0.43457934534544695,0.35398050865139197,0.49367221937178846,0.36207157644240384,0.4806622180407123,0.352935887084066,0.4806964879120714,0.36255267030455046,0.5463759217640727,0.36148337954568116,0.4938822405242737,0.3616707747186216,0.5469290983654596
0.54369053114945,0.36246421605788376,0.491469127805676,0.3621581916174278,0.5433146639231647,0.36332230526296194,0.47871808978327357,0.352002938108527,0.47864546635934613,0.36303026130500404,0.49111212382270447,0.3528709241284628,0.4320969381070606,0.3528600191942941,0.49105893634075654,0.3629410512513046,0.478625008202045,0.3518381049789179,0.4786697263184097,0.36341245569996694,0.5431857853376563,0.36235102063474,0.49131145706387036,0.36252233312703086,0.5437447911048465
0.540787181111458,0.36299150634532384,0.48889894452267507,0.3626920252173463,0.5404068667262542,0.36385250730530116,0.47631580459891754,0.35066153796209903,0.4762263306241509,0.3635487481440718,0.4885023138972462,0.35148898378348237,0.42934006203493014,0.35148923844169266,0.48844656647178913,0.3634690826248379,0.47620032753625036,0.3504925934716458,0.47625814972983743,0.3639344176514387,0.5402918513667154,0.36288142105495486,0.48874915435776994,0.36304385766836966,0.5408535479051854
0.5382911113860664,0.363163441747753,0.48644332289739317,0.3628715059560748,0.5379080744231379,0.36403017506793645,0.47362762278062803,0.3491242987809205,0.47352522054869545,0.3637155962368162,0.48600495442930836,0.3499132094009813,0.42642498238992954,0.3499239372201082,0.4859500178189204,0.363639407184363,0.47349295515779555,0.34895360757314675,0.4735646045407912,0.3641017543108592,0.5378132582140036,0.3630568419335117,0.48630820894535814,0.3632169510303032,0.5383697781072857
0.536308939943247,0.3629832979430289,0.48421943036848225,0.3626907686934479,0.535925919205804,0.3638476712616843,0.4707726833905252,0.34745278070900765,0.4706581019586389,0.3635237839589928,0.48373561242037605,0.3482070545189517,0.42347624721452437,0.3482269200345106,0.483684704658924,0.36344733565757215,0.47062067152146836,0.34728235291379594,0.4707058992286281,0.36390958244300087,0.5358566743105377,0.3628696962056089,0.4840933258141884,0.3630312819803252,0.5363991385734662
0.5349326104166182,0.3624564477609278,0.4823348088645691,0.36215794383036726,0.5345531421082828,0.3633079431754437,0.46787580248893723,0.34571393842718534,0.46775014575024837,0.3629806554148848,0.4818061064603061,0.3464382967693056,0.42062162957487087,0.3464656480355266,0.48176143770576096,0.3629002975992769,0.467710873378571,0.3455459433884003,0.46780636611074444,0.36336539158952896,0.5345115207631685,0.36232915718122627,0.4822121753998951,0.36249558987650854,0.5350350806180387
0.5342357897355415,0.3615927194833795,0.48088794459665707,0.3612928524035505,0.5338632612217435,0.3624327656020445,0.46506391927847085,0.3439769452086197,0.46492975564706907,0.3621088533669592,0.48031872792064917,0.34468027668671347,0.4179855056012711,0.3447118908666609,0.4802801245280226,0.36201773423865446,0.4648927881901682,0.34381548427326103,0.46499378972125605,0.36248853000628023,0.5338471845267249,0.3614580836501424,0.48077154727878113,0.3616330188284069,0.5343532076674798
0.534269176332688,0.36042063502535193,0.4799686103015627,0.3601246572949752,0.533906840563939,0.361257246973299,0.462465958593059,0.3423129153759581,0.4623253280098758,0.36094008732346095,0.47936034085096835,0.34300672376652985,0.4156829211200158,0.3430375625901073,0.47932594259900907,0.36083075554031424,0.4622940988047995,0.3421618782136121,0.46239745198336973,0.3613099071102912,0.5339109628386381,0.3602849740158377,0.47985906780835325,0.36047109318006454,0.5344046865651294
0.5350562173883779,0.35898816542221224,0.4796480526078596,0.3586934817086222,0.5347081428958009,0.3598207711704886,0.4602042223083066,0.3407918872024128,0.4600613696494193,0.35951238257142115,0.47899875040062595,0.34148547175997745,0.41381620371687355,0.3415106284806266,0.4789665960136625,0.3593815294622559,0.46003835355984657,0.34065207916084483,0.4601407589382294,0.35987155379086233,0.5347259944430832,0.35884458097859157,0.4795358288798545,0.35904504822310784,0.5352113314975363
0.5365900084729684,0.3573481897258311,0.47996840627781345,0.35705060468713845,0.5362617538493264,0.358169785945335,0.4583885733458112,0.3394766947114227,0.45824969151547945,0.35787369994413865,0.47928017605313483,0.34017856263995216,0.4124715107884658,0.3401949893953604,0.4792486915211331,0.3577218142861641,0.4582363815260367,0.33934953070535434,0.45833497156128067,0.35822520379301626,0.5362875752972877,0.3571862597476023,0.47984586682196323,0.3574069046812087,0.5367633988706564
0.5388322627584492,0.35555231284590005,0.48094283886797157,0.35525384113167735,0.5385305298089278,0.35636449258420255,0.457114510785422,0.3384237004819801,0.45698379089129987,0.35608302577229967,0.4802258507548102,0.33914189599978684,0.4117144063732313,0.33914905653945016,0.48019293739178104,0.3559111663904687,0.4569814905946797,0.33831365618116593,0.4570753040465662,0.3564303587335398,0.5385594737111722,0.35537425486555263,0.4808170017859538,0.3556204160119375,0.5390204498500121
0.5417139431483488,0.3536606635267631,0.48256259859403094,0.35336386777654594,0.5414448359702039,0.35447396408888565,0.45645650822135303,0.33768240676978234,0.4563373764905863,0.3542047933774416,0.48182860252727167,0.3384219733053411,0.4115871199788465,0.33842112588474893,0.4817911658546577,0.35401440679889196,0.4563477246899055,0.33759283873906126,0.45643453933379136,0.3545520018777807,0.5414721764613035,0.3534770786467123,0.4824459384294073,0.3537473519351172,0.5419130017135307
0.5451368836988258,0.3517461101636682,0.4847954600052065,0.3514455968168647,0.5449036444848366,0.3525657302917864,0.45646303331775656,0.33728958759768457,0.45635843520982483,0.35230484974218035,0.4840517511794248,0.3380547732024468,0.4121065214067203,0.3380469995291301,0.4840063963575749,0.35209930003819645,0.456382652231757,0.33722100212331707,0.4564590537610412,0.3526582695065108,0.5449237673693733,0.3515606367260445,0.48468873817233105,0.3518471850067292,0.5453439441344496
0.5489757790813967,0.3498816066481872,0.4875782883015321,0.3495693937839839,0.5487774708672019,0.35070468836225266,0.4571533741278116,0.33726681768112826,0.45706509726892613,0.3504515191091142,0.4868301598186392,0.33806327549290927,0.4132631583526334,0.33804911971869217,0.486773875601997,0.3502345849952525,0.4571034253788223,0.33722035697652863,0.4571675000445905,0.3508181176686816,0.5487844273920331,0.34969168467393985,0.4874725781873661,0.3499871652951495,0.5491891050486623
0.5530811115253985,0.3481294993748784,0.4908157294361299,0.34780571412911543,0.5529129381015893,0.3489590253693515,0.45851469402962164,0.33762269472285844,0.4584458664325742,0.3487154000412306,0.4900715828370312,0.3384548708967249,0.4150206589268438,0.338435193651361,0.49000194141146136,0.34848786972414714,0.4584971721793135,0.3376005546418932,0.4585482426746639,0.34909885691152504,0.5529023907006758,0.3479391727598534,0.49070913163371127,0.3482405819138858,0.5532986404816704
0.5572833087735993,0.34654849321839026,0.49438969908867547,0.3462175723525355,0.5571387951167623,0.3473967630381882,0.46050325540542497,0.33835067256489193,0.4604583477690535,0.34716169991615975,0.4936586996274408,0.33922141703513153,0.417315379969353,0.3391973911041654,0.49357491434727524,0.3469232605696677,0.4605188224518838,0.33835421342788946,0.4605575447593774,0.34756321453183636,0.5571099029809223,0.34636698757786444,0.49429048087895705,0.3466726227071762,0.5575016292329366
0.5614001360961329,0.34520061265046065,0.49816745793130485,0.3448599295880601,0.5612733352595467,0.3460747032371051,0.4630468650526681,0.3394274409606072,0.46302795701974775,0.3458442568542571,0.49745433199293154,0.34033772765423975,0.42005901035009313,0.34031113877502306,0.49735847419183254,0.3455990690130615,0.46309274442086334,0.3394563841291484,0.46312097314952017,0.34626720289640833,0.5612292790721134,0.3450290450002307,0.498080372037935,0.34533413388208756,0.5616144977176517
0.5652463462652539,0.3441421557136448,0.5020036650956087,0.3437833671937391,0.5651327251784106,0.34503663934405604,0.46604408155500565,0.34081350437144275,0.46605189129429075,0.3448088311013707,0.501308858087691,0.3417601967658809,0.4231421351254965,0.34173413492028093,0.501205459357371,0.3445656664471691,0.4661174807746038,0.34086535537648693,0.46613530580818197,0.345259025609997,0.5650792658950913,0.3439736420502224,0.5019244862012756,0.3442720692096975,0.5654520139218803
0.5686448204530292,0.3434118093430531,0.5057446502655059,0.3430329853769808,0.568540767028536,0.344321782295782,0.46936860405892794,0.34245322709233184,0.46940297191418096,0.34409815506011143,0.5050678190659237,0.3434324774866982,0.426436535666626,0.3434092197260916,0.5049617679135188,0.34386345879268193,0.4694668662256517,0.3425231469763549,0.4694731648188308,0.3445779526899505,0.5684835078062075,0.3432462873579727,0.5056701102653952,0.34353439074449266,0.5688386995576769
0.571436935795204,0.34303533187721935,0.5092398463544757,0.34264205044040386,0.5713384570819406,0.34396645745845134,0.47287730775623604,0.3442766563446916,0.47293427982838265,0.3437475476684736,0.5085781854175676,0.3452870538311653,0.4297985464859211,0.3452665740814693,0.5084738761556508,0.3435220433958208,0.47299433654471823,0.3443590868337184,0.47298975777587876,0.3442528870546731,0.571280233336951,0.3428821438142156,0.5091719248520756,0.3431589448830168,0.5716188862928533
0.573491066271991,0.3430348665327632,0.5123516990446164,0.34262981733517733,0.5733927637536339,0.3439927454690338,0.47641415215429816,0.3462036788354249,0.4764884324412451,0.3437763448698609,0.5116953852748757,0.3472421272068823,0.4330759525675473,0.34722397853131326,0.5115971096850517,0.3435589290144991,0.4765436405937282,0.3462926720656323,0.476528222178135,0.34430124446379384,0.5733333666704402,0.3428976105658522,0.5122875492878903,0.34316168396208213,0.5736630112170661
0.5747089825014761,0.3434232718936059,0.5149574058599846,0.34300383274641677,0.5746043500547856,0.3444012870655667,0.479817412251497,0.3481457277589115,0.4799061433742814,0.3441864051174722,0.5142913229681669,0.34920755327582853,0.43611534931749113,0.34919075444638054,0.5142041355236255,0.3439786527780565,0.47995498387795704,0.34823519215465537,0.47992767181526974,0.344727117006013,0.57454181711772,0.34329326969585616,0.5148846084872889,0.34354246577082903,0.5748729802611124
0.5750307532015139,0.3441909265703105,0.5169503171724296,0.3437596685462192,0.5749129747855766,0.34517848468243084,0.48293081156262974,0.3500102186763422,0.48303079855839837,0.3449676793927149,0.5162618137966906,0.351092433893744,0.43876923189035827,0.3510741287833583,0.5161904014467321,0.3447717699815059,0.4830703767131995,0.35009407434240736,0.4830324841938898,0.34552021422540613,0.5748456831219212,0.34406259421279783,0.5168593067786781,0.34429535254037635,0.5751868575814105
0.5744378081081418,0.34530738353105683,0.5182499175502973,0.34487553155316,0.574300987704269,0.3463044214266532,0.48561058507678534,0.3517071981625033,0.48571693594109683,0.34609909726456134,0.5175314117564206,0.3528048245571114,0.4409051479911434,0.3527822830124706,0.5174785202547016,0.3459141715764465,0.4857453033179629,0.35177853883916377,0.48569890562959583,0.3466554403962345,0.5742286636243356,0.3451880640510492,0.5181435372081641,0.3454041052061173,0.5745838283141632
0.5729556044157686,0.34673488302227007,0.518812679900819,0.346310050239088,0.5727949931915794,0.3477475419177744,0.4877306570869504,0.35315274760917614,0.4878387871806053,0.347543297903691,0.5180567512321866,0.3542567744687959,0.4424141232397307,0.35422911630588216,0.5180223838334623,0.34736675711029663,0.48785619204004227,0.3532048154869899,0.48780104830626103,0.3480934276738199,0.5727182470906456,0.3466306413839262,0.51869612047532,0.34682942655180055,0.5730877882225507
0.5706535443753424,0.34842838650534513,0.5186324963885568,0.34800746840708163,0.5704649799925777,0.3494542608137184,0.4891912791306206,0.35427287512171385,0.4892955389210926,0.34924412738750893,0.5178297059218676,0.3553745442326519,0.4432170645391666,0.35534151081993165,0.5178112813975687,0.34907536369932785,0.48930348572536053,0.3543011876934539,0.48923895213932295,0.349780999032773,0.5703841020524597,0.34833115456196184,0.5185005163024516,0.34851081337122997,0.5707686148331835
0.5676421406764112,0.35032171666830436,0.5177349699896995,0.3499022229686696,0.5674221434432494,0.3513514174342469,0.4899240340450507,0.3550107169534033,0.49001790982685256,0.3511320200160868,0.51687873421652,0.3561016604592288,0.44327028066317176,0.3560628537537847,0.5168717441504423,0.35097195660045,0.49001887720294734,0.35501222236207786,0.48994507060773196,0.35165231042463807,0.5673359373835751,0.3502224306428593,0.517577874785304,0.35038017798755233,0.5677392763401636
0.5640684743419129,0.35232557462339453,0.5161773622360182,0.35191716609585844,0.5638145804729078,0.3533576917913197,0.4898948651500173,0.3553282563272917,0.4899738658294177,0.3531292633626637,0.5152675918866851,0.3564000346959577,0.4425695161076376,0.35635563054569447,0.5152664354501552,0.3529768427162106,0.4899705550637478,0.3553019788697731,0.4898883158017813,0.35363003998382625,0.5637207965594981,0.35223162035789046,0.5159955540265856,0.35236491237817946,0.5641493409990976
0.5601091684130478,0.3543444895496257,0.5140542951999815,0.353961562657058,0.5598208937023249,0.3553869379473789,0.4891095294678926,0.3552079062367578,0.48916993590199376,0.355148833025067,0.5130927620253133,0.35625453258392414,0.4411512308900494,0.35620546965207134,0.5130923817819972,0.3550015810917655,0.4891639495826146,0.35515666316181055,0.4890765906253282,0.3556266805713705,0.5597181373715332,0.3542716079985584,0.5138563808698341,0.3543783548807194,0.5601766662660368
0.5559623019753628,0.35628996821430103,0.5114949386977623,0.3559365534113116,0.555642604785839,0.3573444761521202,0.48761400351653916,0.3546574183142483,0.48765228704141694,0.35709450449583297,0.5104811346330678,0.35567333305952376,0.4390925262303431,0.35562188163413,0.5104779137822627,0.356952390599113,0.4876448518992703,0.35458545047282153,0.4875575224697812,0.3575481604855254,0.5555319594160306,0.3562405483277298,0.5112846211158272,0.35631933012788974,0.5560191101066291
0.5518388012923005,0.35807428436375954,0.5086512478413268,0.35774506123228716,0.5514947365847982,0.359130364113744,0.4854915254911999,0.3537086555851171,0.48550740620940686,0.358868314676767,0.5075863662846781,0.3546866093892599,0.43650954585576157,0.3546358144344588,0.5075776873962782,0.35873437678210923,0.4854994247254056,0.3536189806470509,0.4854162200919733,0.35929968518718547,0.5513803749170346,0.3580367279546873,0.5084267652400353,0.3580882992715972,0.5518871639829598
0.5479537968314844,0.35960286143049036,0.5056890338665778,0.35929608213238967,0.5475958967116,0.3606518058601997,0.48286218996748054,0.35241247265401837,0.4828562491055488,0.36038059523984123,0.5045812934438922,0.3533485335891469,0.43355176587335015,0.3533010849083192,0.5045646756607063,0.36025662572480244,0.48284793476946714,0.3523098704711357,0.48277340785263934,0.3607924093963343,0.5474837537571245,0.35957162472679327,0.5054557538896584,0.35959981756190684,0.5479964299344093
0.5445172037238519,0.36078541219025684,0.5027864767591173,0.360505581575939,0.5441575643257286,0.36183112165715403,0.47987802489067266,0.3508395998958702,0.47984891258588214,0.3615534982778844,0.5016476715934918,0.3517341141168051,0.4303942862683951,0.35169322864217856,0.501621012731393,0.361437596298681,0.4798419812788573,0.35073165206505985,0.4797808966753999,0.36194838214075953,0.5440533842149625,0.36076842536828435,0.5025591991746514,0.3607780398696196,0.5445588214051785
0.5417240400167669,0.36155463561931583,0.5001290484126624,0.36130188546630393,0.5413739011365974,0.3626037035457613,0.47671447958821117,0.34907990451784143,0.4766626085141885,0.36232086205869624,0.4989666622903801,0.349934679918252,0.42722955971706467,0.3499036663784442,0.49893004752484,0.3622109564661513,0.47665960236083055,0.34897355507577776,0.47661416767295073,0.36270365457609466,0.5412812832070607,0.36155834599675196,0.4999179786082352,0.3615522061245318,0.5417716280682511
0.5397433864643949,0.3618700332983082,0.4978942188063645,0.3616363609875405,0.5394109841206596,0.3629188021784201,0.4735632791337319,0.3472344258764378,0.473492058620886,0.3626344578716864,0.4967113643078441,0.34805507734159524,0.4242567785408634,0.3480346630163086,0.4966670730805148,0.36253043495414705,0.4734937904031699,0.3471357882053495,0.47346483078283813,0.3630123820958258,0.5393314289224723,0.36188925552096657,0.49769731531980654,0.3618690511672162,0.5398045409757118
0.5387066582344937,0.3617103687652651,0.49623574973450996,0.3614893680836939,0.5383971532038181,0.36275057955393736,0.47062322365928944,0.34540967462684335,0.4705368741861472,0.3624728113775407,0.4950381765571909,0.34620658277469807,0.4216702462983928,0.34619526099964204,0.494989192556648,0.3623735045664958,0.4705426827411729,0.34532543506713065,0.4705316270963791,0.36285144357291965,0.5383312407597735,0.3617384615430359,0.4960501160228825,0.36170814156205755,0.538787472756133
0.5386973215255022,0.3610746649157598,0.4952781595588444,0.36086731820018947,0.5384135341358625,0.36210727210373794,0.46808697461852483,0.3437145122909615,0.46799195758944284,0.3618440383105125,0.49407580476349866,0.3444980041484752,0.41964761880132995,0.3444950945224171,0.4940245641194193,0.36174378498936033,0.46800090437830216,0.34364966941005237,0.468007440087465,0.3622239839441381,0.5383623309630561,0.36111387119497207,0.4951107513352912,0.3610810075921217,0.5388002087312591
0.5397429788477095,0.3599929753238984,0.4951145327067581,0.35979931656572167,0.5394865924880411,0.3610259200709729,0.46612998733110167,0.34225270993910695,0.4660349335337862,0.36078017972596077,0.4939152664282082,0.34303196195342556,0.41833739544281734,0.3430371637728901,0.49386416671870215,0.3606714972452061,0.46604539337582496,0.3422090939168282,0.4660668610984985,0.36116004897865944,0.5394521312047842,0.36004586094740815,0.49497425490468605,0.36001844463706156,0.5398662811704089
0.5418102947495961,0.35852778571599486,0.49579656250040227,0.35833901583582195,0.5415831741356933,0.3595625325026379,0.4648996738399407,0.341114399728969,0.46481071682911046,0.35933402948837706,0.4946029061305784,0.3418993596618243,0.4178481342809657,0.34191101495825826,0.4945552014270484,0.3592125364483927,0.4648221987411235,0.3410923660292046,0.46485464383666847,0.3597151124370066,0.5415674514527874,0.35858518139289597,0.49568155905917316,0.358568894493043,0.5419501879164335
0.5448052798480455,0.3567605453891405,0.49732277206780845,0.356565281817636,0.5446090827701785,0.3577911484944345,0.46450175461167403,0.34037010830909786,0.46442298039254565,0.3575811555425911,0.4961367970403242,0.34117144525420406,0.41824142189745894,0.3411870706247965,0.4960957711751879,0.3574453835963533,0.4644372805638605,0.34037027665280795,0.4644752095300645,0.3579671025125394,0.5446123172633798,0.35680856279723905,0.49722358398545696,0.35680701808024745,0.5449578675007731
0.5485760757356168,0.3547813969456145,0.4996362231499921,0.3545765249759463,0.548411654415482,0.3558086856943271,0.46499107079292396,0.3400674174744701,0.46492697834904384,0.3556190937004964,0.4984634617867776,0.3408967481329169,0.4195243148389941,0.3409135946955403,0.49843114747669326,0.3554665055539713,0.4649458912489072,0.34009047314268004,0.4649828203928747,0.3560122905966412,0.548430635426848,0.35481687371398585,0.499548437082714,0.3548333095466647,0.5487392579383351
0.5529194972261636,0.35269365651780005,0.502632319408556,0.35248107961702735,0.5527860984379515,0.3537288172806551,0.46636778009863733,0.34022886621677145,0.4663216781825808,0.35355832230179485,0.501477374014418,0.34109803232655445,0.4216456292401819,0.3411127064128546,0.5014539417029598,0.3533846889561577,0.46634565950367124,0.34027369257818757,0.46637565447011053,0.3539589853188875,0.5528140711554088,0.35272167356947404,0.5025569504308268,0.3527589928424032,0.5530929174636707
0.5575905729631054,0.3506165778120435,0.5061652662952947,0.3503920839198413,0.5574854671736831,0.35166737435951856,0.4685729629904729,0.34084837837419557,0.4685475912665853,0.35151116289757467,0.5050250895918841,0.3417665630476958,0.42449912307975535,0.3417754503079816,0.5050100610301692,0.3513149106869973,0.468576699565425,0.34091222145079003,0.4685939158925211,0.35192045211434175,0.5575138911624796,0.3506340655952763,0.5060969016723691,0.3506942510321026,0.5577741943681545
0.562315389692067,0.3486708609119207,0.5100485924709495,0.3484254886203596,0.5622342338988947,0.34973399980091924,0.4714901376520789,0.3418908204765305,0.47149005971419,0.3495880184620676,0.5089147439238468,0.34286357696310166,0.42792997561966917,0.3428638539081088,0.5089077971150661,0.3493718645422781,0.4715230504730469,0.341971372719632,0.4715224942630013,0.3500091469971302,0.5622550503567495,0.34866582858872697,0.509974150106077,0.3487494518811957,0.5625071653551545
0.5668072093482946,0.3469613356464088,0.5140620866150981,0.3466926205668393,0.566744500929243,0.34803365650092166,0.47495447525059464,0.3432962256915719,0.47498342435584684,0.3478958209244788,0.5129276473724755,0.3443260421709953,0.4317425144900115,0.3443159213823237,0.5129288276346429,0.3476637954020032,0.4750176590487197,0.34339122757707186,0.4749969832392871,0.34833118628069304,0.5667515935666662,0.3469302284628636,0.5139734941081097,0.34703612541854156,0.567001776439989
0.5707847774315181,0.3455763737252014,0.5179700816612648,0.345289925599688,0.5707339063010077,0.34666548538940356,0.47876137745379216,0.34498285886911373,0.4788189649089462,0.3465314711101949,0.5168311411705395,0.34606712373665743,0.435711492170894,0.3460464143115338,0.5168400493923004,0.34628658115872096,0.4788534223776302,0.34508697112086895,0.4788101207615389,0.3469808121157397,0.5707233967013683,0.3455302655437642,0.5178708743552495,0.34565455536930845,0.5709742156837687
0.5739919726714311,0.34459546909014865,0.5215428833691252,0.34429378015666307,0.5739446081418355,0.34571070156062567,0.4826758227635056,0.34684736960805024,0.48275931880380296,0.3455717769798725,0.5203931501422049,0.3479786247118308,0.4395963074216983,0.3479482213789676,0.5204084184734465,0.345318334065587,0.48279433904349034,0.3469534915414384,0.48272453675224697,0.3460345329309078,0.5739146010706011,0.34454405494558016,0.5214370828874884,0.344679595563529,0.5741675001953499
0.5762164774622962,0.3440829731446193,0.5245695969296136,0.34376113592052593,0.5761627727339345,0.34522172985583754,0.486450673227972,0.34877058672994987,0.4865551175226893,0.3450690601992713,0.5233988827207094,0.34993990004670283,0.44315588968286423,0.34990098516394624,0.523417850389867,0.3448147225012505,0.48659056432849795,0.34887414643939285,0.4864931743602748,0.3455464561133368,0.5761120252430966,0.34402267168528916,0.5244506255522862,0.3441605679805374,0.5763707296005927
0.577305924651133,0.3440705926616913,0.5268663778079499,0.3437274600018122,0.5772350860458021,0.34522350296308923,0.4898435326838851,0.3506283231191975,0.4899621096053864,0.3450531156940877,0.5256660907343839,0.35182503293521716,0.44616461201073637,0.3517795319954247,0.5256848668137091,0.34480579735084865,0.4899974059082141,0.350726407815905,0.48987516830610417,0.34554615832058955,0.577162908531543,0.3439969857648897,0.526724369233811,0.344128877645255,0.5774343140524972
0.5771805665562499,0.34455178651644586,0.5282909101827944,0.3441991418246684,0.5770824572996578,0.34571926033402406,0.49263114354545473,0.352298348824929,0.4927587675663078,0.3455301492627099,0.5270580148074481,0.35350885533785825,0.44842807152737507,0.353459377632219,0.5270723992837584,0.3452944511756727,0.49279188606566543,0.3523871222001812,0.4926485208971842,0.34603659667757136,0.5769895431503227,0.3444763459074864,0.5281261060390369,0.3445945852169373,0.5772809936434737
0.5758409772014291,0.3454950912590098,0.5287608805327417,0.3451492041331681,0.575708133049373,0.3466871858682533,0.494627553451382,0.3536659509481266,0.4947600659594652,0.3464765717125043,0.5274935555586144,0.3548764725850897,0.44979687349076347,0.354825875076188,0.5275006908262544,0.34625576523691354,0.494786739250057,0.3537427227136788,0.49462810628876624,0.34699200513967277,0.5755976233053551,0.34543809659577085,0.5285815594781101,0.34553452752211256,0.5759127983024104
0.5733706413947477,0.3468537369267459,0.5282627885978795,0.3465216996032719,0.573199856505067,0.348071686238445,0.4957004050856234,0.3546343546792171,0.4958304187737787,0.34783655683537035,0.5269560273999248,0.3558319365686502,0.4501794376940957,0.35578349880808635,0.5269554045034698,0.34763647703112865,0.49584803497995567,0.35469832500292203,0.4956824069982937,0.34835750423155143,0.5730777915784917,0.346823700358304,0.5280728150730115,0.3468897753996189,0.5734137474427528
0.5699323976337884,0.348556630138256,0.5268489939218662,0.3482380732603215,0.5697257321818084,0.34978530359763793,0.495777708692129,0.35513302862598317,0.49589733034041794,0.3495279858175071,0.525497910294541,0.3563046274081916,0.4495512577894371,0.3562618438580947,0.5254908262617736,0.3493557065949903,0.49590611891599823,0.35518325390280503,0.4957407272745788,0.3500517728301856,0.5696002212243788,0.3485478124260848,0.5266461142681549,0.34857741612132587,0.5699480229583238
0.5657602619484567,0.35049809661032705,0.5246325834536312,0.3501963737063844,0.5655237495524954,0.35172131907609533,0.49485404133046584,0.35512173843479033,0.49495733117679414,0.35144998498269386,0.5232385395729042,0.35625664793107237,0.44795837848301745,0.35622213188443064,0.5232266278949768,0.35130809017482445,0.4949574528711059,0.3551577666542504,0.4947984859902435,0.35197187095184324,0.565403428037795,0.35050788888170525,0.5244194526412449,0.350499178244306,0.56575205075108
0.5611452469288165,0.3525457757997481,0.5217861578440878,0.35226994446078663,0.5608873009166357,0.3537617890092666,0.49299554884011554,0.3545947868296837,0.49307540100837177,0.35348388571610156,0.5203555230549987,0.3556868772640588,0.4455169711781588,0.3556623609631351,0.5203404335628131,0.35336921283886247,0.4930670966215021,0.3546185717389776,0.4929216617658786,0.3539973755412542,0.5607789481298956,0.3525838716652475,0.5215737657465294,0.3525375877421764,0.5611202419493049
0.5564163030630982,0.3545608213872137,0.5185348938333509,0.354316611518171,0.556145477857512,0.3557754962541789,0.4903338243639675,0.3535842102798191,0.49038361465087177,0.35549411556397875,0.5170724969751103,0.3546307874616411,0.44240831210893217,0.35461742240715555,0.5170564721982137,0.35540233027657286,0.49036900258039584,0.35359903887247723,0.490242617930899,0.3559951096410714,0.5560529810279639,0.3546369823205573,0.5183315359561702,0.35455363062740775,0.5563842374721549
0.5519174384726878,0.35640804390395814,0.5151374468998697,0.3561942392557268,0.5516410069807407,0.35761922949229064,0.48705803855309915,0.35215792036096305,0.48707647524236236,0.3573376455052041,0.5136453943136221,0.3531593349248066,0.4388684305301307,0.35315678338620693,0.5136315209420212,0.3572663030197143,0.4870576376211235,0.3521668532895236,0.48695282172430454,0.3578258980797455,0.5515657461519228,0.35652022875730793,0.5149413262857517,0.35640067068135173,0.5518888235983561
0.5479823502895984,0.35795573662143676,0.5118627270646753,0.3577715236544975,0.5477062495320153,0.3591533529735408,0.4834079899041894,0.3504148314174559,0.4833970056474787,0.3588798441216127,0.5103457990449755,0.3513752095359182,0.435172840854744,0.35138139974613797,0.5103372357701367,0.35882581998557006,0.48337448033472685,0.35042128842717424,0.48329379804282613,0.359355605124258,0.5476482927405285,0.35809702734034343,0.5116703842782984,0.3579457870281646,0.5479658879349572
0.5449095860920067,0.35908267534538085,0.5089730684988529,0.35893211430543914,0.5446392057410164,0.3602616169606623,0.4796582722110511,0.34847858793591213,0.47962059411056357,0.3600070864796423,0.5074415327141696,0.349404378991381,0.4316185367304947,0.3494175474641287,0.5074404917090827,0.3599626780204688,0.47959501277557204,0.348486584293739,0.47954087184121885,0.36046741457950254,0.5445987423610974,0.35925256388624166,0.5087902186919011,0.35907911364120604,0.5449103314503593
0.5429399510927424,0.35969713341636794,0.5067113876013966,0.35958158453704514,0.5426808995208846,0.3608603271123075,0.47609753666506116,0.34649022426894194,0.4760385073010149,0.3606318664216388,0.5051761418820625,0.3473893291508475,0.42850235202044284,0.3474083701892473,0.5051839678565528,0.3605865811003238,0.476011796772482,0.346503310133667,0.475982603465471,0.3610721713688461,0.5426588065891577,0.35989683749104096,0.5065481546173678,0.35971242946565585,0.5429591235420069
0.5422381150511072,0.3597500786115784,0.5052831104039799,0.3596606694691996,0.5419964709731947,0.36089829700616705,0.47301150167440525,0.34459869075114946,0.47293786695332635,0.36069768084574283,0.5037507251825507,0.3454813562395202,0.4260978876874665,0.34550432268681197,0.5037687228427734,0.36064328491640196,0.47291251160910475,0.3446191228757028,0.47290342577705136,0.3611163387646098,0.5419935606073342,0.3599700167214062,0.5051410124579737,0.35978463123329557,0.5422743512317774
0.5428791291138186,0.3592325279704277,0.5048333342150801,0.3591559586872983,0.5426608465073504,0.3603611101433866,0.4706617333643656,0.34294810162438105,0.47057900143988013,0.3601884711125906,0.5033086441113512,0.3438264307082606,0.4246338786754946,0.34385087928625363,0.5033379397411846,0.36011976738923146,0.4705580212015365,0.3429784701144297,0.47056331465494455,0.36058804510700415,0.542676773084294,0.3594548095044403,0.5047042149016254,0.35927672465834437,0.542930495496571
0.5448405611157661,0.35817026692511944,0.5054313593943339,0.35810025203326556,0.5446511232110531,0.35928043203304666,0.4692603891325049,0.34166557170677003,0.4691749509988395,0.3591355455093688,0.5039222930199201,0.3425531004452511,0.4242727572430347,0.34257685853422704,0.5039630942134811,0.35904737369370265,0.4691610028137106,0.3417107285811348,0.4691737792058251,0.35951995252509594,0.5446825761039981,0.3583845223285717,0.5053093460705306,0.3582213801772056,0.5449063631934125
0.5480015342444143,0.3566292277841572,0.5070678208306274,0.356566315908985,0.5478446396697156,0.3577354210714482,0.4689523736316392,0.3408525586749205,0.4688723670946103,0.3576149525511743,0.5055835744196377,0.34176422727368616,0.425092061634452,0.3417852491342187,0.5056344888532205,0.35750063028044843,0.46886614336724775,0.34091767076024526,0.4688788563048147,0.35798733671365845,0.5478852187444135,0.35683696709091983,0.5069546766990293,0.35669537991181643,0.5480819754728411
0.5521471451601067,0.35472180101498485,0.5096559912513918,0.35466249975998443,0.552024469333778,0.3558406658783017,0.46980147715702475,0.3405756962720065,0.46973453462919307,0.3557369948754751,0.5082004202351971,0.3415259480396262,0.4270745831786116,0.3415418667197035,0.5082590057500485,0.35559212657395434,0.4697352605707258,0.3406622120813343,0.46974154340548296,0.35610157285055977,0.5520656275573557,0.35492202843102083,0.5095528661591022,0.35480673713418487,0.5522422650559236
0.5569809152255057,0.35259619437158873,0.5130316253605297,0.3525284213895098,0.5568914756652816,0.3537318082188796,0.4717777695672508,0.34085731968390287,0.4717313718279321,0.3536368542909044,0.5116014438573344,0.341856934644432,0.43010757825624324,0.3418660038057941,0.5116654806176232,0.35346292503423093,0.4717378718808726,0.34096335341622364,0.47173225190344686,0.354001357718748,0.5569246630157417,0.3527756208891284,0.5129316814528309,0.3526898684108306,0.5570885217365185
0.5621437512485766,0.3504124894752499,0.5169575210401347,0.35032459948962164,0.5620839504440027,0.35156041366209306,0.47475655870177447,0.34167325237485896,0.47473722913674843,0.3514688134048228,0.5155471119443921,0.3427285323266866,0.4339880547573561,0.34273050358877044,0.5156151232356155,0.3512710229417236,0.47474827698430067,0.3417965313830368,0.47472525181031244,0.35184293886990287,0.5621022867278391,0.3505572334970887,0.5168519819381447,0.3505031095365185,0.562258261481052
0.5672394833079215,0.34832711969698915,0.521141737176466,0.34821574154776247,0.567203063655564,0.34948987832288814,0.4785261536788867,0.3429567472827917,0.47853689008367206,0.3493960459199734,0.5197462917608945,0.3440700867860681,0.4384365554868329,0.3440649858548272,0.5198174077486439,0.34917933745364416,0.478551525653819,0.3430946071940753,0.47850618397840367,0.34978790117456166,0.5672023467447552,0.34843828452946574,0.5210292710899228,0.3484148364047207,0.5673522690308248
0.5718657206828672,0.3464907149230574,0.5252660720455089,0.346356276428458,0.5718439630647258,0.34767968861035636,0.48279967994762335,0.3446027100962481,0.48284023137623316,0.3475745291524518,0.5238786186382459,0.34577189045879775,0.4431198361655295,0.34575990857183114,0.5239519361349566,0.347343390128549,0.4828578560005451,0.3447503640046161,0.4827861818614134,0.347989162196134,0.5718223495908284,0.346580052895751,0.5251495981099434,0.34658126962967145,0.5719670547340124
0.5756475845592901,0.3450434023709399,0.5290133418633668,0.34488255242790644,0.575629454705438,0.34626407919133284,0.4872368637384249,0.34647374924524094,0.4873047896971808,0.3461376608687634,0.5276214851516567,0.34769222944308886,0.4476773789113026,0.347675000917153,0.5276954867607007,0.3458990836507977,0.48732474132990083,0.34662559355209915,0.48722401872898974,0.34657819950499114,0.575586884095276,0.34511652983196445,0.5288896648687971,0.3451326075330921,0.5757290380384276
0.5782713219389131,0.3440968878535472,0.5320895082079384,0.34390596261856443,0.5782444129471423,0.34534103887475287,0.49147556252771635,0.3484127459829013,0.49156526576371856,0.3451884403275248,0.5306786410430502,0.34967049220877916,0.4517511306488018,0.34965007426012273,0.5307510103990343,0.344952155489177,0.4915865281667475,0.3485642930698876,0.4914570184691973,0.34565648367344615,0.5781818574153362,0.34415075296345066,0.5319488039295824,0.3441721047034966,0.578327231160504
0.5795142314074564,0.3437165494250506,0.5342473044212767,0.3435020686882749,0.579466491978461,0.34497454701752894,0.4951617484154003,0.3502556911392226,0.4952663002879985,0.3447962824148917,0.5328064470075984,0.3515391105007386,0.455016540170557,0.35151687648588525,0.5328743254373316,0.34457107505654494,0.49528678402002263,0.3504032776853544,0.4951323916459256,0.3452904489177419,0.5793859506259958,0.3437550884804927,0.5340843684628097,0.3437737685584099,0.5795418059088984
0.5792682156765802,0.34392114881716596,0.5353135952770747,0.34370011155810964,0.5791898410123081,0.34519422862163457,0.4979798316929681,0.3518423742215725,0.49809357248226777,0.3449914424738284,0.5338361781992138,0.35313515117001587,0.4572109179803207,0.35311315397928084,0.5338971352560025,0.3447828218894051,0.4981093933833718,0.35198266049474314,0.49793730375993617,0.34550674452835217,0.5790947225446819,0.3439634564011561,0.5351334776272663,0.3439705075133424,0.5792667693077571
0.577553576037826,0.344693317135301,0.5352114104149374,0.3444809269935757,0.5774388913547763,0.3459864965856906,0.4996867141819688,0.3530306495836658,0.499802444733814,0.3457585029494842,0.5336916537841018,0.3543160971920598,0.45815775398867326,0.3542974218109298,0.5337446351166273,0.34557093863709587,0.49980969874321635,0.35316043004431097,0.49962954511217805,0.3462884694002196,0.5773345971649255,0.3447594413483136,0.5350216603830946,0.3447439402762223,0.5775233869504119
0.5745213635817439,0.3459810842235576,0.533967878663445,0.34578232311257084,0.5743698858374016,0.3472875307489516,0.5001364273827206,0.3537110408859226,0.5002436238334115,0.34703607958301635,0.5324001336968056,0.35497344948737053,0.45778658880400613,0.3549604772020811,0.5324458555326778,0.34687557446868744,0.5002409256366359,0.35382727677212633,0.5000623433289186,0.34757465355917183,0.5742633933487706,0.3460754318316973,0.5337696371995384,0.34602851046590577,0.5744634006052466
0.5704434263780167,0.34768861886245667,0.5317095922157191,0.3475045809051807,0.5702595699562073,0.3489899923782386,0.49929066215266166,0.3538160188640789,0.49937965436751536,0.3487236321566075,0.5300935645249529,0.35504179218315857,0.45614284715239184,0.3550363556567154,0.5301338857389479,0.34859549569204984,0.4993673794820786,0.35391707817313234,0.4991978308675017,0.34926426627571594,0.5701583396901836,0.347805538771006,0.5315019526596099,0.34772389505986634,0.5703602554262662
0.5656906130814888,0.3496743532578795,0.5286540943702067,0.34951253666623644,0.5654823457233252,0.3509576374444565,0.49722483434858356,0.3533268089522148,0.4972883551707718,0.35068859715671913,0.5269981515691544,0.3545067789900355,0.45338670072651194,0.35451088165068456,0.5270351382143044,0.350593164919225,0.4972669686763339,0.3534137758787569,0.49711312595970963,0.3512228372805618,0.5653929136514912,0.3498165242569172,0.528443776136391,0.3497001730751177,0.5655877327619018
0.5607008806643795,0.3517663777903688,0.5250967900255873,0.3516398102622992,0.5604777915098074,0.35303326487296083,0.4941265254744587,0.3522789593182504,0.49415753833876286,0.35277022348444764,0.523414024078226,0.35340932641267786,0.44978304248790235,0.3534238672802784,0.5234496904305954,0.35270273052671675,0.4941286064550098,0.35235533180914913,0.49399723372545656,0.353289570816961,0.5604044084497127,0.3519476656573427,0.5248965275014039,0.35179584969079747,0.5605871366196165
0.5559397985799768,0.3537837433034976,0.5213869405675745,0.35370032704916793,0.5557114666072615,0.3550402074649234,0.4902783123063105,0.350760881252586,0.4902726604646352,0.3547864611981187,0.5196885360658718,0.35184231858316556,0.4456816646052966,0.3518662416638618,0.5197254140731024,0.3547412899073421,0.4902388295057651,0.35083158048902424,0.49013456923927584,0.35528658996623946,0.555655529057594,0.3540130226604167,0.5212036867252255,0.35382442014438725,0.5558262394432004
0.5518575629623956,0.35554832529259284,0.5178916709520633,0.35550664016830297,0.5516322363856184,0.3567920844410792,0.48603334698476464,0.3489050169704837,0.4859927197760234,0.35655063909429596,0.5161863246127547,0.3499422769341406,0.4414874950466099,0.3499740932640774,0.5162274381411032,0.35652368905201437,0.4859561639562806,0.3489756918906609,0.4858804360943326,0.35703220522019863,0.5515932609123637,0.35581949530414814,0.517722294375406,0.355597166109701,0.5517552606628942
0.5488469647989342,0.35689255584988716,0.5149582945917731,0.35688797852550136,0.5486313780326243,0.35811664030178847,0.48178844143919325,0.34687625193976057,0.48171796016558965,0.3578939394065517,0.5132567223739847,0.3478775050893545,0.4376259633300963,0.34791624622437944,0.5133048789347361,0.3578800910204556,0.4816801646854295,0.34695252644051705,0.48163313439384864,0.35835904394554274,0.5486080542383951,0.35719433445139237,0.5147992465301678,0.356948226486998,0.5487639272518653
0.5472059335704067,0.3576773848931354,0.5128844232641101,0.35770684205445946,0.5470056379364703,0.35888127680553,0.47794921956082237,0.34485837065351377,0.47785580867564253,0.35868431231086584,0.5112006523818429,0.34583360103594646,0.4345044375486458,0.3458783576471204,0.5112579776514362,0.3586746985518622,0.47781829311509066,0.34494507284178616,0.47779890606778125,0.35913279110532714,0.5469968217932099,0.3580051978541843,0.5127402553787453,0.35774805712104085,0.5471452819173223
0.5471085084694481,0.3578163887806622,0.5118951993491914,0.35787418626159806,0.5469282590946777,0.35900616422724585,0.4748936862435059,0.34303670950023984,0.47478635346130804,0.3588380381798292,0.5102416695683885,0.34399800021502347,0.43247159966938653,0.3440475145839136,0.5103097785054994,0.3588214952780403,0.47475059325980906,0.34313745228914727,0.4747541951296755,0.35926826306338266,0.5469337453387589,0.3581673779242207,0.5117724957681892,0.357910292931566,0.5470686030821802
0.5485872732689625,0.35729043124134485,0.512120365095848,0.35736314939665803,0.5484312371910712,0.35846910686391953,0.4729385261874976,0.34158114606807954,0.4728260939920806,0.3583282561651261,0.510503443708434,0.3425429483698592,0.4317821749816385,0.34259533369319783,0.5105841992064113,0.35829590685828755,0.4727937208482051,0.34169742604341047,0.47281228160266187,0.35874112101381495,0.5484509124249699,0.35765050676500293,0.512017204519805,0.3574029796360485,0.5485631074553055
0.5515278346819393,0.356143316538424,0.5135754910982594,0.3562148660236739,0.5513990635745932,0.3573093729614839,0.4723058665355764,0.3406283759753266,0.4721958782921676,0.3571922336381459,0.5119966606711168,0.34160599807191916,0.432570508323482,0.3416587748211696,0.512091720387639,0.3571391998742913,0.4721683485608701,0.34076085121268496,0.4721928793656863,0.35759318401183743,0.5514322385349477,0.35649036721000027,0.5134811638695396,0.35626263107297695,0.5515135434493491
0.5556765709178885,0.3544734929732266,0.5161540098397857,0.35453458839993857,0.555576497698123,0.3556319044005068,0.47309459315016494,0.34026689634862595,0.47299531664944566,0.3555326229439686,0.5146132091986246,0.341275384590693,0.43482935855281873,0.3413261544856053,0.5147230608538419,0.3554562286582843,0.47297292813547603,0.34041726687054574,0.4729947649703645,0.35592953987938647,0.5556204624211128,0.3547940126856482,0.5160597223323509,0.35459543527277,0.5556674360026348
0.5606607576754052,0.35243022015979664,0.5196369118677544,0.3524791165316066,0.5605886069979317,0.35359788767442585,0.4752666095513169,0.3405274166323734,0.47518655459808795,0.35350664659366265,0.5181315230694786,0.3415804836388771,0.43840074449448796,0.341627273521414,0.5182548863788783,0.3534046111885869,0.4751686519691244,0.3406965826822436,0.4751795106033146,0.3539066248401034,0.560638426013839,0.3527255903721104,0.5195407893485157,0.35256029224756535,0.5606540960239278
0.5654919441522746,0.3503995350014798,0.523304617643743,0.35043455837614934,0.5654418499066042,0.3515910609837707,0.47829856107881336,0.34126124181961404,0.47824095306817366,0.35149640080752054,0.5218229584233396,0.3423632081211675,0.44251417359396494,0.3424047043804899,0.5219562844310963,0.3513709418636807,0.4782265302463311,0.3414447112803376,0.4782208847307928,0.35190452131571925,0.5654909673882224,0.35067532347281394,0.523205332262566,0.35053853422277725,0.5654859397042374
0.5697126807875806,0.34859871925687735,0.526767811190036,0.34861327881613396,0.5696772974134273,0.34981339532406686,0.48174794350912353,0.3423080215934387,0.4817129560765372,0.34970871166850903,0.5252949804018385,0.34345636776319727,0.4466692519441229,0.3434921852677457,0.5254354660796707,0.34956526324927617,0.4817006425145735,0.34249946011394594,0.4816758565639561,0.35012875805123,0.5697202041253261,0.34885062922332366,0.5266599789360351,0.34873681231704634,0.569705275053079
0.5730343004580449,0.3472414457571814,0.5297619534475547,0.3472317862900054,0.5730057599471222,0.34847013119243053,0.48521409957103107,0.34354630654300067,0.48520052460723784,0.3483542718153537,0.5282849157689435,0.34473404211015696,0.45046628677762734,0.34476460158752875,0.5284306374583573,0.34819969034786935,0.4851888336684442,0.34374039092008274,0.48514460691345346,0.3487884304790029,0.573039171921277,0.3474648856998529,0.5296408204722031,0.34736991806197487,0.5730224631085454
0.5753474191520711,0.34642201383547366,0.5321180639946249,0.346392650560853,0.5753184776393098,0.3476599868379948,0.48831433843997607,0.34479284093155105,0.4883176607377584,0.34753376100658473,0.530628460951181,0.34600986392422173,0.45357877785420886,0.3460361313812234,0.5307775497165257,0.3473734801378333,0.4883064463678605,0.3449853013909582,0.4882440932803241,0.3479813225385058,0.5753416601575032,0.3466234712686538,0.5319845056205136,0.34654212688341074,0.5753278038655042
0.5766991232348305,0.34608228082672354,0.5337508144747309,0.3460414471938298,0.5766644462258138,0.3473304178356268,0.4907804023581778,0.345889362824391,0.4907941215860908,0.3471939142890178,0.5322436194914971,0.3471241204781543,0.45583061236068256,0.3471469445851414,0.5323942536211035,0.3470314343485453,0.49078371100136997,0.34607717098731294,0.4907064940604966,0.34765153149448264,0.5766785295800158,0.3462749137963643,0.5336089141256526,0.3461999186511895,0.5766696186760403
0.5772549724575389,0.3460891825476855,0.5346838831972492,0.34604283513161727,0.5772118318358713,0.34734662267697664,0.4925027442946333,0.3467532108440535,0.4925209507136305,0.3472005631846472,0.533156816333128,0.3479955719377262,0.45722112538067217,0.348016298889651,0.5333073843763637,0.3470385410823691,0.4925112752949364,0.3469355978817348,0.49242416142895773,0.34766438357671614,0.5772189892863367,0.3462815988415077,0.534536090372582,0.3462061932886755,0.5772157570484058
0.5772587217959639,0.34630490681531867,0.5350554287011515,0.34625597860136964,0.5772072011430543,0.3475661827464227,0.49349461038617604,0.3473321663350314,0.4935134646259304,0.34741347352660346,0.5335094369067401,0.3485754457868787,0.4578700520685509,0.3485953957806377,0.5336590390391548,0.3472538281934115,0.49350379088466434,0.3475095059138249,0.4934113744350448,0.3478807043174519,0.5772099282303859,0.34649821828719474,0.5349022829137822,0.34641920010162947,0.5772120911575812
0.5769936808315638,0.34658470538835784,0.5350738688371521,0.34653582508739367,0.5769362053218876,0.3478467921352689,0.49389512626575105,0.34762986714864424,0.4939124841559091,0.3476907660328391,0.5335143594522895,0.3488708540502399,0.4580010640793667,0.34889076579722544,0.5336630218281778,0.34753404575264424,0.49390250417894976,0.34780336395030714,0.49380780481403613,0.3481591819494778,0.5769362837858847,0.3467791926348647,0.5349170587894099,0.3466966928237455,0.5769429599794585
0.5767428798696661,0.34677846586944755,0.5349711496303569,0.346731387239514,0.5766826535798837,0.3480412129158113,0.4939512498113434,0.3477236148068227,0.4939671127025845,0.34788415305987996,0.5334055345186048,0.34896224693433,0.4579139004593683,0.34898205049485853,0.5335536964882265,0.34772920845569444,0.49395696444671766,0.34789548681922355,0.49386196879439775,0.3483526402116943,0.5766815610011147,0.34697514531825924,0.5348132618236671,0.3468903710005492,0.5766907251328949
