-1.0,-1.0,-1.0,-1.0,-1.0,-1.0,-1.0,-1.0,-1.0,-1.0,-1.0,-1.0,-1.0,-1.0,-1.0,-1.0,-1.0,-1.0,-1.0,-1.0,-1.0,-1.0,-1.0,-1.0,-1.0
-0.9999806433149269,-0.9999806433289141,-0.9999806433289143,-0.9999806433289141,-0.9999806433149273,-0.9999806433289143,-0.9999806433429012,-0.9999806433429009,-0.9999806433429009,-0.9999806433289136,-0.9999806433289137,-0.9999806433429005,-0.9999806433429003,-0.9999806433429,-0.9999806433289136,-0.999980643328914,-0.9999806433429005,-0.9999806433429005,-0.9999806433429008,-0.9999806433289145,-0.9999806433149276,-0.9999806433289147,-0.9999806433289149,-0.9999806433289148,-0.9999806433149274
-0.999829606350455,-0.9998296076408308,-0.9998296076408293,-0.9998296076408381,-0.9998296063504621,-0.9998296076408446,-0.9998296089312101,-0.9998296089312082,-0.9998296089312165,-0.999829607640851,-0.999829607640843,-0.9998296089312084,-0.999829608931207,-0.9998296089312152,-0.9998296076408495,-0.9998296076408508,-0.999829608931216,-0.9998296089312149,-0.9998296089312227,-0.9998296076408573,-0.9998296063504737,-0.999829607640864,-0.9998296076408623,-0.9998296076408704,-0.9998296063504808
-0.9993408243079295,-0.9993408517832281,-0.9993408517828697,-0.9993408517836257,-0.999340824308327,-0.9993408517840231,-0.9993408792582346,-0.9993408792578766,-0.9993408792586324,-0.9993408517844209,-0.9993408517836655,-0.9993408792578764,-0.9993408792575182,-0.9993408792582738,-0.9993408517840622,-0.9993408517844198,-0.999340879258631,-0.9993408792582728,-0.9993408792590291,-0.9993408517848175,-0.9993408243091212,-0.999340851785216,-0.9993408517848579,-0.9993408517856145,-0.9993408243095199
-0.9982494537577846,-0.9982497283620667,-0.9982497283458988,-0.9982497283694827,-0.9982494537652006,-0.9982497283768988,-0.9982500029436804,-0.9982500029275141,-0.9982500029510937,-0.9982497283843145,-0.9982497283607301,-0.9982500029275118,-0.9982500029113449,-0.9982500029349243,-0.9982497283681434,-0.9982497283843134,-0.9982500029510872,-0.9982500029349204,-0.9982500029585,-0.9982497283917268,-0.9982494537800343,-0.9982497283991435,-0.9982497283829732,-0.9982497284065612,-0.9982494537874527
-0.9962782461764016,-0.9962796335080268,-0.9962799656969292,-0.9962794629597786,-0.9962785168173061,-0.9962798949522081,-0.9962811702248291,-0.9962815143225845,-0.9962812648251946,-0.9962797924575769,-0.9962798785642419,-0.9962812099633106,-0.9962809736523203,-0.9962808682885338,-0.996279961963019,-0.9962798433962223,-0.996280848330016,-0.9962812850207245,-0.9962807052802385,-0.9962800678779717,-0.9962786939589641,-0.9962795563598786,-0.9962799096133871,-0.9962796888976057,-0.9962785452297639
-0.9931923776077577,-0.9931987576515144,-0.9931982399259364,-0.9931979338102678,-0.9931933603223766,-0.9931979896196982,-0.9932035337162243,-0.9932040928601213,-0.9932037959563749,-0.9931979642118957,-0.9931984891368452,-0.9932038997378635,-0.9932042077659375,-0.9932033393462798,-0.9931983564077647,-0.9931983132687023,-0.9932037581049281,-0.9932035286294008,-0.9932029658662794,-0.993198147116971,-0.9931929361645495,-0.9931981971011599,-0.9931978787191595,-0.9931981149737711,-0.9931925003403109
-0.988852530143947,-0.9888723839086593,-0.9888720251939973,-0.9888718677866484,-0.9888540364147251,-0.9888715986642109,-0.9888901671738726,-0.9888914229814372,-0.9888905564543063,-0.9888714943238643,-0.9888727932900188,-0.9888905834652397,-0.9888910188689773,-0.9888897377546977,-0.9888720601943526,-0.9888722809456779,-0.9888905453457602,-0.9888902096199891,-0.9888891819213809,-0.9888719429231205,-0.9888540339798705,-0.9888718435817508,-0.9888714903327606,-0.9888716028249147,-0.9888529968741107
-0.9832515465728281,-0.98330367449402,-0.9833066868971561,-0.9833025080613353,-0.9832578729472468,-0.9833044158613247,-0.9833547458922967,-0.9833615317087251,-0.9833564328302188,-0.9833043241957984,-0.983310210067648,-0.9833585136402286,-0.9833563865629305,-0.9833529600543608,-0.9833068627414767,-0.983308472288533,-0.9833546334339515,-0.9833545461051995,-0.9833494222953592,-0.9833078030395006,-0.9832593476334482,-0.9833048369984713,-0.9833044793961339,-0.9833031408909916,-0.983254690990008
-0.9765381143301679,-0.9766503277450438,-0.9766597252003059,-0.9766477490286094,-0.9765538044466142,-0.9766538018874126,-0.9767634184261661,-0.9767841183563346,-0.9767673027567536,-0.9766538081851195,-0.9766693147013003,-0.976775545072125,-0.9767700707812574,-0.9767590442213968,-0.9766605796849304,-0.9766654229606816,-0.9767639204116654,-0.976761573923268,-0.9767491243195277,-0.9766635431599843,-0.9765578156192398,-0.9766544033970695,-0.9766540919092399,-0.9766502438736493,-0.9765462772299444
-0.9690287070477105,-0.9692373874354011,-0.9692515085182761,-0.969233869185604,-0.9690516237116937,-0.9692432288017072,-0.9694486043725301,-0.9694836812789805,-0.9694537858577412,-0.9692437419679936,-0.969267208233046,-0.9694694506863917,-0.9694634892830812,-0.9694423164878132,-0.9692539714904771,-0.9692622363068847,-0.9694518067912451,-0.9694441447617576,-0.9694268025366835,-0.9692583178301151,-0.9690575916179065,-0.9692439892032398,-0.9692433859943831,-0.9692378611456027,-0.9690404559589152
-0.9620855460792223,-0.962431226922372,-0.9624425212513374,-0.9624290882291402,-0.9621059547605644,-0.9624379505196893,-0.9627783964650709,-0.9628138416053709,-0.9627829441652604,-0.9624394411514725,-0.962459893828052,-0.962799760604512,-0.9627971864781717,-0.9627733882272993,-0.9624481726672699,-0.9624570983330254,-0.9627855616755583,-0.9627728822676627,-0.9627598088955517,-0.9624517405370009,-0.9621115706657815,-0.9624389053873494,-0.9624373385501791,-0.9624331951214616,-0.9620958519993295
-0.9564460246733129,-0.9569839209827091,-0.9569862815082446,-0.9569857981484877,-0.9564569856462821,-0.9569920531616698,-0.9575191995636534,-0.9575385997622549,-0.9575228069250689,-0.9569950375139387,-0.9570022827670011,-0.9575316717207254,-0.9575321376747277,-0.9575177620828081,-0.9569972659674698,-0.9570045099286095,-0.9575288158781095,-0.9575152604603093,-0.9575139690527538,-0.9569989008555638,-0.9564615003030386,-0.9569934322423208,-0.9569900055180479,-0.9569892942127032,-0.9564515710422812
-0.9526813576174624,-0.953469008744273,-0.9534637823690872,-0.9534748695011313,-0.952686169727531,-0.9534803971580942,-0.954246719710959,-0.9542471675573836,-0.9542503970250095,-0.9534850985102492,-0.9534802185734276,-0.9542490813095285,-0.9542467721167887,-0.9542468909232626,-0.9534807164860377,-0.9534872908197228,-0.9542544781364923,-0.9542433761033198,-0.9542517085292597,-0.9534820716485525,-0.9526918582446696,-0.9534822857496841,-0.9534748883006008,-0.9534773674517285,-0.9526846814907726
-0.951131762409589,-0.9522038398037482,-0.952197029165518,-0.952210170626113,-0.9511412422170553,-0.9522206510755908,-0.9532553755781368,-0.953248978143308,-0.9532599371988985,-0.9522278738975872,-0.9522208635104632,-0.9532553152615544,-0.9532440849120966,-0.9532533822623326,-0.9522210597770089,-0.952230137407834,-0.9532606980386524,-0.9532491564879046,-0.953258922833899,-0.9522255434167626,-0.9511506681377777,-0.9522225065760361,-0.9522080278677789,-0.9522125046701555,-0.9511388709232209
-0.9518991845442367,-0.953249122093072,-0.9532446829524182,-0.9532537244026654,-0.9519196412031841,-0.953270901822396,-0.9545641464973357,-0.9545640509788386,-0.9545702157762079,-0.9532813444154807,-0.9532784973570605,-0.9545673875306521,-0.9545473964356389,-0.9545564429996786,-0.9532745500789289,-0.9532895251304928,-0.9545677972414225,-0.9545517536302126,-0.9545575496804644,-0.9532843177247172,-0.9519338867692181,-0.9532727143537096,-0.9532500996311771,-0.9532560843718442,-0.9519127203955348
-0.9548707071954851,-0.9564552482060193,-0.956448763919916,-0.9564579241923545,-0.9548969170684868,-0.9564785976160656,-0.9579856689569294,-0.9579886201522425,-0.9579899010689837,-0.9564912177711183,-0.9564883105401654,-0.9579886120338593,-0.9579649906124499,-0.9579710059680601,-0.956482855835029,-0.9565028532821359,-0.9579889831655231,-0.9579653241531529,-0.9579720809194753,-0.9564976877997701,-0.954913171324801,-0.9564805733445861,-0.956450463189344,-0.9564603772941032,-0.9548874543296936
-0.9597400248472003,-0.9614917925752196,-0.9614758253674257,-0.9614954438283283,-0.9597594107614963,-0.9615141085617762,-0.9631660402532438,-0.9631583860738162,-0.963167278742713,-0.9615259287964373,-0.9615126541073171,-0.9631599717274728,-0.9631371893378349,-0.9631476947553164,-0.9615109359874685,-0.9615343078814914,-0.9631703692865058,-0.9631407044380391,-0.9631583311863423,-0.9615294254382718,-0.9597744257636535,-0.9615153361022735,-0.9614795104483642,-0.9614969243059329,-0.9597527481702939
-0.9660155752684667,-0.9678543642814359,-0.9678247812434458,-0.9678605793772664,-0.966021370342866,-0.9678734775334762,-0.9695888684752683,-0.9695595459208298,-0.9695880251647226,-0.967883534702296,-0.9678524733302587,-0.9695677727799221,-0.9695457756268476,-0.9695699217226,-0.9678578992062966,-0.9678825077079877,-0.9695942863653924,-0.969562592706651,-0.9695948348131959,-0.9678785556012026,-0.9660316097704637,-0.967872867558403,-0.9678340058478077,-0.967859914346206,-0.9660199529477338
-0.9730516699390384,-0.9748804276582667,-0.9748404546561743,-0.9748882842597185,-0.973046614244265,-0.974895476189187,-0.9765774737796289,-0.9765294946153125,-0.9765762965152092,-0.9749021424955812,-0.9748569998346714,-0.9765426605817856,-0.9765181746950542,-0.9765568565134597,-0.9748671282399821,-0.9748932255992929,-0.9765815873953051,-0.9765515063868249,-0.9765936740804494,-0.974891092687329,-0.973051799878059,-0.9748925127379495,-0.9748526579909673,-0.9748854919342403,-0.9730488511446246
-0.9801162193587901,-0.9818156008027336,-0.9817728256159355,-0.9818226867719015,-0.980108488720363,-0.9818266562839175,-0.9833603144395784,-0.9833073303139974,-0.9833599842953514,-0.9818299608844241,-0.981781255483553,-0.9833199262466704,-0.9832911373230009,-0.9833362984643893,-0.9817905583105522,-0.9818196483408832,-0.983361850483591,-0.9833342156590273,-0.983376926437877,-0.9818188950483709,-0.980110301033225,-0.981822038174547,-0.9817830736202203,-0.9818190780044643,-0.9801109105165875
-0.9864872692034871,-0.9879239898195143,-0.9878841024926277,-0.9879282642384173,-0.9864814754304462,-0.9879302338189573,-0.9891913466112846,-0.9891452397608349,-0.989191191997814,-0.9879307400521917,-0.9878867191084848,-0.9891526491593647,-0.989122393933539,-0.9891640102428385,-0.987892084238962,-0.9879234278080622,-0.9891907710002488,-0.9891651206807138,-0.9892018958026435,-0.9879237410544154,-0.9864809192989652,-0.9879252315845576,-0.9878889851520417,-0.9879249837189193,-0.9864822693232831
-0.9915393063786953,-0.9925881140599289,-0.9925531150316814,-0.9925892899647204,-0.9915339908179914,-0.9925883926894592,-0.9934637555862521,-0.9934276336910737,-0.9934626753036744,-0.9925866003685344,-0.9925495935205162,-0.993429710139506,-0.9934035305214401,-0.9934366448528732,-0.9925519922282273,-0.992581952844805,-0.9934622884992809,-0.9934399764225947,-0.9934694809881505,-0.9925831382135061,-0.9915312910508072,-0.9925843155691149,-0.992553864875594,-0.9925868692705943,-0.9915344043689076
-0.9947928841889382,-0.9953591240590797,-0.995330567424877,-0.995358062359342,-0.9947856648613566,-0.9953535733034171,-0.9957613362534705,-0.9957343188396518,-0.9957594419088607,-0.9953498896265438,-0.9953204997653741,-0.995733683923967,-0.9957156342431692,-0.9957394744197156,-0.9953220058704298,-0.9953458334586609,-0.9957597158287784,-0.9957439092162799,-0.9957656626029545,-0.9953476899347551,-0.9947809043508473,-0.9953509301364025,-0.9953296285157269,-0.9953565345276125,-0.9947872374824609
-0.9959368869007073,-0.9959678464142355,-0.9959497557363084,-0.9959650829139279,-0.9959290309391592,-0.9959587077111577,-0.9958585542945164,-0.9958435655528156,-0.9958570174986059,-0.9959536187959431,-0.9959357686289368,-0.9958414926544129,-0.9958331873241791,-0.9958457316845066,-0.9959362781128664,-0.9959502104356318,-0.9958565039183542,-0.9958504741578309,-0.9958610395027128,-0.9959524036995162,-0.9959237008319256,-0.9959571109342186,-0.9959473570869363,-0.9959642071548288,-0.9959312550912693
-0.994846368467879,-0.9943339043798984,-0.9943308419801593,-0.9943295182608842,-0.9948417014484361,-0.9943231469668253,-0.9937186176615982,-0.9937227185050506,-0.9937184464981735,-0.9943180103623719,-0.9943173202316861,-0.9937183221991199,-0.9937208682915688,-0.9937170557232252,-0.9943156582955371,-0.9943174005807536,-0.9937167991770277,-0.993721442992241,-0.9937170041357821,-0.9943185382974762,-0.994837831987401,-0.9943236924164657,-0.9943263089023884,-0.9943294803724951,-0.9948432747337973
-0.9916052640577473,-0.9905897017605392,-0.9906020604729112,-0.9905827891594716,-0.9916062538207486,-0.990579043193436,-0.9895211689466417,-0.9895446296525443,-0.9895215105075246,-0.9905776817621981,-0.9905946221938824,-0.9895386595636634,-0.989554801409103,-0.9895328539240543,-0.9905922808509227,-0.9905777321704534,-0.9895171826758626,-0.9895347885498057,-0.9895152487052967,-0.9905785095599956,-0.9916053441600063,-0.9905813688186778,-0.9905979825130178,-0.990584981579128,-0.9916074044036574
-0.9865046208389411,-0.985080497083249,-0.985107432583758,-0.9850717129262234,-0.9865112734982053,-0.9850716923460882,-0.983665140381785,-0.9837013679062424,-0.9836648726154512,-0.9850783172358947,-0.9851094197557695,-0.9836981025393564,-0.9837311716238458,-0.9836954063978662,-0.9851113774190148,-0.9850734858224373,-0.9836565096542476,-0.9836899124725085,-0.9836598146947146,-0.9850767131172067,-0.986512994576433,-0.9850740827772233,-0.9851071843015011,-0.9850777055242973,-0.9865131324460968
-0.9800089680966809,-0.9783250251520808,-0.9783688688307163,-0.9783172770694656,-0.980018949590735,-0.9783204376653855,-0.9767225576755034,-0.9767671934141172,-0.9767215070820952,-0.9783342107038336,-0.9783801285037987,-0.9767712483570244,-0.9768224785785419,-0.9767779338131677,-0.9783891651608925,-0.9783230906000087,-0.976710764740548,-0.976761274545205,-0.9767235983668575,-0.9783312888088311,-0.9800225096330435,-0.9783229464988004,-0.9783731234638984,-0.9783272625197734,-0.9800228914973769
-0.9726928111967897,-0.9709372114965544,-0.9710064806914778,-0.97093535161197,-0.9727044913623457,-0.9709410554378747,-0.969345725275766,-0.9694064269394317,-0.9693458973314864,-0.9709552678650903,-0.971025000170106,-0.9694175418093509,-0.9694849872894399,-0.9694280001565383,-0.9710366589927939,-0.9709462524479503,-0.9693380209054965,-0.9694038504188309,-0.9693520193555226,-0.9709568692782908,-0.9727104656515739,-0.9709462208650969,-0.9710124023955228,-0.970946091116723,-0.9727099006916102
-0.9651755379609893,-0.9635556946373011,-0.9636575228970792,-0.9635616647432544,-0.9651912574872582,-0.9635713471205141,-0.9621827367603283,-0.9622741063454324,-0.9621868196692647,-0.9635806224204144,-0.9636839008218521,-0.9622861183199991,-0.9623660693388328,-0.9622853247932976,-0.9636884563727575,-0.963585821168779,-0.9621861887935619,-0.9622630626140338,-0.9621852423750661,-0.9635910655543344,-0.9652020847337761,-0.9635814584327764,-0.9636612861638676,-0.9635686572841002,-0.9651944353165415
-0.958075146248696,-0.956797269652343,-0.9569283265205164,-0.9568079953011719,-0.9580991333804796,-0.9568250389832931,-0.9558354205508538,-0.9559632213335402,-0.9558430858721673,-0.9568312715176348,-0.9569660902759035,-0.9559680875530018,-0.9560577848719447,-0.9559457268009002,-0.9569594141508982,-0.956854525923947,-0.9558492774797944,-0.955933588890993,-0.955825130317186,-0.9568490430646113,-0.9581182149616116,-0.9568397533734107,-0.9569305845875444,-0.9568107600388558,-0.9580970312734033
-0.9519756690240704,-0.9512313952668041,-0.9513753199434503,-0.9512411205995142,-0.9520096190226364,-0.9512688854769773,-0.950846626009507,-0.9509939082094144,-0.9508555949712139,-0.9512814008575484,-0.9514298189432348,-0.9509921039812387,-0.9510903459322486,-0.9509570301467133,-0.9514187038668259,-0.9513106112934713,-0.9508616421170542,-0.9509516811828598,-0.9508244752942154,-0.951297408483575,-0.952037133395111,-0.9512836092673048,-0.9513818570242436,-0.9512437622318001,-0.9520027383182081
-0.9473885938976775,-0.94734280925691,-0.947482450534536,-0.9473499355753899,-0.9474297596241902,-0.9473876097404215,-0.9476702950088787,-0.9478088128200346,-0.9476779880791609,-0.9474149463747157,-0.9475546185054622,-0.9478097249302049,-0.9479128093403103,-0.9477813245091204,-0.9475507158176844,-0.9474344806024397,-0.9476787834004498,-0.9477708042512929,-0.9476487003151446,-0.9474211293840489,-0.9474625382616355,-0.9473978744699842,-0.9474977406627048,-0.947356760295694,-0.9474212434775382
-0.9446975418131042,-0.9454748462215907,-0.9456001129647083,-0.9454820803570132,-0.9447389044531853,-0.945524830773361,-0.9466094955820004,-0.9467169923835812,-0.9466145096105761,-0.9455652141806272,-0.9456824645333554,-0.9467304434629586,-0.9468308866049026,-0.9467226919182027,-0.9456939267469178,-0.9455680310101522,-0.9466118166543231,-0.9467000977390473,-0.9466008189190108,-0.945563149342628,-0.9447729970079991,-0.945531084100881,-0.945624301904654,-0.9454937847768282,-0.9447330979926939
-0.944103872448426,-0.9457677950983263,-0.9458792450950212,-0.9457799826827311,-0.9441396364231168,-0.9458220502432262,-0.947744099659301,-0.9478210876129647,-0.9477474190067303,-0.9458631958106641,-0.9459612618151003,-0.947845619808245,-0.947934714720805,-0.9478539635497982,-0.9459835355751188,-0.945859474780099,-0.9477485372554291,-0.9478249265050813,-0.947748951547406,-0.945864062508308,-0.9441733025948612,-0.9458289957057906,-0.9459064568936334,-0.9457923344501509,-0.9441380614325352
-0.9456057878840098,-0.9481404545062656,-0.9482424782087324,-0.9481596565684366,-0.945636269635673,-0.9481983779868505,-0.9509120904787924,-0.9509737817188613,-0.950915692316953,-0.948229811531395,-0.9483169553855353,-0.9509990177189889,-0.9510669781124252,-0.9510048505661827,-0.948336789889174,-0.9482347509470774,-0.9509261211658542,-0.9509824142951002,-0.9509194537605644,-0.9482415964015529,-0.945669472644898,-0.9482106482755388,-0.9482653122733119,-0.9481669487636275,-0.9456354582669784
-0.9490202484025939,-0.9523267001855868,-0.9524148214314133,-0.9523496602287067,-0.9490491750073752,-0.9523869368925646,-0.9557616215962992,-0.955816678416578,-0.9557669636368334,-0.952406558856037,-0.9524838514450533,-0.9558323736357079,-0.9558731772728377,-0.9558221748031692,-0.952490384350288,-0.9524279421594279,-0.955785063523572,-0.95581546667131,-0.9557602876488949,-0.952428330436603,-0.9490829773775001,-0.9524022668138222,-0.9524308224314665,-0.9523496503584647,-0.9490449117815599
-0.9540279891528335,-0.9579345767859377,-0.9579942568293749,-0.9579558044522948,-0.9540567330478084,-0.9579944173572024,-0.9618318771599554,-0.9618699409455498,-0.9618379372306712,-0.9580085013198678,-0.9580609257501163,-0.9618748580010317,-0.9618868402142439,-0.9618516904040919,-0.958058160829982,-0.9580371459887468,-0.9618564706234533,-0.9618589369912118,-0.9618192923675716,-0.958030687540302,-0.9540899934057099,-0.9580048853148229,-0.9580069029620856,-0.9579507735557846,-0.9540478470132561
-0.9602077412821599,-0.9644888090459525,-0.9645068623885225,-0.9645058022645531,-0.960234133208121,-0.9645462240122621,-0.9686037024310095,-0.9686058641985839,-0.9686096089192545,-0.9645620558959747,-0.9645729656556206,-0.9686069622117583,-0.968590345747821,-0.9685864575657478,-0.9645702321856235,-0.9645833644909875,-0.9686219001754758,-0.9685975944279619,-0.9685905278404895,-0.9645744215454184,-0.9602633079023021,-0.9645445039318881,-0.9645204697524012,-0.9645005458549842,-0.9602225711893556
-0.9670590659175958,-0.9714543744413295,-0.9714265730329795,-0.971467184802567,-0.9670774587758726,-0.9715042237752219,-0.9755181136663948,-0.9754729348350919,-0.9755224081428548,-0.9715206774111993,-0.9714836368345653,-0.9754774527851028,-0.975433253049411,-0.9754715934483055,-0.9714873420444102,-0.9715270866849948,-0.9755277028272303,-0.975478616778389,-0.9755139203701758,-0.9715221253934933,-0.9670985034123682,-0.9714900456244421,-0.9714411090091484,-0.9714643529062443,-0.9670673125766738
-0.9740248285813871,-0.9782518832407756,-0.9781847212955055,-0.9782617749231916,-0.9740309945017438,-0.9782889677249567,-0.9819865190821869,-0.9819011448561675,-0.9819892709255911,-0.9782990680353245,-0.9782223049548662,-0.9819097130136484,-0.9818396820545852,-0.981917072891498,-0.9782304076575769,-0.9782950901247068,-0.9819913430661346,-0.9819202709155949,-0.9819929035497853,-0.9782966101772087,-0.9740419115264685,-0.9782684811981284,-0.9781962792492805,-0.9782602703900226,-0.9740248331326545
-0.9805297597028859,-0.9842979314205514,-0.9842031166918426,-0.9843054896221286,-0.9805240903630315,-0.9843196354043157,-0.9874325894966116,-0.9873261101528866,-0.9874340746129044,-0.9843176920538559,-0.9842168549583477,-0.9873337496639082,-0.987242622061332,-0.9873438457144618,-0.984222257214982,-0.9843132436928468,-0.9874367855757116,-0.9873485249805487,-0.98744268842783,-0.9843186834519322,-0.9805259924593883,-0.9842996957492837,-0.9842079311534968,-0.9843024803707199,-0.9805215491745621
-0.9860380620485413,-0.9890708491264444,-0.9889587062372016,-0.9890745518541346,-0.9860239549538208,-0.9890776067677829,-0.9913627857983127,-0.9912521918120606,-0.9913634938349644,-0.9890645444862354,-0.9889527106315708,-0.9912552900289098,-0.9911517870879205,-0.9912603245990319,-0.9889509152010205,-0.9890638297895583,-0.9913668359488141,-0.9912700174002738,-0.991370121949654,-0.9890705759464784,-0.9860198193214118,-0.9890606820162839,-0.9889566166390222,-0.9890693562296835,-0.986024093442406
-0.9901106611959197,-0.9921735279316608,-0.9920526940637742,-0.9921713664854404,-0.9900912940160566,-0.9921678522245402,-0.9934352272596885,-0.9933295248092536,-0.9934351846034764,-0.9921493224194218,-0.992035073892394,-0.9933298182142213,-0.9932259874158875,-0.9933310690637414,-0.9920277696845853,-0.9921491593574873,-0.9934368895111174,-0.993343311314528,-0.9934390616309667,-0.992156783704504,-0.9900834124404599,-0.9921520720187509,-0.992046907343132,-0.9921664826820362,-0.9900941755496303
-0.9924372313045238,-0.9933628162333282,-0.9932447153617174,-0.9933544119563492,-0.992414384211004,-0.9933477234802335,-0.9934836111253957,-0.9933904733455639,-0.9934826339654432,-0.9933285787115318,-0.9932214916165354,-0.9933924192026806,-0.9933017468298297,-0.9933946259147156,-0.9932131247956311,-0.993324485766731,-0.9934819256565794,-0.9934048186994751,-0.9934868479513042,-0.993334031442471,-0.9924038385999463,-0.9933316518361301,-0.9932387271964761,-0.9933535778583796,-0.9924207760065897
-0.9928430702489904,-0.9925459032201757,-0.9924476707387255,-0.9925330171037808,-0.992817727414545,-0.9925243225609071,-0.9915021497149588,-0.9914354395684799,-0.9915001741462709,-0.992504800206735,-0.992420326598749,-0.9914409396366236,-0.9913774090555225,-0.9914435452439156,-0.9924127374016549,-0.9924969562923088,-0.9914975961878871,-0.991449695398917,-0.9915045229886261,-0.9925089273467012,-0.9928055441546715,-0.9925094505753402,-0.9924412243011245,-0.9925366731906323,-0.9928270328727119
-0.9912853758461332,-0.9897671901335556,-0.9897082590014792,-0.9897520811610896,-0.9912608404233916,-0.9897427399283976,-0.987621392906584,-0.9876015505002582,-0.9876202552395001,-0.9897223277914082,-0.9896804495165443,-0.9876103552651523,-0.9875861068096188,-0.9876078202037973,-0.9896703630200192,-0.9897153810724679,-0.9876170807194748,-0.9876103367330811,-0.9876217352435278,-0.9897281326935679,-0.9912492303249708,-0.9897322996784973,-0.989700875058071,-0.989758615805384,-0.9912709998544555
-0.987856591562311,-0.9852074656635151,-0.9852020702783024,-0.9851905347004857,-0.9878372725672904,-0.9851827331369036,-0.9821059835307366,-0.9821502756671273,-0.9821073715713478,-0.9851643817458613,-0.9851833928618321,-0.9821622803010346,-0.982189728519304,-0.9821522546445612,-0.9851685442231439,-0.9851648011685413,-0.9821058729385752,-0.9821516066607274,-0.9821040595349915,-0.9851745016880639,-0.987830754557017,-0.9851798395542483,-0.9851975931802697,-0.9851986788697765,-0.9878469816452535
-0.9827875230330347,-0.9791854773657087,-0.9792405733818074,-0.9791662439778985,-0.9827782763630775,-0.9791619244473676,-0.9753569671644364,-0.9754712442251672,-0.9753616517619071,-0.9791545845257219,-0.9792413598137173,-0.9754889034735003,-0.9755797691060243,-0.975476354442765,-0.9792268541073421,-0.9791617510308873,-0.9753628445189403,-0.975470801901649,-0.9753560666077117,-0.9791669796285856,-0.9827802635598315,-0.9791685659535357,-0.9792459017035164,-0.9791780226628208,-0.9827870477117675
-0.9764370984892846,-0.9721436414248826,-0.9722635944944287,-0.972123408592344,-0.9764395662463488,-0.9721224682781318,-0.9678918652578231,-0.9680712014360855,-0.9678990438854831,-0.9721342071901161,-0.9722862239982643,-0.9680977120367839,-0.9682595663707834,-0.9680914141393688,-0.972281185650227,-0.972139846334484,-0.9679011538160822,-0.9680767574115816,-0.9678959364994392,-0.9721435383643103,-0.9764503554989197,-0.9721391556608308,-0.9722833429590181,-0.9721422657364647,-0.9764495075246177
-0.969256809936294,-0.9646014800714331,-0.9647949874001157,-0.9645850623188045,-0.969268911976132,-0.9645866936874983,-0.9602857437003776,-0.9605247598391957,-0.9602939963090942,-0.9646164665083724,-0.9648323262177301,-0.9605604471772201,-0.9607936162448958,-0.9605633909928801,-0.9648414640813305,-0.9646124853747474,-0.960293983630402,-0.9605370513807727,-0.9602937979230431,-0.9646186019255565,-0.9692857480637352,-0.9646117548734912,-0.964825065024531,-0.96461025513629,-0.9692818616699814
-0.9617386717170812,-0.9570915001723799,-0.9573713078062491,-0.9570846890746189,-0.961757275111459,-0.9570904277513277,-0.9530925219578172,-0.9533949170329156,-0.9531008357656063,-0.9571279240265786,-0.9574155279253349,-0.9534348492091748,-0.953733520608,-0.9534385352715418,-0.9574325391517863,-0.9571165062698664,-0.9530985700393196,-0.9534043236529494,-0.9530989935993344,-0.9571249966529565,-0.961778215714184,-0.9571216980587751,-0.9574023900853987,-0.9571113747994131,-0.961772319327075
-0.954366896157826,-0.9501075180430899,-0.9504809638355713,-0.9501121943765803,-0.9543914247191119,-0.9501254120509524,-0.9467900168401391,-0.9471641982149187,-0.9467986107125844,-0.9501610307029809,-0.9505317853119749,-0.9472015638457926,-0.9475574115043242,-0.9471931504994882,-0.9505451117207064,-0.9501557910242877,-0.9467978913153831,-0.9471592362341622,-0.9467892510093375,-0.9501615249189636,-0.9544189820215399,-0.9501634429370955,-0.9505070180732806,-0.9501354387041987,-0.954405563135722
-0.94759420818582,-0.9440849848839951,-0.9445438122510703,-0.9440979668400258,-0.947628659557153,-0.9441229261911719,-0.9417700708428233,-0.9422160254645516,-0.9417806402071622,-0.9441580918589079,-0.9446123918106242,-0.9422474344871318,-0.9426506655378344,-0.9422199561822169,-0.9446161568052914,-0.9441720281390478,-0.9417871490549323,-0.9421933844124359,-0.9417610587192088,-0.9441684303058933,-0.9476683461430598,-0.9441695697392368,-0.9445675178836888,-0.9441158041556976,-0.947637971440827
-0.9418339324941923,-0.9394000630108599,-0.9399187965086585,-0.9394167279894464,-0.941882695606129,-0.9394551004836054,-0.9383497627265177,-0.9388461499405986,-0.9383650380317918,-0.9395005185297111,-0.9400175526727215,-0.9388742291306122,-0.939312175421058,-0.9388351445823963,-0.9400164251005754,-0.9395332069696932,-0.9383792118567336,-0.938814644206339,-0.9383378918497739,-0.9395164906393955,-0.9419365143635788,-0.9395062247972772,-0.9399483099953719,-0.9394316255939313,-0.9418845463499865
-0.9374462518628014,-0.9363612560183734,-0.9369071107288826,-0.9363791917881807,-0.9375095964171747,-0.9364274603281151,-0.9367707242834618,-0.9372773751747157,-0.9367902029676011,-0.9364936965494671,-0.9370357919873036,-0.9373071083673566,-0.9377619738170863,-0.937273385326336,-0.9370429695915695,-0.9365307878350259,-0.9368083459252045,-0.937252191294463,-0.9367633621427084,-0.9365062224056014,-0.9375745792043738,-0.9364800987994835,-0.9369480579232354,-0.9363943887858424,-0.9375058941777632
-0.9347104258805086,-0.9351774661740545,-0.9357222945406001,-0.9351988047065247,-0.9347827195666327,-0.9352515618605155,-0.9371602258591348,-0.9376350866076225,-0.9371807788438041,-0.9353374058933505,-0.9358656398779868,-0.9376688123800317,-0.9381161084922494,-0.9376522675453213,-0.935891229025223,-0.9353617105064025,-0.9371961805202589,-0.9376247719164057,-0.9371602747782247,-0.9353378572539416,-0.9348511031426895,-0.9353000731074417,-0.9357716601736552,-0.9352154492497343,-0.9347774294312476
-0.9337856683106462,-0.9359148076635131,-0.9364413068447335,-0.9359449031787787,-0.9338584803338263,-0.9359980294635243,-0.9394836297559852,-0.9398999902978827,-0.9395026051320303,-0.9360888791084332,-0.9365793086458973,-0.9399346738336302,-0.9403454550779533,-0.9399330204637333,-0.9366196801309337,-0.9360942353841282,-0.9395102454779699,-0.9398991612003298,-0.9394873682791922,-0.9360765089651435,-0.9339213787806422,-0.936036380713528,-0.9364873797365181,-0.9359578600231925,-0.9338527144774478
-0.9346874636872938,-0.9384770590429445,-0.9389732499813802,-0.9385195794023877,-0.934754992438003,-0.9385732099914917,-0.943529694369784,-0.9438793372902811,-0.9435465630220076,-0.9386515585103898,-0.9390962054705442,-0.9439089849286113,-0.9442565880540791,-0.9439087221237674,-0.9391365042240731,-0.9386472875037676,-0.9435477192009168,-0.9438745909271526,-0.9435299387885455,-0.9386341479812492,-0.934808074642897,-0.9385975706508809,-0.9390046073894489,-0.9385207463530372,-0.9347458278965157
-0.9372951222517327,-0.9426265416205257,-0.943075910694189,-0.942680237648536,-0.9373572139138728,-0.9427377965645678,-0.9489469943791349,-0.9492287370449103,-0.9489634914878597,-0.9427959472135672,-0.9431901730664524,-0.9492497291532601,-0.9495154771021252,-0.9492390094714527,-0.9432172220798588,-0.9427983141634705,-0.9489640738298777,-0.9492119273529545,-0.9489411338021763,-0.9427834996730706,-0.9374031012708768,-0.9427488973950946,-0.9430901022473552,-0.9426655738837313,-0.9373402005263003
-0.9413845174009097,-0.9480340824802218,-0.9484116372962544,-0.9480921562433665,-0.9414456717609242,-0.9481573073746764,-0.9553109521561765,-0.9555182534056098,-0.9553268313899925,-0.948203009884829,-0.9485294862619569,-0.9555291714276881,-0.9557063454139294,-0.9555068295434729,-0.948542385556734,-0.9482195396903281,-0.9553315339678855,-0.9554928715712028,-0.9553007126286647,-0.948197432782844,-0.9414887791395421,-0.9481555134919311,-0.9484155071895817,-0.948064983428831,-0.9414186893504405
-0.9466647456409949,-0.9543230863276254,-0.9545997760645368,-0.9543787801196855,-0.946726002952776,-0.9544517997702394,-0.9621762650928423,-0.9622886306501063,-0.9621921801954643,-0.9544950689225192,-0.9547275532841799,-0.96229622143037,-0.9623784651639139,-0.9622728523131306,-0.9547341056941234,-0.9545205091168096,-0.9622001878454219,-0.9622680399549973,-0.9621675435386834,-0.9544919623198924,-0.9467695775599515,-0.9544375032386156,-0.9546031983003814,-0.9543477539351047,-0.9466931387404396
-0.9527954816596286,-0.9610908483838574,-0.9612445587957402,-0.9611404557092038,-0.9528538453515664,-0.9612151440024725,-0.9690972038097291,-0.9690950053230691,-0.9691110180888327,-0.9612602824188755,-0.9613739262217886,-0.9691038079401483,-0.9690882627863835,-0.9690908185358711,-0.9613834232451585,-0.9612815830418667,-0.969119512399253,-0.9690895604530837,-0.9690939067293279,-0.961252734583912,-0.952892971124273,-0.9611876596605796,-0.9612519278097915,-0.9611122536809269,-0.9528206409374168
-0.9593951070057671,-0.9679091365431397,-0.9679323330210499,-0.9679518793480766,-0.9594422385014376,-0.9680197958069114,-0.9756223332847906,-0.975499981671085,-0.9756323111635056,-0.9680590993010523,-0.9680432627123153,-0.9755113499424557,-0.9753963634923422,-0.9755113108493801,-0.9680578309538158,-0.9680665047163445,-0.9756371912442728,-0.9755097983004695,-0.9756247759794685,-0.9680448650474611,-0.9594707021703937,-0.9679803351062197,-0.9679397226442911,-0.9679288078405701,-0.9594138714243661
-0.9660450262470681,-0.9743298716850206,-0.9742289261924556,-0.9743658444507469,-0.9660739252060995,-0.9744208082600394,-0.9813022733616875,-0.9810743355476558,-0.9813068572522676,-0.9744420809224381,-0.9743058038936219,-0.9810861490908646,-0.9808761458365707,-0.9810921422479153,-0.9743188893569575,-0.9744376988287311,-0.9813079159644683,-0.9810914529278656,-0.9813067645117016,-0.9744262734836352,-0.9660884096293714,-0.9743733215461126,-0.9742300987822933,-0.9743458711998508,-0.9660532730162861
-0.9723151747221584,-0.9799142932337614,-0.9797033143229604,-0.9799424230513488,-0.9723241365977944,-0.9799832094383788,-0.9857236116038673,-0.9854181533152542,-0.9857223672237658,-0.9799797541473804,-0.9797442568404443,-0.9854284182618873,-0.9851384550402461,-0.9854315214955717,-0.979747232982799,-0.9799727079538176,-0.985722439700626,-0.9854346882292684,-0.9857266211013931,-0.9799699152769394,-0.9723254388058301,-0.9799324544957977,-0.9796957405925529,-0.9799236159772364,-0.9723104620864759
-0.9778024339513887,-0.9842801734928772,-0.9839756565661919,-0.9842974144040308,-0.9777940023113696,-0.9843263634649461,-0.9885609003643927,-0.9882087991104316,-0.988553875020365,-0.9843017401373969,-0.9839896613183337,-0.9882167726130404,-0.9878728808070518,-0.9882140553051,-0.9839800918517929,-0.9842990141268602,-0.9885562859808443,-0.9882232589208839,-0.9885616724280013,-0.9843019290133747,-0.9777865133285563,-0.9842770203236046,-0.983963528255827,-0.984281950819378,-0.9777864288221725
-0.9821676851755485,-0.987143390239953,-0.9867653802627117,-0.9871465675161577,-0.9821459350329802,-0.9871659784398572,-0.9896158668106757,-0.9892447013947288,-0.9896031355800046,-0.9871299035840466,-0.9867611987457499,-0.9892514205281473,-0.9888864094211541,-0.9892468192829733,-0.9867442168641354,-0.9871308784379341,-0.9896090206048627,-0.9892614365206844,-0.9896156353102,-0.9871379300186176,-0.9821336355173034,-0.987121003706709,-0.986754883114517,-0.9871395656247517,-0.982145502045116
-0.9851578218791276,-0.9883318400497336,-0.9879078844014371,-0.9883196826101628,-0.9851243727565335,-0.9883298909450929,-0.9888211467430787,-0.9884585661780088,-0.9888031374603401,-0.988289861264013,-0.9878866278264911,-0.9884655594345042,-0.9881134080609607,-0.9884638867045287,-0.9878702873395144,-0.9882888191948865,-0.9888104215427442,-0.9884810422063107,-0.9888205849104039,-0.9883007977865318,-0.985108559008075,-0.9882907233881721,-0.9879017497269043,-0.9883255823568395,-0.985133221336542
-0.9866035794581479,-0.9877739019883736,-0.9873410065841849,-0.9877481396936951,-0.9865588469863493,-0.987748767293437,-0.986217947168837,-0.9858981428195406,-0.9861965821460268,-0.9877049812169312,-0.9873004236617804,-0.9859068583358002,-0.9856004401425382,-0.9859083290732618,-0.9872866984332578,-0.9876984945591414,-0.9862029076319578,-0.9859244971912388,-0.9862162528365161,-0.9877167096314721,-0.9865393728536799,-0.9877164826182752,-0.9873377632179212,-0.9877677822341897,-0.9865777621441135
-0.9864140593234962,-0.9854835467195151,-0.9850847852983007,-0.9854474456723555,-0.9863597005770113,-0.985440256224055,-0.98193532258805,-0.9816996327042,-0.9819122892622278,-0.9853885559714339,-0.9850277889556809,-0.9817136959506048,-0.9814833368662652,-0.9817107602850066,-0.9850109041367323,-0.9853797868642,-0.9819182796845958,-0.9817229224371881,-0.9819297154656035,-0.98540301594262,-0.9863380117650565,-0.9854168109099968,-0.9850826392886649,-0.9854783702739593,-0.9863873667954253
-0.9845778080896906,-0.9815586184721834,-0.9812358250185774,-0.9815150573783646,-0.984518667036269,-0.9815042270346512,-0.9761858131294929,-0.9760759858815362,-0.9761623492914449,-0.9814442665335089,-0.9811753908594587,-0.9760995716352653,-0.9759756643140808,-0.976083308195743,-0.9811475307508385,-0.9814405222086379,-0.9761706107158081,-0.9760901953889852,-0.9761739705949863,-0.9814645624584699,-0.9844994295589653,-0.9814927106871808,-0.9812364355741049,-0.9815540666874476,-0.9845520168582251
-0.9811716190369927,-0.9761906548251759,-0.9759785267233518,-0.9761409219204893,-0.9811145597717124,-0.9761297540852802,-0.9692725566592306,-0.9693210396340721,-0.9692496765572194,-0.9760704981032796,-0.9759303107181982,-0.9693550785981356,-0.9693704597853892,-0.9693264173447971,-0.975892305804773,-0.9760762739463835,-0.9692623829280328,-0.9693268902927084,-0.9692560882599224,-0.9760969476692435,-0.9811042917423091,-0.9761337483558858,-0.975987629258329,-0.9761870385873125,-0.9811516871505721
-0.9763671216374079,-0.9696677043015379,-0.969594640933644,-0.9696124332531557,-0.976317678412745,-0.9695998948087541,-0.961586788627188,-0.9618133312273405,-0.9615669976664638,-0.9695569833687281,-0.9695656696203929,-0.96185374872176,-0.962040048803799,-0.9618256539290859,-0.9695300897790492,-0.9695682318086729,-0.9615824975346092,-0.961818456739314,-0.9615714928658613,-0.9695848289260645,-0.9763205335188796,-0.9696227276667513,-0.9696178083568712,-0.969666704271303,-0.9763589249076119
-0.9704202492075025,-0.9623532061344624,-0.962446767100054,-0.9622948188700642,-0.9703803160723368,-0.9622775406261354,-0.9535778372275756,-0.9539927529980234,-0.9535646306352552,-0.9622622890334938,-0.9624323396495447,-0.9540337431953041,-0.9544125969645336,-0.9540203840584076,-0.9624142906009427,-0.9622694209643827,-0.9535782332715597,-0.9540043525645162,-0.9535697906559082,-0.962284663350709,-0.9703951071691955,-0.9623197249182557,-0.962484519780977,-0.9623576773457249,-0.9704267182454112
-0.9636426911662325,-0.9546435195589338,-0.9549340982919736,-0.9545873453008926,-0.9636111694443439,-0.9545659066708532,-0.9456988746391658,-0.9463095694625888,-0.9456943982927911,-0.9545760523020628,-0.9549255926382667,-0.9463469543912821,-0.9469256918648572,-0.9463520538008363,-0.9549294035090194,-0.954572459640364,-0.9457028736994982,-0.9463275266058955,-0.9456991113399844,-0.9545889188358618,-0.9636333728605253,-0.9546233932304424,-0.9549807731378884,-0.9546567152496873,-0.9636620647289682
-0.9563653341866851,-0.9469257064882001,-0.9474424408498936,-0.9468789224115034,-0.9563418145826413,-0.9468577701656469,-0.9383597479642077,-0.9391725656705445,-0.9383631295026071,-0.9468801412521196,-0.9474384903538045,-0.9392097305526238,-0.9399782720591974,-0.9392180313943534,-0.947454081802264,-0.9468713229814842,-0.9383682338885044,-0.9391865982573218,-0.9383601478122582,-0.9468896773002579,-0.9563697232884677,-0.946927129630998,-0.9474898334359679,-0.9469491409713329,-0.956394570534946
-0.9489191133221816,-0.9395566011660387,-0.9403165316176317,-0.9395251918757306,-0.9489075342570179,-0.9395148525715389,-0.931905305142048,-0.9329220985143101,-0.9319168108006215,-0.9395377756243105,-0.9403314616963274,-0.9329659767002206,-0.9339056417680407,-0.9329570408456722,-0.9403389798407042,-0.9395364628241115,-0.9319233855979318,-0.932920785426345,-0.9318993450964624,-0.939549838991432,-0.9489423124158275,-0.9395898392300557,-0.9403601748860445,-0.9395891512658107,-0.9489552303851225
-0.9416282296272659,-0.9328662971016943,-0.9338647153874078,-0.9328523791328636,-0.9416348593562005,-0.9328612977549322,-0.9266283685815994,-0.9278339787586493,-0.9266475200451643,-0.9328852905982508,-0.9339202584232134,-0.927889141489265,-0.9289772261973064,-0.9278526680291861,-0.9339099571421934,-0.9329032239312077,-0.926660086619116,-0.92781190624738,-0.9266137127368734,-0.9329033793327223,-0.9416824938069683,-0.9329380706203936,-0.9339055878466717,-0.9329041987906068,-0.9416705601875254
-0.9348122396935099,-0.9271643721310013,-0.9283736902383489,-0.9271655746274376,-0.9348435348210968,-0.9271943479846462,-0.9227810542918272,-0.924136757576983,-0.9228076279207481,-0.9272347172584992,-0.9284829050898878,-0.9242003814859124,-0.9254133812267864,-0.924146689041089,-0.9284632134935882,-0.9272720148587459,-0.9228259219482319,-0.9241014579998241,-0.9227624009994018,-0.9272548153555248,-0.9349097905769538,-0.9272730122102888,-0.9284184654895038,-0.9272051016062299,-0.9348646007268117
-0.9287814808607686,-0.922732117071828,-0.9241103372592816,-0.9227451349083513,-0.9288398055928143,-0.9227864919749269,-0.9205685217950211,-0.9220163549925735,-0.9206047220344686,-0.9228615806967189,-0.924268055461438,-0.9220796497211156,-0.9233877069605612,-0.9220345719113483,-0.9242599558407887,-0.9229054197128849,-0.9206224335431806,-0.921981972453852,-0.9205551932561744,-0.9228728003630069,-0.928923483961512,-0.9228666763491945,-0.9241633572952876,-0.9227749043835508,-0.9288466792079619
-0.9238141682936192,-0.9197916334213442,-0.9212948702462835,-0.9198172533424197,-0.9238966316264347,-0.9198613940363478,-0.9201163102090041,-0.921592962683566,-0.920165965230311,-0.9199782647699224,-0.9214821604601492,-0.9216480843400018,-0.9230071017124042,-0.9216325615134875,-0.9215026379602531,-0.9200112298311788,-0.9201727546123939,-0.9215696593898658,-0.920114969100839,-0.9199678533281996,-0.9239888899924535,-0.9199381726514514,-0.9213527398165454,-0.9198366240406174,-0.9238900699724791
-0.9201255878603405,-0.9184698470188355,-0.9200597424885468,-0.9185134145747237,-0.9202260657908685,-0.9185553721134752,-0.9214332578785949,-0.922884253789525,-0.9214991128631056,-0.9187028211396495,-0.9202568910714541,-0.9229268273283726,-0.9242812816804072,-0.9229431885165925,-0.9203055949061608,-0.918717919844509,-0.9214873426199461,-0.9228707597849422,-0.9214447617832232,-0.9186659052065432,-0.9203167197760983,-0.9186195522502282,-0.920112223418281,-0.9185171549355515,-0.9202038607893654
-0.9178415853750442,-0.918779307120337,-0.9204186124927103,-0.9188464490472937,-0.9179569079282468,-0.918890802436947,-0.924400052258133,-0.9257811427679533,-0.9244805458175249,-0.9190478047304644,-0.920622859485825,-0.9258139879160375,-0.9271030957722776,-0.9258450624942822,-0.9206780955323115,-0.9190520826247814,-0.9244484432373883,-0.9257662597329575,-0.9244159653465962,-0.918986509936723,-0.9180394456995196,-0.9189316330615366,-0.920455483646845,-0.918827275529997,-0.917913319310847
-0.9169985945642182,-0.9206295335449878,-0.9222742615578428,-0.9207222886832493,-0.9171293846999774,-0.9207785102771797,-0.928788592619467,-0.9300615050593695,-0.9288788722245255,-0.9209266142376327,-0.9224980097451139,-0.930090042777916,-0.9312588189639248,-0.9301129551108887,-0.9225346355293077,-0.9209384582789005,-0.9288312191103334,-0.9300340873324253,-0.9287983015833794,-0.9208519508495183,-0.9172059411057958,-0.9207889607463682,-0.922291603818663,-0.9206754424460637,-0.9170597799614782
-0.9175619338423284,-0.9238620188342158,-0.9254549386085914,-0.9239759011484074,-0.9177124240679857,-0.9240508827542444,-0.9343122379212494,-0.935434960328031,-0.9344065597663325,-0.9241876485844586,-0.9257137426071915,-0.9354623235292467,-0.9364676278170713,-0.935466302690414,-0.9257189522450463,-0.9242205445303865,-0.934350336345857,-0.9353942410274347,-0.9343115257306137,-0.92410768245185,-0.9177899377445151,-0.9240310197874213,-0.9254578649114558,-0.923903361123108,-0.9176162168545232
-0.919451837154229,-0.9282833380769615,-0.9297568303712576,-0.9284091661896301,-0.9196223477739042,-0.9285011285586194,-0.9406655205123337,-0.9415887254796074,-0.940759129442282,-0.9286370971651124,-0.9300518354575268,-0.9416125546109119,-0.9424225400698611,-0.9416048897615632,-0.9300358683011152,-0.9286892758739831,-0.9406990989131164,-0.9415450518241394,-0.9406584480058321,-0.9285536232085021,-0.9197065992105604,-0.9284560679289238,-0.929754481249976,-0.9283191608621024,-0.9195049904586519
-0.922553311265878,-0.9336761858890057,-0.9349633307268911,-0.9338039631325938,-0.9227388043794291,-0.9339038366232746,-0.9475386296982418,-0.9482115908668403,-0.9476281347321238,-0.9340508969294814,-0.9352762717112998,-0.9482270487289259,-0.9488152109797049,-0.9482263091461858,-0.9352618881546124,-0.9341068046252358,-0.9475664552564137,-0.9481782831728328,-0.9475332831188039,-0.9339598864496558,-0.9228271188074015,-0.9338398059963796,-0.9349615628104637,-0.9337072993985128,-0.9226087284310777
-0.9267128094886778,-0.9397905184733456,-0.9408359937125427,-0.9399133293239326,-0.9269023567370638,-0.9400096141384614,-0.9546037434845784,-0.954987412687899,-0.9546869253988908,-0.9401680281744992,-0.9411370590817415,-0.9549907801268962,-0.955333484405319,-0.9550120839344003,-0.9411431423650134,-0.9402096590726555,-0.9546239056538453,-0.9549716656818139,-0.9546059057117602,-0.9400675882723859,-0.9269846692147018,-0.939931816260497,-0.9408329978347658,-0.9398171193292618,-0.926767785232013
-0.9317242076814611,-0.946328146805017,-0.9470940877865579,-0.9464436940771289,-0.9319059732647964,-0.946529667643556,-0.9615033954358214,-0.9615804297529332,-0.961577362415076,-0.9466871712796122,-0.9473596534767879,-0.9615730733718135,-0.961648556168176,-0.9616153486958885,-0.9473854395335528,-0.9467048642349742,-0.961514725337628,-0.9615798885149935,-0.9615121160750207,-0.9465781324771158,-0.9319715455226809,-0.9464395727029137,-0.9470835420151353,-0.9463488872474832,-0.9317717048312539
-0.9373300242871286,-0.9529483664207815,-0.9534122691608942,-0.9530568696874755,-0.9374957308036717,-0.9531340459491082,-0.9678615291089538,-0.9676364929247685,-0.9679219137790285,-0.9532715264264324,-0.9536362288327658,-0.9676251865977027,-0.9674205861742604,-0.9676723885386788,-0.9536647893582809,-0.953271670685028,-0.9678634830214898,-0.967643641356453,-0.9678706089032354,-0.9531619361512041,-0.9375399309298362,-0.9530311598550497,-0.9533910946552688,-0.95296246417473,-0.9373644471741345
-0.9432373883608357,-0.9592975346503766,-0.9594462824357454,-0.9593975348789976,-0.9433831084160966,-0.9594715235967846,-0.9733180926104792,-0.9728112803182173,-0.9733598333232075,-0.9595746714167354,-0.959636457325973,-0.9728024855694205,-0.9723227167462967,-0.9728374911443369,-0.9596474044796897,-0.9595719740899593,-0.9733109145539734,-0.9728197191079342,-0.9733212196995242,-0.9594758519509595,-0.9434084743706261,-0.9593576759333053,-0.9594161781504119,-0.9593040773736966,-0.9432572824533404
-0.9491485711548112,-0.9650475969361201,-0.9648738022700196,-0.9651342495043647,-0.9492721952499233,-0.9652096922070623,-0.9775714895054775,-0.9768117432335948,-0.9775912203468747,-0.9652752366837729,-0.9650395164891592,-0.976808518395438,-0.9760794522566805,-0.9768252389191043,-0.9650264037261997,-0.9652813197906813,-0.9775565310551363,-0.9768225322699624,-0.977566712991685,-0.9651965320634132,-0.9492873118617123,-0.965089728915965,-0.964841419701484,-0.9650483378396887,-0.9491571699861698
-0.9547880838170894,-0.9699256416703903,-0.96943090473178,-0.969992351566746,-0.9548871446717293,-0.9700686810222962,-0.9804053476727305,-0.9794281587425197,-0.9804029286286038,-0.970102643882014,-0.969570814547116,-0.9794291928379826,-0.978492846435185,-0.9794338758883506,-0.9695429589692703,-0.9701163930970187,-0.9803842358194581,-0.979446820250186,-0.9803955091448093,-0.9700466566934169,-0.9548964250742273,-0.9699484963881384,-0.9694027274082843,-0.9699230456014873,-0.9547892723875305
-0.9599130900396933,-0.9737200713900894,-0.9729194157924912,-0.9737606351302759,-0.959982488922411,-0.9738312751686315,-0.9816873842229678,-0.9805357776956606,-0.9816639352931156,-0.9738410741103112,-0.9730199727059129,-0.9805398244410403,-0.9794471472806876,-0.9805427558719788,-0.97299358015146,-0.9738528129387819,-0.9816619880920241,-0.9805686732000501,-0.9816772139953929,-0.9738070608772755,-0.9599859609398959,-0.9737189746932029,-0.972898743374294,-0.9737169646148098,-0.9599095051728558
-0.9643130989519354,-0.9762693013857673,-0.9751953577342289,-0.9762815279219085,-0.9643473675750942,-0.9763387858552638,-0.9813511795656249,-0.9800814210792156,-0.9813089361260396,-0.9763256250920581,-0.9752402401023359,-0.9800905946700126,-0.9788958079747737,-0.9800954588875203,-0.9752242898674892,-0.9763250462646186,-0.9813233904848191,-0.9801284255387253,-0.9813427912799021,-0.9763106850213787,-0.9643402232292368,-0.9762395654768422,-0.9751802353010506,-0.9762665329002833,-0.9643039370344897
-0.9678015464981262,-0.9774489074736731,-0.9761504208347557,-0.9774346321755083,-0.9677973779973016,-0.9774744008780455,-0.9793804874315876,-0.9780636525034724,-0.9793216440884879,-0.977433040553924,-0.9761329044008318,-0.9780832377480051,-0.9768438806261976,-0.9780845202542763,-0.9761232640620787,-0.9774181305857265,-0.9793520450785653,-0.9781178376250639,-0.9793718000008964,-0.9774364091441932,-0.9677759905245746,-0.9773917829666042,-0.9761376005807028,-0.9774458207433773,-0.9677838106135669
-0.970215857237964,-0.977172626772907,-0.9757095841783112,-0.9771356390079317,-0.9701746827984562,-0.9771589428842897,-0.9758091583555498,-0.9745272378927796,-0.9757362418067916,-0.9770840359864797,-0.9756377842090076,-0.9745632783030209,-0.9733437741586207,-0.974551108466092,-0.9756219459328879,-0.9770620676830728,-0.9757825535674849,-0.9745807492546905,-0.9757978931850981,-0.9771085243054352,-0.9701414506245536,-0.9770959592894316,-0.9756990124509004,-0.9771688829195327,-0.9701890910164448
-0.971431714626132,-0.9754101400189055,-0.9738471428584093,-0.9753524301969537,-0.9713583208519341,-0.9753630560579423,-0.9707404459013531,-0.9695780880744918,-0.9706555497683184,-0.975256785436774,-0.9737381874295515,-0.9696318975241114,-0.9685060133468054,-0.969601523977685,-0.9737080121904577,-0.975238074697434,-0.9707185344004675,-0.9696276981254266,-0.9707260956960512,-0.9753053012342829,-0.9713207933958583,-0.9753236821291092,-0.9738437043942417,-0.9754054639230905,-0.9713985382386264
-0.9713789097039168,-0.972203580313534,-0.97060903561981,-0.9721259429358221,-0.9712794135953614,-0.9721252995294927,-0.9643594121750556,-0.9633976558491497,-0.9642658219579716,-0.9719999399708176,-0.9704768364135464,-0.963464214180085,-0.9625125235821729,-0.9634217671960497,-0.9704374811790641,-0.9719885256942827,-0.9643450152904604,-0.9634462174731871,-0.9643450509698815,-0.9720715952579149,-0.9712452860001751,-0.9721145743365349,-0.9706195404852854,-0.9721989050825409,-0.9713447994669221
-0.9700508940607242,-0.9676711101710738,-0.9661196387039774,-0.9675742756173507,-0.9699297903474495,-0.9675605487033395,-0.9569253617627967,-0.9562383610772421,-0.9568284260016305,-0.9674324881381742,-0.965967298696421,-0.9563109525130341,-0.9556126413405794,-0.9562701967796151,-0.9659350262140309,-0.9674226082068682,-0.9569212860695718,-0.9562921852928291,-0.9569164635939941,-0.967521463314439,-0.969902103178765,-0.9675823723271776,-0.9661476930413023,-0.9676688869947915,-0.9700209546956301
-0.967499334669786,-0.9619895532026704,-0.9605642981353086,-0.9618771227020134,-0.967358763062615,-0.961847901608266,-0.9487429016942333,-0.9483996069656707,-0.948648806028224,-0.9617289353025812,-0.9603876826854879,-0.9484746022321514,-0.9480981737931391,-0.9484460922503685,-0.9603778557492703,-0.9617096764606627,-0.9487510638801353,-0.9484609082681605,-0.9487432404997298,-0.9618260845810075,-0.9673346679222141,-0.9619020296838416,-0.9606074475720975,-0.9619926460770997,-0.96747497195106
-0.9638160767694635,-0.9553660544132703,-0.9541571861513614,-0.955246177859775,-0.9636578562653724,-0.9552030914300238,-0.9401238572965511,-0.9401896584254217,-0.9400385245106573,-0.955092744379802,-0.9539562366906019,-0.9402708540862892,-0.9402682266240836,-0.9402518856501947,-0.9539695821266998,-0.9550577449649597,-0.9401446819140986,-0.9402532304053276,-0.9401319211316942,-0.9551908564844072,-0.9636324801502463,-0.9552837816570615,-0.9542080384776208,-0.9553775175030843,-0.9637949944765096
-0.9591147729698869,-0.9480183664938812,-0.9471135592458855,-0.9478995075823373,-0.9589438721784505,-0.9478487384051587,-0.9313658806184948,-0.9318991984936561,-0.9312922501007828,-0.9477408164425458,-0.9469002543158016,-0.9319965190993178,-0.9324029070710447,-0.9319725018830551,-0.9469235877081282,-0.9476956608207332,-0.9313997870501491,-0.9319533761813688,-0.9313747152271799,-0.9478390498449918,-0.9589165461544543,-0.9479493389466919,-0.9471657010069869,-0.9480392630661008,-0.9590946404149518
-0.9535250762376818,-0.9401684469713991,-0.9396437839472555,-0.9400575572179095,-0.9533505550776907,-0.9400093209842157,-0.9227502693525588,-0.9237980089273639,-0.9226910455991209,-0.9398985360152792,-0.9394447813793575,-0.9239198563982054,-0.9247599511109732,-0.9238762508178635,-0.9394576699007954,-0.9398581131699253,-0.9227991493921925,-0.9238327521224499,-0.922755664204671,-0.9399997107447853,-0.9533277281391209,-0.9401246071063455,-0.9396966667019092,-0.940198967829881,-0.9535063858226349
-0.9471997291023806,-0.9320542784666874,-0.931966482152906,-0.9319548925516924,-0.9470323117458289,-0.9319178217326134,-0.9145591399417501,-0.9161448039495904,-0.9145160728333074,-0.9318087452329141,-0.9318118503534427,-0.9162923046664986,-0.9175834931696252,-0.9162238343020979,-0.9318028296790993,-0.9317872245655077,-0.9146243849149239,-0.9161587057743684,-0.9145591038255003,-0.931914153651863,-0.9470246269825462,-0.9320443899250543,-0.9320255119287181,-0.9320930795107006,-0.9471871068393332
-0.9403216577158773,-0.9239364033404736,-0.9243232538033305,-0.9238491457825686,-0.9401712351437532,-0.9238252868631174,-0.9070797313208583,-0.9092013391161698,-0.9070560183172174,-0.9237336898141101,-0.9242322486416249,-0.9093647485079356,-0.9111163432588398,-0.9092846018396741,-0.9242089505938896,-0.9237353656814601,-0.9071622573512592,-0.9092017350589134,-0.9070794618052997,-0.9238404506193372,-0.9401891897952043,-0.9239645637231487,-0.9243973359878247,-0.9239825351266222,-0.9403219722806606
-0.9331057512389274,-0.916092284097137,-0.9169783600454549,-0.916017238744389,-0.9329787547524958,-0.9160019642689459,-0.9005927359288309,-0.9032248133283799,-0.9005923847504472,-0.9159494491718947,-0.9169501871799038,-0.9033892571696701,-0.9055941023022579,-0.9033191225816813,-0.9169372111712982,-0.915963076167509,-0.9006929963454482,-0.9032220762766981,-0.9006007362429799,-0.9160473000483319,-0.9330241941131242,-0.9161552017934411,-0.9170712537002411,-0.9161452283737636,-0.9331236524601361
-0.9257839497798285,-0.9087938939049467,-0.9101965868678445,-0.90873407436034,-0.9256841292615428,-0.9087215589394576,-0.8953442677578929,-0.8984440899170398,-0.8953717537548127,-0.9087218059791115,-0.9102195510718372,-0.8985962485836134,-0.9012256211796189,-0.8985548323471246,-0.9102364369716675,-0.90872875075461,-0.8954597126240739,-0.8984436287911236,-0.8953646557541048,-0.9087953245209077,-0.9257469802359286,-0.908883839462134,-0.9103032406094521,-0.9088524926426953,-0.9258178449476957
-0.9185837200960676,-0.9022744528106493,-0.90420788395337,-0.9022377166901487,-0.9185111540648792,-0.9022265551690116,-0.89150717350307,-0.8950224707727723,-0.8915646064141313,-0.9022781087491482,-0.9042682720978686,-0.895156436130291,-0.89815735778812,-0.8951452584269914,-0.9043191178358008,-0.9022673471040853,-0.8916330980749573,-0.89502120147661,-0.8915384942627954,-0.9023151373054104,-0.9185791520936744,-0.9023860854694207,-0.9043151524428482,-0.9023387286682995,-0.9186245650146873
-0.911699838885002,-0.8967077551519353,-0.899176763244633,-0.8967026286440315,-0.9116548845783684,-0.896698788408275,-0.8891619895999026,-0.8930357020411479,-0.8892499315647785,-0.8967870427247939,-0.8992713773107137,-0.8931513227363308,-0.8964539084707193,-0.893153753175672,-0.8993396161294553,-0.8967598526654296,-0.8892949589572586,-0.8930231821571495,-0.8891973488358371,-0.8967838190675325,-0.9117180755188123,-0.8968394965798272,-0.8992685499306706,-0.8967773900978147,-0.9117380811525848
-0.9052878966843734,-0.8922067886725464,-0.8951949076644357,-0.892237290069277,-0.9052748172699538,-0.8922504510646664,-0.8883124016426176,-0.8924772931132409,-0.888426375329583,-0.8923611452663751,-0.8953339770169455,-0.8925767877842828,-0.8961003688798158,-0.8925701874430609,-0.895393264697008,-0.8923323558754493,-0.8884489405897046,-0.8924422746572733,-0.8883452213477034,-0.8923214469240219,-0.9053329107103528,-0.8923624139450529,-0.8952653313200363,-0.8922812253205596,-0.9053177851456609
-0.8994714770498567,-0.8888428208744523,-0.8923052276473504,-0.8889058534164296,-0.8994966700389702,-0.8889441890981475,-0.8889173158542627,-0.8932858002238401,-0.889049624639791,-0.8890696596015741,-0.8925030418484706,-0.8933693632302143,-0.8970276668633232,-0.8933428144013645,-0.8925337388334589,-0.8890571690409067,-0.8890527053243321,-0.8932228702660935,-0.8889432878913797,-0.8890031449526132,-0.8995572824367186,-0.889026569597307,-0.8923584733365202,-0.8889208001800226,-0.8994945563953236
-0.8943597470658784,-0.8866678937558141,-0.8905309392594769,-0.8867552336300778,-0.8944269976153127,-0.8868169666849912,-0.8909161680413009,-0.8953756856741001,-0.8910606893450136,-0.8869622007544844,-0.8907917176694304,-0.8954400392841748,-0.8991425265599547,-0.89539833536396,-0.8907947291689543,-0.8869752513436362,-0.8910465637091657,-0.8952904790493512,-0.890935455286193,-0.8868783548378708,-0.894502081362158,-0.8868794291053341,-0.8905782816470763,-0.8867469791173522,-0.8943841393432889
-0.8900582489217036,-0.8857224830089643,-0.8898937601766703,-0.8858253965937486,-0.8901663038571513,-0.8858991332581682,-0.8942336967460203,-0.8986531982396831,-0.8943879463256598,-0.8860754170196803,-0.8902043722683681,-0.8986925248927193,-0.9023422829203299,-0.8986525004976847,-0.8901995295023766,-0.8861096126778311,-0.8943569815964688,-0.8985582601859906,-0.8942485072931292,-0.8859774907449118,-0.890261658313419,-0.8859519093916837,-0.8899423029550286,-0.8857987092120065,-0.8900917850078223
-0.886664833659733,-0.8860256334055271,-0.8904051883123417,-0.8861385906278316,-0.8868080462194154,-0.8862088618215532,-0.8987645765961277,-0.9030087072218763,-0.8989278872205687,-0.8864252641807141,-0.8907388436981867,-0.9030167176117666,-0.906512430149623,-0.9029988163265471,-0.8907515860028223,-0.8864644582896825,-0.8988802730468775,-0.9029178531915404,-0.8987800774938709,-0.8863092949912972,-0.8869186261668875,-0.8862561111522198,-0.8904528221573664,-0.8860947444126619,-0.8867102312160168
-0.8842525798942961,-0.8875522697498553,-0.892042326386374,-0.8876746261985597,-0.8844230609781208,-0.887730382461462,-0.9043512484158162,-0.9082939819488132,-0.9045210120057012,-0.8879855278749336,-0.8923695082992483,-0.9082670106411483,-0.9115079448343496,-0.9082840261000792,-0.8924147576457836,-0.8880110682459028,-0.9044553934891852,-0.9082143974389106,-0.904371037695393,-0.8878439377061095,-0.8845346492410647,-0.8877690418746492,-0.8920784516003912,-0.8876113962469087,-0.8843041766911706
-0.8828504449079064,-0.8902160539002675,-0.8947238664527486,-0.8903510240522474,-0.8830408497123812,-0.8903896522080907,-0.9107706541633808,-0.9143068947448839,-0.9109430754608911,-0.8906707458732654,-0.8950247743674353,-0.9142439749041503,-0.917131138271564,-0.9142915254502952,-0.8950975229999847,-0.8906734410916305,-0.9108566071117847,-0.9142323609814894,-0.9107926745984051,-0.8904998643660272,-0.8831382734284421,-0.8904118891134445,-0.8947342224422097,-0.8902627001999058,-0.8828971998279048
-0.8824328782501264,-0.893868416856056,-0.8982997684933487,-0.8940189326862594,-0.8826395151048728,-0.8940475644549066,-0.9177456135054731,-0.9207875757766245,-0.917914321195829,-0.8943350627694985,-0.8985735852569899,-0.920694855133322,-0.923131444473841,-0.9207508931995001,-0.8986511939065632,-0.8943201659274836,-0.917807347418447,-0.9207068968884181,-0.9177637044968403,-0.894137464576304,-0.8827141089616695,-0.8940426475978449,-0.8982754098692587,-0.8939016573574834,-0.8824652655385153
-0.8829271910896477,-0.8983188182060468,-0.9025721206440609,-0.8984842532641538,-0.8831502132352483,-0.8985130888328268,-0.9249775541295666,-0.9274458604416738,-0.9251360847284325,-0.8987911572732151,-0.9028324647646765,-0.9273330952475844,-0.9292350913128784,-0.9273767249906638,-0.902889059565166,-0.8987746016651669,-0.9250127140132343,-0.9273525724418676,-0.9249850761996565,-0.8985763491580615,-0.8832036884459472,-0.898476062802958,-0.9025146858594056,-0.8983391419332996,-0.8829422711216177
-0.8842342006955389,-0.903366176841028,-0.9073301479135498,-0.9035391114081179,-0.8844742282328213,-0.9035757171635621,-0.9321812828222801,-0.9340008274841309,-0.9323244363144937,-0.903839204549361,-0.9075897150587541,-0.9338772381299935,-0.9351800739452285,-0.933901123864504,-0.9076151223268676,-0.903836086368199,-0.9321943985439662,-0.9338996823113672,-0.9321787391133237,-0.9036218263350654,-0.8845183181303168,-0.9035130528879326,-0.907252063866255,-0.9033750485958227,-0.8842368860638578
-0.8862503188674359,-0.9088227199153857,-0.9123813724324695,-0.9089925737716645,-0.8865055897114252,-0.9090375069826806,-0.9391153658320531,-0.9402112078510685,-0.9392376479418423,-0.9092897288820754,-0.9126426765357063,-0.9400825252703855,-0.9407399909526283,-0.9400959720143435,-0.9126459829987238,-0.9093043180976761,-0.9391087645122914,-0.940114905780413,-0.9391023534043288,-0.909081241673317,-0.8865511880548976,-0.9089604659475556,-0.9122971869036021,-0.9088210018835806,-0.8862493193585032
-0.8888773880776741,-0.9145171736383652,-0.9175601183382714,-0.9146737106425161,-0.8891417421178012,-0.9147209892751377,-0.9455708482741303,-0.9458772761149846,-0.9456655746596583,-0.9149679255403594,-0.9178115487623043,-0.9457473545196786,-0.945726781961864,-0.9457664407846331,-0.9178139276969606,-0.9149933134288215,-0.9455424349722952,-0.945799458476804,-0.9455474450509593,-0.9147720798115643,-0.8891922037141631,-0.9146380374608287,-0.917477779702827,-0.9145061058664394,-0.888880120885057
-0.8920182284641408,-0.9202829472419821,-0.9227157685760405,-0.9204212771735317,-0.8922812581735182,-0.9204625916953052,-0.9513439624164312,-0.9508236004444047,-0.9514135463972138,-0.9207046843603853,-0.9229393264155497,-0.9506973348097247,-0.9499797404757158,-0.9507342368927356,-0.9229575365781939,-0.9207268180669372,-0.9512973106135226,-0.9507727934954816,-0.9513164928519854,-0.9205190511055399,-0.8923301406341732,-0.9203743929813456,-0.9226332339499838,-0.9202632170298356,-0.8920254603959574
-0.895562367120617,-0.9259427048677368,-0.9276903954236201,-0.9260623889322399,-0.8958139186539984,-0.9260931249095372,-0.9562329542452863,-0.9548837348801917,-0.9562810164885294,-0.9263237535290829,-0.9278697929620447,-0.9547645473667011,-0.953347021443626,-0.9548207623066268,-0.9279080816614738,-0.9263307817454917,-0.9561735556959006,-0.9548586489034789,-0.9562087675753185,-0.9261442224269344,-0.8958502344112069,-0.9259955718830686,-0.927600476533433,-0.9259143898819047,-0.8955687223879684
-0.899376391105247,-0.9313022362604397,-0.932307262817893,-0.9314054734187982,-0.8996094832862817,-0.9314283683593791,-0.9600441222657801,-0.9578915971619116,-0.9600691307441902,-0.9316355378261393,-0.9324372547000729,-0.9577841442398279,-0.9556829165022468,-0.9578480247832675,-0.9324850092605891,-0.9316225473450651,-0.9599714481802124,-0.9578836225569749,-0.9600204044490795,-0.9314598305443433,-0.8996233095670995,-0.9313148914950125,-0.9322031988700555,-0.9312640656858292,-0.8993735689880835
-0.90330455358602,-0.9361585368113604,-0.9363772256608609,-0.9362465204921547,-0.9035165182815359,-0.9362705025993234,-0.9625995053493224,-0.9596948240348377,-0.9625966058158736,-0.9364397294720134,-0.9364668932692715,-0.9596035564661316,-0.9568539476792151,-0.959658757602026,-0.9365026649924342,-0.9364149355621503,-0.9625118284161303,-0.9596947597010882,-0.9625706352682224,-0.9362746300733911,-0.9035063982017969,-0.9361387823333618,-0.9362603417141927,-0.9361109912157376,-0.9032885445019959
-0.907181699077906,-0.9403225071347406,-0.9397217944422032,-0.9403934014305488,-0.9073715255443449,-0.9404261258596573,-0.9637636739643,-0.9601757259346375,-0.9637297303534883,-0.9405498046280534,-0.9397870873971828,-0.9601057555443397,-0.956766250267863,-0.960142154404221,-0.9397949440923641,-0.9405274081841983,-0.9636629837393433,-0.9601821627318647,-0.9637277342832858,-0.9404062299877559,-0.9073440141460665,-0.9402813324321363,-0.9396019142818175,-0.9402682441454624,-0.9071545329679076
-0.9108543394566223,-0.9436427020797448,-0.9422000028013192,-0.943691271206377,-0.9110215874301257,-0.9437363480275298,-0.9634688625572739,-0.9592786310991372,-0.9634022610888568,-0.9438161535354354,-0.94225390916904,-0.9592330788591404,-0.9553845802404689,-0.9592528257653523,-0.942233430816454,-0.9438063862596281,-0.9633594398256762,-0.9592982422501956,-0.9634272158078271,-0.9437052811890903,-0.9109862937310798,-0.9435887585041238,-0.9420917766300896,-0.9435853065221086,-0.9108229872700857
-0.9141946193786433,-0.9460145391202784,-0.9437242269275719,-0.9460341524961374,-0.9143354506784237,-0.9460893439493759,-0.9617122093893622,-0.9570117214416966,-0.9616135788919207,-0.9461332960411473,-0.9437667877195797,-0.9569924083835415,-0.9527348529636726,-0.9570071589667098,-0.9437336478811984,-0.9461370572257096,-0.9615997161452137,-0.9570551217243103,-0.9616690976818258,-0.9460622736147448,-0.9143009693649518,-0.9459506040028536,-0.9436384608223243,-0.945959014087126,-0.9141663315179916
-0.9171030298575984,-0.9473751080639137,-0.9442547408678108,-0.9473634375373076,-0.9172109249280275,-0.9474227095349521,-0.9585363432507596,-0.9534349304448198,-0.9584101895137443,-0.9474371023570869,-0.9442756587605191,-0.9534437696052611,-0.9488896416494416,-0.9534640225207647,-0.9442480145481003,-0.9474455154581829,-0.9584248820061221,-0.9535090861113175,-0.9584943253069125,-0.9474052611538801,-0.9171790776839595,-0.9472979006030653,-0.9441928513831446,-0.9473256936924388,-0.9170818116504488
-0.9194999538535134,-0.9476872251167203,-0.9437789878955576,-0.9476466055362149,-0.91956810282563,-0.9477044795380334,-0.9540058778933291,-0.9486370894328151,-0.9538598728526793,-0.9476896997431015,-0.9437650580942263,-0.9486760733910568,-0.9439462626211708,-0.9487043058561666,-0.9437521594557956,-0.9476911537508049,-0.9538989845693002,-0.9487396667858801,-0.9539681389542047,-0.9476909133046806,-0.9195333806234607,-0.9475926763427012,-0.9437346586253138,-0.9476462730012439,-0.9194836387748828
-0.9213102409898541,-0.94692309816788,-0.9422898227929823,-0.9468585068513399,-0.9213346148402584,-0.946912902575529,-0.9481946978291241,-0.9427133990986705,-0.9480350731004958,-0.9468633869908836,-0.9422336996169811,-0.9427854668858162,-0.9380066261382121,-0.9428124855684793,-0.9422295965526084,-0.9468517769186205,-0.9480947351877294,-0.9428321391157748,-0.9481607495892905,-0.9468905866691927,-0.9212890059659435,-0.9468081536246569,-0.9422538476946953,-0.9468904947532328,-0.921292649808473
-0.922458003348828,-0.9450609716308397,-0.9397792981033682,-0.9449772340852123,-0.9224399012512932,-0.9450313646701063,-0.9411916054688539,-0.9357665074980637,-0.9410203885416227,-0.9449398495389787,-0.9396861772148067,-0.9358733750691072,-0.9311781368987719,-0.9358842543332918,-0.9396739971646891,-0.9449177287497605,-0.9410994963370776,-0.9358877457015549,-0.9411580765451081,-0.9449895143449663,-0.9223800485035293,-0.9449288574391409,-0.9397468078478608,-0.9450351494722466,-0.9224331150915299
-0.9228708431639914,-0.9420934784044614,-0.9362478642195672,-0.9419940423148123,-0.9228152765771904,-0.9420531443419626,-0.933115002046495,-0.927917030000477,-0.9329316818018563,-0.9419166654408424,-0.9361322476399949,-0.9280588407433328,-0.9235838786605772,-0.9280419455831008,-0.9360959347779633,-0.9418932615399466,-0.933031350383167,-0.9280326424902372,-0.9330779312546723,-0.9419892605993352,-0.9227446751300221,-0.9419534679612906,-0.9362223968917546,-0.9420725914344579,-0.9228370330708583
-0.9224912950387322,-0.9380455282637203,-0.9317254300903068,-0.937930131302571,-0.9224051791502434,-0.9379971594088261,-0.9241265604418405,-0.9193203092003958,-0.9239316470617635,-0.9378224914630632,-0.9316048680957041,-0.9194946289965256,-0.9153807029455072,-0.919451132029476,-0.9315396390011135,-0.9378075809293699,-0.9240538555909354,-0.9194323495745107,-0.9240853145786145,-0.9379202207598595,-0.922332797242745,-0.9379080808070646,-0.9317177142926826,-0.9380281702385197,-0.9224535115433247
-0.9212915961809433,-0.9329830979632657,-0.9262873755293047,-0.9328512249041394,-0.9211801708712059,-0.9329243886874701,-0.9144337480442716,-0.9101735897716672,-0.9142306056149897,-0.9327266356947901,-0.9261737340186623,-0.9103763932578419,-0.9067641954517274,-0.9103212668261109,-0.9260916983742759,-0.9327233203810656,-0.914375972680784,-0.9102928951930005,-0.9143918451636047,-0.9328500588998436,-0.9211163873366041,-0.9328556221041735,-0.9263091234778985,-0.9329702854187155,-0.9212576432925921
-0.9192797163173487,-0.9270134176737336,-0.9200558489427081,-0.9268663387506192,-0.9191454411065177,-0.9269412194976814,-0.9042739069755592,-0.9007061203754179,-0.9040683186964757,-0.9267381273813272,-0.9199503806474707,-0.9009330805015827,-0.8979565002497357,-0.9008862841161275,-0.9198736451853645,-0.9267386461025324,-0.9042330189914914,-0.9008409439768397,-0.9042340861693734,-0.9268808920489866,-0.9190940278282934,-0.9268974319130192,-0.9201100288362947,-0.9270067941097319,-0.9192549158493976
-0.9164927632627669,-0.9202683150748495,-0.913180099804887,-0.9201119200361844,-0.9163354111237,-0.9201836731926222,-0.8938835010564251,-0.891153071842651,-0.8936856686123685,-0.9199869550918117,-0.9130782418068258,-0.8914021635015718,-0.8891801633324491,-0.8913758490358816,-0.9130244812146106,-0.9199798525530003,-0.8938608226532466,-0.8913051679928328,-0.8938479177606332,-0.9201379730597274,-0.9162932160475268,-0.9201625207329505,-0.9132602147209548,-0.9202717456276392,-0.9164778382667755
-0.9129812673820568,-0.9128843871572918,-0.905809209633408,-0.9127282875360729,-0.9128000629515951,-0.9127956181084655,-0.8834730521594211,-0.8817255882452185,-0.8832947860582914,-0.9126050627802355,-0.9057059937906643,-0.8819949682250288,-0.8806315072467112,-0.8819859168576155,-0.9056789424114948,-0.9125799822085938,-0.8834681330575702,-0.881883757182506,-0.8834412538167625,-0.9127510909714643,-0.9127576830675034,-0.9127834783589617,-0.9058992715847425,-0.9128974460729944,-0.9129702695573825
-0.9087936230199003,-0.9049856851877156,-0.8980703158215727,-0.9048393015702108,-0.9085910197300433,-0.9049038134420168,-0.8732205618710038,-0.8725953958440944,-0.8730708106856641,-0.9047133518494233,-0.8979670333093773,-0.8728855514869688,-0.872464895169357,-0.8728791707286959,-0.8979549318975801,-0.9046684308999693,-0.8732337173477982,-0.8727433986105494,-0.8731917247317137,-0.9048459186505845,-0.9085401152208701,-0.9048880739783471,-0.8981566230948316,-0.9050065997265626,-0.9087787700166488
-0.903970185309241,-0.896682579445241,-0.8900661301874924,-0.8965501060457246,-0.9037533822078903,-0.8966188899502823,-0.863283869131515,-0.8639000178796689,-0.8631628334989401,-0.8964205156780318,-0.8899745098613482,-0.8642115826037731,-0.8647969290843192,-0.8641897690057638,-0.8899540371677218,-0.896362264726844,-0.8633151294502213,-0.8640235058779578,-0.8632537547919739,-0.8965388064019619,-0.9036914347867687,-0.8965923825165856,-0.8901441616468255,-0.896708019072245,-0.9039462497289101
-0.898548368036724,-0.8880820045827514,-0.8818880383063303,-0.8879627824186607,-0.8983270008508908,-0.8880423238736874,-0.8538177690766178,-0.8557619495461024,-0.8537196320493402,-0.88783403765507,-0.8818288986179026,-0.856093139793828,-0.8577244270812312,-0.8560431908036104,-0.8817800504454621,-0.8877777154606457,-0.8538670681790962,-0.8558549279521851,-0.8537805529586356,-0.8879453395264102,-0.898260772838874,-0.888008877369729,-0.881966191013002,-0.8881104711114821,-0.898516794601022
-0.8925749986428823,-0.8793030077798425,-0.8736393778229269,-0.8791936605088739,-0.8923580773779638,-0.8792852086240399,-0.8449854412076269,-0.8483079352260158,-0.8449057978383006,-0.8790742668730429,-0.873628865124415,-0.8486542727111903,-0.8513516007351882,-0.8485785625361015,-0.8735497562618348,-0.8790345009998776,-0.8450547632935536,-0.8483757329768468,-0.844941077570304,-0.8791894727173903,-0.8923015693662448,-0.8792572046335579,-0.8737326626597433,-0.8793341475338459,-0.892544044964939
-0.8861187607188994,-0.8704865269807318,-0.8654504056497007,-0.8703834799207963,-0.8859123245598918,-0.8704836117534165,-0.8369638691849466,-0.8416810797727466,-0.8369040833236213,-0.8702864307133151,-0.8654946404000307,-0.8420359078947474,-0.8457992640430857,-0.8419535846447359,-0.8654023073826764,-0.8702679399110702,-0.8370573858770478,-0.8417374351045035,-0.8369214832800682,-0.8704093620430741,-0.8858781950603157,-0.8704734658169386,-0.8655716125050319,-0.8705205991701316,-0.886099594101325
-0.8792746014593316,-0.8617913680244921,-0.8574769423022236,-0.8616941671433439,-0.8790797288708949,-0.8617952532256153,-0.8299271934729384,-0.8360287736103666,-0.8298934611931179,-0.8616306475553609,-0.8575687212376796,-0.8363831062552505,-0.841190033975416,-0.8363206694882171,-0.8574908472193045,-0.861625025901297,-0.8300505306344305,-0.8360888878538583,-0.8298974283295433,-0.8617560052578522,-0.879073234538196,-0.8618106818989736,-0.8576282120901817,-0.8618294461634702,-0.8792750066466806
-0.8721545553263612,-0.853377048153342,-0.8498775136948524,-0.8532901171023926,-0.8719685305414134,-0.8533844846190167,-0.824016594858664,-0.8314738559120914,-0.8240167905561101,-0.8532655208155547,-0.850003891392623,-0.8318178383314095,-0.8376191238006305,-0.8317910695319846,-0.8499640411320877,-0.8532572159540066,-0.8241716222431252,-0.8315437765923034,-0.8240042566861284,-0.8533815302114137,-0.8719853904000879,-0.8534239223984463,-0.8500510335196185,-0.8534234099583983,-0.8721753191005972
-0.8648699896996478,-0.8453812302396476,-0.8427862584581132,-0.8453130993761234,-0.864689936244025,-0.8453966390887541,-0.8193126512231879,-0.828085962665359,-0.8193547959463211,-0.845323397523173,-0.8429351152621019,-0.8284103802936115,-0.8351356437611849,-0.8284187423973667,-0.8429400013308199,-0.8453003699643589,-0.8194958834979772,-0.8281598243447794,-0.8193188615038688,-0.8454186770732905,-0.8647186578964374,-0.8454495617921794,-0.8429697760243571,-0.8454427932224843,-0.8649048227782425
-0.8575142273076506,-0.8379049509937025,-0.836295491071047,-0.8378667258508988,-0.8573410759522262,-0.8379406115025217,-0.8158358985617116,-0.8258721337906653,-0.8159255160106835,-0.8379006074045118,-0.8364622760463675,-0.8261747613280193,-0.8337324917069141,-0.8262035636028644,-0.8364968053831985,-0.8378608291720618,-0.8160437662148065,-0.8259357312287062,-0.815861717540501,-0.8379673868824297,-0.8573674303492009,-0.8379923142008224,-0.8364759815048957,-0.8379841573394952,-0.8575539318620685
-0.850156998598119,-0.831013467010546,-0.8304496283251211,-0.8310106092834658,-0.8499936533709248,-0.8310828108986148,-0.8135678379034538,-0.8247872491122148,-0.8137023039519858,-0.8310590103197906,-0.8306409487424751,-0.8250739066852619,-0.8333479777146657,-0.8251000176681548,-0.8306765944552915,-0.8310123942399614,-0.8137995388770806,-0.8248271164980064,-0.8136126243546997,-0.8310981304486125,-0.8500097309630671,-0.8311206035116677,-0.8306179521801026,-0.8311057366847464,-0.8501947092532259
-0.8428457705634267,-0.8247450724308873,-0.825255100798422,-0.8247734269943094,-0.8426967576258785,-0.8248552726257155,-0.8124731261999292,-0.8247595104697762,-0.8126431274132961,-0.8248371474154054,-0.8254866746989478,-0.8250341831802761,-0.8338871687015164,-0.8250379658702118,-0.8254954680915719,-0.8247985647306164,-0.812726195604557,-0.8247683844803975,-0.8125309030179773,-0.8248574293317125,-0.8427060701612109,-0.8248771462443911,-0.8254119154222965,-0.8248443000726313,-0.8428788561828979
-0.8356160223965561,-0.8191272311542487,-0.8207067330068811,-0.8191774685949015,-0.8354866478085039,-0.8192765511555551,-0.8125163739154633,-0.8257173724087413,-0.8127116289640584,-0.8192650027312082,-0.8209950929504273,-0.8259749713887844,-0.8352537747941212,-0.8259508096047357,-0.8209640931133687,-0.8192489958502626,-0.8127859647850245,-0.8256951166451061,-0.8125804230908978,-0.8192810009958409,-0.8355028803989297,-0.8192925736989377,-0.8208655945503186,-0.8192329678187218,-0.8356481233789405
-0.8285068879612258,-0.8141952367195565,-0.8168168641865551,-0.8142602327061431,-0.8284027671754869,-0.8143729571907204,-0.8136690096659548,-0.8276024638976968,-0.8138852074768034,-0.8143794806147275,-0.817167260761401,-0.8278326954641302,-0.8373772290959759,-0.8277939811142274,-0.8171078320662449,-0.814397864252021,-0.8139541122864153,-0.8275613322069397,-0.8137405157986153,-0.8144053878726323,-0.8284448470651389,-0.8144009457252688,-0.8169967641624506,-0.8143121819226178,-0.828548269680683
-0.8215763156039071,-0.8100002674601119,-0.8136252004678715,-0.8100768145038532,-0.8215002397326181,-0.8101912482577454,-0.8159050666501897,-0.8303712294186313,-0.8161438372762448,-0.8102318041406483,-0.8140250937159909,-0.830562838501979,-0.8402079838673837,-0.8305364926783821,-0.8139652586179816,-0.8102835567218415,-0.8162107689211767,-0.8303287045594074,-0.8159947992912523,-0.8102685466379644,-0.8215790471517892,-0.8102452136830014,-0.8138342837506566,-0.8101298918831182,-0.8216381365524139
-0.8148983935653199,-0.8065968252503589,-0.8111784001489704,-0.8066841445664975,-0.8148465603393225,-0.8067867734903023,-0.8191844516813431,-0.8339733328318655,-0.8194493571201015,-0.8068746042717516,-0.8116031631370915,-0.8341179626251852,-0.8436880588155324,-0.8341287311181103,-0.8115735087399585,-0.8069451000071808,-0.8195137782723374,-0.8339398720365764,-0.8193032334687215,-0.8069103986008002,-0.8149602401845527,-0.8068702910991828,-0.8114094318501277,-0.8067374500873862,-0.8149866620642305
-0.8085461825197117,-0.8040187191053604,-0.8095027675778418,-0.8041185097835474,-0.8085109227476465,-0.8042006290777065,-0.8234271325730532,-0.838325739900266,-0.8237197063625993,-0.8043391968196361,-0.8099279872582396,-0.8384177731871252,-0.8477258787980078,-0.838472756190806,-0.8099443531977881,-0.804409209445614,-0.8237732700113675,-0.8382997867321086,-0.8235758630743043,-0.8043595340673453,-0.8086473974081432,-0.8043055945396723,-0.8097393034870849,-0.804170451787706,-0.8086579662577473
-0.8025725912852575,-0.8022609703708572,-0.8085834122028931,-0.8023785306465964,-0.8025480338274729,-0.8024373864654141,-0.8284967238839696,-0.8432983243809861,-0.8288168310591046,-0.8026180817225484,-0.8089934869525884,-0.8433344867292742,-0.8521919746942928,-0.8434212230699256,-0.809049963103512,-0.8026740233135136,-0.8288479364344807,-0.8432684208654029,-0.8286687144174472,-0.8026126364471997,-0.8026903099414221,-0.802549376993116,-0.8088088889057012,-0.802426146837714,-0.8026963047205491
-0.796999437134166,-0.8012774669392203,-0.8083609153821038,-0.8014192716895888,-0.7969849146490408,-0.8014578808378566,-0.83421616216017,-0.8487198195510899,-0.834560914701839,-0.8016626891669787,-0.8087521768269338,-0.8487020738353085,-0.8569229655591993,-0.8487976184800253,-0.8088242440316737,-0.8017048975346245,-0.8345637120898309,-0.8486716632398522,-0.8344044168529346,-0.8016282531907394,-0.7971180303120825,-0.8015623579591803,-0.8085632476368759,-0.8014545414114147,-0.7971215814901959
-0.7918185086801602,-0.8009930252957791,-0.8087401315533148,-0.8011598756001059,-0.791817742276853,-0.801186368813927,-0.8404022497789354,-0.8543999990991521,-0.840762285283115,-0.8013975943795749,-0.8091206556647749,-0.8543360977927887,-0.86173624157667,-0.8544177690812395,-0.8091773346834291,-0.8014384090900522,-0.8407405248456585,-0.8543235177363816,-0.8406002796762729,-0.8013377264576999,-0.7919352950306955,-0.8012752503071272,-0.8089139180836522,-0.8011730640271693,-0.7919302703909951
-0.7870020920091519,-0.8013200315253688,-0.8096077300740985,-0.8015032255811929,-0.7870192839915681,-0.8015266979015657,-0.8468900421862512,-0.8601573733238698,-0.8472506346217704,-0.8017371783886391,-0.809992455396644,-0.8600562532729634,-0.8664548969928197,-0.8601097771593494,-0.8100115503039463,-0.8017939823542451,-0.8472129423400101,-0.8600514851977313,-0.8470882130182382,-0.8016619243307038,-0.7871269684269959,-0.801603029318076,-0.809757572617855,-0.8014930695050501,-0.7871018043524791
-0.782515740438233,-0.8021735517991776,-0.8108575967984308,-0.8023604496952447,-0.7825540322712196,-0.8023856059378383,-0.8535401059435666,-0.8658396254577481,-0.853887672165946,-0.8026010216695904,-0.8112579117038736,-0.8657056199231241,-0.8709335063949384,-0.8657317701024936,-0.8112377397622259,-0.8026869641612108,-0.8538403873753517,-0.8657137731600391,-0.8537271621908786,-0.8025240676038434,-0.7826677002322947,-0.8024625738450252,-0.8109976911468629,-0.8023374630004877,-0.7826080978967698
-0.7783316016518186,-0.8034857159640035,-0.8124126258304301,-0.8036680700947315,-0.7783936236753148,-0.8036910141903416,-0.8602320177535627,-0.8713302577080171,-0.8605619606080223,-0.8039232599580208,-0.8128262263554599,-0.8711611502017582,-0.8750657154845013,-0.8711763175341076,-0.8127869723324327,-0.8040414005353866,-0.8605072849274962,-0.8711989327425376,-0.8604047124970123,-0.8038544576588228,-0.7785299857828715,-0.8037840429525038,-0.8125573836023815,-0.8036450090142245,-0.7784253644560594
-0.7744387550262231,-0.8052097342720576,-0.814227078804049,-0.8053850760842574,-0.7745254110343545,-0.8053940776800882,-0.8668562274816587,-0.8765346050502151,-0.8671720166873672,-0.8056548439116535,-0.8146348115944111,-0.8763278021211538,-0.8787707614860645,-0.876354679139746,-0.8146085372672216,-0.8057970899736617,-0.8671100727098295,-0.8764109745641814,-0.8670214609699808,-0.8055934172070315,-0.774692352156848,-0.8055126691652582,-0.8143790082964568,-0.8053665654648686,-0.7745425879100908
-0.7708413756969599,-0.8073064942970916,-0.8162651149388802,-0.8074747465441245,-0.770948668516082,-0.8074567549971033,-0.8733000296316515,-0.8813599041002464,-0.8736057211072705,-0.8077514564904498,-0.8166390088754137,-0.8811156582853074,-0.8819697731492794,-0.8811686682065835,-0.8166515793038335,-0.8079011674084129,-0.8735345260009747,-0.8812483826427892,-0.8734647016313589,-0.8076858976621963,-0.7711402312861034,-0.8075993220008127,-0.8164118937650253,-0.8074564974847651,-0.7709584079403266
-0.7675427534396209,-0.809721571685407,-0.8184736491010947,-0.8098839461516928,-0.767663067428675,-0.8098305701294075,-0.8794319818121813,-0.8856950035962943,-0.8797252197698332,-0.8101567270083652,-0.8187881232852399,-0.8854180060783869,-0.8845672344628976,-0.8854946066133162,-0.8188453893257363,-0.8102931817156706,-0.8796401438672341,-0.8855906414176178,-0.8795922739964174,-0.8100701753038335,-0.7678621223111687,-0.8099858390080905,-0.8185959159112857,-0.8098585582758109,-0.7676674166199874
-0.7645271609939622,-0.8123716127662949,-0.8207672024230215,-0.8125311734670736,-0.7646540489662098,-0.8124421484156614,-0.8850932195106652,-0.8894093175612933,-0.8853675400141571,-0.8127879906957224,-0.8210101699273624,-0.8891051357852197,-0.8864525698845617,-0.8891880605157636,-0.8210973885549164,-0.8128963947332312,-0.8852635455282774,-0.889300884235633,-0.885237737742673,-0.8126684319792556,-0.7648411540799669,-0.8125945978768451,-0.8208488153939764,-0.8124913105314414,-0.7646462916224647
-0.7617514429426067,-0.8151475077521112,-0.8230320523768957,-0.8153076360888537,-0.7618833835812582,-0.8151889228331191,-0.890114791119214,-0.8923634293453279,-0.8903640583116417,-0.8155358613309474,-0.8232059591543385,-0.892037644812716,-0.8875091343629782,-0.8921044874264678,-0.8232959273137144,-0.8156163652750111,-0.8902395545007092,-0.8922391786304431,-0.8902335716066822,-0.8153823511816718,-0.762044803381241,-0.8153256867407411,-0.823064788401355,-0.8152448633755761,-0.7618507653612633
-0.7591497644000003,-0.817929358116251,-0.8251408360237479,-0.818089802495925,-0.7592902474016647,-0.8179503617533932,-0.8943502654916458,-0.8944295892315387,-0.8945675595721442,-0.818280766396533,-0.8252595817103959,-0.8940895189813515,-0.8876346969471256,-0.8941231359786798,-0.8253253781944516,-0.8183474135552855,-0.894427179663498,-0.8942834248612131,-0.8944378904734502,-0.8181022639078323,-0.7594220651189126,-0.818066743143195,-0.8251262329676853,-0.8179958328780337,-0.759220658626432
-0.7566460717538789,-0.8206028452709765,-0.8269721393235675,-0.8207575662792083,-0.7568001676703352,-0.8206049556614401,-0.8976980678157953,-0.8955114328662152,-0.8978732562272633,-0.8209123648671754,-0.8270534081214166,-0.8951666482250977,-0.8867602743231117,-0.8951618129470178,-0.8270799193623871,-0.8209827638399027,-0.8977255078640469,-0.895348822591795,-0.8977490741152228,-0.8207220620741227,-0.756908953539511,-0.820707309401599,-0.8269203186037984,-0.8206306581385371,-0.756688756273717
-0.7541696535013346,-0.8230724568394869,-0.8284301194528879,-0.8232126615411914,-0.754340164653732,-0.8230505561812573,-0.9000976589070834,-0.8955581347409621,-0.9002217462457217,-0.8233420364230823,-0.8284848427718627,-0.8952159286081567,-0.8848618395810757,-0.895180995161609,-0.8284763515040954,-0.823426033925121,-0.9000746159798542,-0.8953934151078655,-0.9001073464331567,-0.823151168624464,-0.7544390805707224,-0.8231527772765115,-0.828355482192881,-0.8230615442687214,-0.75419044847576
-0.7516637982561254,-0.8252706061074662,-0.8294550107440544,-0.8253904155050733,-0.7518510182617298,-0.8252153250652308,-0.9015154793356,-0.8945606034496844,-0.901589289903781,-0.8255040497028683,-0.8294809131740208,-0.8942234622121351,-0.8819560829045435,-0.8941770884640814,-0.8294593911559967,-0.8256008150525298,-0.9014437299529601,-0.8944100259542648,-0.901484216879073,-0.8253194644012913,-0.7519533022173747,-0.8253314301933665,-0.8293692796405241,-0.8252275697027917,-0.751671890368198
-0.7490908199816949,-0.8271558962630116,-0.8300193598395209,-0.8272545728532475,-0.7492931324377636,-0.8270580221216632,-0.9019297370830959,-0.892534302088659,-0.9019632173017667,-0.8273522379743438,-0.8300006293383587,-0.8922022254215936,-0.878080882152553,-0.8921639190926888,-0.8299953825591461,-0.8274520463713454,-0.9018161760349944,-0.892407085169006,-0.9018658331904869,-0.8271739794742484,-0.7494048056319395,-0.8271940851312324,-0.8299242523734339,-0.8270874671031343,-0.7490939632108118
-0.7464301275235182,-0.8286995972732828,-0.8301105048240294,-0.8287804469636489,-0.7466426782676924,-0.8285533629784911,-0.9013208458991243,-0.8894967156000617,-0.901323864632147,-0.8288524734377914,-0.830025356533268,-0.8891707668855547,-0.8732750034015806,-0.8891499120300057,-0.8300568297789235,-0.8289400832528661,-0.9011706921790332,-0.8893913571921065,-0.9012328748295918,-0.8286725800335363,-0.7467578418528061,-0.82870427014147,-0.8299955552085359,-0.8286078382075365,-0.7464310118896625
-0.7436665486350298,-0.8298684436218621,-0.8297068453105687,-0.8299358536027482,-0.7438816439171958,-0.8296733839887456,-0.8996606800608056,-0.885452835206491,-0.899635530584038,-0.8299694977440809,-0.8295367381432686,-0.8851382152800209,-0.8675649591505925,-0.8851277893018956,-0.8296064874601216,-0.8300298807920832,-0.8994741807995985,-0.8853611333918626,-0.8995503389474682,-0.829776533786596,-0.7439852546592175,-0.8298260763007964,-0.8295561960004308,-0.8297523363689457,-0.7436615067807822
-0.7407749325389028,-0.8306146355883782,-0.8287634298619804,-0.8306708697185161,-0.7409851147151911,-0.8303758516771224,-0.8969111560981186,-0.8803978440629993,-0.8968528424261522,-0.8306565631565963,-0.8285032844492682,-0.8801002708567727,-0.8609676312199865,-0.8800824692227949,-0.8285925676366761,-0.8306788043572864,-0.8966854621442291,-0.8803081268805695,-0.8967735833142034,-0.830440473881791,-0.7410587558088216,-0.8305145166744279,-0.8285640878721137,-0.8304705792610954,-0.7407535424440064
-0.7377097753603484,-0.8308740880659364,-0.8272151299797257,-0.8309202734783012,-0.7379117674405676,-0.8306016853656316,-0.8930371537710196,-0.8743287544361981,-0.8929404901651531,-0.830850903071033,-0.8268758569460051,-0.8740510710532704,-0.8535029438899951,-0.8740088467714892,-0.8269571874374843,-0.8308367741355788,-0.8927714049607958,-0.8742326565825779,-0.892868264449034,-0.8306135976609518,-0.737943882850223,-0.8307145096625171,-0.8269652713190997,-0.8306978419980858,-0.7376613400421672
-0.7344102510686804,-0.8305797943122548,-0.8249951036763059,-0.8306159349631415,-0.7346054219334156,-0.830286250276703,-0.8880334106440576,-0.867264799798342,-0.8878954876610672,-0.830489022947305,-0.8245999842197769,-0.8670064576355533,-0.8452106011731427,-0.8669322980245722,-0.8246490298453772,-0.8304532923976555,-0.8877295817050055,-0.8671607995943379,-0.8878342014762602,-0.8302431476754125,-0.734595725046132,-0.8303684745618494,-0.8247040037006789,-0.8303668752744394,-0.7343288532049338
-0.730810766273798,-0.8296777946048969,-0.8220525127511789,-0.8297003700598267,-0.7310032169447566,-0.8293709129313719,-0.881938909708497,-0.8592550896619405,-0.8817574035916811,-0.8295217564476232,-0.8216280902547192,-0.8590165318946504,-0.8361602912119656,-0.8589152835480809,-0.8216336684338298,-0.8294838647189249,-0.8815992048448943,-0.8591535880713904,-0.8817140275034003,-0.829285052397016,-0.7309607735700197,-0.8294280554640178,-0.8217372607091651,-0.8294265751670533,-0.730699251441755
-0.7268564435615088,-0.8281381908355391,-0.8183673883027001,-0.8281409184666284,-0.7270497826072262,-0.8278200799451403,-0.8748301636418634,-0.8503863902487007,-0.8746033572189215,-0.8279282290341027,-0.8179334034994779,-0.850169208064566,-0.8264591083161303,-0.8500552559385091,-0.8179020615801579,-0.8278998489417652,-0.8744575228208807,-0.8503046268232637,-0.8745850590534031,-0.8277138084403838,-0.7269878783333116,-0.827863665782856,-0.8180459135187541,-0.8278545090725349,-0.7267243931284026
-0.7225101065613801,-0.8259596445303882,-0.8139519430123733,-0.8259376299690219,-0.7227044313985531,-0.8256271360200037,-0.866802532878021,-0.8407721767940511,-0.8665346423955096,-0.8257103520596671,-0.8135167693029783,-0.8405795135656486,-0.8162403582932041,-0.8404722279131801,-0.8134714590810275,-0.8256923354715806,-0.8664027768570143,-0.8407278036206556,-0.8665436349441537,-0.825524228355841,-0.7226370376670166,-0.8256697245385368,-0.8136407502912101,-0.8256567277981967,-0.7223704639002513
-0.717756807760342,-0.8231637993757778,-0.8088499907270956,-0.8231179257451244,-0.717948882591804,-0.822815422103739,-0.8579516940723896,-0.8305390388397658,-0.8576550246695885,-0.8228886523533867,-0.8084083086955913,-0.8303741360404912,-0.8056431304513745,-0.8302903768947048,-0.8083792605025074,-0.8228732288442157,-0.8575346821782922,-0.8305395913485746,-0.8576874792762911,-0.8227290587004532,-0.7178844216762523,-0.8228623085921762,-0.8085552907206801,-0.8228573682193963,-0.7176198769418494
-0.7125986852139904,-0.8197860692398239,-0.8031185751809605,-0.8197221930227055,-0.7127836307425008,-0.8194238201547118,-0.8483625747926118,-0.8198025073944621,-0.8480520200259984,-0.8194902082109277,-0.8026562336095379,-0.8196693142413893,-0.7947858435320054,-0.8196155586896391,-0.8026663246102873,-0.8194670098475215,-0.8479367219766026,-0.8198415932819694,-0.8481016793719951,-0.819351037233093,-0.7127203501546864,-0.8194696629804226,-0.802833783963918,-0.8194872926688708,-0.7124695886803291
-0.7070464286817453,-0.8158610201692443,-0.7968050942021874,-0.8157846407080647,-0.7072180964385246,-0.815490832757201,-0.8381049462841792,-0.8086530109207823,-0.8377864390633428,-0.815543080525337,-0.7963104589774485,-0.8085578224748582,-0.7837589597747193,-0.8085270171638217,-0.7963631046822598,-0.8155018120046831,-0.8376726699094594,-0.8087180191837584,-0.8378502476205746,-0.8154148715428813,-0.707144680994946,-0.8155199757596735,-0.7965148597011903,-0.8155734760074672,-0.7069239157739151
-0.7011061341163912,-0.8114081874600753,-0.7899304515862023,-0.8113212712434971,-0.7012577782233349,-0.8110398407430691,-0.8272309845043327,-0.7971573308520257,-0.8268979869639106,-0.8110672131031333,-0.7894047813203942,-0.7971087243605653,-0.7726271937706533,-0.7970820862939938,-0.7894822960516147,-0.8109997703932763,-0.8267921000035807,-0.7972399382454837,-0.826980323485251,-0.8109406338963849,-0.7011597165703735,-0.81103359372316,-0.7896216361895625,-0.8111309442390792,-0.7009834114261527
-0.6947682134361264,-0.8064295166223557,-0.7824902450196648,-0.8063319554757221,-0.6948959011804731,-0.8060765184466978,-0.8157869941195744,-0.7853747563199955,-0.8154288409698255,-0.8060689119442344,-0.7819518223306898,-0.7853790988314397,-0.7614450102718691,-0.7853363772627655,-0.782024719934429,-0.8059755377706727,-0.8153434280397198,-0.7854730586751666,-0.8155372471339121,-0.8059417275979702,-0.694763606266748,-0.8060201388489046,-0.7821614010907612,-0.8061605240228109,-0.6946360828513216
-0.6880055168562029,-0.8009193725134932,-0.7744711313296264,-0.8008108468894736,-0.6881103725861399,-0.8005954784573603,-0.8038323827012407,-0.7733732007679724,-0.8034464429867,-0.8005440060204014,-0.7739495912385336,-0.7734300678145143,-0.750271094782305,-0.7733613056263366,-0.7739915036660746,-0.8004387588009235,-0.8033889897901297,-0.7734887858343252,-0.8035858033710066,-0.8004273772422487,-0.6879451700475766,-0.8004841885083231,-0.774134423674371,-0.8006555491177274,-0.6878583283136743
-0.6807836909702932,-0.7948791275315474,-0.7658725905474333,-0.7947579406453792,-0.6808712857274811,-0.7945946437203024,-0.791457030195718,-0.7612401109849111,-0.7910481796752286,-0.7944962915432127,-0.7653998000879136,-0.761342048351155,-0.7391798501242878,-0.7612541088248402,-0.76539794830708,-0.7944007461188208,-0.7910188515474494,-0.7613766317228096,-0.7912220574226612,-0.7944078547806852,-0.6806833713085318,-0.7944339268440133,-0.7655470747244215,-0.7946178556066981,-0.6806229984067984
-0.6730754204860467,-0.7883281626345635,-0.756719842417823,-0.7881902344958307,-0.67315178348836,-0.7880865862817823,-0.7787799259521921,-0.7490818345814894,-0.7783532416596164,-0.7879506204399421,-0.7563191437087557,-0.749221355891036,-0.7282655884131319,-0.7491330241771498,-0.7562798453209973,-0.7878837779437442,-0.7783513816531366,-0.7492513023396057,-0.7785657346743801,-0.787906718875977,-0.6729589535471607,-0.7878913438246695,-0.7564266726534674,-0.7880725250722804,-0.6729109465150268
-0.6648695573023425,-0.7813097080692092,-0.7470644406793447,-0.7811482170298852,-0.6649381265610907,-0.7811052569271822,-0.765928968009147,-0.7370167759806862,-0.7654881838878839,-0.7809549361238698,-0.746746878635311,-0.7371919483774442,-0.7176382816099635,-0.7371227369936251,-0.7466917174146486,-0.7809216396301244,-0.7655155412499535,-0.7372366243541898,-0.7657406897667074,-0.7809605507182393,-0.6647578912751246,-0.780895965342995,-0.7468216061796613,-0.7810693913748391,-0.6647148609432322
-0.6561755866708712,-0.773882045697957,-0.7369803631160589,-0.7736953814023467,-0.6562356965838921,-0.7737071526883273,-0.7530188000001243,-0.7251589241873496,-0.7525731295801229,-0.7735690899537427,-0.736741737440512,-0.7253766150342755,-0.7074039177170366,-0.7253407588642822,-0.7367003638064852,-0.7735610213961583,-0.7526290783565704,-0.7254443056025831,-0.7528612198278528,-0.7736188487625165,-0.6560809240883437,-0.7735020714950125,-0.7367980060530883,-0.7736733927852999,-0.6560421293113214
-0.6470194740000307,-0.7661100278226134,-0.7265532304089025,-0.7659088249493776,-0.6470676813013064,-0.7659618412173691,-0.7401384187838251,-0.7136058573977146,-0.7397014737307722,-0.7658501788503652,-0.7263747540627096,-0.7138751387994879,-0.6976412067374586,-0.7138778417585517,-0.7263746389911618,-0.7658559693118787,-0.7397816935513021,-0.7139571365768703,-0.740016913101879,-0.765935570259072,-0.6469429532394714,-0.7657691971095777,-0.726427907320451,-0.7659513077122404,-0.6469129491567791
-0.6374368131635212,-0.7580602263899734,-0.7158603445008562,-0.7578567665802651,-0.637469346945843,-0.7579393605525634,-0.7273504025865164,-0.702425781111272,-0.7269334921433529,-0.7578509883622737,-0.7157181478062203,-0.7027545147140086,-0.6883860358484827,-0.7027892926142432,-0.7157715921711139,-0.7578607387383096,-0.7270305629665237,-0.7028270779513578,-0.7272664786173606,-0.7579616493575366,-0.6373691748981125,-0.757754281387629,-0.7157759906742458,-0.7579595034441355,-0.637357370269788
-0.6274642997470409,-0.7497888959363768,-0.7049523365474399,-0.749585490279868,-0.6274766345067264,-0.7496959028062674,-0.7146923478109788,-0.6916507608562192,-0.7142939951623292,-0.749616488969118,-0.7048286417589287,-0.6920452985590317,-0.6796381909833727,-0.6920940477076734,-0.7049254869259486,-0.7496212900346118,-0.7144072377956554,-0.692082235295596,-0.7146397885466693,-0.7497398095804229,-0.627387364448602,-0.7495060313990352,-0.7048880875045869,-0.7497393523289215,-0.6274059349480365
-0.6171279481589108,-0.7413261968070477,-0.6938475092212792,-0.7411223967540763,-0.617114859885136,-0.7412638733831095,-0.7021816501173697,-0.6812862346057827,-0.7017903562643105,-0.741178565701652,-0.6937371573165603,-0.6817537728580586,-0.671378334347486,-0.6817928604924159,-0.693848646329501,-0.7411723145597321,-0.7019305911487335,-0.6817376715865174,-0.7021520091355965,-0.7413035117417422,-0.6170217521314731,-0.741058820099536,-0.6937884918778339,-0.7413171955636378,-0.6170789651033725
-0.6064333729129207,-0.7326801590079235,-0.682540775092455,-0.7324785473393601,-0.6063926593380846,-0.7326548990155967,-0.6898309903108959,-0.6713335707635462,-0.6894389899129919,-0.7325544096902392,-0.6824528742225446,-0.6718773239211744,-0.6635820044004382,-0.6718893038561029,-0.6825448258009008,-0.7325399290254065,-0.6896195235894803,-0.6718051342608371,-0.689820373921519,-0.7326789470145637,-0.606288279313219,-0.7324325898335057,-0.6824858851267148,-0.7327056395556065,-0.6063806891434909
-0.5953680169426601,-0.7238557653398473,-0.6710201364525576,-0.7236572680000141,-0.5953028829965966,-0.7238719441894477,-0.6776680271747468,-0.6618107175389953,-0.677282162326538,-0.7237500298594128,-0.6709734974839359,-0.6624222381279676,-0.6562338612969556,-0.6624039057948077,-0.6710240673176116,-0.7237450231630205,-0.67750613902434,-0.6623043860244787,-0.6776806499800486,-0.7238879552683687,-0.595192164310459,-0.7236407323076148,-0.6709828539630767,-0.7239104281015762,-0.59530319544983
-0.5839138022323764,-0.7148675471419431,-0.6592888598735055,-0.7146711529804683,-0.5838321124814126,-0.71492462610063,-0.6657489437750229,-0.6527539738615676,-0.6653793852331206,-0.7147798801007794,-0.6593023831769149,-0.653413674356535,-0.649330997520483,-0.6533747602086729,-0.6593046347832665,-0.7148068982021059,-0.665641840498856,-0.6532694670344092,-0.6657923134446398,-0.7149494200745233,-0.5837294746514196,-0.7147007134950688,-0.6592872766018912,-0.7149454709585902,-0.5838366313459451
-0.572060611725308,-0.7057439314377604,-0.6473764939589562,-0.7055478382881833,-0.5719707412957998,-0.7058351278797995,-0.6541433502809854,-0.6442036505397492,-0.6537948872644157,-0.705676705271296,-0.6474548375675496,-0.6448923990532694,-0.6428852881754117,-0.644849357115366,-0.6474153493087985,-0.7057483764074095,-0.654093437535471,-0.6447457250107222,-0.6542215357123354,-0.7058879739104649,-0.5718941190507778,-0.7056403320008419,-0.6474242847860986,-0.7058430761998724,-0.5719799425144144
-0.5598160768756705,-0.6965295000590869,-0.6353337133195206,-0.6963288866511994,-0.5597225559305535,-0.6966414371070999,-0.6429129680140542,-0.6361934809215959,-0.6425864176150637,-0.6964866872082006,-0.6354639217472464,-0.6369041330587396,-0.6369162434824042,-0.6368723848054647,-0.6354004668763246,-0.6966024379636359,-0.6429236811308733,-0.6367738876659034,-0.6430242334440393,-0.6967385516394992,-0.5596870392867983,-0.6964996257647984,-0.6354385325147212,-0.6966539926007222,-0.5597447293277652
-0.5472060635135725,-0.6872772425108107,-0.6232203164092249,-0.6870684766755772,-0.5471087421905092,-0.6873928678621248,-0.6320952890515085,-0.6287466116524898,-0.6317939853281731,-0.6872580818491139,-0.6233770897001443,-0.6294836650289111,-0.6314342339499048,-0.6294714748673031,-0.6233159543947931,-0.6874091212317563,-0.6321714284192568,-0.6293787353103271,-0.6322361749787879,-0.6875436588752423,-0.5471227695768707,-0.6873259968505121,-0.6233847272133866,-0.6874366235115182,-0.5471534134679255
-0.5342688349171578,-0.6780370596253346,-0.6110944935100628,-0.6778258718645136,-0.5341637307025333,-0.6781447801629746,-0.6216984093926231,-0.6218712575812306,-0.6214280829624615,-0.6780360536136413,-0.6112458975443688,-0.6226396489568474,-0.6264160316989847,-0.6226448004359915,-0.6112151789474916,-0.6782100768060699,-0.6218394660532789,-0.6225535731933616,-0.6218642375689972,-0.6783454662405104,-0.5342275604586247,-0.6781634882090307,-0.6113123748290684,-0.6782420286824183,-0.5342360051085966
-0.521047193174593,-0.6688524945862583,-0.5990050175871775,-0.6686509195107615,-0.5209291755763936,-0.6689477753903491,-0.6117021410497457,-0.6155482948216924,-0.6114683813351771,-0.668857582249673,-0.5991158431595793,-0.6163462953965724,-0.6218037047345564,-0.6163584539156753,-0.5991296599480919,-0.6690407828123707,-0.6119015382882179,-0.6162551370123734,-0.611886320299172,-0.669177110123837,-0.5210344023390774,-0.6690458379366147,-0.5992555606418122,-0.6691033594995811,-0.5210275481080339
-0.5075812275190718,-0.6597569478920658,-0.5869771549030599,-0.6595712313594374,-0.507445339513326,-0.6598355304235086,-0.6020695707856725,-0.6097281962355916,-0.6018688411809965,-0.6597431509075116,-0.5870171417390903,-0.6105558046595279,-0.6175247787928919,-0.6105571939186191,-0.5870631659183033,-0.6599238076589798,-0.6023162696129111,-0.6104284372406588,-0.6022639240016684,-0.6600584279719425,-0.5075749611357688,-0.6599953184324131,-0.5872288981914895,-0.6600383988533249,-0.5075642471649675
-0.4939001978461581,-0.650763063939403,-0.5750031265619724,-0.6505906423042983,-0.4937423275106472,-0.650818573788369,-0.5927561671014692,-0.6043496151737808,-0.5925764263570233,-0.6507002276458895,-0.5749578294308701,-0.6052063056985845,-0.613499907327776,-0.6051774976217951,-0.5750016803742306,-0.6508714203947777,-0.5930430650310711,-0.6050268182123592,-0.5929507395631831,-0.6510003873487912,-0.49387433745962994,-0.6510224989831351,-0.5752276966804889,-0.6510519229737819,-0.4938735458795216
-0.48001408477253465,-0.6418579412306603,-0.5630487382946272,-0.6416965697253909,-0.47983230254083187,-0.6418886441477334,-0.5837173799241939,-0.5993522864758636,-0.5835494465588802,-0.6417292758400294,-0.5629222181565182,-0.6002357713377361,-0.6096420024439528,-0.6001584308131505,-0.5629257318299759,-0.6418885321304365,-0.5840456039660231,-0.6000069104480298,-0.5839025653405872,-0.6420105025660018,-0.4799505541215012,-0.6421300874637388,-0.5632362714317661,-0.642139022271458,-0.47996624498556195
-0.46591387556660685,-0.6330190074944515,-0.5510735891983987,-0.6328694669736092,-0.4657108389725676,-0.6330287956564736,-0.5749216834935938,-0.5946882036498733,-0.5747662171820423,-0.6328217837715029,-0.5508832372655311,-0.5955932868116004,-0.6058755983212741,-0.5954598135533362,-0.5508204662584413,-0.6329776950544018,-0.5752967510672551,-0.5953286807861604,-0.575092484103447,-0.6330916119131734,-0.46581316890845864,-0.6333144319529578,-0.5512359199700045,-0.6332868242895887,-0.4658356252661314
-0.45158016940163037,-0.6242331519585183,-0.539050024525492,-0.6240964346731523,-0.4513632539045387,-0.624224563848665,-0.5663577157333692,-0.5903310684376651,-0.5662208366247412,-0.6239661843379873,-0.5388167187889329,-0.5912413127137135,-0.6021514194994868,-0.5910621578273562,-0.5386817915496315,-0.6241406752666522,-0.5667840740302753,-0.5909617303791606,-0.5665174553570647,-0.6242427141877651,-0.45146223976876915,-0.6245710401572464,-0.5392123518468261,-0.6244863879703689,-0.4514688962519216
-0.4369990032708496,-0.6155057267331823,-0.5269785579579285,-0.6153787750929457,-0.43677718274673794,-0.615474704001526,-0.5580295519021085,-0.5862691394087408,-0.5579170929707729,-0.6151654037089802,-0.5267105994460268,-0.5871627953468475,-0.5984388004825811,-0.5869549357879884,-0.5265167940512354,-0.615379316668022,-0.558506341567463,-0.5868899691037405,-0.5581856129143975,-0.6154669742449415,-0.4368907164304839,-0.6158983877263907,-0.5271607264334977,-0.6157435743565844,-0.4368606442114107
-0.4221737315908293,-0.606858317042409,-0.5148840305009112,-0.6067321049310768,-0.42195361265832537,-0.6067929720079546,-0.5499434406440695,-0.5824901718913018,-0.5498552762475053,-0.6064443586417476,-0.5145710464662535,-0.5833505319472078,-0.5947124684071158,-0.583133976502265,-0.5143437941289121,-0.6066982469152449,-0.5504614248139078,-0.5831019762740745,-0.5500958042105611,-0.6067761991047089,-0.4220934200589476,-0.6073030489729287,-0.5150904495272665,-0.6070797341289065,-0.42202066274293404
-0.4071258976125787,-0.5983166610318603,-0.5027999168873185,-0.5981814107138982,-0.4069095949213615,-0.5981987462470838,-0.5420869278263655,-0.5789702084274996,-0.5420189619902864,-0.5978329050646155,-0.5024194061121101,-0.5797918487433916,-0.5909450874494344,-0.5795810036924207,-0.5021884384482626,-0.5981081961751706,-0.5426361945797643,-0.5795755609184989,-0.5422281963690375,-0.5981857924556158,-0.4070772150902321,-0.5988024756916813,-0.5030238777723819,-0.5985227281887276,-0.40697143847773437
-0.3918902269246743,-0.5899021208456589,-0.49075696380619976,-0.5897577401167122,-0.3916757763871397,-0.5897128373369053,-0.5344187154509095,-0.5756708443765909,-0.5343713370005577,-0.5893516121475199,-0.4902849366565032,-0.5764609839809647,-0.5870924680055027,-0.5762534676067043,-0.4900763357697618,-0.5896258656054522,-0.5349968529251519,-0.5762702575808977,-0.5345422812536516,-0.5897084956702621,-0.3918657432980881,-0.5904195872035374,-0.49098766364135327,-0.5900975799443771,-0.39174123905282654
-0.37650521098792317,-0.5816279204233776,-0.47877705622127487,-0.5814867736874251,-0.37628913658245894,-0.5813646023402399,-0.5268809522467159,-0.5725396170108853,-0.5268569704051556,-0.5810119385896382,-0.47819296039990505,-0.5733073072471621,-0.5830864431072859,-0.5730935597824849,-0.47802231083668845,-0.5812677502839039,-0.5274836628768413,-0.5731234794368464,-0.5269806986301053,-0.5813532528467265,-0.3764930633437894,-0.5821697835235934,-0.4789987062425104,-0.5818185904519269,-0.3763603417175556
-0.36100792311813823,-0.5735034423096711,-0.46686592345137845,-0.573376164437854,-0.3607864809799988,-0.5731792418985139,-0.5194092855562752,-0.5695107200966993,-0.5194059474111005,-0.5728155058121074,-0.46615567782054296,-0.5702566457423829,-0.578845171173153,-0.5700265159886279,-0.46602030586345927,-0.5730407321382174,-0.5200220240952301,-0.5700562907058705,-0.5194786690423354,-0.5731241303221664,-0.36099226117231503,-0.5740530863430107,-0.46705619801365433,-0.5736844071745908,-0.360859827403407
-0.3454287399735286,-0.5655306380925151,-0.45500585398920834,-0.5654133170128557,-0.34519833519153864,-0.5651513697634412,-0.5119332705146856,-0.5665111952589602,-0.5119424963868264,-0.5647517641477616,-0.45416690271347987,-0.5672326367907081,-0.5742880668776799,-0.5669722864888802,-0.45404421370550335,-0.5649386864574709,-0.5125427316415524,-0.5669967278007345,-0.5119677515293043,-0.5650207517830926,-0.3453874889600431,-0.5660593699157119,-0.4551420192609338,-0.5656814808195676,-0.3452689397348938
-0.3297862017840427,-0.557692284718572,-0.44315708154439093,-0.5575734910207529,-0.32954445912249286,-0.5572514453631284,-0.5043864538822764,-0.5634740624236412,-0.5044003256973361,-0.5568051182303031,-0.4422014955367805,-0.5641671442030902,-0.5693425422630854,-0.5638668058869698,-0.4420592313502258,-0.5569498869534586,-0.5049896267644,-0.5638917181738387,-0.504384172584133,-0.5570361489109037,-0.32969475891063754,-0.5581752151304714,-0.44322828203686854,-0.5577917887617586,-0.32960808849103207
-0.314082695361781,-0.5499507031068062,-0.43127216498120635,-0.5498268170862999,-0.31382941693305233,-0.5494515352633262,-0.49671855217748845,-0.5603452798478095,-0.49673431949782254,-0.5489600997345898,-0.4302235097383982,-0.5610071859134268,-0.5639469793250333,-0.5606634680071595,-0.4300362830804097,-0.5490636615498895,-0.4973216787932652,-0.5607018996498735,-0.4966797554962874,-0.5491562902951528,-0.31392502462973165,-0.550386422933083,-0.43128441967334846,-0.5499951785120275,-0.3138818546242712
-0.2983065671521957,-0.5422707734183926,-0.41931167899521177,-0.5421467129492624,-0.29804621546249077,-0.5417311307160796,-0.4889020197841513,-0.5570901262402959,-0.48892028831591217,-0.5411977692366129,-0.41819881982654455,-0.5577162285330519,-0.5580599202652088,-0.5573324501510369,-0.41795988041675475,-0.5412711163272704,-0.4895085540804465,-0.5573962944997038,-0.48882641297756463,-0.541366761801885,-0.29808652118262313,-0.542679079863351,-0.4192851290098519,-0.5422699880065014,-0.2980813453432656
-0.28244212652785994,-0.5346383070204904,-0.407256164795876,-0.5345156009507015,-0.2821837423471834,-0.5340679329010694,-0.4809218890404376,-0.5536929734510649,-0.48094715565539053,-0.5334977743335597,-0.40610484291483195,-0.5542701428349291,-0.5516637219945143,-0.5538623107494991,-0.4058267719680091,-0.5335624483087522,-0.4815294441265885,-0.5539556870382293,-0.48081195074864985,-0.5336582897103742,-0.28218328169289947,-0.5350414264319524,-0.40721714972918643,-0.5345993094994254,-0.28219579861348554
-0.26648421027817565,-0.5270546691469007,-0.3951105376790946,-0.5269305303640607,-0.2662377757639066,-0.5264501154102065,-0.4727662831578725,-0.5501478265411468,-0.47280518115573206,-0.5258560372437979,-0.3939347574497235,-0.5506596855604586,-0.5447533325514693,-0.5502479218689329,-0.39364187393497546,-0.5259280613622024,-0.4733725537144576,-0.5503690508599031,-0.47262898443059376,-0.5260254392463836,-0.26621619573576766,-0.5274644300343154,-0.3950796529591256,-0.5269816921087208,-0.2662268393466206
-0.25044605091398603,-0.5195278187283606,-0.38289957252636264,-0.5193974264144023,-0.2502195894782572,-0.5188851559950515,-0.46442155875346197,-0.5464416698117155,-0.4644749760602542,-0.5182867682712478,-0.38169690111790905,-0.5468793376804584,-0.5373217043657035,-0.5464785226566454,-0.3814169886690764,-0.5183606864846558,-0.46502306271282123,-0.5466231695123243,-0.46426249581544926,-0.5184636278899133,-0.2501892406164837,-0.5199417547371523,-0.382880698646895,-0.5194269832688894,-0.25019384675848677
-0.23436009614253595,-0.5120730350830088,-0.37065309116839157,-0.5119265592397569,-0.23415645536091553,-0.5113837311330874,-0.455860320643667,-0.5425495658442192,-0.45592487627951395,-0.5108025827756028,-0.3694097929617446,-0.5429130177026913,-0.5293565492630331,-0.5425314883708237,-0.36916750180812424,-0.510857919532067,-0.4564515802753059,-0.5426938388684646,-0.4556811112070562,-0.5109719423395037,-0.23411897109332624,-0.5124752039761428,-0.3706343921591786,-0.5119450424205385,-0.23413007185780962
-0.21826944403001122,-0.5046981257878321,-0.35839228012942914,-0.5045325670120457,-0.21808705116471586,-0.50394843791919,-0.44703946135757117,-0.5384385524562983,-0.44711489799178045,-0.5034024697071369,-0.3570927165063261,-0.538733641103979,-0.5208371233655571,-0.5383696658305341,-0.3569059324341244,-0.5034220651563857,-0.447615681748165,-0.5385453514267835,-0.4468391034869271,-0.503550245954934,-0.21803727687029276,-0.5050737703174392,-0.3583603786759652,-0.5045452095676904,-0.21807380466799425
-0.2022200326969933,-0.4973933382927401,-0.34612681519993727,-0.4972260602404561,-0.20205420538936394,-0.4965857807933428,-0.4379114080080514,-0.5340749345985398,-0.4379970338362971,-0.49608040394365366,-0.34476148873434803,-0.5343055720489758,-0.5117321528223736,-0.5339490430100687,-0.34463779547284074,-0.49605501780035993,-0.43846438982269254,-0.5341338578649328,-0.4376871157952873,-0.49619374281602346,-0.2019853675483845,-0.4977416006279715,-0.3460748821544611,-0.49723336035667864,-0.20206065042935528
-0.18625362925476593,-0.4901513843261627,-0.3338576286694217,-0.4900007063111836,-0.18609859584217203,-0.4893074898990561,-0.42843077349023445,-0.529421984405263,-0.4285223303781205,-0.4888303513231399,-0.33242425814643717,-0.5295841952087943,-0.5020117158357562,-0.5292259357048276,-0.33235656338747754,-0.4887529816799462,-0.4289487903700301,-0.5294145901944033,-0.42818047897513806,-0.48889469808190394,-0.18600281707318359,-0.4904703340811211,-0.3337781971542425,-0.48999454103139994,-0.18612432845370921
-0.17040427305196265,-0.48297835115032667,-0.3215750278640521,-0.482835295191191,-0.1702547831751111,-0.48210645483477227,-0.4185545528645393,-0.5244405098917353,-0.4186476484507994,-0.4816392871642388,-0.3200774181034971,-0.5245294142461429,-0.49165362060866663,-0.5241626126696476,-0.32004514212365287,-0.48150583742210484,-0.41903301339542665,-0.5243562246950737,-0.4182801735107349,-0.4816494709516106,-0.1701204183435759,-0.4832450196299405,-0.32145373677502564,-0.48279639976012656,-0.17029639350007109
-0.15469661340494031,-0.4758652582801021,-0.3092554168571571,-0.4757089918719933,-0.15454871328155795,-0.47495373719034106,-0.408254015926943,-0.519104352759838,-0.4083419977310953,-0.47449025653525495,-0.30770666474062675,-0.5191181273403055,-0.48064487005294004,-0.5187388711770061,-0.3076843400155998,-0.4743031823698274,-0.40869405075523463,-0.5189474528893341,-0.4079566939135514,-0.47445641061658944,-0.1543613733379213,-0.4760547830261045,-0.3090850942765923,-0.475624273016329,-0.15460466870799078
-0.13914499366269695,-0.4687739560964507,-0.296872653662367,-0.46860483627356037,-0.1389982819131164,-0.46782688615907986,-0.39751803278376835,-0.5134079865253345,-0.3975967095080675,-0.46737002980049125,-0.29529522247764217,-0.513340923363197,-0.468991272368145,-0.5129507156002098,-0.29526375149141787,-0.4671379449378974,-0.3979214832573534,-0.5131885211114665,-0.3971968524118156,-0.4673050821079524,-0.1387475907513142,-0.4688938452285779,-0.2966668569426191,-0.4684828349185607,-0.13906757646104176
-0.12375572667857447,-0.46167126090617727,-0.2844151351671261,-0.4615048352318252,-0.12361546376552347,-0.4607176526892192,-0.38634861442174717,-0.5073576224420802,-0.3864198665631703,-0.4602656829917634,-0.2828323565313808,-0.5072008674205544,-0.45671884894880044,-0.50680455775137,-0.28278700036472526,-0.46000410045671514,-0.3867184866674292,-0.5070861645764072,-0.38600482421470717,-0.4601783966910815,-0.12330293892063204,-0.4617553332217986,-0.2842000106192645,-0.46136452384271054,-0.12369386521853404
-0.10853404629848439,-0.45455615383908043,-0.2718919008927273,-0.4543974289821556,-0.10841024842086815,-0.45361313977405576,-0.374758948522519,-0.5009695607060628,-0.37482427225808423,-0.4531617047076138,-0.2703198495291227,-0.5007123938344624,-0.4438654974260573,-0.5003202128335349,-0.27027017018743715,-0.4528941036443417,-0.37509788234668645,-0.5006541216121801,-0.3743972724465781,-0.45306484513681416,-0.10805184952915382,-0.4546297416669873,-0.2716887671566556,-0.45424614321787654,-0.10848952562660492
-0.09349410551779135,-0.4474397461797926,-0.2593278324243945,-0.4472853009697967,-0.09339745951631467,-0.4464991995238864,-0.3627684853136669,-0.4942665934482866,-0.3628294602174641,-0.4460526735361257,-0.25777327068847433,-0.49389537981387327,-0.4304765363456838,-0.4935243944276497,-0.257736867818606,-0.44579934008577093,-0.3630748730742042,-0.4939122166281172,-0.3623949735683244,-0.44596284085743454,-0.09301636326130353,-0.44751014846716086,-0.2591491613879938,-0.44711995882352273,-0.09347117124294799
-0.07866613447251967,-0.44032509451057245,-0.24675959841941827,-0.44017540990997445,-0.07860318107644239,-0.4393799020842859,-0.35039697733730774,-0.48726646511297894,-0.35045277447593715,-0.43895084092097353,-0.24522040530404887,-0.48677309226832705,-0.4166006135561611,-0.48643538663848623,-0.24521439150232044,-0.43871313623859914,-0.3506626453416154,-0.48687855485218784,-0.35001679542426684,-0.43887178003573735,-0.07821895469426016,-0.44039454869562217,-0.24661185268451638,-0.4399992545942264,-0.07867355338728765
-0.06409709791141695,-0.4332188241250999,-0.23423187024102943,-0.43307046468754096,-0.06406727034223625,-0.4322680861040329,-0.33765839012209087,-0.4799796356382301,-0.33770334466708907,-0.4318694362662221,-0.23269506991554706,-0.47936480733670245,-0.4022846592880556,-0.4790624563013307,-0.23273194758518956,-0.43163241991645507,-0.33787616441695856,-0.4795630741643475,-0.33727287774897735,-0.43178843662638833,-0.06368931446150908,-0.4332830055057645,-0.23410633471186074,-0.4328921008110115,-0.06414597415307559
-0.04984407162388921,-0.42613431957150794,-0.22178745099495406,-0.425978452537858,-0.04984127700776786,-0.42516478184578943,-0.3245590527008117,-0.4724149816202701,-0.3245925463068432,-0.42480776676914184,-0.2202320543951625,-0.47168119412996296,-0.3875710923468363,-0.47141305598418853,-0.2203204104308991,-0.42455869242730354,-0.32472843189470574,-0.47196986047900524,-0.3241680940540574,-0.424711654996838,-0.04947034172890344,-0.42617807059600216,-0.22165982385207872,-0.4257987808835123,-0.04994306751985951
-0.03596607297631155,-0.4190732102320322,-0.2094589802046549,-0.4189169725480121,-0.03598267442184609,-0.41807138942452615,-0.31110878251653806,-0.46458445553058614,-0.3111319992373393,-0.4177617916340137,-0.20786684800805277,-0.46373291443350523,-0.37249859559722603,-0.4634938875724285,-0.20800985555600807,-0.4174981559591904,-0.3112254265000757,-0.46410472923461227,-0.31071109954779125,-0.41764387312877577,-0.0356157125929071,-0.41909093021335153,-0.20931122823291695,-0.41872890883233166,-0.03611595990411721
-0.02251821958233209,-0.4120295835565969,-0.19727216522705388,-0.4118966107070253,-0.02254796231345497,-0.411008041076793,-0.2973247403613334,-0.4565019126859849,-0.29733300085745956,-0.410737045462907,-0.19563508958653736,-0.4555313119999991,-0.35710931886039454,-0.4553117947346157,-0.1958259704359095,-0.4104583937788111,-0.2973794186026406,-0.4559774043884307,-0.29691772089026974,-0.4105888302985195,-0.02218174135107502,-0.41203293017117376,-0.19710439765204563,-0.41169315794000866,-0.02271115505494689
-0.009548686497681869,-0.4050151612810544,-0.18525166417072741,-0.4049116097921924,-0.009587601408031513,-0.40399390460467977,-0.2832283634857797,-0.4481784072888649,-0.2832172790164327,-0.4037421339246644,-0.1835686809860363,-0.44708658780497,-0.3414546682187048,-0.44687837649062834,-0.18379021489375708,-0.4034454184286776,-0.28321942154660695,-0.44760454236687974,-0.2828118988680047,-0.4035548343351304,-0.009218502954172212,-0.40500184527709165,-0.18506591013121826,-0.40468561858970403,-0.009773212514491647
0.0029005330243534193,-0.39805110888123063,-0.1734192640956342,-0.39795687383580064,0.002855748678585568,-0.3970230509537062,-0.2688529769552147,-0.43963110633208463,-0.26881811428670577,-0.39678063898360943,-0.1716942289161423,-0.43841999788086544,-0.32559436499377953,-0.43821713921108324,-0.17192534594087572,-0.39646600458388087,-0.2687848868641537,-0.4390142080525605,-0.2684273762388311,-0.39655590111224154,0.0032336340019443128,-0.39799403848034964,-0.17320966159150558,-0.3976989164535936,0.002653844739158529
0.014795059917488872,-0.3911360877387734,-0.1617909082967891,-0.3910403838156007,0.01474597227289563,-0.39008535053067595,-0.2542460147637341,-0.4308932147552594,-0.2541833950180699,-0.3898567266772098,-0.16003692786452448,-0.42956737028792474,-0.30959846908811806,-0.42936678173101367,-0.16026055859757163,-0.3895303595998237,-0.25412528673378076,-0.4302452993846268,-0.25380815945640456,-0.38960395340483067,0.015138970497543149,-0.39102461865011967,-0.1615630599302085,-0.3907498860164683,0.014530882293542938
0.026107326564275436,-0.3842503810508148,-0.15039070500697546,-0.3841704638810202,0.02605125338765761,-0.38319119789454004,-0.23946628998272929,-0.42200880583043865,-0.23937755349553444,-0.3829774373598383,-0.14862761519561274,-0.42057197131195545,-0.2935488330447324,-0.42037238756997536,-0.14883341072641415,-0.3826502720196866,-0.23930256711493167,-0.42134131843168254,-0.23901534265909521,-0.38270108131496405,0.02646182194153697,-0.3841179086179104,-0.150168637548141,-0.3838603522117989,0.025827803929224447
0.036813617729395745,-0.37739597303938444,-0.1392661528431502,-0.3773477824783401,0.03674230159271671,-0.37635546955478694,-0.22458635538356994,-0.41302797534128866,-0.22447296413642556,-0.3761455314046082,-0.13750496823605185,-0.4114814913105073,-0.2775354757038911,-0.4112848067647278,-0.13768958431771194,-0.3758348556513483,-0.22438549922277595,-0.41235176947740687,-0.22412647923644866,-0.37584848361655016,0.03716447404569547,-0.37728140853903985,-0.13906328485611594,-0.37702591872759667,0.036521949208807476
0.04688872594756535,-0.37060105267882076,-0.12847197141462313,-0.37057816127486076,0.04679030825528636,-0.3695786409052879,-0.2096869520257644,-0.4040072844441635,-0.20954998638638428,-0.36936314651517743,-0.12671386682113567,-0.4023485549439171,-0.261653747573696,-0.40216416202188177,-0.12688061004115533,-0.3690897360934928,-0.20945052573873063,-0.4033331134281231,-0.2092222507885839,-0.3690571594141501,0.04720927459808078,-0.3705088848487856,-0.12828142141951204,-0.37023515036664945,0.04658937005767452
0.05630014373732989,-0.36388745587255394,-0.11805370893536943,-0.3638785358263041,0.05616442035379805,-0.3628637315383821,-0.19484978618672216,-0.3950047110208413,-0.19469469306517623,-0.3626468603961393,-0.11630417159971519,-0.3932311821398897,-0.2460034980343428,-0.39307128999870256,-0.11645993572921512,-0.36242149211176117,-0.19457981002377595,-0.39433976390905345,-0.1943855152311631,-0.3623443785994672,0.05656264472447755,-0.36380587939273695,-0.11787801234529746,-0.3635068730436166,0.05599488567756372
0.06500532169954107,-0.3572649124132607,-0.10806183350011672,-0.3572663444246144,0.06482940425988706,-0.3562332202008111,-0.18015906255504335,-0.38607340563990084,-0.17998850162422186,-0.35602607926245305,-0.10632954110097384,-0.3841884385353055,-0.23068330955682184,-0.38406061070772063,-0.10648082586966083,-0.35584051518420196,-0.17985575023766018,-0.3854227013572708,-0.179701468240218,-0.3557251360014214,0.0651936430680515,-0.35719297959111274,-0.10791870827175129,-0.35687717220503296,0.06469054418603558
0.0729548692158789,-0.35075302441505624,-0.09856622190455494,-0.35075721293124645,0.07274439394844782,-0.3497099318639381,-0.16569808937418362,-0.3772633840982603,-0.16551218308231738,-0.34952343649324147,-0.09684442689483257,-0.3752752241814711,-0.2157893965159747,-0.3751811596978316,-0.09699725147597843,-0.3493627512362281,-0.1653632113157191,-0.37663496952077935,-0.1652501916106864,-0.3492132172334963,0.07306939598854421,-0.3506899506387142,-0.09845271434482175,-0.35036518728071875,0.07262334128199588
0.08009893952897255,-0.3443788424354778,-0.08963648923547661,-0.34437830748719334,0.07986469274711731,-0.3433061692023243,-0.15154714066754432,-0.3686233944816701,-0.15134988496017837,-0.3431532004815493,-0.08790335252016503,-0.3665459031283562,-0.20141420853161232,-0.36648054706059535,-0.08806488372637589,-0.34301156569490093,-0.15118640490977886,-0.36802419381896884,-0.1511104487487605,-0.3428280731773814,0.080151162605709,-0.3443155841000956,-0.0895226333633282,-0.3439831161853869,0.07974609171165387
0.08639489652657112,-0.3381606769269146,-0.08132115463422565,-0.33816855069545276,0.08614751560799427,-0.33704950897909103,-0.13778856490242067,-0.36020529416481967,-0.13758352751822842,-0.3369389068354068,-0.07956237098651923,-0.3580540496564097,-0.18764436564210876,-0.3580057863573532,-0.07973769407913282,-0.33681630330291923,-0.13740360784093225,-0.3596325453564915,-0.13736383645638672,-0.3365959049818651,0.08639704140394083,-0.33809975251156676,-0.08119107439967109,-0.3377632349006092,0.08602366608989488
0.09181053344929083,-0.33212108235586124,-0.07366225121257361,-0.33215923483408455,0.0915561831945176,-0.33099067905850893,-0.12450646451593794,-0.3520588497261261,-0.12429437953402807,-0.33091607548912605,-0.07187773865562652,-0.34984393442033246,-0.17456364334781488,-0.3498014066211751,-0.07206491516629587,-0.3308070904565515,-0.12409846077159853,-0.3515070475141644,-0.12409158188384029,-0.33054620844783406,0.09176980470476133,-0.33207659666254447,-0.07352806966913358,-0.3317433114973551,0.09143053664391543
0.09632492428488476,-0.326305337106438,-0.06670889273689576,-0.3263708912587311,0.09606414016862286,-0.3251698293223826,-0.11178409057573592,-0.34422590165805966,-0.11156467610453401,-0.32511745861025493,-0.06490082879388931,-0.34195755499214386,-0.16225140706211888,-0.3419143203578146,-0.06508967656666526,-0.32501316049261875,-0.11135971337274174,-0.3436969937896419,-0.11137808066418858,-0.3247136358150571,0.09624556851609312,-0.32627007235247335,-0.06657667106220837,-0.32594308424541596,0.09594701801493075
0.09992675072259384,-0.3207572781158261,-0.06050352025499062,-0.3208299733279839,0.0996557867482382,-0.31960034624128897,-0.0997071935985595,-0.33675093384228844,-0.09947926317283708,-0.3195676514703993,-0.05867576214245937,-0.33444522821596095,-0.1507853904743396,-0.3343973454614731,-0.05885313602049078,-0.31946471305059354,-0.09927558320172977,-0.336252056658006,-0.09931106455438969,-0.3191336088311793,0.09981419625466628,-0.3207074588526227,-0.060361037872817457,-0.3203822549959041,0.09955789467050268
0.10261455328159177,-0.31548995125036144,-0.05507012252932191,-0.3155712774108874,0.10232750271442513,-0.3142996911400623,-0.08836473780237754,-0.3296888009559802,-0.08812854080163593,-0.31429257524140686,-0.05324000526366419,-0.32736132973774656,-0.14024392170718078,-0.32730465818861476,-0.05339322135633473,-0.314193699973969,-0.08793833090061151,-0.32922576055845315,-0.08797619958595487,-0.31383396637696487,0.10247532144376192,-0.3154302071514851,-0.054921256130841534,-0.31510053650360176,0.10225678085147112
0.10439742251900183,-0.310506678327812,-0.050431492135062934,-0.31061870145253967,0.10408652304662717,-0.30930549732525026,-0.07784512007676114,-0.32309288489088517,-0.07760520398322437,-0.3093190530876912,-0.04862394392913976,-0.3207580680972443,-0.13069968321415215,-0.32068911580183235,-0.0487418714223959,-0.3092292830324644,-0.07743878926655387,-0.3226755982403781,-0.07746596137664909,-0.3088346489086807,0.10423316827529382,-0.31047209377220925,-0.05029763350208498,-0.3101320209666007,0.1040516382699765
0.10529456564580479,-0.30583517569991653,-0.04661889724908736,-0.30598152554169694,0.10495117541131653,-0.3046462933926929,-0.068237282669028,-0.3170167727716031,-0.06799960151971558,-0.304664517460823,-0.04484952701425727,-0.3146864681770461,-0.1222166073828489,-0.3146060442248358,-0.044924617465299584,-0.30459416271116574,-0.06786052510994275,-0.31665581051546154,-0.06787670013404486,-0.3041575735360097,0.10509562319243039,-0.3058427296474357,-0.04649931916551425,-0.3054811106848081,0.10496475262949367
0.10533332150587697,-0.30151394476283866,-0.043653210988708724,-0.3016740059403821,0.10494895086515496,-0.300327297678379,-0.05962965141853295,-0.3115168974480034,-0.05940135787284571,-0.3003416563905216,-0.041930551226558095,-0.3091950374078235,-0.11485627236215173,-0.30911083785914795,-0.041961168956688784,-0.3003063016475222,-0.05928775458850748,-0.3112160441934578,-0.05929438474371915,-0.2998300706659078,0.10508063103900304,-0.3015482627534122,-0.043527721530733615,-0.30115303464956256,0.10502540313050468
0.10454534349812908,-0.29756026951241593,-0.04153378917007494,-0.29772206371952664,0.10411453147998456,-0.2963582487820885,-0.05210152623755934,-0.30663999939603415,-0.0518917794152175,-0.2963751475933912,-0.03987384958012612,-0.30432897599241354,-0.10867355645769791,-0.30425038843176466,-0.039862805288557374,-0.2963839353722781,-0.05179894640839906,-0.3064017608636662,-0.05179632436269755,-0.29587814564432185,0.10421944765114131,-0.2976151285460868,-0.041409305939484775,-0.29718185395268254,0.10426308072131373
0.1029648981736581,-0.29398062432646305,-0.04025822544028429,-0.29414754164725787,0.10248879268157184,-0.29276911895187013,-0.04572014592159952,-0.30242356490328337,-0.04553331841279006,-0.29279905241752907,-0.038677893611585454,-0.30012846140575605,-0.10370886919703798,-0.3000616796153314,-0.03863065661921997,-0.29284712617946346,-0.04545807088082656,-0.3022515378285632,-0.045451824940802715,-0.29231984331135724,0.1025568389986193,-0.29407551067684384,-0.040166864571708996,-0.2936060199538887,0.10270618830053435
0.10063151020943785,-0.2907999170483611,-0.03983356555648538,-0.29096698532485166,0.10011840993393709,-0.28958560715446413,-0.0405379003910904,-0.29889797594473,-0.040374727362238225,-0.28963763058459974,-0.038331230163111976,-0.2966257911421832,-0.09999020817455918,-0.29657305502218895,-0.038257373149222014,-0.28971658612349027,-0.04032022271507706,-0.2987947788783266,-0.040309099567749834,-0.289170915407632,0.10014636722632729,-0.2909448223454566,-0.03977855842030841,-0.2904392831524163,0.10038992255740224
0.09759453064860708,-0.288050842781639,-0.04025459284907475,-0.2882082050268149,0.09705661015983796,-0.2868194365572828,-0.036590147344208415,-0.2960800822072651,-0.03645512839605784,-0.2869057760300573,-0.038815261136474107,-0.29384522806970265,-0.09753216889093662,-0.2938031045339686,-0.038728990659087,-0.2870126534822194,-0.03642320080043719,-0.2960491124120288,-0.03639799962029744,-0.2864511867170576,0.09704529405867345,-0.28823286946289156,-0.040206253757632426,-0.28769184848195556,0.09736459416647085
0.09391858211308166,-0.28575037848749707,-0.041488850221034504,-0.28590773834077077,0.093366323713979,-0.2844921632021753,-0.03389528954721495,-0.29397876697566044,-0.03379305466966291,-0.28462537313098973,-0.04010457952322328,-0.2918003769124355,-0.09633015962378076,-0.2917602612231345,-0.04001997224158489,-0.28475573324348574,-0.03377954774658355,-0.29402088575317015,-0.033739674795977156,-0.2841817396647981,0.09331586340064289,-0.2859648238840094,-0.04143807043283365,-0.2853953568197049,0.09370052948901504
0.08968390357620112,-0.28391044817050065,-0.04349240350198577,-0.28408916016190294,0.089121636739429,-0.2826412233226933,-0.03245355421401043,-0.29260200900547184,-0.03238734300341185,-0.28282384753076867,-0.042164429006646145,-0.29049062256786495,-0.09636356364689706,-0.2904451639626576,-0.04208941047482672,-0.28296475943430394,-0.03238959440537568,-0.29270926207523884,-0.03233509088811936,-0.28237955735741654,0.08903122884032569,-0.28417011443254686,-0.04346098736333366,-0.28358049960060394,0.08948342575161602
0.08498336804304411,-0.2825569585600755,-0.046219903829563015,-0.28275831582054795,0.08440880750161396,-0.2812885748788696,-0.03224814879198718,-0.29194335969890656,-0.03222090100646818,-0.2815149649816026,-0.04494607166209425,-0.2899054395236413,-0.09759683470818363,-0.2898515119482205,-0.04488124248047856,-0.2816538419524607,-0.032239353962237184,-0.29210648836588504,-0.03216354666555802,-0.28105782966060205,0.0842812609932105,-0.2828604502506377,-0.04621180709398522,-0.282251027904674,0.08480704317207187
0.07991883795862945,-0.2817092407017505,-0.0496052011271349,-0.28191813789430753,0.07932615430351185,-0.2804291346316362,-0.03324360090482253,-0.29198314233558426,-0.03325435584182484,-0.280697122749655,-0.048384365391065144,-0.2900292596662904,-0.09997784256700358,-0.28996411950580747,-0.048325961715328124,-0.2808312041775072,-0.03329377767045686,-0.2921953510046374,-0.0331889697110736,-0.28022563775010334,0.07917163767417063,-0.2820350365823759,-0.04959649823714092,-0.2814022735170149,0.07976955713707627
0.07459867225557895,-0.28135525216431484,-0.05355439442889971,-0.28157166036055076,0.07398224751022484,-0.28005667724597216,-0.03538596593363686,-0.29269765796265723,-0.03543168857068201,-0.2803680781188843,-0.052398252839696076,-0.29083786571724785,-0.10343911160381318,-0.2907570867177281,-0.05233896359340316,-0.28049943435680524,-0.03550213150130742,-0.2929540566209145,-0.03535685993006979,-0.2798831453431207,0.07381753185032901,-0.2816973256286804,-0.05353510252824206,-0.28104239482618043,0.07447460184040239
0.06913815041987917,-0.28147121213403736,-0.05796575929483208,-0.28170954572357787,0.06849433012145917,-0.28017447193937267,-0.038606959018291954,-0.2940549038150332,-0.03868749072220496,-0.28052441469640854,-0.05688997913872778,-0.29229881703625527,-0.10789648933566579,-0.2921964980372037,-0.05681985677592981,-0.2806534152183302,-0.0387957138748538,-0.29435535003678737,-0.038600105866828965,-0.2800205124910323,0.0683365300735043,-0.28184795435113247,-0.0579488058993471,-0.28117278890829506,0.06903700132183377
0.0636596292931405,-0.2820469374307538,-0.06273795899147737,-0.2823086725569153,0.06298570682038092,-0.2807698992597036,-0.042826280111185715,-0.2960169815822547,-0.04294328344924841,-0.2811476573388437,-0.061746970786701265,-0.2943701643451796,-0.11325018545818526,-0.29424180168922365,-0.06165739293245935,-0.28127754401082455,-0.04308761630908815,-0.2963590159818416,-0.042843245684614416,-0.28062379929789094,0.06284564339686889,-0.28246494858118193,-0.06272232219715358,-0.28176609771887984,0.06358258048660988
0.05829161406568273,-0.28307177614401413,-0.06775226681851487,-0.2833455969951971,0.05758505353660453,-0.2818062456260615,-0.047946534110768484,-0.29854158965918964,-0.04810577541388203,-0.28220600785036104,-0.06684627553876024,-0.2969964328257124,-0.11939106408163042,-0.29684451586462746,-0.06673425453549087,-0.28234741381460665,-0.04828057806290734,-0.29891488727957616,-0.04799223134460803,-0.28167737525023173,0.05746469565796584,-0.2835155210328464,-0.06772183989438799,-0.2827890398480447,0.0582444496168151
0.05316453441826899,-0.2845112378049035,-0.0728680631616774,-0.2847967192575927,0.05242405461588454,-0.2832481811346329,-0.05386124349006839,-0.3015707551411977,-0.054066600513642996,-0.283670263867893,-0.07205935427279278,-0.3001155066199678,-0.12620279908218182,-0.29994905692901197,-0.07192764360057184,-0.2838339603697279,-0.054265311460020955,-0.30197066263941214,-0.05393756206790457,-0.2831557427495061,0.05231974500296112,-0.28497719998867366,-0.07283264710864538,-0.2842234317951705,0.05315363432948862
0.048406106092904314,-0.2863218132733248,-0.07794855333117508,-0.2866276349040639,0.04763477013637755,-0.2850735393564124,-0.06045571482256605,-0.3050396420035971,-0.060700561193546276,-0.28551550037615314,-0.07725343242880983,-0.30366584157510784,-0.1335603000145086,-0.30349369529471654,-0.07710723694850873,-0.2857040592875847,-0.060917489591459595,-0.3054670989480362,-0.06055999777076391,-0.2850199769424298,0.04754268449717099,-0.2868306646023092,-0.07794233246661102,-0.2860465926792693,0.04843353757948997
0.044138668776953806,-0.2884726541456818,-0.08287462614142013,-0.28879549149804246,0.04334582692887283,-0.28725016714507057,-0.06759387772458277,-0.30888367143224943,-0.06787204296511791,-0.28770855672999845,-0.08229289065629515,-0.3075805901969931,-0.14133097207671297,-0.30740936087437504,-0.08213866058871011,-0.2879188250940935,-0.06810308309819034,-0.30933242370699277,-0.06772157009083446,-0.2872262747915783,0.04326485747489201,-0.2890373427230538,-0.08290637341364128,-0.28821053968103477,0.04420097722718857
0.04047868658644252,-0.2909334444477414,-0.08752726578541359,-0.2912628160843473,0.03967846453446354,-0.28972597589942356,-0.0751238025031719,-0.3130221154021803,-0.07543377839564275,-0.2902058520548541,-0.0870440007244507,-0.3117826844657386,-0.149375080317164,-0.311616250608933,-0.08689009371522285,-0.2904341639057327,-0.07567353849271996,-0.31348539004412407,-0.07526924963002449,-0.28973356867555694,0.03960842300800175,-0.2915432831387807,-0.08757035341238491,-0.2906633913868831,0.040569847788730226
0.037536525431704854,-0.29365372221091146,-0.09177389414209829,-0.29399547461920655,0.036742316679796834,-0.2924521404607283,-0.08288539365481289,-0.3173636149518126,-0.08322396616511317,-0.29296334080398584,-0.09137857156351097,-0.316187504441388,-0.1575441461016267,-0.316026180980119,-0.09123613368501261,-0.29320468886347156,-0.08346385463405814,-0.31784021215545927,-0.08304461936148859,-0.292499332005108,0.03668082426394618,-0.2942995388161672,-0.09181402979578071,-0.2933717284491398,0.03765185318468135
0.035412893823019286,-0.29657784568642187,-0.09548676187069761,-0.2969476999005334,0.034632603762179234,-0.29539309475646636,-0.09070539475593171,-0.3218214289043146,-0.09107229305699796,-0.29593767235460106,-0.0951755831405838,-0.32070382204037035,-0.16568249512985897,-0.32054617060748636,-0.09505724974312837,-0.29618436148112676,-0.09130325338349857,-0.3223056513944024,-0.09087774450667935,-0.2954738586704101,0.03457396833506613,-0.2972635371477921,-0.09554061920631547,-0.2963019085122471,0.03555147200697998
0.03419299910636738,-0.29966654452565455,-0.0985603629065122,-0.30006360317205955,0.033427658428480576,-0.29850542559404836,-0.09840831850041619,-0.3263021756190157,-0.09880252172931164,-0.29907706835971776,-0.09832273337599011,-0.3252339181115524,-0.1736304989021769,-0.32507876002170544,-0.0982408550442686,-0.2993247733095841,-0.09901838863814826,-0.3267814100203438,-0.09858835022425386,-0.29860365323306365,0.03336687999130425,-0.3003865653835399,-0.09863707180248,-0.29939774587557744,0.034355298266322234
0.03393995470010061,-0.30288210555080336,-0.10090341539514482,-0.30329225024272755,0.03318626005330568,-0.30172836215557647,-0.10582178192790626,-0.3307001108064544,-0.10623280765170118,-0.3023239631438388,-0.10072109113340129,-0.3296740282082128,-0.1812268349852177,-0.32952097968798,-0.10068464728720936,-0.3025742856445359,-0.10643240195425002,-0.3311601646052268,-0.10599793364830018,-0.30183688590144947,0.033125016092484576,-0.30361356707382714,-0.10098408944285635,-0.3025979585350423,0.03412362111265243
0.03469051471158175,-0.3061652982900298,-0.10242843110751125,-0.30658825851258786,0.03394574976087319,-0.3050050009519818,-0.11276815641888785,-0.3349114965783433,-0.11318530350271985,-0.30562667720727377,-0.10228842196904149,-0.3339193436609689,-0.18831002082990334,-0.3337678296988488,-0.10229861918785096,-0.3058796787600312,-0.11337255557941027,-0.3353393166735001,-0.11293092026358965,-0.3051221292347497,0.033894586070767035,-0.3068923861069018,-0.10249607896985649,-0.30585829364353695,0.03488887883881234
0.03645529487377493,-0.3094485888106166,-0.10306307042997037,-0.3098998909722171,0.03572050968385629,-0.30829261428598725,-0.11907980369758314,-0.3388383271056769,-0.1194954887634389,-0.30893806829078263,-0.10295677502424737,-0.33787206699397115,-0.19472227053416838,-0.33771791390936917,-0.10300718284166374,-0.3091871518646738,-0.11967397197711396,-0.3392249576785263,-0.11922093725070579,-0.3084044828598197,0.03569566125302634,-0.3101737381744755,-0.1031187757707597,-0.30913707478993063,0.03666063218590318
0.0392216574710851,-0.31268067745303035,-0.10275872321624488,-0.31316550830526907,0.038501679107509235,-0.31154164141902885,-0.12460916164178014,-0.34238740376575966,-0.12501616006495306,-0.31220271288783524,-0.10267272778137496,-0.3414373740470435,-0.20031694377879736,-0.34127476189338807,-0.1027542335296529,-0.3124407682283252,-0.12518541596882723,-0.34272449999610055,-0.12472153768970252,-0.3116276078959953,0.03851807088392155,-0.31340279944970406,-0.10279878370660359,-0.3123734784064954,0.03943045235203644
0.042957569564217195,-0.31581630376457775,-0.10148007691224144,-0.3163261068274011,0.042257844516115854,-0.3146856932676538,-0.1292213784402728,-0.34546978075149765,-0.12961925519043224,-0.31535548811541214,-0.10140138702867686,-0.3445202701926392,-0.20496436763382359,-0.3443482572326796,-0.10150711077628556,-0.31558307550996484,-0.12977687627404094,-0.34575037308766093,-0.1293051362651987,-0.3147375459592517,0.04232310082766854,-0.3165215837372146,-0.1014899256490911,-0.31550006640472994,0.04317307861785247
0.04761206803581178,-0.31879406995887005,-0.09919914168284708,-0.3193289423744305,0.04693651109397437,-0.31766256892565387,-0.13280776543816886,-0.3480046695343111,-0.13319691249213803,-0.31833412885644574,-0.09913170968939897,-0.3470391016405439,-0.20855512212105576,-0.34686125092531855,-0.09925496052800067,-0.31855803828538515,-0.13333900871197735,-0.348230529618177,-0.13286623625923993,-0.31768054409581653,0.04704978562125046,-0.3194774476057774,-0.09918429590382741,-0.3184622853485379,0.047841891166712405
0.05311334867059586,-0.32154685724064364,-0.09591519563892567,-0.32211654924038374,0.052465575408839435,-0.32042560903744666,-0.13529309446676144,-0.34992934026819306,-0.1356646376104255,-0.32108473567538476,-0.0958753734044391,-0.3489301387665749,-0.21100682000213297,-0.34875078870589693,-0.09600587094947985,-0.3213112425210175,-0.13578841681549633,-0.35010286696605714,-0.13532530918228075,-0.3204000441773141,0.05262025746210477,-0.32221903372347704,-0.0959068882115211,-0.32120790164068447,0.053364547560563955
0.05936786538912449,-0.3240241075608495,-0.0916675860809635,-0.32462283537456016,0.05875272113389874,-0.3229245015871453,-0.13662108554367033,-0.35119688356435547,-0.136965700462543,-0.32355420025089227,-0.09166300658487975,-0.35014098903929874,-0.21226766312268727,-0.34996646550024313,-0.09178957438691049,-0.3237884916636163,-0.13707164997520607,-0.35131346817087683,-0.13662257569919042,-0.322840779127192,0.058939397286897975,-0.32468811160338107,-0.0916839696073036,-0.32367210615852493,0.05964161660815505
0.0662610512166032,-0.3261827369170105,-0.08652092636742591,-0.3267877855102311,0.0656847629827829,-0.3250932674420767,-0.13675733097862405,-0.3517669060821359,-0.13707026737970157,-0.3256892838462789,-0.08654661814912629,-0.3506352852171228,-0.21231449610113076,-0.3504748367245229,-0.08666281652045288,-0.3259370641827409,-0.13715797007566263,-0.35182965339332994,-0.1367250125262913,-0.32495467757351426,0.06589274327749144,-0.32682736826063014,-0.08654958174188374,-0.3257950482571535,0.06655198288865671
0.07365961244941707,-0.3279676842145974,-0.08055365574753906,-0.32857051512858887,0.07312755592836459,-0.32687301602253843,-0.13569679709143265,-0.35161757450822523,-0.13597409385262724,-0.3274447689518848,-0.08060444612455926,-0.3503998360027957,-0.21115216099627282,-0.35026098484877877,-0.0807114059421349,-0.32770971544738436,-0.13604031493100682,-0.3516413438112411,-0.13563245738527904,-0.3266990182301218,0.07334277240265812,-0.3285902321445869,-0.0805814251847186,-0.32754121972197464,0.07395933405760577
0.08141392090448493,-0.3293256313080155,-0.07386720099193565,-0.3299400471249655,0.0809264335555626,-0.32823011137302405,-0.1334590870655415,-0.3507536293543027,-0.13370184843028285,-0.3287846456434474,-0.0739411508338348,-0.3494432620420044,-0.20881602383764317,-0.34932796210910644,-0.07404707539541676,-0.32906749878049824,-0.1337428632785147,-0.3507489530518408,-0.13336764738292314,-0.32803166504351206,0.08113102280595044,-0.3299385176526217,-0.073904519061456,-0.3288845231324788,0.08171516619686912
0.08935879083831111,-0.3302325733295255,-0.06659871339529697,-0.3308657768080352,0.08890957219394527,-0.3291409772751223,-0.13009123028129613,-0.3491939868780272,-0.13030215003882328,-0.3296751008896859,-0.06668572638371381,-0.3477861114486945,-0.20537039377023913,-0.34769727740962425,-0.06680360718849916,-0.3299789180776739,-0.13031460171913842,-0.3491636114136671,-0.1299751260098733,-0.32891425002712316,0.0890842964396309,-0.33083722097740625,-0.06665874515897358,-0.32978788311767115,0.08965688226057922
0.09731442535280863,-0.330683680664414,-0.05890916436455895,-0.33132271647694533,0.09689242844107006,-0.32957695732005465,-0.12566625944372456,-0.3469712724181103,-0.12584328046884863,-0.33008806002789526,-0.05898958874848707,-0.3454598723934989,-0.20090438388774384,-0.3454035612906075,-0.05913328772264629,-0.3304190343652772,-0.12582568874024044,-0.3469142344490746,-0.1255252943445363,-0.32931948248616527,0.09702246122434384,-0.33126145556761377,-0.0589874482774127,-0.33021914798366386,0.09760519654986516
0.10508867669091844,-0.3306640439795152,-0.050965558951550846,-0.3313002187376406,0.10468312466661996,-0.32951739360843274,-0.1202754301312804,-0.3441355627831476,-0.12041634397863393,-0.33001303313751057,-0.051023359013047116,-0.3425157233394807,-0.19552835465287452,-0.34249324799040415,-0.05120100263218104,-0.33036977417667335,-0.12037278313840202,-0.3440476072672147,-0.1201087792189955,-0.3292332989267343,0.10476300924401864,-0.3312027154247986,-0.05105408817933199,-0.33017388914666934,0.1053661780970172
0.11248412666927113,-0.3301520282740293,-0.04294042149163501,-0.33079643362100736,0.11208850765610058,-0.3289648329985783,-0.11403313868301408,-0.3407473735527012,-0.11413659046876971,-0.32945442641444345,-0.04296744710351582,-0.33902507527910425,-0.18937413074747672,-0.3390286712919672,-0.04317844908476208,-0.3298215119351942,-0.11407341682091582,-0.3406262437069388,-0.11383814298099613,-0.32865052320500066,0.11212358517995644,-0.3306598969418372,-0.043039998349193496,-0.3296599313831953,0.11274059258904096
0.11930723285169584,-0.3291462150305439,-0.03501449053022099,-0.32980951938767,0.11892079397648248,-0.3279290773403212,-0.10707628890573602,-0.33687699643870245,-0.10714061711387798,-0.328414636799281,-0.03500212530638055,-0.3350661672806591,-0.18259383477472604,-0.33508394744464987,-0.035240218896945265,-0.32877274795684974,-0.10706341387681549,-0.3367262568422294,-0.10685246188095805,-0.32757186623084616,0.11892272180296935,-0.32962736511744206,-0.03511896943423689,-0.32866975938160337,0.1195371682982094
0.12537975053376768,-0.32766539482547646,-0.02736286949555737,-0.32834208142147536,0.1250050556185021,-0.3264112003005146,-0.09955692469794022,-0.3326094985873391,-0.09958631724428757,-0.32689018360207117,-0.027303398482929953,-0.3307217349192597,-0.1753561967997338,-0.330744011416111,-0.027560641838579536,-0.3272301084635056,-0.09950051585092565,-0.3324355213329,-0.09930950801983748,-0.3260043996055069,0.12498501525004291,-0.32810253458772415,-0.027453063433582527,-0.32719247617452757,0.1255842911242648
0.13054751866085934,-0.3257231575358025,-0.02014160804808954,-0.32640752206719553,0.13018572085821958,-0.3244173066196538,-0.09164894639856341,-0.3280429740056511,-0.0916485121557194,-0.3248864843828443,-0.02004106987983343,-0.32608993912849465,-0.1678452663691378,-0.3261100195620933,-0.020307682869665854,-0.3252090564421583,-0.09155851408310874,-0.3278541986280507,-0.09138321555744518,-0.32396261884177585,0.13015019793022617,-0.32610147282454016,-0.02021233136182558,-0.3252418108090124,0.1307350770689686
0.1346847981952902,-0.32332626782090457,-0.013494031770570666,-0.32402549245317025,0.1343331492831466,-0.3219768988775793,-0.083546747941672,-0.3232905699604356,-0.08351609616670867,-0.3224277039458428,-0.013373434735821168,-0.32128108450368803,-0.1602606143026181,-0.3212947043675394,-0.0136350148116667,-0.3227335952117864,-0.08342553651540939,-0.3230934195325138,-0.08326592162386783,-0.32146984496281805,0.13428392257833896,-0.3236555064488331,-0.013568372146385514,-0.3228493503876893,0.13486716584145567
0.13769603990304122,-0.3204999021198182,-0.007562034082183141,-0.32121768924777194,0.13734759259721105,-0.31912914601960873,-0.0754470294335811,-0.3184744005268761,-0.07538915541490737,-0.31954719978926127,-0.007440293965698026,-0.3164091348081676,-0.15281142906901413,-0.3164172560232892,-0.007679566131203346,-0.3198353138580186,-0.07530418561189453,-0.3182723543349024,-0.07515812609015955,-0.31855927766172215,0.13728479112689954,-0.32079506201223046,-0.0076597386139426425,-0.32003897953993043,0.1378817674339759
0.13951601179030304,-0.31729190464471363,-0.0024730666065066746,-0.3180144504639045,0.13916211541493437,-0.3159014901738401,-0.06754802805469032,-0.31371452286382284,-0.06746995840339177,-0.31628050426805676,-0.0023604760080977354,-0.31159744924511984,-0.14570732425429472,-0.3116056765085801,-0.0025630838295085607,-0.3165538772033791,-0.06739840265510724,-0.3135191557257083,-0.06726026841094708,-0.31527432706117203,0.1390864125106727,-0.31755044579382785,-0.0025850027942740804,-0.3168337535676748,0.13970677297182202
0.1401114039602666,-0.31374897396753254,0.0016780812949239437,-0.31446408267992043,0.13974278252578606,-0.3123226332525225,-0.060053348135884595,-0.30913507914523525,-0.059959009563211374,-0.3126735993431905,0.001767201233852158,-0.3069780931435007,-0.13915168107135803,-0.30699104690410334,0.0016088946009226968,-0.31293896299774154,-0.05990633336228939,-0.30896538386269223,-0.05977406815645221,-0.31166676224025064,0.13965508267993096,-0.3139682743974565,0.0015655280566577716,-0.313283568576379,0.14030228669469375
0.13948161314276128,-0.30991258536331634,0.004823199419277031,-0.3106297594537395,0.13908903778411313,-0.308450342764431,-0.053157367523385034,-0.3048635080336809,-0.05305401014558278,-0.3087889672122947,0.004865703082458234,-0.3026788961903905,-0.13333483172210364,-0.30269886462004153,0.004752423858213977,-0.30905131607521297,-0.05302064465494031,-0.3047331299014319,-0.05289538928141738,-0.3077946859633391,0.13898748444176404,-0.3101148317160323,0.004697891293644879,-0.3094618848404178,0.1396661728985766
0.13765951332919335,-0.30584747352143365,0.006906367906360445,-0.30657936309793704,0.13723300653747822,-0.3043672636793264,-0.047038781663479315,-0.30101561648887,-0.046937192543426785,-0.30469883355285243,0.0068835588033487735,-0.2988165846184468,-0.1284253410040613,-0.29884723103617566,0.006809801711400308,-0.3049614099262037,-0.04691969186430475,-0.3009340196202291,-0.046804799361044036,-0.3037249576900072,0.13711114802764351,-0.30606016524047647,0.00674598905231191,-0.30543752875841484,0.1378339502122964
0.13471018880066832,-0.30165194196604533,0.007889842126310128,-0.30238807223616126,0.13423918440960667,-0.30015560671601926,-0.041858769465665746,-0.29769430388024426,-0.041766127597293826,-0.3004797394613623,0.0077964240293947025,-0.2954942329504007,-0.12456297627857421,-0.2955408244100445,0.007751078588060607,-0.3007483572518208,-0.041760011930352954,-0.2976711774868379,-0.04166205423831364,-0.299536595899612,0.1340872888934406,-0.30187354940471006,0.007692570234291976,-0.3012753429872999,0.1348741802067227
0.13072799182528597,-0.297428415396915,0.0077735484188305,-0.2981457470169427,0.13020336536529892,-0.29589530557820837,-0.03774955980387054,-0.29499041900613343,-0.03767344290546031,-0.29622044436748546,0.007606798618162484,-0.29279877144105404,-0.12185635250070508,-0.29286389158506826,0.007576524784819621,-0.29650027786152017,-0.037674907255551005,-0.2950282687330428,-0.0375962849971929,-0.29531961131184536,0.13001380026392623,-0.29763899684965717,0.007549590396448366,-0.2970639654856969,0.13088191015944498
0.125833971315408,-0.29326251477737864,0.006595716224011737,-0.29395472216279295,0.1252519461959356,-0.29168355617584835,-0.034810632961728115,-0.2929694703512332,-0.03475836274626119,-0.29202639246467277,0.00634680924222313,-0.2908002185321402,-0.12037716951142892,-0.2908813415993525,0.006320830269128893,-0.29231349390336364,-0.0347648429817444,-0.29306503823337,-0.034701933409400386,-0.2911703951314077,0.12502357471317116,-0.29346133063518465,0.006342297655321768,-0.2929176682783472,0.1259759194910039
0.12017542306226295,-0.2892429866505323,0.004419197527617602,-0.28991915856839684,0.11953969119020502,-0.28763442067648,-0.033108113304736335,-0.2916725134771019,-0.033080835281179964,-0.28800731130768403,0.004083380805513524,-0.28954635142556673,-0.12015318581135125,-0.28963741009886906,0.004054311405933554,-0.2882900873459568,-0.033092077678769025,-0.2918247847720985,-0.03304120249818248,-0.2871879742444894,0.11927946783470077,-0.2894493749904607,0.00413001778822758,-0.28894370781797496,0.12030102485124045
0.11392646769684,-0.2854820328134132,0.001332187923319212,-0.2861431833196273,0.11324748060539659,-0.2838551169704292,-0.032665836491751525,-0.2911235384037556,-0.032666113325001626,-0.28426404293085084,0.000917525409352406,-0.2890563928985461,-0.12116798404262549,-0.289149410158214,0.0008785393172571825,-0.2845335631236202,-0.03268373947522668,-0.29132899354600233,-0.03263847782233445,-0.2834722497113742,0.11296748109110719,-0.2857021791012036,0.0010223210518466312,-0.285230654351291,0.11403263356742747
0.10728855199572462,-0.2820965122254813,-0.0025368273993774397,-0.2827344033584271,0.10657935542317463,-0.28044020194213226,-0.0334663690553253,-0.2913203358729366,-0.033500966937240736,-0.28089220806098447,-0.0030203526586349634,-0.28932550172067384,-0.12336213057773093,-0.2894102975106124,-0.003076193761423323,-0.28114574849752444,-0.03352476932757316,-0.2915705849992115,-0.033476235240603155,-0.2801226984476342,0.10629224909295218,-0.282316860745525,-0.0028423223418983516,-0.2818736807520323,0.10737818941927865
0.10048786357343423,-0.2791809351173518,-0.007019810321501396,-0.2797991876613847,0.0997593797385959,-0.2774878891320642,-0.035456169555234764,-0.2922331456332699,-0.03552659531372914,-0.27799032612077207,-0.007573978953502769,-0.2903241819264997,-0.12663397659847214,-0.2903910968904248,-0.007650255278070728,-0.27822406185688503,-0.0355548001775031,-0.29251996965311317,-0.03549841331771492,-0.27723477890467024,0.09947472350337914,-0.2793957611290019,-0.0073183967710925835,-0.27898399391857753,0.1005708574718229
0.09376821093629045,-0.27681352368488665,-0.011928101175435893,-0.27742718491817225,0.09302684649713476,-0.27510007885038146,-0.03853599141134759,-0.2938144083355529,-0.038642619964726364,-0.27565005119129576,-0.012561091767649265,-0.2919944991455062,-0.13084130930910612,-0.2920389826972161,-0.01265556125642308,-0.2758568471151923,-0.038675563918575386,-0.29412822583186804,-0.03860702417585718,-0.2748946593908991,0.09275184352814533,-0.2770332409086377,-0.012235518951452634,-0.27665845056275684,0.0938581967309192
0.08738106229889994,-0.2750715678842325,-0.017061744388648034,-0.27568361676514436,0.08662932784632948,-0.27335538947407606,-0.04256382043345282,-0.29599412378294593,-0.04270906728130779,-0.2739394773899919,-0.01777575235459105,-0.29425815174307435,-0.13580612378587878,-0.2942799616114118,-0.017882127318486908,-0.27411789749739074,-0.042749983595909986,-0.29632379004216425,-0.042660547363180576,-0.2731750886000661,0.08637157067531256,-0.27529795873052,-0.017377085872259335,-0.2749553337459383,0.08748958220969316
0.08157436222291599,-0.2740169873093523,-0.02220211095464984,-0.27461594956530744,0.08081373345250831,-0.27229498538939767,-0.04736839080216498,-0.29867692407580193,-0.04754733875169821,-0.2729025037118564,-0.022995372205507677,-0.2970220324330353,-0.14131987593013973,-0.2970215231166146,-0.023106867056421704,-0.2730618347503242,-0.047599344927499274,-0.2990148130567084,-0.04748370054032515,-0.2721311646971226,0.08058370273343093,-0.2742371578900903,-0.022501691284460123,-0.2739122846632607,0.08170709581037074
0.07658222277213299,-0.273673116504494,-0.027113354205213644,-0.2742569880878504,0.07581614884627588,-0.27193964986412705,-0.05274475443874395,-0.301751402438159,-0.05294955890260915,-0.2725688075263676,-0.027990091141383264,-0.3001735811980374,-0.14715003522014097,-0.30015212555978354,-0.02809996436215926,-0.272721185631274,-0.05301408968440896,-0.30209278485370655,-0.05287079091841764,-0.2717964913782816,0.07562651642800715,-0.27388631613297665,-0.02738358210928371,-0.27356609793939357,0.07673955621457144
0.07261787988649412,-0.27403340411394217,-0.03156113926303554,-0.2746184626131042,0.07185183841160801,-0.27230465747663135,-0.05845463321894965,-0.30509443858198465,-0.05868379608272219,-0.27295243208201436,-0.03252877515924793,-0.30358589096209665,-0.15304750557095126,-0.3035461599309787,-0.03263059068215199,-0.27310532868485576,-0.05875865695706325,-0.3054352941724081,-0.05858820154274376,-0.27218083511399827,0.0717133486210754,-0.27426060758878223,-0.03181334837162314,-0.27393743603934967,0.07279827714693245
0.06986522083323643,-0.2750871044781444,-0.03533038227086182,-0.27568411233926554,0.06910628421656546,-0.2733841136491127,-0.06424839502212555,-0.3085721231456293,-0.06449970849950327,-0.2740386891702304,-0.03638778707938778,-0.30712340646138886,-0.15875674085025826,-0.30706870392894686,-0.036477124588478065,-0.2741994048014463,-0.064578253242858,-0.30890811322319944,-0.06438726777851111,-0.273269216820942,0.06902304152633709,-0.2753416856375474,-0.03557564920020988,-0.2750088202469829,0.07007016123607746
0.06847157947108312,-0.276814561033241,-0.03822411080668581,-0.27741429519289895,0.06772652244348708,-0.27513446879591097,-0.0698721614430583,-0.3120461095827606,-0.07014048870586187,-0.27578229326608156,-0.0393625441587017,-0.31063944662657306,-0.1640289887974578,-0.3105762182666782,-0.03943975094395482,-0.275964531522691,-0.07021442361966358,-0.3123690314534779,-0.07001242055748785,-0.27502293998743954,0.06769436905344982,-0.27708383269971515,-0.038456905442437704,-0.2767339623431862,0.06870641533495965
0.0685383526653759,-0.2791587299492961,-0.040062779396874616,-0.2797506854100495,0.06781368112787793,-0.277485506053402,-0.07506808281388204,-0.3153741692480838,-0.07534934398024845,-0.2781198253530781,-0.041279318298063285,-0.3139865524669403,-0.16863415775996843,-0.3139248748197853,-0.04134811480198184,-0.2783384889193715,-0.07541180239040099,-0.3156762435727758,-0.07520509603326053,-0.2773801857794176,0.0678219256772762,-0.2794300519683246,-0.040281864383293516,-0.279057813639871,0.06880937313025887
0.07011243477675586,-0.2820236691555755,-0.04070389478428085,-0.2826130365827556,0.0694162857916019,-0.28035845765902273,-0.07959155538338686,-0.31841622559517435,-0.07987726070116143,-0.2809752348571577,-0.042002499198748114,-0.31702905648004515,-0.17236759256625284,-0.31697874303874685,-0.04206680797267501,-0.2812369410754883,-0.07992329288030686,-0.31869584167831033,-0.07971848212354117,-0.2802568924182753,0.06945198888616641,-0.28231083804281687,-0.04092834224029094,-0.2819099035537843,0.0704226629950726
0.07318001694593691,-0.2853036205483378,-0.04006318744437308,-0.2858987906257231,0.07252350769865278,-0.28366042810932995,-0.08322285330837759,-0.32104661057715456,-0.08350061696904112,-0.2842526001117227,-0.04143964789373036,-0.3196428747200956,-0.1750569784230684,-0.31961002120927917,-0.04150261695773388,-0.2845563714276718,-0.08352723694792666,-0.3213009385892914,-0.08333005687743868,-0.2835495924139675,0.07257515059457537,-0.28562748050479536,-0.04030826635607359,-0.2851861906375826,0.07352679774131267
0.07766452551689831,-0.2888953743081999,-0.03811432226405688,-0.28949231773664524,0.07706105961785553,-0.28727101483159495,-0.0857709784291561,-0.32315259903603977,-0.08603241821740028,-0.2878339484554007,-0.039548298490379566,-0.3217162080004263,-0.17657118725353743,-0.3217018869210997,-0.039614125216437875,-0.28817766721906257,-0.08603701881064059,-0.32337268763766813,-0.08584939190686759,-0.2871392825329204,0.07711894742234439,-0.2892514902688948,-0.03836599642809236,-0.288759167976125,0.07804089970002415
0.08342788629669752,-0.29267867294647376,-0.034874802811938055,-0.2932722644469081,0.08288967194040771,-0.29105207182222875,-0.08708698355729395,-0.3246351864604353,-0.08732524701882739,-0.29159041324511686,-0.03634279494545665,-0.3231560533893179,-0.176825760042307,-0.32315774823050214,-0.03641766829068457,-0.2919711864022161,-0.0873045506201891,-0.3248143225218775,-0.08713092133241726,-0.2908959962444387,0.0829443529226071,-0.29304584270657535,-0.03510812314118534,-0.29250529612976567,0.08382600342706144
0.09027376739765161,-0.2965077796726637,-0.030409079989586956,-0.2971088063662706,0.08980728896967317,-0.2948685394164272,-0.08707393336448685,-0.3254208248046308,-0.08728312958035034,-0.2953903005156393,-0.031896497641150455,-0.32389045359510643,-0.17578695718655932,-0.32390600094173977,-0.031987207284850105,-0.2958013999236071,-0.08723469553648598,-0.3255579957533658,-0.08708189247791769,-0.29468346098697834,0.08984753473874668,-0.29687872654791103,-0.030622523655337852,-0.29630562998654164,0.09068788826889917
0.09795155816279348,-0.30023678670362564,-0.024843423396935786,-0.3008612124320322,0.09755494173440366,-0.2985906232754947,-0.08569325174437685,-0.3254663646377435,-0.08586980546214776,-0.2990969617817716,-0.02633968036272164,-0.3238734490141815,-0.1734736832947332,-0.32390176056261566,-0.026452248796006023,-0.29953083000949504,-0.08579314924235537,-0.3255592860469428,-0.08566499991081897,-0.2983637646626368,0.09756885478406624,-0.30061663065212035,-0.025054843625267727,-0.30002566940970105,0.09837821009732454
0.10616222305079712,-0.30374100125024317,-0.018368541127740258,-0.3043885717417691,0.10582587620317846,-0.30208194926129694,-0.08297061194075676,-0.3247546105542831,-0.08310826713485162,-0.30256919991753883,-0.019856834325937597,-0.3230902582065502,-0.1699586821463124,-0.32312961269727797,-0.019996117177077322,-0.3030242605517058,-0.08300565564137297,-0.32479889071621354,-0.0829035146506722,-0.30180228617694993,0.10580478140135152,-0.3041216544802932,-0.018581736732577507,-0.3035188361722284,0.10659728096334088
0.11456661754719868,-0.3069030135632195,-0.011220601822649029,-0.30756485529492905,0.11427759023352466,-0.3052064739236235,-0.07899348918915004,-0.32329865487021614,-0.07908330446189306,-0.30567660016768056,-0.012682600745118417,-0.3215571659297369,-0.16536924006129408,-0.3216052177916692,-0.012850171305449501,-0.3061534788606646,-0.07896235509623242,-0.3232915731442211,-0.07888491048124525,-0.3048735709363273,0.11421980596184476,-0.3072660248442711,-0.011419038242085858,-0.3066547545856476,0.11500325846587305
0.12280027219226583,-0.30959877469907876,-0.0036650841373902926,-0.3102801408238798,0.12254667051909332,-0.30785059352578986,-0.07390626989466374,-0.32114511807878565,-0.07394408596050456,-0.30831148629148575,-0.005091336014136875,-0.31932454469152055,-0.1598819792998137,-0.3193777224499538,-0.005283051616334958,-0.308801861973877,-0.07381451115827335,-0.32108723174170317,-0.07375805370095968,-0.30746559420718333,0.12245855814422668,-0.3099419099995386,-0.0038392559241300223,-0.3093317322358249,0.12322899543530332
0.130492692530508,-0.3117156885727103,0.004007330191217446,-0.3124332656125218,0.1302654503568212,-0.3099267213118879,-0.0679118368899887,-0.31837299125711455,-0.06789621741141852,-0.3103823377972586,0.002617716175381989,-0.31647960646823825,-0.15371572974900707,-0.31653173015943814,0.0024109187147420504,-0.3108686671056618,-0.06776503845079238,-0.31826928924702613,-0.06772938838363604,-0.30948194878000596,0.13015853179018255,-0.31205271589955524,0.003848972402551316,-0.311455861580605,0.13090402784376057
0.13728964090605855,-0.3131763813138938,0.011489300531011737,-0.3139340292460384,0.13708153405707188,-0.31135643540843605,-0.06126279188214417,-0.3150935458153364,-0.061194056171638055,-0.3118036898797772,0.010135638131847285,-0.3131350450266036,-0.14712692866674798,-0.3131815605478167,0.00992353582703754,-0.31227308241463614,-0.06106626754869656,-0.3149537060472903,-0.06105367036233842,-0.31084409462009904,0.13696701561241498,-0.31350742528405456,0.011340220530790493,-0.31293121851101463,0.1376773991153536
0.1428738715904081,-0.31392933624556124,0.018479692708951473,-0.31471589911919223,0.14267691416388123,-0.3120670850830973,-0.05424538448752796,-0.31144668731061675,-0.05413144034323469,-0.31250490466305275,0.01715637083513513,-0.3094258923376694,-0.14040290702815783,-0.3094668518370613,0.016947752311301616,-0.3129559132083584,-0.054011326910563595,-0.3112818263325631,-0.05402048444824243,-0.3114942258906538,0.14256046667390193,-0.3142357123715688,0.01834384970415116,-0.31368211023396636,0.1432377725857065
0.14698213254398187,-0.31393026693447357,0.024703398089232883,-0.31474036532964533,0.14678552750726773,-0.31201450906193245,-0.04717169569140372,-0.30759264232915023,-0.04702313511750974,-0.31244731026027817,0.023390770549751402,-0.3055157455862354,-0.1338480948649054,-0.3055520429373734,0.023194219370103276,-0.31288214197100184,-0.04691271881254354,-0.30741465586873534,-0.04694355564372997,-0.31139751107241237,0.14666673334088037,-0.31420477886829556,0.024575098575780763,-0.31367663207583574,0.1473260224341321
0.14941796500295207,-0.3131534562127883,0.029914811719969292,-0.31399233450716646,0.1492087001095712,-0.3111974258688665,-0.04036517549700602,-0.303708544482177,-0.040187713251437274,-0.31162718976505555,0.028582645936333965,-0.3015848934483429,-0.12776930136501777,-0.30161849110723893,0.028408271047251084,-0.31204269444388694,-0.040090032244085874,-0.30352961569068926,-0.0401446563694605,-0.310545765987974,0.14908363423544005,-0.3134134606082877,0.029769216974577767,-0.31291506845834194,0.14974596052222489
0.15006150640302782,-0.311618146859379,0.03390063434485913,-0.31248066290756155,0.14982594957115325,-0.30964303063513837,-0.0341383768747405,-0.29997956264731557,-0.03393840288320323,-0.3100646412145703,0.03252362759338115,-0.297815132212512,-0.12246153621928348,-0.29785174243328344,0.032380802893464226,-0.31045646003698824,-0.033859246573600954,-0.29981185131518523,-0.033935031612220404,-0.30895957154918774,0.14969136624384233,-0.3118748115744044,0.033718613557356204,-0.31140929491924724,0.15037371516282108
0.1488756162162836,-0.3093852329378863,0.0364998351005946,-0.31024893689368,0.14860197540853798,-0.3073911571466937,-0.028778829846429318,-0.29658560367499337,-0.02856612811780638,-0.30780180547087727,0.035062823512841214,-0.29439035088577725,-0.11818970401771323,-0.29443543397505884,0.03495704050940331,-0.308171656847107,-0.02850939336407416,-0.2964429223216724,-0.02860218874080837,-0.306689119207531,0.1484573272486711,-0.3096238718979016,0.03628707441632817,-0.30919178958776544,0.14916765662832634
0.14591120883153735,-0.3065302339554598,0.037625359801637975,-0.307379899521824,0.1455899863831588,-0.3045049161644512,-0.02453868582609918,-0.29369450478164766,-0.024322425638789367,-0.3049134041926181,0.0361135024643732,-0.2914864510624083,-0.11517175352053854,-0.2915417673882357,0.036044767666924736,-0.30526648577940674,-0.024287615919915503,-0.29359036902602026,-0.02439790338747788,-0.3038131446523602,0.14543649418129106,-0.3067387172321476,0.03739224095063994,-0.3063411468963989,0.14617557644510135
0.14130708875068476,-0.30314322698930973,0.03726499277711351,-0.3039850631858367,0.14092995998515542,-0.3010914783725632,-0.021617441738758843,-0.2914542497565723,-0.021408922157814755,-0.30151174522498214,0.03565941184373533,-0.28925091153469623,-0.11356587092166678,-0.2893169783601367,0.035622562795137466,-0.3018492726013443,-0.021393028549278936,-0.29139762461309215,-0.02152209572135413,-0.300438001934454,0.1407682041049195,-0.30333769087607626,0.0370010326049033,-0.30297837325754007,0.14153722966636711
0.1352842813528224,-0.2993565666633913,0.03546993997939893,-0.3001955540626609,0.13484428688649874,-0.2972971651315062,-0.020151931909898654,-0.2899785660931934,-0.019964180346294887,-0.2977359599678264,0.033757468433039874,-0.2877966790815424,-0.11345943867365647,-0.2878742924924306,0.03374348830088464,-0.29805608679910006,-0.01996224559410533,-0.2899755552758443,-0.02010985878453614,-0.2966953791507239,0.13467187476715028,-0.29955513871428147,0.035155749570608075,-0.29923964402489533,0.13547855268032732
0.12813694868382583,-0.2953488507532109,0.032354724472036384,-0.2961656678082831,0.12762916094581547,-0.29328461641736064,-0.0202102696999654,-0.2893434873454166,-0.020052268341164577,-0.29374147327467265,0.030535183773370268,-0.2871999306080845,-0.11486096778472474,-0.28728873890861106,0.030532870900310267,-0.2940463145675788,-0.02005888987250437,-0.28939604226045373,-0.020223368396437298,-0.29273992003234744,0.12744159311899628,-0.29553675928421913,0.03199110805317108,-0.2952701752436411,0.12829868199819516
0.12021833682609562,-0.2913110209007485,0.028108590399963038,-0.29207687468588395,0.11964178740464988,-0.2892261241052422,-0.02178094106421484,-0.2895841875264844,-0.021660128196012485,-0.289702333949866,0.02618552405062652,-0.28749093483215166,-0.11769753821990131,-0.2875890606958573,0.026184763563994424,-0.28999683781646896,-0.021672100834770787,-0.2896866736763789,-0.021846818749343584,-0.28874663885725904,0.11943627474306645,-0.29145678400288316,0.027712761739668256,-0.2912432902385612,0.12035333253207353
0.11192460395072557,-0.287420063571398,0.022989877395524567,-0.28812689317737683,0.11128520957167808,-0.28531104769575955,-0.024771992966921702,-0.2906851633715034,-0.024695425917166152,-0.28581099100833407,0.02096226926613561,-0.2886533338809525,-0.1218149475393138,-0.28875623673174006,0.020955827564525423,-0.2860952188017741,-0.024710296201459328,-0.2908290990543569,-0.024884955060437617,-0.2849036790289492,0.11106391883206113,-0.2875189033445404,0.022569242231654452,-0.2873613397442205,0.1120382202132582
0.10367760258460086,-0.2838514312724809,0.017302495682653518,-0.28450987753542567,0.1029894731695965,-0.28173927177251196,-0.02901694901760021,-0.29258268882976585,-0.0289851875811863,-0.282263370646466,0.015172732569356157,-0.2906267812214803,-0.12698090828847683,-0.29072837113108246,0.01515537479255627,-0.28253124643578154,-0.029001150549188875,-0.29276203870589823,-0.029167559816053294,-0.2814006296256291,0.10276074983406924,-0.28392654409062545,0.016853530480070544,-0.2838234014568056,0.10377432796591965
0.09590759366296878,-0.2807942771390192,0.011378067733155639,-0.28140783573522066,0.09519179342320003,-0.27869638827960064,-0.03427562006503897,-0.29517505469196326,-0.03428750178890238,-0.2792388095203175,0.009162586887784561,-0.29330293282170616,-0.1328964682532997,-0.29339783018336163,0.009129351321412555,-0.27948674855039507,-0.03430413046106572,-0.2953802590577286,-0.03445318429472127,-0.2784151812073314,0.09496750751424907,-0.28085675054641346,0.010911507779316765,-0.2808003648761863,0.09599285986881873
0.08903440744770387,-0.2784291756194863,0.005572953518234516,-0.27898883684812203,0.0883151286514571,-0.2763377566856919,-0.04024395021865464,-0.2983208002082595,-0.04030217482823573,-0.2768930034442311,0.0032953431869835923,-0.2965317717663898,-0.13921142746320977,-0.2966135427156429,0.0032420254627860945,-0.27712480740263795,-0.04031603744228543,-0.29853669586988024,-0.040438206649200135,-0.2761032357184809,0.08810676842992506,-0.2784631492634313,0.005118398349302902,-0.2784439202607608,0.089117642810357
0.0834480800335337,-0.27689072876136833,0.0002580968253247383,-0.2773962290673921,0.08274780227319481,-0.2747925929084774,-0.04657104082357766,-0.3018401909643171,-0.04667478297162297,-0.27535827588260753,-0.00206667541923979,-0.30013064016349594,-0.1455408805658706,-0.30019266724311156,-0.0021399049503200234,-0.2755780870676973,-0.04668079527833891,-0.30205288984844453,-0.0467716646540985,-0.2745926908478106,0.08256256641412148,-0.276883308006496,-0.00016404278352954985,-0.27689558775093637,0.08354325613650224
0.07948677292878974,-0.2762599334033836,-0.004211562387271065,-0.2767272780249191,0.07882196824131918,-0.27416239564315975,-0.05287344173253617,-0.3055311482471244,-0.053015882758228,-0.2747310842566272,-0.006577271384311697,-0.30388984531680946,-0.15148644291827323,-0.3039306739673829,-0.006665853838970441,-0.2749391300917059,-0.05301241919366013,-0.30572842358930097,-0.05307033843432375,-0.27397523580834837,0.07866285784494471,-0.27622148895806686,-0.0046053693603869,-0.27626189766556764,0.07960908195142366
0.07741331646898732,-0.2765792624694699,-0.007528500530980069,-0.2770212638326121,0.07679430640763611,-0.2744988408921253,-0.05875355268142118,-0.3091806507463133,-0.05892625162770561,-0.27505437724491855,-0.009923646885618195,-0.30758683445060386,-0.15665950740321444,-0.307609478000716,-0.010021614886703892,-0.2752529908670084,-0.0589146345176542,-0.3093491298657387,-0.0589367458072419,-0.27429711285416075,0.07666248151954683,-0.2765230769139282,-0.007899767954234943,-0.27658371687588496,0.07757494551226617
0.0773946430510045,-0.2778506701684805,-0.009443680882311175,-0.27826536359962106,0.0768270682717249,-0.27578545579252406,-0.0638260507629503,-0.312570975418077,-0.0640160848211143,-0.2763119233789751,-0.01184839047300273,-0.31100399170304965,-0.16070476239734008,-0.3110098109551657,-0.01195087176116143,-0.27651243002127934,-0.06399819124339565,-0.3127006611798952,-0.06398511982507009,-0.27555203211172385,0.07672466192611217,-0.27777225761005586,-0.009778497329417652,-0.2778379848157566,0.07760041746251817
0.07948595769541904,-0.28001404935220314,-0.009770934586483785,-0.28040136686855666,0.07897318497608222,-0.27794815985805416,-0.0677400253377967,-0.3154945801217861,-0.06793013293242761,-0.2784396405480785,-0.01216946714358363,-0.3139360760931489,-0.16332520911436535,-0.31392567245421976,-0.012271666562595747,-0.2786570055095879,-0.06790921324835013,-0.3155818121663437,-0.06786627780300304,-0.2776799020426811,0.07890426240956848,-0.2799082781051837,-0.010051490190627928,-0.2799631107258768,0.0797325623408179
0.08362058949919209,-0.2829444285680102,-0.0084068749991955,-0.28332196832835604,0.08316634827138676,-0.2808749349947241,-0.07020065232011863,-0.317771200542062,-0.07037856634177904,-0.2813319410232459,-0.010794187738843195,-0.3162012806763514,-0.16430373143806865,-0.31617797008348353,-0.01088959714590324,-0.28157492710321463,-0.07035560251775298,-0.31781526794159076,-0.0702907123266631,-0.28056977512598674,0.08313490290557478,-0.2828296372142081,-0.008636881881653695,-0.28286221101391396,0.08390037583286689
0.08961055969609096,-0.286478909221719,-0.005354455864383074,-0.28686943636472795,0.08921816554035707,-0.28441770301113106,-0.07099649077665195,-0.3192597833818042,-0.07115403921490866,-0.28483768891481775,-0.007726405919351612,-0.3176571094915919,-0.16351715620508211,-0.31762585875040705,-0.0078084576496242385,-0.2851092328072934,-0.07112543887227893,-0.3192594466943841,-0.071049580939871,-0.2840657949749212,0.08922463452675951,-0.2863828744055219,-0.00555283202908602,-0.2863859638395051,0.08991573500154622
0.09715215147123363,-0.29043720610877105,-0.0007275537000157317,-0.2908469500481074,0.09682330883096392,-0.28838262861134584,-0.07001785841415212,-0.31986516505105983,-0.07014604330191233,-0.2887618125990073,-0.003073076426444788,-0.31820650373416615,-0.16095137032201184,-0.31817281060891944,-0.0031377050466134563,-0.28906698889205734,-0.07010821750218561,-0.31981905371463987,-0.0700343592142506,-0.2879754188067177,0.09686127085369602,-0.2903662525720283,-0.0009031258345719379,-0.29033338090667055,0.09747851587667022
0.10583899445232724,-0.29461268696439996,0.005264638817112006,-0.29503784076594536,0.10557219687590295,-0.2925423654386899,-0.06726443980272538,-0.3195422675664571,-0.06735664363483838,-0.29288335539641025,0.002954748028836105,-0.31780393534689105,-0.15670874151963624,-0.3177745871742907,0.002907883405919631,-0.2932306220876845,-0.06730868099265756,-0.31945261484362486,-0.06724869105977896,-0.2920820293622251,0.10562814231081756,-0.29455665286105187,0.005113900861653733,-0.29448201431519366,0.10618583492734143
0.11518114592621082,-0.2987668443759131,0.012330532590589294,-0.29921583216031744,0.11497093434736612,-0.2966652512809628,-0.06285407401905424,-0.3183032432516088,-0.06290481746682947,-0.2969776742048507,0.010050179183768247,-0.31646687390460837,-0.1510017538404893,-0.3164490993840367,0.010020122060338504,-0.29737017862600545,-0.06284660086915,-0.31817555709841994,-0.06281216821495786,-0.2961590957713165,0.11502778232495933,-0.29873186880944735,0.012193803344738127,-0.29861149793579483,0.1155483887363088
0.12463077938413394,-0.30265827817615865,0.02009718494189903,-0.30314902275928074,0.1244684677977894,-0.3005320003981616,-0.05701972469584221,-0.3162183590469389,-0.05701988057162001,-0.3008239630758648,0.01782948784769368,-0.31427284607379674,-0.14414004876066167,-0.31427229218378233,0.017815594230132226,-0.3012562709154438,-0.05695389905390625,-0.31605725456073597,-0.05695501147399735,-0.2999817060057396,0.12451010071349909,-0.30266834282254607,0.019948300212154105,-0.30250109623760857,0.125014330710309
0.13361441869658922,-0.3060773287071824,0.028124173230196232,-0.3066147588663214,0.13348900185848606,-0.3039326869981567,-0.050091049498810665,-0.3134075486168561,-0.050033151288306356,-0.30420835815104236,0.025855294744951175,-0.31134791565800946,-0.136514971019977,-0.3113681572353526,0.02585765526928568,-0.30467240919599364,-0.04996468190256065,-0.31321754484585634,-0.05000603352142586,-0.3033376274386139,0.13350318713333229,-0.3061395430742729,0.02794698821621925,-0.3059277491629169,0.13400355287997798
0.14156955486303618,-0.3088472525495972,0.035940163322529486,-0.30942014880062396,0.1414678126020154,-0.30666902922119293,-0.04247724509241565,-0.3100342822617725,-0.04236207018210753,-0.30693705777961017,0.03366228234107913,-0.30786575252668513,-0.12857701565821206,-0.3079071713769323,0.033680098784600876,-0.3074268376825581,-0.042293155244739616,-0.3098260577582621,-0.04237975847692224,-0.3060383757685205,0.1414467934027365,-0.3089394689124716,0.035741748710499,-0.30869088926138316,0.14194843136753732
0.1479839453428622,-0.3108090618197027,0.0430857667382505,-0.31141243968667387,0.14788921628367094,-0.3085785968787486,-0.034648354472988786,-0.3063052607838995,-0.03448136239239411,-0.308856446040255,0.040786300284409674,-0.30404275057633845,-0.12080738515660344,-0.30410355724206484,0.04081683694689303,-0.30936333186882603,-0.03441132191301934,-0.30609301691712326,-0.03455092649550607,-0.30793093413818445,0.1478292021412022,-0.31091189010883974,0.04287416577497663,-0.31064080887294193,0.14833500039069983
0.15243295492459233,-0.31183405371076145,0.04913919385922708,-0.3124777281589482,0.15232554546786894,-0.30955654028832497,-0.027098653544056037,-0.3024588265401002,-0.026889764954621316,-0.30986187960145734,0.046797765441418886,-0.3001201999065943,-0.11368822063427159,-0.3001980296721075,0.046835700779734,-0.310370554997499,-0.02681887134300406,-0.30225170712121424,-0.027013651279450435,-0.30890708777332637,0.15222405048619314,-0.3119546566294217,0.04890125110457223,-0.3116788640389252,0.1527414592011852
0.1546118493022659,-0.31185881467661736,0.05373275561589978,-0.31254507999637554,0.1544701720916042,-0.30955299407382153,-0.020312934632229846,-0.298743353761605,-0.020075780789227272,-0.30989376861182466,0.05133218146876768,-0.2963499341295656,-0.10767077597852727,-0.29644093600915056,0.05136973362741813,-0.3103884052983027,-0.02000518818357181,-0.29854718436819006,-0.020249663387791664,-0.30890768335882096,0.15432581706308582,-0.3120060284702206,0.053448738467622214,-0.3117422447094899,0.15486862810499447
0.1543611331124998,-0.3108964269671083,0.056581820365588884,-0.31160171635066325,0.1541649145993156,-0.3085614793319519,-0.01473771290909052,-0.295403302350142,-0.014482464867384406,-0.30893970147458016,0.05411602961489616,-0.29298228932428344,-0.10314385694524987,-0.29308124473556196,0.054144798567516784,-0.30941109764865465,-0.014416227868669128,-0.29522575559963754,-0.014702958205631559,-0.3079268066448572,0.15397908630064547,-0.31104730818502724,0.056252212078073835,-0.31081082956612543,0.15456198728694745
0.15168195440285828,-0.3090098174819804,0.057521761065483526,-0.30970159173366385,0.15141626609874598,-0.30662562826349343,-0.01074489309723598,-0.29266809810374683,-0.010479868081069566,-0.3070468565749914,0.05498711111722891,-0.29024705482982066,-0.100406253018473,-0.2903482498476239,0.05500138165250883,-0.3074884695261729,-0.010426521499885941,-0.29251455457264247,-0.010743787422467475,-0.30601598972065447,0.15119524661071018,-0.30912380680845825,0.05716311895622035,-0.3089309449557749,0.15182559660482076
0.14674128278949533,-0.30629252614650815,0.05652557719575886,-0.3069566007934562,0.14639971301013405,-0.30385662752311005,-0.008599189828753196,-0.29073129064156583,-0.008339162452442601,-0.3043268863292593,0.0539120547998496,-0.2883361268626996,-0.09964112461180859,-0.28843300238382735,0.05391080900693956,-0.30472704593774275,-0.008303930040088614,-0.29060334999415594,-0.008635186003412669,-0.3032849915368971,0.1461555831569835,-0.306352599283392,0.0561456301460231,-0.3062204492007622,0.14682749488550548
0.13986479526757692,-0.30288673972348795,0.053697987843732545,-0.30352385347935695,0.13945146436361694,-0.3004293928047241,-0.008444582615741948,-0.2897339427480337,-0.008205339319164095,-0.30094402836498585,0.05099582058908183,-0.2873907451836169,-0.10089748442112574,-0.2874763122838107,0.0509816525235472,-0.30128858681001935,-0.008187762168003493,-0.28963349219438994,-0.008518545450842368,-0.29989645433962875,0.1392004424487576,-0.3029043751478305,0.053292228536309716,-0.3028451677573483,0.13989604591664764
0.13152052389691354,-0.29900380677934596,0.04926516690726246,-0.2996072525872312,0.13104749910499092,-0.29655736184780934,-0.01029191733906836,-0.2897565231304194,-0.0100853376464117,-0.29710003003461233,0.04647707914580842,-0.2874867041378552,-0.10408324303396513,-0.2875557362311387,0.046453255789953546,-0.29738381965035104,-0.010085094257788217,-0.28968446669149917,-0.010403028019513032,-0.29605625809631353,0.1308068560755899,-0.2989842222365895,0.048838905282489756,-0.2990016435113881,0.13150410150216013
0.12229049385763313,-0.2949084484005038,0.04357231568817549,-0.2954601110784267,0.12177460183327152,-0.2924764219814668,-0.0140089023197689,-0.2908104263406326,-0.013849197983256503,-0.2930322285677969,0.04071104610999727,-0.2886262454718825,-0.10896605764368238,-0.2886752780737299,0.040680867125626165,-0.293261574322275,-0.013865806756995737,-0.29076285652204487,-0.014156676468242826,-0.2920052489174916,0.12155789625979112,-0.294832256669505,0.043147531493058645,-0.29492482451564717,0.1222404838986097
0.11283260612619629,-0.2908783572255726,0.03706978766670178,-0.291366776963658,0.112290955715024,-0.28844900749164215,-0.019332351272064986,-0.2928315794403617,-0.019232770698256504,-0.2890117688720425,0.03414499395022046,-0.29073842507671777,-0.11518337578213568,-0.29076515518568885,0.03411294439642749,-0.28919533944685427,-0.019261994839208315,-0.29280192225504553,-0.019514764138201936,-0.28800978071785727,0.11210596205592771,-0.29072603535888547,0.036663071912340445,-0.29089273874518456,0.1127684749443098
0.1038348769453757,-0.2871839121920837,0.030274893799739452,-0.2876115214885464,0.10328201396148133,-0.2847615410154188,-0.025883922893801734,-0.2956841592780739,-0.025847049515275312,-0.28532470898959184,0.0272907886272442,-0.2936813301503868,-0.12226313893973864,-0.2936864332275861,0.0272630418840425,-0.28546739396057147,-0.025884724757753032,-0.2956662934209528,-0.026094356551390863,-0.28434820384050896,0.10313149230384548,-0.2869595424853841,0.02988265257150351,-0.28719865863729654,0.10377764719671234
0.09596470057919693,-0.2840885267571265,0.02372545412935052,-0.284456952691005,0.09541249906403071,-0.2816932940529185,-0.03318402019162128,-0.29917033716508823,-0.033205988705042606,-0.28224031175677455,0.02069159808995095,-0.29724958092816356,-0.12965431829051197,-0.29723720050772406,0.02067447154027327,-0.28234836002885993,-0.0332510393305463,-0.2991574231456515,-0.033412403914347695,-0.281288789751484,0.0952965854810571,-0.2838059453193132,0.023340768556596697,-0.2841084259436708,0.09593177586991432
0.08981917218401332,-0.28183464930923835,0.017946136997705843,-0.2821357713891217,0.08927841148203276,-0.2794767660786754,-0.040683455577897716,-0.30304282412817574,-0.04075881177887291,-0.27998582704071534,0.014883065428339245,-0.301191242017238,-0.1367629265390106,-0.3011649050717426,0.014880983418165407,-0.2800746439590625,-0.040809974448855875,-0.3030268314125219,-0.040918256317562296,-0.2790651708409949,0.08919748472219474,-0.2814948722275167,0.017580437383802307,-0.281841772717588,0.08982066290071863
0.08587990218548491,-0.2806057331672641,0.01342277520279303,-0.2808368309259097,0.08536179904176926,-0.27827934577538505,-0.04780492666987769,-0.3070195514621161,-0.04792298539797028,-0.27873626715672245,0.010352283764124956,-0.30522134169830495,-0.14299529595911425,-0.30518325962150533,0.010367935713105717,-0.2788268377993524,-0.04797640645503602,-0.3069933797326661,-0.04803479306905797,-0.27785565726230776,0.08531761317831531,-0.2802063250179181,0.01309630923473551,-0.28057514106868836,0.08591824708401377
0.08447623010221442,-0.28049984277684314,0.010566220807959707,-0.2806786610616007,0.08399294194638941,-0.27820340598766596,-0.05397699665118954,-0.31080261849770113,-0.05412426609334728,-0.2786046383085144,0.0075014503651014515,-0.3090372875209596,-0.14780422462506698,-0.308991354626376,0.007537445685546709,-0.2787134301671961,-0.05417497678179056,-0.3107617542485944,-0.054193148445897274,-0.2777673224707804,0.08398712121466835,-0.28005996655718757,0.010282024915947334,-0.28043073753340886,0.08454870246355478
0.0857582582276373,-0.2815349440591446,0.009666668430160206,-0.28168808262540335,0.08532169301470079,-0.27927777971322676,-0.058676533271268726,-0.3141037967512379,-0.05884199712023973,-0.2796230577748188,0.006617288222702536,-0.3123471385834789,-0.15073224264901078,-0.31229824142749274,0.006675879482369101,-0.2797604652215371,-0.058883957596926946,-0.31404305977114055,-0.058873370690110914,-0.27882390978599175,0.08535354616858802,-0.28109038099111944,0.009408429803250958,-0.2814465506833112,0.08586099099314211
0.08968112223153207,-0.2836594661497612,0.010862718788667796,-0.2837994959334688,0.08930224642210637,-0.2814391359339067,-0.061479221734990215,-0.31666885658645993,-0.061650098002321026,-0.28172890898126235,0.007844586039840189,-0.3148937991094978,-0.1514544855139306,-0.3148462829315459,0.007926188426962228,-0.28190525261259475,-0.06167799437257882,-0.3165785428377303,-0.06165244158834982,-0.2809600949498081,0.08936515220799607,-0.2832309553428566,0.010618692141061042,-0.28355723964558877,0.0898127263868249
0.09600306848882859,-0.2867415444316857,0.014135641661254743,-0.28686736818202996,0.0956892793394313,-0.2845291578571036,-0.06209525273672152,-0.3182948826501591,-0.06225526581077942,-0.28477009489765137,0.011167148839275557,-0.3164715454526277,-0.14981587673109595,-0.31642950173156265,0.011268977706440893,-0.2849987394391032,-0.06226771326550455,-0.3181646584795094,-0.06224228739037067,-0.28402532657268315,0.09577043748882712,-0.2863260658181603,0.013909353398058592,-0.2866092401763672,0.0961639509456823
0.10429429032021326,-0.29055639797003024,0.019311982502783712,-0.2906750004800312,0.10404893866755605,-0.2883186682433966,-0.06039704568595046,-0.318848607455987,-0.06053093074161391,-0.2885260102490498,0.016400840470394126,-0.31694810392074757,-0.1458508336427769,-0.316916266560593,0.016518011500096796,-0.2888157468520914,-0.060529478858548445,-0.31867557583733147,-0.06051691318903403,-0.2877968542988804,0.1041312551147113,-0.2901559431379584,0.019105732318204453,-0.29038652573163026,0.10448453011184722
0.11396183045101159,-0.29480761125682253,0.026063250721059444,-0.29494315722098036,0.1137829513305633,-0.29253638356224076,-0.05644446086549835,-0.3182853606321942,-0.0565372563441358,-0.29272629141819123,0.023202887714668937,-0.31628613071113604,-0.13978484348751355,-0.31626799238841174,0.02333096123524634,-0.29307414993153813,-0.056524256238254904,-0.31807329316755273,-0.05653549619310624,-0.29199728456250396,0.1138493260314835,-0.29444875822174316,0.025863362905661685,-0.2946202631783388,0.1141770434730369
0.12428750249715319,-0.2991750210495002,0.03391504208026942,-0.29935080102075673,0.12416790088800556,-0.2968791726758139,-0.050486882596451045,-0.3166534952502821,-0.050525541726503136,-0.29706237319035445,0.03109422388878417,-0.3145429353466268,-0.13202389048528787,-0.3145389928224591,0.031230246471231033,-0.29745795411655285,-0.05050344603139866,-0.31640693723392643,-0.05054949637937506,-0.29631412226019427,0.12420457345567834,-0.29888553300582255,0.033703963876289426,-0.29899378092696305,0.12451652296210397
0.13447896661584297,-0.30334576060602164,0.04228347435293193,-0.3035685169044751,0.13440612731112817,-0.3010202433542237,-0.04294769264222663,-0.3140865054344167,-0.04292621983265592,-0.3012079081600532,0.039492583521789054,-0.31185982642786375,-0.12312688902633416,-0.3118700282903456,0.03963481549728784,-0.30164132509271163,-0.04289694869236204,-0.3138107856118494,-0.042987632043192635,-0.3004241976508767,0.1344046934895104,-0.30312343094106853,0.042058542179845705,-0.30317032719055853,0.1347045380616495
0.14373144136573437,-0.3070185701538852,0.05053214409101784,-0.30728744714308404,0.1436879261294518,-0.30464062277928733,-0.03440064010475333,-0.31079457980750386,-0.03431953724753368,-0.3048509416950964,0.0477572372764919,-0.3084562190824045,-0.11376032766894094,-0.3084801828563377,0.047903872269913134,-0.305313219742902,-0.03428428799890983,-0.3104992719907677,-0.03442763627717321,-0.30402167560773197,0.14364469918165698,-0.306839894208498,0.05029919621988681,-0.3068374607406571,0.14393410946802482
0.1512951691185801,-0.3099131952581203,0.05802668372673359,-0.31023489514418706,0.15125890941087605,-0.3074718416173343,-0.025526272523150154,-0.3070525015095181,-0.025390420605638488,-0.30772467826247313,0.05524297030331345,-0.30461554111382233,-0.10464524217739478,-0.3046499981656941,0.05539097352140132,-0.3082018326984047,-0.025350517340198338,-0.3067488128958017,-0.025551962542020516,-0.3068436009900177,0.15117376819055198,-0.3097669403360711,0.05777932973759419,-0.3097347849338158,0.15145807607685513
0.1565426438778262,-0.3118062242929056,0.06417901641587681,-0.31218807476287114,0.15648882589428473,-0.30931792225049426,-0.017048874944567315,-0.30317450803419743,-0.0168694684725629,-0.3096231193449504,0.06135728208610044,-0.3006590155824417,-0.09649773870239645,-0.3006998514797546,0.06150202079806859,-0.310095689021646,-0.01682694366650497,-0.30287141386022476,-0.017085963061605387,-0.30868703265310765,0.15636371483067252,-0.31169849407309874,0.06389760785916497,-0.3116557905930068,0.15665446232100794
0.15902846281491276,-0.3125669011498988,0.06849460884255332,-0.31299586262345025,0.158932983956922,-0.31005090596494206,-0.00967650316919949,-0.2994886177215547,-0.009467399424002952,-0.31040743517021663,0.06561289401519675,-0.2969217789985228,-0.08996691965888605,-0.29696624702822955,0.06574865087466308,-0.31085784988691006,-0.009426431959954707,-0.29919344462929126,-0.009735216708148774,-0.3094191021645162,0.15877190125199178,-0.3124898230390146,0.06816873692561948,-0.3124524628831801,0.15908361181779662
0.1585364313531604,-0.31215770236566803,0.07062719055414939,-0.31259977688378066,0.15837968202461614,-0.30961154275673086,-0.004040336614063732,-0.296315251556855,-0.0038128550354645115,-0.31001711505234314,0.06767235639842757,-0.29372969765996826,-0.0855781640393586,-0.29377369204143833,0.06779427051200489,-0.3104343562211897,-0.0037812132332564526,-0.2960346790105137,-0.00412539248012772,-0.3089865109432956,0.15818944508936375,-0.3120730871976877,0.07026695525453247,-0.3120589849733152,0.15853353861551422
0.15510715207565198,-0.310613365729398,0.07042282082987474,-0.3110381460128487,0.15487778270955255,-0.3080270068286189,-0.0006265716360623635,-0.29393870083266843,-0.0003951105323719792,-0.30848299410103164,0.06738330756820358,-0.29136780561588044,-0.08368449202265352,-0.29140515637814035,0.0674892702332545,-0.3088581227258083,-0.0003806025135672793,-0.29367913991137806,-0.000740909775643873,-0.3074230611995608,0.154669194329851,-0.31048111730337274,0.07004332076618919,-0.3105121194475554,0.155046773900824
0.14904272716348776,-0.3080378315528848,0.06793575732688983,-0.30843535377485837,0.14873977167480312,-0.3054249385020969,0.00027285476544120635,-0.2925779182281548,0.00048724766682284884,-0.3059278408339673,0.06480026739361121,-0.290053101025259,-0.08442682239198777,-0.29007904559583775,0.06489171106535552,-0.30624885106262506,0.0004818512732718196,-0.29234544645574734,0.00012468665783730928,-0.30485069288165634,0.14852678669754124,-0.30784913633660543,0.06753927439907685,-0.3079429790681884,0.14892680121049318
0.1408868527560333,-0.30462276227508667,0.06341918443143818,-0.30499083818963857,0.1405191399124147,-0.3020200152435229,-0.0014186756946766809,-0.29236796227184225,-0.0012406912649692776,-0.302552735686785,0.06018712904990584,-0.28991641563368287,-0.08771430569521632,-0.28992728868656925,0.06026777147789578,-0.30280900861590027,-0.0012652410358428032,-0.2921658436537353,-0.0016043382649966636,-0.3014714674485681,0.14031667938036727,-0.304388922457988,0.06300390531921983,-0.30455220988026727,0.1407205108525325
0.13138122616297773,-0.300651293484241,0.057308188740413504,-0.3009749266675271,0.13096469144665043,-0.29808472511108697,-0.005550331302832869,-0.29334638209557046,-0.005423289658456411,-0.29862280568656174,0.053996303138308915,-0.29098644201992896,-0.09322659854697611,-0.2909782366986309,0.0540702764286088,-0.29881367016155,-0.005466062647332189,-0.2931724482424863,-0.0057737480805807265,-0.2975543254388764,0.13078582730298238,-0.30036695148616555,0.05688755227278212,-0.3005996538497646,0.13117546552380352
0.12140176132875909,-0.2964672444192625,0.050193580051174545,-0.2967203794754016,0.12095558301961466,-0.29393347025407834,-0.011746949051082601,-0.2954420813634993,-0.011684923322474273,-0.2944595530311047,0.04682804815645205,-0.2931813471746443,-0.1004339150241953,-0.2931522654394432,0.04689938086119075,-0.29459453894656656,-0.011742787089980444,-0.2952893363817017,-0.012005532549086836,-0.29342085836607806,0.12080881689942548,-0.29610466868531465,0.049793055002807916,-0.29640830061840506,0.121174273239233
0.11187959715995349,-0.29243251339300486,0.04277388113514898,-0.29259934590166414,0.11142293321452287,-0.28991958507015325,-0.019443375387378937,-0.29847823749482805,-0.019454679070729643,-0.29042707760376263,0.03937707213174364,-0.2963153628336689,-0.10863667078940671,-0.2962675166722764,0.03945082814620471,-0.2905174201853158,-0.019522340988469857,-0.2983368390219515,-0.01973086152144835,-0.2894268200675211,0.11131105811518788,-0.29197395467916665,0.042407373450451154,-0.2923511597112255,0.11165247888640084
0.10371512592479118,-0.2889033494148143,0.03578334190412659,-0.28898671966339406,0.10326447277123688,-0.28641583111784163,-0.02793330603047069,-0.30218996605903253,-0.02801456044795328,-0.2868987218114081,0.03237264922550946,-0.30011544613171875,-0.11702500990678019,-0.3000518134718452,0.03245487628220632,-0.2869526218959713,-0.028087672087438762,-0.30204861621867823,-0.02823912781133477,-0.2859355895596028,0.1031865218247275,-0.28836100939170367,0.035444588750811974,-0.288805667780598,0.10351052132578832
0.09769392959786852,-0.2862148883002257,0.029916589183546255,-0.2862240429489972,0.09726275606524866,-0.28376671939642306,-0.0364231171216135,-0.30624749612047886,-0.036564079668820686,-0.2842121211868967,0.02651344474796944,-0.304244989821291,-0.12474807333980747,-0.30416750755124106,0.026609757869472075,-0.28423981795908887,-0.03663967062914103,-0.3060949471189659,-0.03673373121230276,-0.28328191210891457,0.09721610847679017,-0.2856113310972152,0.029598493060335684,-0.2861035470260041,0.09752785450373055
0.09441186714081337,-0.2846452302137292,0.025768846528220268,-0.284586315891081,0.09401127587294066,-0.28223744638894,-0.04410156087835522,-0.3102832586929724,-0.04428838264871489,-0.2826313753782683,0.02240130476368565,-0.3083327979281071,-0.13099112490270837,-0.3082432847057592,0.02251595530287252,-0.28265060289627564,-0.04436341376981863,-0.3101098543164277,-0.0444021878644375,-0.28173441778934566,0.0939936435864197,-0.2839896042916314,0.025480510757490596,-0.28450388575791835,0.09429056383464457
0.09421701693889623,-0.2843672224386756,0.023790398698382825,-0.2842516274768038,0.09385651818935542,-0.2819876715455083,-0.05021262751298819,-0.3139265809995203,-0.05042729307738389,-0.2823239236403416,0.020483339136776833,-0.312003999569953,-0.135056800661227,-0.3119049708321728,0.020619557010998803,-0.28235700944391945,-0.05049881348038188,-0.3137250954217055,-0.05049160974064906,-0.2814634738732346,0.09386749067751778,-0.28366524415155864,0.02354499153637843,-0.284179414136868,0.09413720616436048
0.09717454653792508,-0.2854191375173103,0.02424073019169609,-0.285273701206684,0.09686247438214256,-0.2830617862721609,-0.05412294762500477,-0.31683770786384097,-0.05434781201583878,-0.28334348766974776,0.021006887416868167,-0.3149141032602816,-0.136435650036723,-0.3148093326136044,0.021168398412822552,-0.2834081862834249,-0.05441255830358986,-0.316605147913179,-0.054375436794676255,-0.2825177579723701,0.09690182484993982,-0.28469898646999414,0.024034409039610048,-0.28519404072790305,0.09712621491061091
0.10305566936387858,-0.287713366923152,0.027150982196518753,-0.2875702679526522,0.10279812714918642,-0.28538125407703213,-0.05538826692884725,-0.3187432480493469,-0.05560824341566482,-0.28561553272370827,0.023993321342233604,-0.31678800385616174,-0.13485898335303603,-0.31668245035766085,0.024183440775277905,-0.28572160025141735,-0.05566330287825987,-0.31847829757463014,-0.05561424126862735,-0.28481363197632514,0.10286447706989554,-0.2870192655799995,0.02696232773907924,-0.2874747378540461,0.10302708689869818
0.11135314183577684,-0.29105301405354683,0.032308019679571406,-0.29093082320012287,0.11115299539624604,-0.2887361911989864,-0.05381081369967007,-0.31946620730274805,-0.054009366701108716,-0.28893475411206276,0.02922641839724937,-0.317449230818614,-0.13034128289436253,-0.3173476910287894,0.0294461217076837,-0.28908754268343145,-0.05405414372904793,-0.31916546625890846,-0.05401047005927095,-0.2881409202412271,0.11124092484222572,-0.2904119746287036,0.03211944466470176,-0.29080912945446,0.11133487200526969
0.12132151535081048,-0.2951395596804067,0.039273823735508806,-0.2950417669367868,0.12117721399586327,-0.2928042246511483,-0.049466780897366266,-0.31894516673525314,-0.049626890803824146,-0.2929867068126747,0.03626304613895731,-0.3168390327222458,-0.12319851101102407,-0.3167454529571721,0.03650977275775656,-0.29319077762282625,-0.049662696061751214,-0.31860683463551276,-0.049640978793370864,-0.2921867503197933,0.12127685202767788,-0.2945488192557793,0.039081578697031424,-0.29487941550486935,0.12130819204785562
0.130983888304549,-0.29920092999704034,0.04660923528748601,-0.2991308832477013,0.1308836998132084,-0.2968178780324586,-0.043402877842373316,-0.3174775163607719,-0.043518093863652726,-0.297007198384959,0.04364591684667908,-0.31527358375766495,-0.11497165281207017,-0.31519059123902016,0.04391256886219264,-0.29725811627263865,-0.04354693950733781,-0.31711057743932475,-0.04355823053841448,-0.29619095736856144,0.13098193477644463,-0.2986493530543721,0.04641066452513208,-0.2989229315544455,0.1309718794084749
0.13942536157516136,-0.3028025614862453,0.053535622380072076,-0.30277344236773207,0.13935459482685464,-0.3003732093518663,-0.03650411298175293,-0.3153839568131226,-0.03657408784692559,-0.30058257666298194,0.05058996080367701,-0.31308726447360546,-0.10666149611175425,-0.3130156294645086,0.05087093215934153,-0.30086947350144766,-0.03659871497085296,-0.3150010797721082,-0.03664828687208781,-0.29974248389754,0.13944040825065215,-0.30229874155335273,0.053319957872070285,-0.30252637536590726,0.13941055010615797
0.1460686009160898,-0.3055171084856371,0.05952390689510946,-0.30553642741998915,0.14601151989424443,-0.3030597376151389,-0.02957180085793792,-0.31290738691399866,-0.02959895078552432,-0.30329145636929256,0.05656983153788698,-0.3105319157796861,-0.09906742644474532,-0.31047079682494255,0.056861274916714576,-0.30360061930426135,-0.029622332663111605,-0.3125192181598345,-0.029710786173093032,-0.3024231390419942,0.14607834384255394,-0.3050702286002942,0.05928164094440619,-0.30526016387605026,0.14604492621709086
0.15069483830414215,-0.3071559723290527,0.06423612798924976,-0.30721469887829406,0.15063695527861962,-0.3046800263240104,-0.023371323120047856,-0.3104143181368979,-0.023364678524483158,-0.3049324779868306,0.06125692190236205,-0.3079802721515566,-0.09284244429158223,-0.3079277372375532,0.0615550994330513,-0.3052530397243333,-0.02338710726427897,-0.31002939721808365,-0.023511813439351787,-0.3040373549229884,0.1506833203150065,-0.30675305746269244,0.0639690112410272,-0.3069157462331785,0.15065560773100845
0.15339824646966105,-0.30783543834655297,0.06750162894946199,-0.30791710561234037,0.15332889245162754,-0.30533916432874647,-0.01843919528364437,-0.3082212743512181,-0.018411756827818378,-0.30561217142196445,0.06448723898299426,-0.30575175904369145,-0.08833877527863489,-0.30570611082971727,0.06478850724220694,-0.30593713130290945,-0.018432577997260034,-0.30784565802537406,-0.018587011879006757,-0.30469693701103473,0.15335705916003156,-0.30745017240727135,0.06721782825130516,-0.307600162697621,0.1533392373520806
0.15450994491507763,-0.30782163490462894,0.06936776639449854,-0.30791432973676547,0.15442366367174265,-0.30530675464604673,-0.014994511410733416,-0.3064935783118929,-0.014958098572739009,-0.30559887363070554,0.0663136326662559,-0.30400885612454764,-0.08555774923865571,-0.303967402220698,0.06661476875272752,-0.30592291783526177,-0.01497744941012729,-0.3061288042365304,-0.015151677142084525,-0.30467123284656766,0.15443797857267344,-0.30743680231698456,0.06907218074516393,-0.30758761342264895,0.15443151409681166
0.1545174435919279,-0.30739018636936266,0.07011085740230316,-0.3074880427972607,0.15441440228610862,-0.30486763450715465,-0.0130107792276479,-0.3053356673299372,-0.012973070748139286,-0.30517305294679303,0.06701887381348016,-0.3028491084262426,-0.08425989586289816,-0.30280920843872455,0.06731807807830958,-0.305492343613177,-0.012992418230671333,-0.30498098817235025,-0.013177251129910425,-0.30423859136509623,0.1544198564607717,-0.30700356342561047,0.06980456582756445,-0.30716159979674107,0.1544241823151624
0.15398736166312763,-0.3068305892232844,0.07014773767430434,-0.30692834982521267,0.1538724106437752,-0.3043064157294622,-0.012209747468497928,-0.3047402657027115,-0.012175031688181766,-0.30461846793432173,0.06702871890457901,-0.3022582918995202,-0.08399787184126664,-0.3022184684055491,0.06732604365635574,-0.3049319084947115,-0.012194991642100464,-0.3043932720993857,-0.012384390371927699,-0.30368163610104437,0.1538725675717694,-0.30644161473027065,0.06983411757881976,-0.306606614352509,0.153885919958917
0.1534857597393322,-0.3064430682611049,0.06994229926071369,-0.306537225520972,0.1533653071597674,-0.3039175741683774,-0.012097500377313138,-0.30455277038635464,-0.01206577459483102,-0.30423169388024013,0.06681106903720965,-0.30207550613134,-0.08417219908126335,-0.30203589901028294,0.067107392976453,-0.3045415830886111,-0.012086071106564695,-0.30420902636155295,-0.0122760624112045,-0.30329471957661136,0.15336312200222943,-0.3060497093634815,0.06962652364733421,-0.3062192579989016,0.15338145026578967
