0.0,0.0,0.0,0.0,0.0,0.0,0.0,0.0,0.0,0.0,0.0,0.0,0.0,0.0,0.0,0.0,0.0,0.0,0.0,0.0,0.0,0.0,0.0,0.0,0.0
9.67834253656763e-6,9.678335542939731e-6,9.678335542828709e-6,9.678335542939731e-6,9.678342536345586e-6,9.678335542828709e-6,9.678328549422854e-6,9.678328549533877e-6,9.678328549533877e-6,9.678335543217287e-6,9.678335543161776e-6,9.678328549755921e-6,9.678328549866944e-6,9.678328549977966e-6,9.678335543217287e-6,9.678335542995242e-6,9.678328549755921e-6,9.678328549755921e-6,9.678328549589388e-6,9.678335542773198e-6,9.678342536179052e-6,9.678335542662175e-6,9.678335542551153e-6,9.678335542606664e-6,9.678342536290074e-6
8.519682477248214e-5,8.519617958457903e-5,8.519617958535619e-5,8.519617958097081e-5,8.519682476892942e-5,8.519617957769565e-5,8.519553439495509e-5,8.519553439589878e-5,8.519553439173544e-5,8.5196179574476e-5,8.519617957847281e-5,8.519553439578775e-5,8.51955343965094e-5,8.519553439240157e-5,8.519617957525316e-5,8.519617957458703e-5,8.5195534392013e-5,8.51955343925681e-5,8.519553438862681e-5,8.519617957136738e-5,8.519682476315626e-5,8.51961795679812e-5,8.519617956886938e-5,8.519617956481706e-5,8.519682475960355e-5
0.0003295878460352619,0.000329574108385966,0.000329574108565156,0.00032957410818712507,0.0003295878458364765,0.00032957410798845066,0.00032956037088271994,0.0003295603710616879,0.0003295603706838235,0.0003295741077895542,0.0003295741081672521,0.0003295603710617989,0.0003295603712408779,0.0003295603708631245,0.00032957410796891073,0.0003295741077901093,0.0003295603706844896,0.0003295603708636241,0.00032956037048542663,0.00032957410759126837,0.0003295878454394052,0.00032957410739198334,0.0003295741075710623,0.0003295741071927538,0.0003295878452400647
0.0008752731211076892,0.0008751358189666436,0.0008751358270506215,0.0008751358152586652,0.0008752731173997108,0.0008751358115505758,0.0008749985281598094,0.0008749985362429546,0.0008749985244531633,0.000875135807842764,0.0008751358196349424,0.0008749985362441204,0.0008749985443275432,0.0008749985325378629,0.0008751358159282963,0.0008751358078433191,0.0008749985244563829,0.0008749985325398058,0.0008749985207500144,0.0008751358041366175,0.0008752731099828659,0.0008751358004282506,0.0008751358085133942,0.000875135796719384,0.0008752731062736663
0.001860876911799203,0.0018601832459865797,0.001860017151535387,0.001860268520110675,0.0018607415913469705,0.0018600525238959276,0.0018594148875854533,0.001859242838707753,0.0018593675874026827,0.001860103771211541,0.0018600607178790307,0.0018593950183447006,0.0018595131738398663,0.001859565855733103,0.0018600190184904775,0.0018600783018888345,0.0018595758349920222,0.0018593574896377252,0.0018596473598807561,0.0018599660610141289,0.001860653020517966,0.0018602218200606813,0.0018600451933064588,0.0018601555511971735,0.001860727385118055
0.0034038111961211537,0.0034006211742427794,0.003400880037031817,0.0034010330948661127,0.0034033198388117025,0.0034010051901509075,0.003398233141887863,0.003397953569939327,0.0033981020218125657,0.003401017894052172,0.003400755431577418,0.003398050131068253,0.0033978961170312294,0.0033983303268600995,0.00340082179611767,0.0034008433656488313,0.003398120947535943,0.003398235685299622,0.003398517066860285,0.003400926441514518,0.0034035319177252443,0.0034009014494200684,0.003401060640420228,0.0034009425131144577,0.003403749829844538
0.005573734928026486,0.00556380804567036,0.005563987403001347,0.0055640661066758135,0.0055729817926374325,0.005564200667894537,0.005554916413063715,0.005554288509281413,0.005554721772846827,0.005564252838067829,0.0055636033549906205,0.005554708267380137,0.0055544905655113275,0.005555131122651158,0.005563969902823707,0.005563859527161041,0.005554727327119924,0.00555489519000546,0.005555409039309567,0.005564028538439736,0.005572983010064758,0.005564078209124579,0.0055642548336197195,0.005564198587542646,0.005573501562944672
0.008374226713585953,0.008348162752989996,0.008346656551421971,0.008348745969332327,0.008371063526376621,0.008347792069337667,0.008322627053851672,0.008319234145637455,0.008321783584890607,0.008347837902100808,0.00834489496617602,0.008320743179885681,0.008321806718534774,0.008323519972819604,0.008346568629261641,0.00834576385573349,0.008322683283024268,0.008322726947400272,0.008325288852320423,0.008346098480249697,0.008370326183275878,0.008347581500764367,0.008347760301933072,0.008348429554504211,0.008372654504996024
0.011730942834916047,0.011674836127478105,0.01167013739984707,0.011676125485695299,0.011723097776692892,0.011673099056293712,0.011618290786916952,0.011607940821832696,0.011616348621623196,0.011673095907440256,0.011665342649349875,0.011612227463937475,0.011614964609371281,0.011620477889301595,0.011669710157534818,0.011667288519659202,0.011618039794167312,0.011619213038365994,0.011625437840236175,0.011668228420007865,0.011721092190380089,0.011672798301465226,0.011672954045380046,0.011674878063175353,0.01172686138502782
0.015485646476144754,0.015381306282299445,0.015374245740861936,0.015383065407198027,0.015474188144153134,0.015378385599146394,0.015275697813734945,0.015258159360509727,0.015273107071129388,0.015378129016003217,0.015366395883476991,0.015265274656804162,0.015268255358459382,0.015278841756093398,0.015373014254761452,0.015368881846557658,0.015274096604377452,0.015277927619121223,0.015286598731658274,0.015370841084942466,0.01547120419104675,0.015378005398380079,0.015378307002808456,0.015381069427198635,0.015479772020542404
0.018957226960388873,0.01878438653881398,0.018778739374331277,0.018785455885429903,0.018947022619717813,0.01878102474015536,0.018610801767464547,0.018593079197314566,0.018608527917369777,0.018780279424263746,0.018770053085974014,0.018600119697744,0.018601406760914152,0.01861330588635035,0.01877591366636505,0.018771450833487302,0.018607219162220856,0.018613558866168667,0.01862009555222416,0.018774129731499556,0.01894421466710927,0.01878054730632528,0.01878133072491045,0.01878340243926918,0.018952074000335273
0.021776987663343572,0.021508039508645438,0.021506859245877696,0.02150710092575614,0.02177150717685894,0.0215039734191651,0.021240400218173305,0.02123070011887257,0.02123859653746557,0.02150248124303067,0.021498858616499472,0.0212341641396373,0.021233931162636166,0.021241118958595928,0.021501367016265094,0.021497745035695237,0.021235592060945274,0.021242369769845337,0.021243015473623117,0.021500549572218086,0.02176924984848072,0.021503283878839596,0.021504997240976043,0.02150535289364841,0.02177421447885941
0.02365932119126879,0.02326549562786351,0.02326810881545638,0.023262565249434375,0.023656915136234524,0.023259801420952908,0.02287664014452051,0.022876416221308205,0.022874801487495267,0.023257450744875396,0.023259890713286213,0.02287545934523577,0.022876613941605672,0.022876554538368676,0.023259641756981142,0.023256354590138584,0.022872760931753833,0.022878311948340113,0.022874145735370166,0.023258964175723762,0.02365407087766519,0.02325885712515796,0.023262555849699607,0.023261316274135746,0.023657659254613717
0.024434118795205517,0.023898080098125885,0.02390148541724102,0.02389491468694349,0.024429378891472342,0.02388967446220458,0.02337231221093161,0.023375510928346,0.023370031400550773,0.023886063051206385,0.0238895682447684,0.02337234236922281,0.023377957543951722,0.02337330886883371,0.02388947011149556,0.02388493129608299,0.023369650980673784,0.023375421756047676,0.023370538583050493,0.023887228291618712,0.024424665931111145,0.023888746711981934,0.02389598606611054,0.02389374766492225,0.024430564538389543
0.02405040772788164,0.023375438953464,0.023377658523790923,0.023373137798667287,0.024040179398407968,0.023364549088801978,0.022717926751332163,0.02271797451058072,0.022714892111896035,0.023359327792259632,0.023360751321469753,0.022716306234673966,0.022726301782180547,0.022721778500160716,0.02336272496053554,0.023355237434753595,0.022716101379288756,0.022724123184893696,0.02272122515976782,0.02335784113764139,0.024033056615390958,0.02336364282314518,0.023374950184411436,0.023371957814077915,0.02404363980223262
0.02256464640225747,0.021772375896990326,0.021775618040042022,0.021771037903822732,0.022551541465756608,0.021760701191967213,0.02100716552153531,0.021005689923878745,0.02100504946550813,0.02175439111444083,0.021755844729917317,0.02100569398307034,0.021017504693775058,0.02101449701596997,0.021758572082485494,0.021748573358932044,0.021005508417238472,0.02101733792342353,0.02101395954026236,0.021751156100114966,0.022543414337599488,0.02175971332770693,0.021774768405327993,0.02176981135294842,0.022556272835153213
0.020129987576399833,0.019254103712390225,0.019262087316287146,0.01925227808583585,0.020120294619251855,0.019242945719111892,0.018416979873378092,0.018420806963091896,0.01841636062864349,0.01923703560178136,0.01924367294634144,0.018420014136263596,0.018431405331082562,0.018426152622341818,0.019244532006265747,0.019232846059254294,0.018414815356747105,0.01842964778098044,0.018420834406828845,0.0192352872808641,0.02011278711817327,0.019242331948863267,0.019260244775817892,0.01925153784703354,0.02012362591485306
0.016992212365766646,0.01607281785928205,0.01608760937827708,0.01606971031136678,0.016989314828567026,0.016063261233261905,0.015205565762365869,0.015220227039585088,0.015205987417638678,0.016058232648851978,0.01607376333487065,0.01521611361003894,0.015227112186576186,0.015215039138699982,0.016071050396851694,0.016058746146006164,0.015202856817303823,0.015218703646674492,0.01520258259340207,0.01606072219939869,0.016984195114768175,0.01606356622079852,0.016082997076096173,0.016070042826897002,0.016990023526133102
0.013474165030480822,0.012559786170866671,0.012579772671912848,0.01255585787014074,0.013476692877867513,0.012552261905406481,0.011711263110185555,0.011735252692343767,0.011711851742395418,0.01254892875220942,0.012571500082664278,0.011728669709107187,0.011740912652472901,0.011721571743270154,0.012566435880008942,0.012553387200353538,0.011709206302347452,0.011724246806587568,0.011703162959775304,0.012554453656335507,0.013474100060970495,0.012553743631025238,0.01257367100451634,0.012557254032879828,0.013475574427687709
0.00994189032060494,0.009092199598633222,0.009113587192032258,0.009088656614049229,0.009945755639818477,0.00908667185804124,0.008319842780210807,0.00834633484300129,0.008320007852324285,0.009085019557787954,0.009109372258223503,0.008340036876664791,0.008354431338499557,0.008331850767805349,0.009104720844723913,0.0090901758295584,0.008319074758204481,0.008332892170486328,0.008311536781061502,0.009090552475814528,0.009944849483387475,0.009088980912726474,0.009108463189889837,0.009090460997767835,0.009944544741706252
0.00675636539825647,0.006038005090242826,0.006057948753686149,0.006035867880791357,0.006759262284776912,0.006034883090521359,0.005404326694357697,0.005427380119582548,0.005404404001092988,0.006034629973904138,0.0060566404457575995,0.005423675420317631,0.0054388030332305215,0.005417994878580745,0.00605395788051899,0.006038286095968903,0.005404614499875615,0.005417439659643086,0.0053990520986782475,0.0060381294727923085,0.006759540350517401,0.006037384207721208,0.006055507423979145,0.006037508140540326,0.006758865338358455
0.0042303468106523745,0.0037059429700355695,0.0037234424841592895,0.0037053550176398,0.004233004591004286,0.003705803655270401,0.003268122206873947,0.0032861831544631626,0.0032686623481628096,0.0037066998157327946,0.0037252032397419033,0.003285144930247008,0.003298234739279926,0.003281677573563402,0.00372400388588634,0.0037090235775975033,0.003268855750359567,0.0032800117887026303,0.003265259505924767,0.003708430893246961,0.0042343544745964135,0.0037078422154425694,0.003723067562202975,0.003706565364702874,0.0042327978155461965
0.0026035579055309066,0.002320437970460165,0.002334716287561489,0.0023209688203290058,0.0026071675693217222,0.002323213348291442,0.0021193318732647404,0.0021328405801741,0.002120279045569662,0.0023250551867280977,0.0023397501173129664,0.0021331580380165027,0.0021421828784153885,0.0021302627901422233,0.0023389970647850755,0.00232708327066955,0.0021201420856107878,0.0021280453918600672,0.0021171686985227423,0.0023261550326224567,0.0026095478245763415,0.0023245349317987385,0.0023351857421365363,0.002321732736193738,0.0026063812587695523
0.002031556549646374,0.0020160767928822376,0.0020251221318458024,0.0020174585430360326,0.002035484530420406,0.0020206461444211565,0.002070722852741791,0.0020782172235921936,0.002071491250697055,0.002023190602028435,0.002032115685531577,0.0020792536727935462,0.0020834063379104317,0.002077134157746685,0.0020318609435667767,0.0020248947821840946,0.002071748040822885,0.0020747629210845497,0.002069480248643618,0.0020237981502418956,0.0020381495840371966,0.002021444532890715,0.0020263214565318655,0.0020178964225855966,0.0020343724543653297
0.002576815766060503,0.0028330478100507817,0.002834579009920346,0.002835240869557887,0.0025791492757819556,0.0028384265165873335,0.0031406911692009043,0.003138640747474719,0.0031407767509132323,0.0028409948188140577,0.002841339884156968,0.003140838900440035,0.003139565854215598,0.003141472138387391,0.0028421708522314293,0.002841299709623213,0.003141600411486145,0.003139278503879517,0.0031414979321089387,0.002840730851261908,0.0025810840062995277,0.0028381537917671618,0.002836845548805811,0.002835259813752433,0.00257836263310135
0.004197367971126353,0.004705149119730412,0.004698969763544392,0.004708605420264189,0.004196873089625686,0.004710478403281981,0.00523941552667917,0.005227685173727847,0.0052392447462377145,0.004711159118900965,0.004702688903058805,0.00523067021816831,0.0052225992954484934,0.0052335730379728385,0.004703859574538671,0.004711133914773291,0.005241408662068681,0.00523260572509715,0.005242375647351638,0.004710745220002199,0.004197327919996829,0.004709315590661123,0.0047010087434911085,0.004707509210436001,0.004196297798171322
0.006747689580529459,0.007459751458375519,0.007446283708121004,0.00746414353688829,0.006744363250897334,0.0074641538269559216,0.008167429809107507,0.008149316046878796,0.008167563692274393,0.007460841382052663,0.007445290122115256,0.008150948730321794,0.008134414188077088,0.008152296801066883,0.007444311290492611,0.007463257088781372,0.008171745172876221,0.008155043763745762,0.00817009265264268,0.007461643441396659,0.006743502711783478,0.007462958611388348,0.007446407849249437,0.007461147237851351,0.0067434337769515795
0.00999551595165954,0.010837487423959624,0.010815565584641862,0.010841361465267207,0.009990525204632505,0.010839781167307272,0.011638721162248289,0.01161640329294139,0.011639246458952424,0.01083289464808318,0.01080993574810063,0.011614375821487777,0.011588760710729062,0.011611033093416157,0.010805417419553764,0.01083845469999567,0.011644617629726017,0.011619362727397498,0.011638200816571243,0.010834355595584433,0.009988745183478254,0.01083852675059982,0.010813438268050812,0.010836368740113289,0.009988554251311565
0.01365359440160513,0.014531394251722785,0.014496759654261115,0.014532324194015012,0.013647754318827143,0.01452947228106266,0.015327137362116994,0.015296786530284157,0.015327051334256825,0.014522366067454828,0.014487499914947022,0.015291229095324543,0.01525750635528006,0.015285999921730853,0.01448167050360305,0.014526873776024851,0.015330989547251761,0.015298074790584537,0.01532399032223869,0.014521565360854582,0.013644767174213035,0.014526889567451573,0.014493798802238611,0.014526954441638484,0.013645049654194885
0.017412231019505342,0.01822215268134947,0.01817123855146041,0.01821916762837278,0.0174043712563709,0.018214326439742967,0.01890863161983586,0.01886294682728379,0.018906590165367665,0.01820968878979279,0.018158049589073966,0.018856940840000447,0.01881696533058358,0.018857337603351176,0.01815577181362127,0.0182070894156105,0.01890690560321906,0.018868468692983087,0.018907378812466957,0.01820446722283281,0.017398957633111944,0.018209270783611786,0.018169356918066204,0.01821567135794988,0.01740278234172926
0.020962426875651974,0.02160136517382849,0.021535836739741798,0.021596002349414056,0.020950433309760208,0.021587480508353463,0.0220822897245731,0.022018389333229915,0.022078457063916368,0.021584364241182596,0.021516954862048243,0.02201595622349911,0.021971107564027648,0.022027136599549912,0.021520292924550877,0.02157273703802648,0.022075361260102788,0.0220332055545035,0.022087434841407017,0.021575478467694365,0.020940892519194176,0.021580123313294675,0.021534707706227785,0.021594619980572105,0.020951484363298356
0.02401216548796481,0.024384302366597943,0.02431234002827487,0.024379439700242922,0.023995190488681817,0.02436555726151135,0.02457668699524651,0.024503045895292785,0.02457220251439307,0.02435929957122579,0.024285090528382625,0.02450394800938066,0.024454827033875692,0.024521484926643355,0.02429064806658704,0.024344694353264362,0.024569178941472924,0.024524159408570112,0.024587762352892284,0.024351295758212488,0.02398143330244451,0.02435819536634759,0.024309071487878198,0.024378118884099964,0.02399863084089593
0.026305703051161256,0.026328595371545027,0.026258774732732026,0.026325032212305033,0.02628512018790491,0.026306195129789267,0.026164852495560664,0.026095593589982702,0.026161005960419537,0.02629252681264216,0.026222690747268906,0.02609513753489756,0.02604359532984485,0.026109337745439776,0.026224642091157824,0.026282759698780134,0.026160608299775123,0.02611459787435355,0.026175649842427706,0.02628943530797556,0.026268730869182244,0.026301062765007877,0.02625112966864762,0.026321619852152978,0.0262893782612309
0.027651229093447915,0.027262576889204637,0.027199943517645875,0.0272589598214934,0.027630547773407343,0.027237584613319488,0.02669525220899982,0.0266415038082094,0.02669274519471193,0.02721739290968639,0.02715876773332232,0.026634778268520676,0.026584556697548722,0.026638654040898657,0.027153036626541116,0.027215984494923906,0.026694091672838427,0.026649951130476357,0.02669959054049459,0.027218425328686013,0.027613501496000448,0.027234457949559476,0.02718784904767302,0.02725310761158589,0.027633451003653053
0.027948063775787013,0.027116102450836843,0.027060377452489404,0.027110008658634444,0.027930181788441588,0.027088974878386907,0.026127950170349523,0.026089456193517657,0.02612629049663484,0.02706840209466793,0.02701936909244984,0.0260771900958775,0.02603264263959748,0.026073018225100886,0.027008232212440586,0.02707026260995049,0.026125731372285466,0.02608753674745934,0.026125524226296992,0.027067968745845994,0.027913348702569396,0.0270855021471047,0.027046771553183302,0.027103832774924563,0.0279309692837324
0.02719710605799508,0.025929772746867197,0.02587876089563379,0.025920171715781704,0.027181865182163478,0.025900811006574764,0.02454395476060378,0.024513109140569367,0.024542153841523473,0.02588509423430252,0.025841522307232356,0.024500491140505565,0.02446651094378738,0.024497574716908666,0.025831605055412987,0.025882624526461284,0.02453693941707291,0.02450879285244989,0.024540273119717793,0.02587920179922354,0.02716526367755101,0.0258946758622306,0.02586734386334405,0.025916525618186248,0.027182270866510816
0.025489875798703043,0.023836649907206575,0.023792589284293342,0.023825169885646647,0.02547541249631241,0.023806531553717702,0.02211918920185041,0.022091660791710988,0.022116518181583278,0.02379672057198151,0.02375807427747334,0.022083813182146028,0.022063411363581142,0.02208891259841539,0.023754807824856006,0.02378602892028603,0.022107468238214023,0.022092266664344995,0.022119856175552566,0.02378583478169849,0.02545851131124993,0.023798866593088885,0.023784588784266758,0.023825174820767625,0.02547754410922004
0.022986005423583256,0.02103271160703113,0.021002871585312555,0.02102209777385261,0.02297163347609582,0.021002791321398817,0.01908406142002228,0.019065029527225108,0.019081031384664382,0.020995749340066094,0.020969537124941873,0.019062570999484163,0.019056579892878067,0.019074154797954046,0.020970919585009018,0.020981427005626607,0.019071764688273374,0.019070531504394084,0.01909035381621421,0.02098465622984902,0.02295500329714506,0.02099755734258857,0.020996548518957214,0.02102461322210769,0.022976076493371966
0.019896129358920045,0.017755595477023767,0.01774656880573877,0.017747098867723465,0.019882933395939495,0.017726887993868956,0.01569814878449527,0.015697067900708073,0.01569519554037274,0.01771897205201267,0.01771351717218972,0.015696518894120826,0.015704827126089504,0.015706771217126103,0.017714883907188228,0.017708317754506264,0.01568904991226211,0.015701202786019053,0.015704736079755255,0.017712789227290804,0.01986834604884896,0.017727748034055968,0.017739765123799378,0.01774972707250788,0.019888714405322194
0.016470467041202086,0.014272812779335231,0.014286713483510238,0.014266407598716502,0.016461270612063705,0.014247888112389029,0.012240943166802576,0.012263532582454051,0.012238795928572577,0.014239661294400352,0.014258181582717355,0.012261273607448608,0.012283373475294512,0.012264203275847263,0.014256328977794885,0.014236456657502616,0.012236148586384832,0.012260691610805508,0.012243039814912093,0.014238937303253374,0.016450748293815876,0.014254977187778961,0.014279445495425813,0.014267823546877834,0.01646634371166311
0.01298758570930647,0.010874058379612195,0.010907639352247256,0.010869112538404224,0.012984502749128102,0.01085551613752167,0.009006740458906537,0.009049427571916235,0.009005364537204463,0.010850465982337743,0.010888847522566913,0.009045143493175811,0.00908015897270742,0.009041463554251006,0.010884796171211575,0.010852454937646583,0.00900432846693272,0.00903986454220257,0.00900354822510735,0.010851694911395648,0.012979044236765769,0.010865759400935815,0.010901860375359729,0.010869864804988694,0.012987583433672734
0.009735120148557042,0.007851034289724279,0.007898441654078714,0.007847255188935698,0.009737954818484273,0.007840182297842169,0.006283705251694194,0.006336944923556687,0.006282962693547778,0.007841153973072057,0.007891572520826173,0.0063331251680459055,0.006378688969334023,0.006328077142769117,0.00788887139250899,0.007843378153576608,0.0062816072121442135,0.0063257375097256485,0.006278655786084997,0.007840658274033907,0.009737003770305841,0.007850152125358167,0.007896034423251597,0.00784875981464006,0.009739225412718933
0.0069809689757293625,0.005464575436777808,0.005520646881399194,0.00546272407293269,0.00698802252308961,0.0054611966161085546,0.004318607100843641,0.004373904093969705,0.00431825308251782,0.005467727756882312,0.005523644684214624,0.004372354985545113,0.004424106456039745,0.004369837700484047,0.00552454239948974,0.0054680851052208435,0.00431658202559293,0.004364991299863119,0.0043149390251729924,0.0054647120267607985,0.006990090339294097,0.0054696589918580285,0.005521691680488883,0.0054653218851582475,0.006987953278796977
0.004944669402040136,0.003913236034169598,0.003973652968112917,0.003914316757279823,0.004954352991971722,0.0039160738877299095,0.0032823863701557654,0.003335237595373186,0.0032824076982618244,0.003925338790289112,0.003982463053803009,0.0033350908928893586,0.0033870062920562383,0.0033344654681293218,0.0039861151577073595,0.003925420321256368,0.003281555244441292,0.0033283443427359893,0.0032804691845166323,0.003921608147748001,0.004958293779770029,0.003923963990624557,0.0039765463284340274,0.003916758658981889,0.004952912225184847
0.003781384347738115,0.0033185918833358863,0.003377642319141283,0.0033227940218253926,0.003792807894497985,0.00332613825988326,0.003258194437302131,0.0033047633272180743,0.0032586830172783854,0.0033357106442341022,0.003389254191732305,0.0033037903986596895,0.003349126585085127,0.003302687042642194,0.003393437602184468,0.0033377571166344766,0.0032590371717102773,0.003297590650262472,0.0032565760243479236,0.0033329842787644948,0.0037980807000268513,0.0033341740819349264,0.0033806364017619495,0.0033232110708101836,0.0037896119967051334
0.003578464875504783,0.0037270483899121687,0.0037761646306372354,0.0037334914481095827,0.0035911362927275037,0.0037378387195464713,0.004248925142520621,0.004282280215760048,0.004249912926864552,0.003747599896632481,0.003789836700625493,0.004279530181688196,0.004311295472238741,0.0042782273780421765,0.0037936312991725396,0.0037515218538455852,0.004251201906056434,0.004275152300541485,0.004247738505686938,0.0037455363266494235,0.003597227922664259,0.0037452747123298824,0.0037793878494377653,0.003731663404683838,0.0035864835636440495
0.004357312076933406,0.005116404933222185,0.005145870499260408,0.005123959419455204,0.004369579788304212,0.005128630035801218,0.0061893035467079915,0.006199224749870891,0.006189872380249928,0.005138836104295885,0.0051597752417278375,0.006194822367423858,0.00620694659519061,0.006196089898101331,0.005164818489990397,0.005142309463766037,0.0061914596402625754,0.006194831633459463,0.006189132378236095,0.005135933653216074,0.004375384837514595,0.005133850160751352,0.005149562470964486,0.005120692097307977,0.004364500072772226
0.006071704218844509,0.007396267168242432,0.007398964860848789,0.007404732649757162,0.006081363716354815,0.007408633431548184,0.008947008234631681,0.008924862166436343,0.008946314214326123,0.0074178091270693525,0.007408303569083952,0.008918859849482708,0.008905135740348014,0.00892387267771938,0.007415727888428036,0.007417599415729337,0.008947063530712396,0.008924196669636286,0.008947970232504265,0.007412749155968068,0.006084622721491517,0.00741008022287587,0.007401203409865165,0.0074006605651117385,0.006076509177373235
0.008606238483482631,0.010407261317145644,0.010379713309096317,0.010416878011050734,0.008610861818461268,0.010419037776316198,0.012321516417781786,0.012264377887416411,0.012319174119046428,0.010422707737139048,0.010379320093141353,0.012255548263249871,0.012210115446987857,0.012261822778617482,0.010386572946328942,0.010419124484556341,0.012318577740529857,0.012264599049175484,0.01232196669614416,0.010416510185707217,0.008609868220084249,0.01041571702323213,0.01037704914824178,0.010410988668589582,0.008606476144116249
0.011781450755357692,0.013928179287558684,0.013868202752785663,0.013938295703827985,0.011780216876825622,0.013938765860934121,0.016054067371088443,0.015964399281957253,0.016050478057258455,0.013932896404941941,0.013856888000867873,0.015951143981608074,0.015870216814608318,0.015954292930315583,0.013859407174886484,0.013930076832757987,0.016049423091958892,0.015961621294209194,0.016052031750280416,0.013928230817844833,0.011774822250540162,0.013930422169584622,0.013858328520490959,0.013928867131767664,0.011775246237691162
0.01537159503185298,0.017699259964283454,0.017602506299942144,0.017707468840597762,0.015365544011934018,0.017706653156250862,0.01985712814981122,0.01973762008040214,0.01985300184545291,0.017691766745813797,0.017583836891134963,0.019719776411389944,0.019603191877552106,0.019718304503559936,0.017579267959334732,0.01769375731262629,0.019853008184799015,0.01973147430961364,0.019853101038478427,0.017690699037221758,0.015357125968132379,0.017694122563254422,0.017587467487734487,0.017694872431855024,0.015359069165009287
0.01913066414145942,0.021454249913810064,0.021314346096875436,0.021457655462690572,0.019121362444270484,0.021454786124336156,0.02345373902109138,0.023302541483542216,0.023449582117196832,0.021436037986710677,0.021292236037332546,0.02328257539541262,0.023133239696000008,0.023280732364229118,0.02128373042410686,0.02144174686506678,0.02345071498034018,0.02329783817352532,0.023450503200332817,0.021437501673521764,0.01911089214290801,0.02143915097061244,0.021298804957300632,0.021444312600293447,0.019113840336462518
0.022816551921087003,0.024946240978455048,0.024759518082214327,0.024943902811709828,0.022804287640444065,0.024937293974523822,0.02660499157993046,0.026417900892540647,0.02660069464370779,0.02491948464850957,0.024734107344012546,0.026399218077103714,0.026221294247837923,0.02640342475025592,0.02472744413964678,0.024922104487856145,0.026601054342308472,0.026420381882918897,0.026605374495331235,0.024919237540518224,0.022790508989230074,0.02491827853145223,0.02474649096335968,0.02493228064790065,0.022797218432139
0.026202895907090018,0.02795750755800247,0.027728093874464843,0.02795101657998711,0.026185670221423485,0.027938536904414057,0.029114964578588365,0.028891987267724184,0.029109679896418883,0.027920954070546067,0.027693804094687913,0.028876282756434113,0.028674667231082807,0.02889002190889156,0.027691921597354285,0.027913985930476115,0.029106425472533837,0.02890330779378203,0.029119470640395606,0.02791578484705337,0.026165826928470082,0.027915215130381588,0.027716241058155622,0.027942097922151188,0.026181014279586523
0.02908303375290383,0.030299968494570062,0.030040601745670747,0.03029163600527679,0.029058652196935486,0.030272449758197317,0.030825118636741144,0.03057692502970072,0.030817480984104084,0.03024974073514447,0.029991223663639266,0.030562885434693876,0.030343912289470976,0.030582427708801874,0.029991787449712315,0.030233396515153388,0.030810394071633218,0.03059267789683051,0.03083105407511305,0.03024175468030227,0.029031742818210582,0.030246887601361405,0.030025845002314033,0.03028418720303433,0.029057726825006736
0.0312768740685993,0.031819371990813305,0.031546444635558724,0.03181040410590963,0.031245201791412658,0.03178626983594246,0.03161463785826912,0.03136131241264217,0.031604898516199464,0.03175315172526644,0.03148210400634821,0.03134644581632168,0.03111901309145687,0.031363307336832014,0.03147851520421524,0.03173460608248707,0.03159582703739777,0.03137390435276849,0.031618318928645806,0.03174688879719928,0.031212710397813093,0.03175995060025827,0.03152597103838228,0.03180280560707882,0.0312470529111184
0.03264478705974572,0.03241126691297275,0.03213885272969996,0.03240059764673764,0.03260864021668364,0.03237421906974225,0.031419887070432584,0.031182456696188743,0.031409610578097935,0.03233129705332477,0.03206718006100662,0.031165593809984127,0.030941945753875322,0.031173866227339364,0.03205438548738848,0.032319144746798756,0.03140190973987056,0.03118761404179715,0.03141986261088764,0.03233107137302921,0.032574448428655256,0.03234996344627916,0.0321141699131724,0.03239227537513284,0.03261128528437618
0.03310716584467688,0.03204259616824345,0.03177934657763326,0.03202754841061067,0.03307075983308683,0.03200098526823786,0.030258185122007397,0.03005000485105863,0.03024869743398484,0.031955560445783404,0.03171034567705133,0.03003266308318492,0.029827272461023346,0.03003348976813336,0.03169015993453317,0.031952882307935915,0.030244877261015046,0.030050419399835104,0.030256315860403893,0.03196174551742825,0.03303931060967891,0.03198180964323599,0.03175631013174096,0.03202106998840376,0.03307364276127611
0.032656268156353085,0.03076147047852773,0.030513375009309895,0.030740210298806137,0.03262250378099851,0.03071339500425413,0.028235152815108022,0.02806033135485947,0.028226718488996216,0.03067422074480508,0.030451897264727912,0.028045507535694347,0.02787170597296046,0.02804563893811629,0.030431747887963434,0.03067635624811621,0.028226140399541577,0.028062704536423677,0.02823503060572724,0.03068292600937539,0.03259596267855153,0.03070121467455955,0.030497696305275546,0.030739626823481414,0.03262708605174214
0.03135243887413364,0.028686729189737137,0.028462044652905527,0.028659881175731983,0.03132139304306358,0.0286311017177161,0.02552650281043256,0.025385631477544857,0.025518254256070128,0.028602026393216406,0.028404913466773818,0.025375135423369943,0.025242261448937375,0.02538049526427366,0.028391388960070596,0.028600842918264757,0.025517963085061157,0.025394036323522773,0.02552943309891187,0.028608250163464688,0.03129844936456161,0.0286255513024527,0.028454948876322383,0.028667213058134355,0.03132989973684985
0.029307741299545165,0.025982958759889097,0.02579418135187278,0.025953921878316744,0.029277164119537902,0.025921346312661797,0.022344523921911774,0.022240873297195096,0.022336584305003737,0.025898495057585513,0.02573525686902156,0.02223541428615594,0.0221468272930353,0.02224658522826356,0.02572880722163301,0.025890230154835936,0.022334233016057248,0.022253564214398613,0.022349643685667664,0.02590128360857802,0.02925561043022895,0.02592224325403447,0.025792246405209163,0.025967508285584473,0.029290655324779757
0.02666762717950255,0.022838456836187293,0.022700111967731584,0.022810609940157267,0.02663699852361201,0.02277410011488029,0.018911867453578868,0.01885568467494686,0.018903909902267868,0.022752465538740385,0.022636223357910046,0.018851889284815015,0.01881076741804305,0.018863573843434678,0.022632947152938288,0.022739745441595183,0.01889990607728903,0.01886598002250134,0.018916228230658305,0.02275401884005379,0.02661521122002425,0.022781248380692176,0.022698400849809286,0.02282612303244763,0.026653430629780206
0.023602259170185713,0.019454575808071306,0.01937772060212989,0.019429772145398094,0.023573077324216818,0.019392427998763728,0.01545139809513546,0.015452497338465432,0.015444490955583645,0.019369858790562244,0.019313036889105684,0.015448096029925862,0.015455868606808254,0.015454590732064455,0.019308288377420768,0.019359208479066636,0.01544024380037351,0.015455219773458151,0.015453046635336032,0.019373632708043986,0.02355351443786352,0.01940617016971019,0.01937403609510424,0.01944387315953655,0.023589679531291596
0.020302446497116433,0.01604543172843015,0.01603383348947507,0.01602406032596171,0.020278880749281192,0.01599010209654428,0.012188833357604678,0.01225000916445751,0.012183844418247214,0.015970450349473864,0.015978368643842333,0.012244325028772152,0.012301818253828922,0.012244344575309929,0.015971084523092094,0.01596674764182776,0.01218140437786358,0.012245100849765267,0.012187612010265747,0.01597756747626944,0.020264648914803174,0.016009832446890138,0.016030138677854466,0.016035596079714942,0.020293064287816964
0.01697748687646594,0.012835064157489695,0.012885536903772199,0.01281707777462654,0.016963037396950265,0.012789595869980297,0.009348863319156242,0.009462832226172113,0.009346571373866186,0.012778959538780943,0.012847098053189066,0.009456925454567722,0.00956192708171466,0.00945392887604235,0.01284055532152123,0.012781150585634449,0.009346042017765843,0.009454273536067204,0.009346617744149188,0.012786863258182402,0.016955795185314315,0.01281333922694372,0.012884950608853363,0.012827064400074584,0.016973363491856963
0.013842412638920776,0.010042853383119277,0.010148342838519786,0.01002878847432559,0.013837931701102812,0.0100083952808106,0.007138194198066328,0.0072909233423729125,0.007138816388117086,0.010010122926309817,0.010127871579777847,0.007285790869056341,0.007430772479876946,0.007284239252214164,0.010126383508600512,0.010013646023091183,0.007138780149686996,0.0072826558853658074,0.007136689449303457,0.01001504236153028,0.013837280597084944,0.010033772752101155,0.010152129703723534,0.010038192011381786,0.013844768956762066
0.01109878302430567,0.00785991325356139,0.008012171716904049,0.007851292797984577,0.011102998844315204,0.007836818267526968,0.005719549817803649,0.00589560044478421,0.005723062489817521,0.007849129931301546,0.008005169340833174,0.005891613693479791,0.0060635595964740885,0.0058929723474500095,0.008009954074103542,0.00785049293656992,0.005721857009577835,0.005888370539558041,0.005719163785999348,0.007849035493312673,0.01110674333572187,0.007861489838197677,0.008018235872086499,0.007859024590311015,0.011106785588913759
0.008916157412225734,0.006428304880023494,0.006617309868644172,0.006426716241921149,0.0089270324835099,0.006417010780071397,0.005192066594662148,0.005377649302635623,0.0051984322099977165,0.00643504820797669,0.006619400627125072,0.005374289735926352,0.005556795289422933,0.0053765903585133445,0.006627891567932309,0.006434560781032939,0.005195489697568667,0.005369281739657783,0.005192182344899987,0.006431034990691198,0.008933182241348314,0.006439498146645517,0.006622558442741511,0.006430217187624154,0.008927248977442015
0.007421089060436203,0.0058340799751331884,0.006046057799281468,0.005840158694918607,0.007437813621733236,0.0058350545274535315,0.005589426628460625,0.005770716910995621,0.005598431269829951,0.005855069367993515,0.00605668608675447,0.005767220282747898,0.005943295969519646,0.005768056647735664,0.006064856330242785,0.005855590402556732,0.005594789228627883,0.005759478896844639,0.005589707544798039,0.005849601106734104,0.007445720495962482,0.005854638305913928,0.006049125136547873,0.005837208821580231,0.00743338933172899
0.006698210270926042,0.00611304900581322,0.006329496707907556,0.006125930153152437,0.006720576506825338,0.0061256163532815155,0.0068910264155814804,0.00705092859022971,0.006901708926986605,0.0061475093915344114,0.006349788169109805,0.007046570832099919,0.007199779928730887,0.007045835463369121,0.0063566507833711094,0.006150752720429309,0.0068985461840210816,0.007037751404380621,0.006891873581741925,0.006141645184263966,0.006730313573160063,0.00614175869086242,0.006331118391039392,0.006116108882905147,0.006711118927943238
0.00679297033825188,0.007258226640242449,0.00745760735084966,0.007276277163822231,0.006820149711494361,0.007279871887972522,0.009032338705974974,0.00915018364789999,0.009043855368886078,0.007305722014283034,0.0074861055221595585,0.00914315202469762,0.009258331566867395,0.009144619857496705,0.007494547931633844,0.007310106567899988,0.009040860157702113,0.00913853878140597,0.00903514226719826,0.007298492028689985,0.006830994117471734,0.007291594545001612,0.007458680355667546,0.007260814863020326,0.006806316602287366
0.007711095955154679,0.009220690763908301,0.009382087490711288,0.00924247131081768,0.007740666481865499,0.009247886482674383,0.011907093435253535,0.011962007059231894,0.011918825354277574,0.009277866733245543,0.009412304570270646,0.011950214182367358,0.012012167842959609,0.01195834590212852,0.009426234624580754,0.009279738895681067,0.011914694642095935,0.011954902305507387,0.01191301470250683,0.009267718770765043,0.00775028522051735,0.009253644656409599,0.009381782212947554,0.0092229666562762,0.007723991570887434
0.00941419048150366,0.011904672587412068,0.012010736638324082,0.011929539039755355,0.009442720114143821,0.011935122957359878,0.015363721670384689,0.015339480182963938,0.015375161721390307,0.011964750948360192,0.012034844640900877,0.015322460700932183,0.01531477010730542,0.015336791327601462,0.01205384709761348,0.01196186302680824,0.015368808535983602,0.015336554853645823,0.015371955870038811,0.011951526165378257,0.009447854128845468,0.011933125822057078,0.012006185370835476,0.011906480706343758,0.009424156424713948
0.011816439181296046,0.015166147849231038,0.015202679533177998,0.015193783373422143,0.011841160793627514,0.01520005259562296,0.019206605686405975,0.019093334386329763,0.019216501166768096,0.015221508315635957,0.015217165189803539,0.019073125639120003,0.018979975598100496,0.01908717303545704,0.015234955110475401,0.015215884095663545,0.019208751232695387,0.019090771630343006,0.01921425356706935,0.015207585536967771,0.011839733240560202,0.015188636166624359,0.015191095821564415,0.015166647864348515,0.011820537546194054
0.014789875396248764,0.0188233969327688,0.018776616449973027,0.018852590564967908,0.014809841963831616,0.018861229686932324,0.023211081386212196,0.02300362350098828,0.023217684682372397,0.018868855483253122,0.018783830175227667,0.022983128402347952,0.02279370151773319,0.022989807970796194,0.018792854699528627,0.018865289517808637,0.02321088336422017,0.022997823717741894,0.023215104672045905,0.018857668324645527,0.014802446415402237,0.01884013754087216,0.018757740109511478,0.01882116132713757,0.014786640877294421
0.018178654416883766,0.022678240220533108,0.02253295085401319,0.02270632734955369,0.018194415277828058,0.022717046664573415,0.0271505626804171,0.02684521526870559,0.027152800853604442,0.022711973848968614,0.022537203680866646,0.026826522804358932,0.0265371540675714,0.026823973099581844,0.022535298245490276,0.022713770179818016,0.027148563150250882,0.026836236697052263,0.027150444330007795,0.022705540582069084,0.018183313569737347,0.022688303384778785,0.022509613431055786,0.022671642375156342,0.018168967635515898
0.02181733290665744,0.026537146755899965,0.0262787795750532,0.0265605387942483,0.021829092708679332,0.026571114917176564,0.030820126017896132,0.030413717164727738,0.03081843524869643,0.026559929373940194,0.026280754823097774,0.0303951347236881,0.030010863970401314,0.030390984302823276,0.02627295909886801,0.02656433850925788,0.030815883055747784,0.03040670087133912,0.03081992609387091,0.02655516134987107,0.02181513835576615,0.026536435184500995,0.026255083282016034,0.026525429514333565,0.021802714732526984
0.025540443338909202,0.030221699416980663,0.029841734191184133,0.03023740406213471,0.025546232871491048,0.03024257371423056,0.03404734742897603,0.033538950742844964,0.03404159459968925,0.030231112187844744,0.02983426915183629,0.03351701164988968,0.03304717911597965,0.03352147957716389,0.029830510079647876,0.03023176858794424,0.034038307201034124,0.03353960728682748,0.03405032745176878,0.03022508050428402,0.025528843792086253,0.03020508038497216,0.029819912556977746,0.03020542436709467,0.025522384807438736
0.029185885186367055,0.033566851449152835,0.03306764230629611,0.03357381043356822,0.029182570321899748,0.0335693511225339,0.03668581570920032,0.03608301062067537,0.03667623997741787,0.03355735470087462,0.03303987078839332,0.03605542925536748,0.03551138690134681,0.036073665985406955,0.03304502142890331,0.03354838803439614,0.036669956690441985,0.036094046876310015,0.036693143631563285,0.033548310333638864,0.029158753096515833,0.03353096468980321,0.03304720607666417,0.03354790060469659,0.029164719906237313
0.03259388015324505,0.03641781393449933,0.03581315488082554,0.036417212686281175,0.03257823258945158,0.036402826007676914,0.03860947285408639,0.037931621211508504,0.038596186039625946,0.036382641370750424,0.03575854745505608,0.03789980925704378,0.0372933093866068,0.03792665547945551,0.03576839325320591,0.03636399257062706,0.03858703902588406,0.037949271000087936,0.03861879950029912,0.03637259232223761,0.03254510471152311,0.0363634938948556,0.0357907672552481,0.036397449196885034,0.03256769963659417
0.03560925956961569,0.038633941464086,0.0379448313703592,0.03862743254582435,0.03558009720359284,0.03860675401253655,0.039715739102489434,0.03899182250371325,0.03969763898276568,0.03856920965164057,0.03786597226928101,0.03896017513944222,0.03830614651971942,0.03898271404432585,0.03787002207960566,0.03854729014355757,0.039688783228409685,0.039009013773073975,0.039722403371912796,0.03856359981849655,0.035538258019243985,0.03856666182540275,0.03791832135235618,0.038612547808224595,0.03557666039601903
0.03809291585319041,0.04010418328932791,0.03935256487685823,0.04009137332879015,0.038051684186782675,0.040069302981826094,0.03994184489549796,0.039203518658216974,0.03991701738484449,0.0400108676150388,0.039258919769925404,0.03917595782999911,0.038496449143797906,0.039183719243256254,0.039248681019873444,0.03999438508441061,0.03991362269380305,0.039215170305067104,0.039942515449580496,0.04001607333590018,0.03800555500377323,0.040030913674274304,0.03932363009172729,0.040081687979691305,0.03805496501376043
0.039937206069829756,0.04076507649058225,0.039970128755726586,0.04074329271263816,0.03988696710456574,0.04072231394326242,0.039283371060702565,0.038557873105237506,0.0392504435684472,0.04064858943017524,0.03987155446427293,0.038536586335813694,0.03785935915979638,0.03852840574170374,0.03984720254691959,0.040641040077745494,0.03925632869002693,0.038564620107528924,0.039277619108388395,0.040667047396728384,0.03984164011195085,0.04069022387488591,0.039943888290859486,0.040741422532224236,0.03989806960531728
0.04107920731247788,0.040610346439831524,0.03979069375364486,0.04057677547635313,0.0410215460358766,0.04055459878152651,0.03779997387093348,0.03710942861602334,0.03775972709123754,0.04047609763476778,0.039688570257087497,0.037093006041981236,0.03644845211386122,0.03707746875285889,0.03966095223384425,0.04047395868760928,0.03777577838130586,0.037116870133521274,0.0377920173267019,0.04050674503163848,0.04098027715024022,0.04053418346923171,0.03977225817657748,0.040586362235001505,0.04104334034457652
0.041500702717890914,0.03968523322750611,0.03886286922107862,0.03963885565837533,0.0414353076500113,0.03961074486141014,0.0356057036902665,0.03496924747031527,0.03556056388773726,0.039536692881183666,0.038750995127443066,0.03495497861104202,0.03437059051803759,0.034943522444555675,0.03873268223534615,0.039530770860549735,0.0355843904448333,0.03498295633378734,0.0356008492083103,0.03957402457524084,0.04139702944710211,0.03960551962681591,0.03885419809066848,0.03966227877696815,0.041470110019260875
0.04121903307883579,0.03806899058289209,0.0372725306957043,0.03801204942579628,0.04114378796600715,0.037974558622877796,0.0328438810393753,0.03228251983598451,0.032796720116833766,0.03790617570777072,0.03714312869640424,0.03226883823537663,0.031766186091464366,0.03226684865479301,0.03714052387747685,0.037889727734806755,0.03282483182707152,0.03230287948628263,0.032844237134693144,0.03794615877407498,0.04110503112774244,0.03798449010628935,0.03727106754427212,0.038048319438446,0.04119189157273839
0.04027408142288552,0.03585833096151925,0.03512158481437122,0.03579541690518495,0.040188826113047915,0.03574943572069028,0.029667239743833174,0.029205637260196315,0.029620435278858992,0.03568145141744378,0.034974082271236606,0.029193722694544066,0.028788729965069426,0.0291975551192184,0.03498206584944241,0.035655362063008456,0.029650450543441786,0.029227474087930305,0.029670775997083954,0.03572318839574895,0.04014670039471979,0.035771966035538116,0.035122759375012025,0.03584041956894879,0.04024750477067407
0.038723344367060986,0.03316190705549715,0.03251833463655446,0.03309801843370308,0.03863059781028544,0.03304808168836271,0.02623068515087912,0.02589420456657987,0.02618593263393809,0.0329745515352593,0.032361864144350105,0.025886475635537032,0.025592394510147554,0.025886845426907112,0.03236905592269379,0.03294659768738212,0.02621677237179315,0.025910858413583593,0.026233358440598042,0.03302005677517211,0.03858644059629923,0.033080097001810194,0.03251921859476814,0.03314635030074359,0.03869563578446117
0.03664359525566108,0.030104740763327198,0.029582003143728663,0.030043335338033716,0.03654882163146811,0.0299951929307693,0.02269812825771078,0.022506293656050502,0.022656537300554613,0.02991598591275041,0.02943147045912925,0.0225046099365519,0.022333257797340522,0.022493958032799855,0.029428428817493302,0.029895170463672238,0.022688047173077375,0.022514167159093046,0.02269704714411991,0.02996620586380705,0.0365076653926491,0.030034091869751478,0.029583501082617092,0.03009144033536909,0.03661610738399351
0.03413789615926943,0.02683592659749151,0.02645295610672105,0.026778152961435542,0.0340470133676018,0.026735166178222025,0.01924830228208929,0.019209785123533385,0.019211318792462018,0.026656414360193892,0.026320173261606072,0.019213463314093238,0.019175721915911992,0.019192325652055753,0.026307280233223596,0.02664756788251288,0.019242637331185974,0.01921005574250323,0.01924394196248963,0.026710933761442124,0.034014227238659545,0.02678021364854316,0.02645822899243233,0.026825556376258386,0.034114147584373034
0.03133498785643568,0.023525816789609244,0.023293865419552917,0.023471565156262253,0.03125213459816417,0.02343297702544589,0.016069235445523078,0.01618175353761575,0.016039043110485762,0.023364236786783787,0.023181885583617112,0.016187406701148654,0.016289706912869795,0.01616380573066062,0.02316760532085954,0.023364164657485975,0.016068258489255083,0.01617817932177351,0.016064695548382302,0.023419031924397926,0.031230034535081885,0.023484420072475143,0.023304452672365583,0.02351876791263502,0.03131777641293276
0.028381305819582148,0.020351232674811703,0.020276858782127316,0.020301232560501203,0.028308445791951686,0.02026423820160772,0.013340953694760405,0.013594359840891357,0.013320083338396238,0.02021266429163232,0.020181771337013488,0.013598757215289747,0.013838641626851667,0.013581254427831535,0.02017629776015517,0.020214012955020344,0.013344542723013275,0.013590140446032906,0.013339390150237884,0.020262074024520238,0.02829576281468693,0.02032116203334733,0.020291910924794043,0.020347961313151697,0.028371358773329802
0.025425714422594392,0.01747620153193996,0.01756309886499019,0.01743287524781767,0.025363902375038327,0.01739515389646884,0.011214255247261273,0.011594128383202618,0.011204389826562633,0.017362381658113546,0.0174802417554204,0.011595740802280985,0.011960273871659766,0.011587380540447834,0.017486798136900128,0.017359340104659338,0.011221734472431855,0.011588733865018797,0.01121664350415752,0.01740173396829342,0.025356344069143832,0.017455135542017497,0.01757929014925802,0.017475831080155657,0.025421415006915082
0.022605958091455325,0.015037179164804848,0.015284547634110024,0.015003824216626993,0.022556427664135348,0.014965659488851923,0.009797326163634767,0.010285920628740175,0.009798535685698107,0.014948678058993026,0.015214592726441989,0.010285403581008712,0.010753576782407515,0.010283062055824688,0.01522852051536483,0.014941803451490654,0.009807882090270947,0.010276589874906983,0.009802245427595335,0.014976671653291529,0.02255178746288633,0.015025751805930798,0.01529863629585787,0.015038477199256328,0.022605363806234735
0.020043454980153363,0.013139964304955287,0.013540292103754403,0.013119682434862057,0.020008755538794498,0.013084362415684225,0.009156307888516124,0.009732111152169709,0.009168032353442213,0.013079462944844411,0.013490013647043553,0.009730087779479868,0.010276426359656199,0.009728622064010595,0.01350320992427001,0.013073593530609051,0.009169005953987952,0.009715663399974928,0.009161393002303564,0.013096469561362234,0.020007019530052073,0.01314051265339855,0.013550628312852975,0.013141517692595084,0.02004524741357211
0.0178434505240323,0.011865349307116357,0.01240232113288553,0.011859236039045762,0.017826316212452897,0.011830607072368104,0.009324410217187551,0.009959289460392207,0.009345531936980178,0.011837187453970943,0.012379879948832051,0.009954702664993709,0.010552096012613144,0.009952270556239873,0.012387855066255393,0.01183747686769071,0.009338304757590454,0.009935787230637372,0.009328604360048953,0.011844657489310628,0.017829888385381576,0.011880217261578896,0.01240988234947471,0.011866733549858344,0.017848031482755156
0.01609922675093689,0.01127554626316346,0.011924789582622164,0.01128268391224585,0.016101311001349206,0.011262799560977255,0.010309756284206217,0.01096817374826381,0.010339177955756063,0.011283479723038004,0.01193354779958411,0.010958381125997452,0.011578059686901176,0.01095773987286186,0.01193836796896064,0.011290934707136768,0.010323977460717337,0.01094108118746806,0.010314099999551796,0.011281795427903418,0.016112004737712682,0.011304108516697886,0.011931199709648621,0.011277089628311365,0.016108094693216557
0.014892071381018002,0.011413686613546525,0.012145207910844391,0.011432180496034172,0.0149126586007719,0.011420528557855136,0.01209542082222509,0.01273638105361019,0.012131879096604181,0.011457982006760126,0.012181107895496202,0.01271836084848954,0.013328112920689639,0.012724445766953973,0.012189027033556066,0.0114689661584636,0.012108723216257555,0.012709625372654743,0.012101053407450935,0.011445737847282422,0.014929274687723204,0.011452020355284198,0.012150493774549798,0.011415558540233628,0.014905454491777603
0.01428414268693401,0.012294929990547265,0.013076428570795329,0.012323784901523138,0.014320839574032962,0.012318471971028866,0.014629777049323445,0.015210955962754125,0.01467222511584082,0.012371607281613017,0.01313090628522423,0.015184051237944307,0.01574699332659729,0.015199238011157523,0.01314599390477117,0.012380962651283023,0.014640732799766243,0.015186150937286702,0.014636952151974414,0.01234734938285853,0.014339603302070847,0.012338158935445376,0.013078147802879136,0.012297268038454767,0.014300730880686785
0.014310545148041587,0.013898209843232978,0.014695482190094977,0.013937028532088946,0.014360293202319296,0.013937350235253665,0.017820293912472196,0.018301172075425143,0.017867089021014193,0.014000030014591214,0.014761581793226786,0.018267892909957506,0.018743738208913563,0.01828911640197517,0.014781259410467928,0.014005737152858633,0.017827492354769825,0.018276891263406425,0.017827474515059227,0.013964202371042567,0.014377356999912438,0.01394271283173254,0.014690229757357287,0.01390054745872954,0.014327600266538953
0.0149745529696379,0.016164444914463116,0.016940180648011283,0.016212862191324673,0.015035104826275236,0.01621972564833024,0.021537319118601628,0.02188081946137893,0.02158578699918473,0.016283755930912913,0.017016350651789525,0.021844523743482946,0.02219367932971028,0.021864901610192444,0.017032486892984533,0.016288695896565897,0.021539356965214085,0.021853907353585444,0.021541768203002964,0.0162392683427805,0.015048948410617491,0.016208813836411207,0.016926153479348838,0.01616555650260426,0.01498952265218495
0.016250332665107003,0.019005223398664783,0.019717850932345682,0.01906143864899329,0.016320618468692483,0.019076049195866973,0.025628549152883373,0.025800196517164642,0.025675596985888005,0.019135532348709405,0.019806158657256046,0.025762698883924295,0.02595091310343045,0.025776953874815767,0.01981107212536487,0.019145161769668628,0.025624468059932348,0.02576954586591973,0.0256283797501351,0.019086957709496255,0.01633266603889294,0.01904898515807918,0.019696276213951258,0.019003676961450167,0.016262514024469987
0.01809196161526827,0.022316972793364864,0.02292140692431932,0.022376911070112526,0.018171071867313815,0.0223984542849881,0.029938071351724438,0.02990517078728916,0.02998073774467136,0.02245362781009902,0.02302188165469904,0.029864572956855406,0.0298658866879582,0.029874057174902657,0.0230152089366501,0.022471127517520173,0.029927659042950694,0.0298733847973362,0.029934039434152904,0.02240457175779642,0.018183759924876863,0.022358109171469243,0.022895980761189594,0.022311241248457847,0.018102502761745187
0.02044261351505655,0.02599081675305942,0.026443220377057264,0.02605024620883134,0.020528063910774774,0.026075630797420646,0.034317059690752605,0.03405040075317195,0.03435387494960862,0.02612959177872709,0.026549872842099198,0.0340017404503411,0.03379854646447766,0.03401374905847243,0.026538206145935883,0.0261521695896334,0.03430010647492543,0.03402331190931562,0.034312642386410075,0.026080475077504106,0.02054172692277284,0.026025330526654067,0.02641714949650653,0.02598036846694962,0.020452679792524076
0.023237461881159105,0.02991577651430044,0.030178108026372275,0.029971221391045244,0.023324722461154634,0.029995339507892127,0.038624865323720614,0.03810099553631807,0.038654477200439574,0.030050731992360413,0.030277609310321252,0.0380400718008973,0.0376200244445134,0.038061874591068245,0.03027116504960231,0.030070943415037354,0.03860042530390373,0.03808362393877507,0.03862216789766448,0.03000014462760736,0.02333613593043954,0.029937696446827256,0.030151666649045394,0.029900516085059503,0.023246807088682542
0.026400135448809703,0.03397286076665629,0.034016758923547,0.0340225537241538,0.026483844127085543,0.0340410891336933,0.042720430029124956,0.04192759802520479,0.04274196358334631,0.03409562738354294,0.03409407482327864,0.04185384766675071,0.04120825341518741,0.04188808284895107,0.034098585160450334,0.03410638771724617,0.04268780754253804,0.04192064711281579,0.04272044808724984,0.034042923174068485,0.026487686508726904,0.03397780503747283,0.03398724403564096,0.03395346024464968,0.02640644658033342
0.02983917114206136,0.03803179832976322,0.037838373098334765,0.0380754271087157,0.029914382428123387,0.03808735656844131,0.04646013433957086,0.045399330441915076,0.04647199084139131,0.03813315509294496,0.03788387567918755,0.04531762574603221,0.04444182837058008,0.04535769908016296,0.03789552470305518,0.03813231715926996,0.04641887132437039,0.04539913247054328,0.046460269097350126,0.038079774690331414,0.029905405102397864,0.03801771813842564,0.03780133200608765,0.0380087324366889,0.029839013859669694
0.03344712438053632,0.04195385795143147,0.04151081997727257,0.0419913806278055,0.033510622623752095,0.041999017865527066,0.04970363203558453,0.04838759333581005,0.049703807624776386,0.042025275414052654,0.04152490641004808,0.048305371415164944,0.04720294884887105,0.04834043870915933,0.041531394414350886,0.042018461916245475,0.0496535018272759,0.048388961861650925,0.049699631878510064,0.04197634997583405,0.0334879029434379,0.04192239910327944,0.04146437314987944,0.04192738581311822,0.03343817376993197
0.03710802511008576,0.045603053047526654,0.044901706566077726,0.04563296281982998,0.03715793536922862,0.045639220530271196,0.05232786612105356,0.05077795504148008,0.05231412312259365,0.045639097010444274,0.04489022446408142,0.05070187570819329,0.049387189410190546,0.050722583826437684,0.044881781514166275,0.04563562462269499,0.05227014368796307,0.0507781856044382,0.05231767212294758,0.04560233773954614,0.037126509882035696,0.04555808026893299,0.04484837969527394,0.04557375367865235,0.03709107752615215
0.040708139951966205,0.048862773594675335,0.04789605802331498,0.04888114165492563,0.04074442296756042,0.04888672241549419,0.05424641324846502,0.05248876461361385,0.05421769679293437,0.04886094562542592,0.04786586395106568,0.05242178193485453,0.05092132110594,0.05242737078650428,0.047840441082099616,0.04886632644795735,0.05418345096252136,0.05248939926169499,0.054230752868602294,0.048842431347294823,0.04071042395316282,0.04880695726528966,0.04784242377857589,0.048830635665850275,0.04068771749265637
0.04415008055749903,0.051646122424032326,0.05041161837768349,0.05164868567798425,0.044172557710815796,0.0516506057958625,0.05541900520004872,0.05348214897942605,0.05537503421761075,0.05160647863760304,0.05036431134464314,0.0534243386318346,0.05177304576464037,0.053423123412163986,0.05033019193527233,0.051620073667285216,0.055352520521370685,0.05348840892142526,0.05540132558208144,0.05160809046623377,0.04414096224059383,0.0515802517100864,0.05036572503466469,0.051611304951092674,0.044130959423707594
0.047356051657813314,0.05389660566372678,0.05240254616778217,0.053881354965361505,0.04736259136502308,0.05387477446766681,0.0558437991786912,0.05376135344337957,0.05578681233520849,0.053819427366812445,0.05233301149152725,0.05371160610785858,0.051949815560092094,0.05371490627846953,0.05230336765149601,0.05383382206227533,0.05577552970514771,0.05377886267136334,0.05582738932614828,0.053839276537989034,0.04733354464482359,0.053818793027473555,0.052367334339981864,0.05385938733972018,0.04734110742716957
0.050264261475071625,0.05557858956277384,0.053847386176324785,0.05554707329178521,0.05025166498051492,0.05552790545092623,0.05554134207286865,0.05335709988807996,0.05547518768010451,0.05546517019921293,0.05374847907576469,0.05331531838489284,0.051486166568338376,0.05332859279931773,0.05373313058327056,0.05547141547954665,0.05547364733783394,0.05338856486695326,0.05552835605431017,0.05549842752369338,0.05022135878164069,0.055486715201346515,0.05382076333173991,0.05553959990998869,0.050252721802338196
0.0528201264670608,0.05666605312209294,0.05473453037026155,0.0566223831849611,0.05278650119234363,0.05659151665750439,0.05454191597934954,0.05231215716294996,0.054469655327493205,0.0565188996227578,0.05460414116528478,0.05227998035791259,0.05042873672002263,0.05230083231802002,0.05460263541552285,0.0565123743281819,0.05447671814541716,0.05235476047532439,0.0545322723569035,0.056560822581064596,0.052748959318920985,0.056560285447332936,0.054710859176461846,0.056626510441323885,0.05280793032835557
0.0549708755391482,0.05713875849551786,0.05505311991166484,0.057087301703125704,0.05491684807142433,0.05705043337091592,0.052883151626989866,0.050673400880158426,0.05280602683717012,0.056962291490159855,0.054897813865815936,0.05065373755364033,0.04882885853983504,0.050673749751157626,0.05490023524881171,0.05694519366108447,0.05282150920176559,0.050720869907004695,0.05287574635343539,0.05701125462754408,0.054869170843290516,0.057024045304158166,0.055028848522485685,0.05710064539399673,0.054954107496088866
0.056667583170133484,0.056987183297236454,0.05479740584382914,0.05693070468608419,0.05659597689029228,0.056895569089223386,0.05061771170193613,0.04849564638906184,0.050536056389715645,0.05678736790964295,0.05463057815090666,0.0484916411941167,0.04674378492518849,0.04850059183672645,0.05462420699858883,0.05676777085515877,0.05055986347656127,0.048541073404229806,0.05060996125306455,0.05684535250435141,0.056540686916556226,0.0568719444238901,0.054773588921316785,0.05695262779366905,0.05664488439199161
0.05787371005285197,0.056223865125072325,0.05397883680681298,0.05616268690072013,0.05778846951093958,0.05613480876926902,0.04782437579209192,0.045853009025593416,0.047739493997149385,0.05600723606253322,0.05381524585037584,0.04586649467942583,0.0442460275828252,0.045857986949960405,0.0537926211771082,0.055994465877048594,0.04777230325540738,0.04589280128054468,0.04781448115230352,0.05607803114694526,0.057732675379467635,0.05611547906267539,0.053960774199804384,0.05619430187654567,0.05784791165441472
0.058574777546046786,0.05489197304986626,0.0526380667736257,0.05482448797387629,0.058479575143809415,0.05480517389595463,0.04461467291830962,0.04284655262755804,0.044528462269554425,0.05466462706336728,0.052487612816282336,0.04287801254792484,0.041434430864218,0.04285423727485238,0.05245123850000766,0.054663279454184754,0.044571696444107634,0.042883819509255294,0.044603662700797464,0.05475006781698638,0.058430863285778956,0.054794055443277756,0.05263288877889516,0.054868649900047084,0.05855140008604759
0.0587835608749368,0.053065791571972,0.05085011575332565,0.05299053365687029,0.05868024244756359,0.052976217772546685,0.04112719324726344,0.039606212111687744,0.041042839402085474,0.05283246861525076,0.05071320737150503,0.03965257243333897,0.038434277763079505,0.03962455340024995,0.050674403046718386,0.05283991703625818,0.041096326290776475,0.03964655155579094,0.04111814775157985,0.052931267711847974,0.05864294551916527,0.052978676201077546,0.050862295065370655,0.053049171321258304,0.05876736723074233
0.05853640445517616,0.05084059089697662,0.04871393967796955,0.05075787336792309,0.05842489338237583,0.050743455583586616,0.03751122293521669,0.03627706977916312,0.037431957635783775,0.05060442136339244,0.048583767617661755,0.036333452376207775,0.0353824543435608,0.03631163750466809,0.04855547021741702,0.050612699167416564,0.03749364299338287,0.03632371377906618,0.037507461900171735,0.05071182542096925,0.058398155777026395,0.050761968598521,0.04874265707029718,0.05083042903335022,0.05852886443919114
0.057882899652230535,0.04831691157948598,0.04633492604322509,0.04823044429594103,0.057762885883589354,0.048212141418218946,0.03390935858885996,0.03299958625793453,0.033837781842753156,0.048080397725319524,0.04620514247062296,0.03306138093500327,0.032409963027385746,0.033049438067748016,0.04619243883656621,0.048081956815900495,0.03390280072801688,0.03305015884431639,0.03391063044333814,0.04818908683246731,0.05774084093484161,0.0482434735560337,0.046373968066872495,0.04831247570208863,0.057881556968071124
0.05687484056628206,0.04558864004230717,0.043809313783765236,0.04550371311416773,0.05674720514428738,0.0454812465086597,0.030442317083973436,0.029894396074465757,0.03038117602907886,0.04535513555896231,0.04367866173214685,0.029958737364807253,0.02963000452368586,0.029952013992828264,0.043677008500638104,0.045347840951161955,0.030445617743854292,0.029942547109793494,0.030448823297835603,0.04545937916334147,0.056724405972551184,0.04551976702622218,0.04385140654819897,0.04558949905820969,0.056875340320748424
0.05556130596116293,0.04274141318081742,0.04121994083086428,0.04266314467874194,0.055429128941099415,0.04263950536243116,0.027214575862934853,0.02706136194250769,0.02716721267017086,0.04251603722982028,0.041094225618847846,0.02712632274016069,0.027136609019068003,0.02711677960768344,0.04109303615151971,0.042503343285589246,0.027228782513852412,0.02710027076159799,0.027226277474520333,0.04261396009421786,0.05540389814291846,0.04268098126958564,0.04126111014858652,0.04274694706678028,0.055559939557471516
0.0539908857679296,0.03985852637900894,0.03864211571197973,0.03978936141323414,0.05385937091324089,0.0397687041523474,0.024328018791784423,0.024588199777797637,0.02429322680139312,0.039647657819807336,0.03853033679222517,0.02465133259513763,0.02501012976214212,0.02463288155363219,0.03852123171090305,0.03963659096653138,0.024351344693238686,0.024613603252259197,0.024341753574007308,0.039740474447230056,0.053834929682913424,0.0398128035093272,0.03868338302500812,0.0398683914850822,0.05398726980202129
0.05221881643969151,0.03702864756613161,0.03615480228818996,0.036968805533880045,0.0520930406730008,0.03695343754523139,0.021883522877356842,0.02255813255990413,0.021859491755735316,0.03683812323545854,0.036065103518977626,0.022617726316649434,0.02332648927818698,0.022589618846686588,0.03604595916926312,0.03683460912725417,0.021913222152049716,0.022570675548260533,0.021895616212340763,0.0369278887865328,0.05207488279439654,0.03700221405846571,0.036199761733283486,0.03704280505904767,0.05221563880601582
0.050311804447376485,0.034348881869780135,0.0338463685910535,0.0342972632906009,0.050195258356859174,0.03428581582031043,0.019977938867109968,0.021054201419044183,0.0199654346279049,0.03418223108693036,0.03378137264996356,0.02110792788008603,0.022158541748876603,0.021075987608366265,0.03375749536970546,0.034188726327467445,0.020014275909893797,0.02105818872151255,0.019989797775460227,0.03427008472782833,0.05018834521645027,0.03434255425249377,0.03389840056497223,0.0343679671570854,0.05031321550595824
0.04834772320698999,0.031920731594319796,0.03181138716956955,0.031876739753922634,0.04824174085923205,0.031864748700338286,0.018700247325338815,0.020152587982581127,0.018701697092063208,0.031780135263993314,0.03176655336536427,0.0201982217669342,0.021573026160392472,0.020170621198986993,0.03174866750378291,0.03179253221892486,0.018744085791934872,0.020152620149455902,0.018714682365888802,0.031862684963304466,0.04824680089910155,0.03193060883331911,0.03186982914290365,0.0319445043921312,0.04835572774900204
0.04640915046104699,0.02983874643262968,0.03013910277889842,0.029803299284725582,0.04631423722782757,0.029786937070171327,0.01811816301785002,0.019912137032681243,0.01813513482325585,0.029725097685973312,0.030106456301408624,0.019947122227830127,0.021616874866068503,0.019928922797889492,0.03010252795381796,0.029736295907900834,0.01816850813032833,0.01990891863406763,0.01813613285835708,0.029796885006122042,0.046327992926966766,0.029859333783931852,0.030199042859091252,0.029865877927268802,0.0464227335160462
0.044572830271688846,0.028178648960127617,0.028899998599340393,0.028154364396811515,0.04448920628493713,0.028131825986235093,0.018265568721363035,0.020360684450431377,0.018298869455571576,0.028091923232282323,0.028873045415480025,0.02038346057042978,0.022307709879765547,0.020373587117323844,0.028883284591772973,0.028096806870185953,0.01832028008716191,0.020350878874902223,0.018286392096086457,0.028147359405454875,0.04450685313446012,0.028205620747938087,0.028954111684955208,0.028207346738945704,0.04458850636495715
0.04290269031067834,0.02699273043986078,0.028137886536214074,0.026982923751931287,0.04283227466078815,0.02695532802531203,0.019143895305318903,0.021494139279151725,0.019193210554039664,0.026933351979426368,0.028116606140210165,0.021503795808229254,0.023632573518163724,0.021496420516645076,0.0281331760594008,0.02693147138714519,0.019200141927393166,0.021472439137844856,0.019165451159087077,0.02696886319262759,0.04284951531752412,0.02702469799857321,0.028180769588837862,0.027020492956436992,0.042916834241004176
0.0414484850712008,0.026312445968043163,0.027872629566094598,0.02631828123134622,0.041394537535986264,0.026288645232523944,0.020731828374620176,0.023282534777590125,0.020794905243127826,0.026281448821456554,0.027862170619740445,0.023278115197369442,0.02555517917527922,0.023267988739617662,0.027875992725949872,0.026277242270908552,0.02078755899693896,0.02324545694434127,0.020752837346543762,0.026297369423059935,0.04141046115802027,0.026351049698467355,0.027903574308427714,0.0263371531537806,0.04145909417477561
0.040250023073243324,0.02615638744163984,0.028110506052221207,0.02617669723189253,0.040215948587185024,0.026147760230983308,0.022997061053335432,0.025681455283592447,0.02307006357366037,0.026155150128449267,0.02811747095288686,0.025661963304471624,0.02802686868941462,0.025647847071916696,0.0281239202721022,0.026154423124597537,0.02305050771534989,0.025630166607059968,0.023015930522897632,0.02615454334765971,0.04023330968826966,0.026203661828649416,0.028132670687343098,0.026176863499378034,0.04025818061255859
0.03934487950507293,0.026538450916059997,0.028855088603508827,0.026570746574330062,0.03933269257987082,0.02654354871223552,0.025902651085437933,0.028643300450664766,0.02598246344975208,0.026568306504558215,0.028883150191509444,0.028607266557091893,0.03099668693089397,0.02859375721576035,0.028885201723695797,0.026574111540689727,0.025952632406135323,0.028583930442112604,0.025919625205354735,0.02655470666540366,0.03935549701702823,0.026595923187671566,0.028873076152652333,0.026554752623383582,0.039353675095763485
0.038770998325586004,0.027469514184580157,0.030110350948315878,0.02751138295739386,0.03878004937435342,0.027484317664946856,0.02940419726557303,0.032116746250968164,0.029489805729188634,0.027530075230510653,0.03015691139259663,0.032063312465446414,0.03441093155061403,0.032057872833354095,0.030163001417655433,0.027541135625119728,0.029450251831461216,0.03205612714922257,0.02942096172744596,0.027505242827516874,0.03880997574823536,0.02753557128042955,0.0301265960760696,0.027482425263876675,0.03878344245423504
0.038564578418004314,0.028953260797769276,0.03187606789021641,0.02900297884259384,0.03859236171140479,0.028973427829018683,0.0334424989767525,0.03604148499976151,0.03353415909907187,0.029041667279578798,0.03193387618000254,0.03597057962833361,0.038208060669711386,0.03597902720844959,0.031952032611018366,0.029053369230026715,0.03348432480841651,0.0359836787548814,0.033461034372663845,0.029005369700332406,0.03862766243498894,0.029023266019354677,0.031888801554122714,0.028963704282771063,0.038581483464570854
0.03875435248063391,0.03097723586813983,0.03413728495484658,0.031034934348714516,0.038797410424878276,0.031001420295586946,0.03793671977907975,0.04033984539980212,0.038034176469118275,0.03108875426846841,0.03419756595214796,0.04025268550173722,0.04230964852724639,0.04027443398526198,0.03423018049944326,0.031096209535315056,0.03797307220453228,0.04028382521274465,0.03795734271069273,0.03103988962007026,0.038833601378627514,0.03104595959646772,0.03414114285365871,0.03098591488074015,0.03877324422833767
0.039354201909528375,0.033508451018367136,0.03685631223534763,0.033574387547930296,0.039409914564397075,0.03353780565626496,0.04278312597786421,0.04491320511416641,0.04288469719250515,0.03363668215260496,0.03691313299066884,0.04481180337107904,0.046617902274136314,0.04483936658694454,0.036954150812862074,0.03363833980946718,0.04281201365960802,0.04485355240349975,0.04280407741819764,0.03357497055007819,0.03944180633169797,0.03357218894791325,0.036845438261050745,0.03351485729064224,0.03937117835370396
0.040360141841325636,0.03649329116313321,0.039972075528645956,0.036566830624690405,0.04042727944674113,0.03652939025115931,0.0478630465122204,0.04964693981229107,0.047965840651762126,0.03663093630933639,0.04002480967626465,0.04953345974920864,0.05102174987513214,0.04955685794193626,0.04006317740731774,0.03663067694873379,0.04788349050425428,0.049579528011580165,0.0478829569153133,0.0365595539755067,0.04045298608585329,0.036551284043490395,0.039944985581852666,0.03649660294513407,0.04037254207530122
0.041753618368616574,0.03986584246257524,0.04340995009755649,0.03994403998190782,0.04183229443815001,0.03990816340368891,0.053058249471787444,0.05442346407867449,0.05315716569381573,0.04000652245409414,0.04346087909658708,0.05429891824921412,0.055409918333775454,0.054312075482059186,0.043487759392694725,0.04001007372349985,0.05306958867337669,0.054347416003583615,0.05307604111968339,0.03993101347013628,0.04185339197623661,0.03991873963352477,0.04336989263952262,0.039864127186180376,0.04176108086661223
0.04350936630897162,0.043557806421354095,0.047095395183295974,0.04363585623196353,0.04359996852420245,0.04360219094576723,0.058263473920289466,0.05913720587739074,0.058352606970854315,0.04369746860988227,0.04714700310466785,0.05900251588748562,0.05968424637664438,0.05900704157119224,0.04716052879425259,0.04371000889570309,0.05826593347121489,0.059058121408747,0.058279373091618736,0.04362445451426783,0.04362115846624831,0.04360826082051916,0.04705036420762876,0.043551276963502805,0.04351486522130876
0.04560318849004985,0.0475071574061422,0.05096484208921365,0.047580349214894624,0.04570449013497835,0.04754809327899162,0.06338971906449808,0.0637023020779528,0.06346459465716797,0.047643324075288374,0.051016483345311336,0.06355722425651561,0.0637675524153215,0.06356041463565204,0.05102253405120993,0.047665784550015355,0.0633831413261009,0.0636283006947253,0.06340413763414315,0.04757704067470775,0.04572994238956496,0.04755596301082643,0.05092168845258421,0.047496700136718695,0.045610614991675624
0.0480149073453795,0.051658710277379505,0.05496693490625382,0.0517249469771377,0.04812330889605487,0.051690555024858864,0.0683580654342425,0.06804999106016557,0.06841858325052996,0.05178974216098409,0.05501274506932591,0.06789420869811347,0.06760153545784042,0.06790511549711808,0.055022981416139094,0.051818867636578,0.06834243527488937,0.06798824706102108,0.06837312260401307,0.051730596799019035,0.04815428260661564,0.05170380874170721,0.05492791917658724,0.05164599046387752,0.04802687513554493
0.050725815981638,0.05595899770862428,0.05905598084683483,0.056018608790669666,0.050836499574554606,0.05597883806315629,0.07309111546169111,0.0721190252269488,0.0731401839753299,0.05608298117246502,0.059085550691048705,0.07195343010308602,0.0711377864593844,0.07197840459819482,0.059109974777268925,0.05611114226967717,0.0730664659104519,0.07207253602390745,0.07310972352068218,0.0560273302367949,0.05086961358056302,0.0559955613151355,0.059016904493499,0.05594476444425894,0.05074160269948902
0.05371250067855887,0.06034849611007875,0.06318031108853656,0.060403169745563035,0.0538209613110181,0.06035739568798004,0.07750727939618657,0.07584603238699211,0.07754710108084972,0.060462866563478546,0.06318556743779252,0.07567286364440484,0.07432419963240589,0.07571071873194923,0.06322512186908258,0.06048274950006122,0.07747261835322322,0.07581213351157662,0.077529461214848,0.06040526364130483,0.053849215316877586,0.06037139768322103,0.06313366867012837,0.06033292623307707,0.0537279775175305
0.056940619640550305,0.0647567365096341,0.06727479717514967,0.06480826003960183,0.057043837720054114,0.06475819412329176,0.08151806540752671,0.07915946011362668,0.08154795833818934,0.06485678464334244,0.06725267979998467,0.07898204605262632,0.07710036797845715,0.07902320767763205,0.06729884630866179,0.0648660300444649,0.0814713070614761,0.07913128244774825,0.0815392583599659,0.06479531897846297,0.057060902469842134,0.06476326709153069,0.06721419374748405,0.06473970041493421,0.0569502029493375
0.06036269927033422,0.06910431598775396,0.0712615288488882,0.06915291642832805,0.06046013556455254,0.06910237338719233,0.08503640326353079,0.08198561319481668,0.08505326940344105,0.06918467622231955,0.07121563938116021,0.08180844687237476,0.07940498301229199,0.08183966525589143,0.07125457639034777,0.06918748704935151,0.08497473468278477,0.08195555607307087,0.08505128583522836,0.06912199737107388,0.060463382730902016,0.06909465905051321,0.07118589395490915,0.06908527691826488,0.060362496676659716
0.0639227223368194,0.07331147592332898,0.07506124315257379,0.07335494144880372,0.06401573472929328,0.07330775769049164,0.08799170257066802,0.08426307204395428,0.08799160472194495,0.07336723959222263,0.0749980543036885,0.08409108083429523,0.08119043809968474,0.08410446523400772,0.07501797943395616,0.0733713920229967,0.08791418887843738,0.08422811170384831,0.08799787165693579,0.07330923489429314,0.06400730479995603,0.07328803880077683,0.07497448324019074,0.07328829502080086,0.0639123404497014
0.0675650051501761,0.07730938488017619,0.07860687077094342,0.07734345031193829,0.06765503187798749,0.07730168045562297,0.09034367438840607,0.08595701866732047,0.09032260202683945,0.07733830123841351,0.07853244236894907,0.08579480985319426,0.08243217811940756,0.08579062880131666,0.07852999933459004,0.07734981501782057,0.0902520582510114,0.08592008782761029,0.0903405692480656,0.07729066146335473,0.06764067105178129,0.07727521910391028,0.07851511198782146,0.07727860338875786,0.06754758861087873
0.0712428863461747,0.08104752450314873,0.08185225446447653,0.08106663707455058,0.0713294620238869,0.08102969424873913,0.09208205071914422,0.08706393310466737,0.09203724199465824,0.08104969629774411,0.08176886197681627,0.08691261933599037,0.08313375414654295,0.0868982181985678,0.08175159730840076,0.08106958541396908,0.09197811689259677,0.08703213438564689,0.09206914122974952,0.08101630655878517,0.07131628482539953,0.08100384289958878,0.08176200924755217,0.08100792133025242,0.07122303406896574
0.0749215007009405,0.08449326649472699,0.08477518583743943,0.08449469535826709,0.0750031733145376,0.0844585945506926,0.09321608104827311,0.0876063754438926,0.09314884802400708,0.08447049484010472,0.08467952562876246,0.08746304665736904,0.08332601114266713,0.08744999116592261,0.08466170277235424,0.08449380288001929,0.09310023056145972,0.08758644175099678,0.09319368782265014,0.08445093477569376,0.07499513451846646,0.08443969824416614,0.0846910239099487,0.0844471316576268,0.07490264537338703
0.07857711471828666,0.08762746378455633,0.08737244960078899,0.08761328650284528,0.07865162118706076,0.08757236368714227,0.09376343690003541,0.08762024476511188,0.09367843629335193,0.08758142629229732,0.08725666265052612,0.08748290840986195,0.08305641564924182,0.08748101706489408,0.08725226595421404,0.0876007176346918,0.09363690219772153,0.08761580775980127,0.09373454849101137,0.08757128533414377,0.07864696491939455,0.08756142687780444,0.08729404228885174,0.08757784996368434,0.07856057190855104
0.08219198880172196,0.09043638442287566,0.08964663349655944,0.09041126570254926,0.08225667609574805,0.09036172442222246,0.09374181304226836,0.08714131379562934,0.09364418551797082,0.09036749863439592,0.08950245352478636,0.0870125143056078,0.08237311260293939,0.08702459519763217,0.08951795344331565,0.09037550207486872,0.09360701760748774,0.08715244167744696,0.09370978845455108,0.09035949950207955,0.08224855980053514,0.09035371315053115,0.0895672027248407,0.0903835160906391,0.08217593831052977
0.08574655601938708,0.09290238164022174,0.09159156790672246,0.09286988364692844,0.08579861641225656,0.09281352140463978,0.0931654951670226,0.08619876805115162,0.09305739626159831,0.09281025969263623,0.0914163696192995,0.08608365226793491,0.08131138545201205,0.08610300944288629,0.09144608396687753,0.0928010678739895,0.09302294385679233,0.08621933389653014,0.09312974210069236,0.09279730606368386,0.08577757646743056,0.09279952713736561,0.0915016179187747,0.09284390903869111,0.08572586515965852
0.08921184219804645,0.09499986626994406,0.09318739976606427,0.09496159274807342,0.08924988013369095,0.09490437587112732,0.09204746667490515,0.08481438529068436,0.09192808136187758,0.09488409792967584,0.09298745314200457,0.08471858074901051,0.07989600806630814,0.08473175366080893,0.09301737069100918,0.09485822163907925,0.09189461553941164,0.08483564772029628,0.09200260035437385,0.09486572668101778,0.0892104764241054,0.0948773931584993,0.09308285812467171,0.09493505405844088,0.08918093172379304
0.09255080321734005,0.09670158737482054,0.09441079992551482,0.09665792771675125,0.09257671983033877,0.09660661325484887,0.09040777415932844,0.08301333358406726,0.09027532143994926,0.09656269786412419,0.09419841843145427,0.08294101868740739,0.07815597059223378,0.08293563444094487,0.09421324563002076,0.09652744999640961,0.0902431108638313,0.08303006398171181,0.09034838326563926,0.09654480069959992,0.09251987990772365,0.09656485445040858,0.09429528407493615,0.09663127495630691,0.09250666896788473
0.09572690874014417,0.09799064044731981,0.0952486162110791,0.09794074510822631,0.09574453862617677,0.09789968546114675,0.08828643371347339,0.08083713004986698,0.08814014681870036,0.09783040159018197,0.09503600637088022,0.08079111340643741,0.07613706060099612,0.08076362190459702,0.09502782340110594,0.097795395277193,0.08811336499431627,0.0808501066339457,0.08821206846284785,0.09782023296632736,0.09567630129592841,0.09784720273016384,0.09513034825645755,0.09791477410614702,0.09567101687112634
0.09871370435737126,0.0988695148145714,0.09570829389855345,0.09881073467670182,0.09872598308626357,0.09878130676729296,0.08575163805801522,0.07835083780950697,0.08559158447044768,0.09869095913872578,0.09550325652370578,0.07833275663536288,0.07390401265285362,0.07828938846503719,0.09547501844824402,0.09866298834324322,0.08557603178275963,0.07836578956729856,0.08566564279127642,0.09869368177640014,0.09865484502928895,0.09872531150344199,0.09559555554714938,0.09878692658114302,0.09865184763972545
0.101500281432917,0.09936126653038985,0.09581954230894812,0.09929036415520559,0.10150754267547962,0.09927105958107169,0.08289191891991499,0.07564009022445506,0.08271954264908049,0.09916865541651065,0.0956239115865331,0.07564896308234575,0.07153851722040033,0.07560119075998734,0.09558787798416313,0.09914755123268776,0.08271814395508453,0.07566416838007389,0.08279779157353268,0.09918587340463031,0.10144098484395875,0.09921882102040985,0.09571837618156204,0.09927272929429265,0.10143920925490207
0.10409074565991988,0.09950348735211045,0.0956299342233426,0.09942006219994703,0.10409112886157351,0.09940681559303649,0.0797988751105323,0.07280000045042395,0.07961885735844249,0.09930120281021254,0.09543967216761257,0.07283195110360563,0.06913187921166503,0.07279111545938027,0.09541133265828544,0.09928079545497392,0.07962973757717073,0.0728382411318092,0.07969986016186353,0.09933113677115007,0.10403235248465226,0.0993623748464364,0.0955430409581739,0.09941346798641537,0.10403486480450247
0.10649895399542403,0.0993399842373156,0.09519613496295076,0.09924838720940354,0.10649035800421597,0.09923665104921714,0.0765549789068744,0.06992131333806512,0.07637468268911479,0.09913141080568044,0.095003772301678,0.06997187336351829,0.06677255150359013,0.06994511142032528,0.09499422484802683,0.09910300882287743,0.07639352882999495,0.06997425740113433,0.07645589349088089,0.09916903783464809,0.10643651578650204,0.09919848534096198,0.09512121369107251,0.09925346524747497,0.10644909782376044
0.10874212978088349,0.0989132241004112,0.09457120160078458,0.09881977515237766,0.10872298386439022,0.09880719703108087,0.07322994702821672,0.06708018727112597,0.07305616391702702,0.09869948916520482,0.09437104414806319,0.06714719003843794,0.06453324680253081,0.06713411494875321,0.09438113011888705,0.09865651791939462,0.07307980631232414,0.06714311341998047,0.07313641890456068,0.09873796619807829,0.10866614988385265,0.09876871307748741,0.09450115442656853,0.09883126849975615,0.10869595105161511
0.11083419917409071,0.09825714201799823,0.09379368708478497,0.09816596495263424,0.11080318816234258,0.0981544929048292,0.06988399112321864,0.06433487114599146,0.06971901969598887,0.09803837002098958,0.09358688682227007,0.06441942489912089,0.06246714225774935,0.06441184123294619,0.09360651383378366,0.09797929973230668,0.06974635753625191,0.06440053362873122,0.06979764375149383,0.0980727711705886,0.11073500710856427,0.09810797852374809,0.09372130819880925,0.09817749549288773,0.11078731777197032
0.11278062248688847,0.09739513286397122,0.0928864605979755,0.09730746195787132,0.11273729448282277,0.0973029611599559,0.06657188625917065,0.06173269747489246,0.0664139916563164,0.09717257804417323,0.09268259420279445,0.0618360989394231,0.06061461925696776,0.06182266043012702,0.0926957313663892,0.09710145501316914,0.06644496364508523,0.06179451271790931,0.06648926951500961,0.09720329139648426,0.11265382392157602,0.0972436654173709,0.09281049585177159,0.09731671726756569,0.11272870604495461
0.11457931215152006,0.09634675285145422,0.0918674425305599,0.09626262672793773,0.11452566574195899,0.09627162250144833,0.06334998518417423,0.059320047949876775,0.06319713944636474,0.09612427175477511,0.09168049556229313,0.05944217085734632,0.05901511342536031,0.05941566589670827,0.09167421034808326,0.09604941629579355,0.06323273699951265,0.059375808678605424,0.06326764918432054,0.09615705116890183,0.11442988435694829,0.09620033899959363,0.09179405311748734,0.09627175125761744,0.11452079602983672
0.11622862328018957,0.09513921415729648,0.09076317544945267,0.0950580269241536,0.11616846628566252,0.09508471493529624,0.06028400909390935,0.057152498201852864,0.0601373901150834,0.09492163649581742,0.09060593835738007,0.05729099696080653,0.05771638276855118,0.057252696693341876,0.09057730533713187,0.09485340914216472,0.06017992806638295,0.05720467929119111,0.06020386300179131,0.09496491234808324,0.11606893884441566,0.09500708049595474,0.09070204204435717,0.09507072086209456,0.11616629169000631
0.11773641950301889,0.09381419361685256,0.08961639878848926,0.0937344132664632,0.1176729755168951,0.09377892579216929,0.05745339024466739,0.05529534121935337,0.057316229992921464,0.09360600465213881,0.08949491503631879,0.05544743210739017,0.056773715057719165,0.0554059697421182,0.08945130572254179,0.09355180263338442,0.057368227235861324,0.05534955788218349,0.0573811311286635,0.09366578401037218,0.11757942296001656,0.09370270106157746,0.08957559230301182,0.0937543447342793,0.11767685418876767
0.11912427852869667,0.0924262461239444,0.08848397381155215,0.09234618195557315,0.11905830820937091,0.09240553858344047,0.054942604440393006,0.05381828532733607,0.054817970844179165,0.09223206933452632,0.08839702042283076,0.053981177593642016,0.05624543281851091,0.053947756286766124,0.08835203634314281,0.09219181736249443,0.05488022274964538,0.053880410684778446,0.054883214196658925,0.0923088244091641,0.11897759830937948,0.09233715662962944,0.0884676057993225,0.09237756831221194,0.11907461731936836
0.12042511779999987,0.0910353209418745,0.08742958198812606,0.0909550987520375,0.12035487629916763,0.0910248191233034,0.05282486725417712,0.05278520538423065,0.05271622021392791,0.09085961680173349,0.08737020914480204,0.052955240509324264,0.0561826515264372,0.05293843201066012,0.08733731090277419,0.09082629322235725,0.052786410168250975,0.052858287569393425,0.05278105476327488,0.09094886804608387,0.12028896744054368,0.09096662842840247,0.08743688351615736,0.09100208356098316,0.12038967068678402
0.12167696412306056,0.08969857736451176,0.08651393033821625,0.08962121686039587,0.1215999161648324,0.08969752216927995,0.051150966092102346,0.052244283566892424,0.051063371886368336,0.08954381756641228,0.0864732959392917,0.052416675887451136,0.05661986283844417,0.0524190935264911,0.08646004031880644,0.08950861808004867,0.05113724606797654,0.05232558870410248,0.05112546294238862,0.08963896896293866,0.12154552323024448,0.08964634529920051,0.08653984069810078,0.08968467093073146,0.1216556218631415
0.12291517324933271,0.08846377158025653,0.08578494027355604,0.08839366922940428,0.122829917673134,0.08847472190937133,0.04995117054645831,0.052220932629518935,0.049889126877139145,0.08832898178845883,0.08575757861406863,0.05239203569592166,0.057569080209462165,0.05240950241919551,0.08576182424795231,0.08828698303743948,0.04996269201007292,0.05230329244606724,0.049946326783421646,0.08842441568776799,0.1227804597146388,0.08842361136174426,0.08582225890355949,0.08846922786563932,0.12290477576212
0.1241681008719373,0.08736469694626692,0.08527249462797282,0.08730479224746335,0.12407449086913508,0.08739233746738462,0.04924226033220003,0.05271969827515782,0.04920535504810952,0.08724797514856586,0.08525954341298958,0.052888268893932444,0.05902195854772824,0.0529114557679593,0.08527030442200167,0.0871995924737351,0.049278135023519964,0.05279498702286761,0.04925789156046351,0.08734026779935433,0.12402334889131267,0.08733428490331674,0.08531536017973795,0.08738621514860417,0.12416405481590098
0.12545459000915254,0.08642205186849422,0.08499032008023955,0.08637271357337623,0.12535343378111818,0.08647098893916838,0.049035131458452064,0.05373284895567049,0.049018391349116675,0.08632388101282812,0.08499968533082064,0.05389888728920322,0.06095955892372351,0.053918040453655613,0.08500230872042697,0.0862739768143273,0.04909191198250279,0.05379645741549699,0.04906708340475657,0.08641301026287579,0.12529759718403027,0.08640295743438381,0.08503787381328304,0.08645626644843285,0.1254530183945941
0.1267849362382409,0.0856502013633586,0.08494474758798531,0.08560977651817553,0.1266786608661538,0.08572331851075443,0.049339577050437844,0.05525164219996914,0.04933806768392651,0.08557376328110428,0.08498732173336598,0.05541461655722263,0.0633624982992097,0.05542504398499715,0.08497158511053826,0.08552995837356697,0.049414653910483386,0.055304321403946755,0.0493835625852041,0.08566370998323186,0.12662107907359693,0.08564786492926502,0.08500222239573207,0.08569608089623176,0.12678449405516873
0.1281667256824851,0.08506577818906896,0.08514657734471565,0.08503207319862588,0.1280591780414021,0.08516330800562721,0.05016965996959721,0.05727358239675451,0.050182234707981,0.08501525112795955,0.08523163092836572,0.05743089235998955,0.06621752042470375,0.05743610534905219,0.08519675626993922,0.08498505960395841,0.050262909600200745,0.05731943330406869,0.05022483052626592,0.085111733106702,0.12800737267039125,0.0850869618496018,0.08522190199978458,0.08512383181552713,0.12816924660960888
0.1296125337305486,0.08469268220581089,0.08561828506900981,0.08466456514074194,0.12950744264240444,0.08481207416143882,0.05154442195094072,0.05980107796850037,0.051573578786923924,0.08467171842170185,0.08574835777536588,0.059949864571613665,0.06951618439000673,0.059958765388602564,0.08570371618166195,0.08466059782135682,0.05165726892788547,0.05984593655971526,0.05161320834289829,0.08477976305910451,0.12947062209558918,0.08474274166278606,0.08571795606394317,0.08476471036945232,0.1296232287779968
0.13114511231982579,0.08456295596703178,0.08639243501013716,0.08453986326084939,0.13104411627971618,0.08469915731718419,0.05348142311449022,0.06283562278190097,0.053529754917423455,0.08457454846448348,0.08656207152699746,0.0629744644733648,0.07324852805500243,0.06299557661425542,0.08652140628125787,0.08458161293221061,0.05361429751960212,0.06288367170871106,0.053565867775483,0.08469320116952411,0.13102805857488847,0.08464274516874143,0.08651736434045015,0.08465107900095709,0.1311693299789164
0.1327948744656598,0.08471010284387259,0.08750244816184705,0.08469203251842927,0.1326972890332922,0.0848568748616485,0.055983294677971196,0.06636760010082898,0.05605225616946641,0.08475548852634751,0.08770000789011156,0.06649677118222336,0.07739469941342864,0.06653385098771392,0.08767548507731138,0.08477335380117224,0.056135209147497256,0.06641960020283105,0.05608289926186988,0.08487842616229374,0.132702137476934,0.08481576271907532,0.08764799814966057,0.08481656236278029,0.1328355733975331
0.13459461686310098,0.08516110269755156,0.08897374362441057,0.08514981497008667,0.13449839152762172,0.08531454353431406,0.05903054514575151,0.07037245516902974,0.059121298204159456,0.08523912177618842,0.08918595487264042,0.07049173405267478,0.08191985439401722,0.07054235822595956,0.0891831657830851,0.08525806764053756,0.059200397577552855,0.07042320596430479,0.059142986248299834,0.085357473801492,0.13451961321499017,0.08528597226799112,0.08913136964541746,0.08528671241647334,0.13465037427912252
0.1365717782192456,0.08593090458223046,0.09081630584864997,0.0859295407666858,0.1364751086963869,0.08608996002742986,0.0625849181790683,0.07480680487564967,0.06269832139053927,0.08603588548294866,0.09103329825026107,0.07491539596771701,0.08677044584193483,0.07497237203074547,0.09104896920992106,0.08605007552911742,0.06277123858955963,0.07484768658836816,0.06270747047329844,0.08614309577980811,0.1365060608333442,0.08606816710857201,0.09097704324062295,0.08607274546373256,0.13663780343579868
0.13874494671930993,0.08702017773480591,0.09302402849381336,0.08703118501548907,0.13864778430072344,0.08718643198999815,0.0665987335609895,0.07961391160297443,0.0667326788022452,0.08714482397016643,0.09324161534851083,0.07971024321717568,0.09187982085339796,0.07976388604340995,0.09326427045948626,0.0871538322642097,0.06679861157149286,0.07963609818967221,0.06672818252792317,0.08723788582207948,0.1386814811664917,0.08716513773073159,0.09317962485439496,0.08717163610090167,0.13881476804987436
0.141121596119829,0.08841810031211111,0.09557500463645219,0.08844103712743778,0.141025558704098,0.08859228894813048,0.07102415296380521,0.08473048058011712,0.07117248766520573,0.08855567382330665,0.09579584565220434,0.08481293197975442,0.09717843477431276,0.08485481155264762,0.0958103697487463,0.08856338557789217,0.0712326589108539,0.08473020432571271,0.07115626036185446,0.0886354706497734,0.14105778916187384,0.08856884570391188,0.09572235463965995,0.08857131589030187,0.14119006152907532
0.1437006573930048,0.09010696538008806,0.09844071240951974,0.09013890348864723,0.14360818462874958,0.09028808992264409,0.0758187126036941,0.09009874630276893,0.07597398998700078,0.09025489589453617,0.09867188319523107,0.09016534287930533,0.10260707823399728,0.09019222065518046,0.09866683769485635,0.09026649507623924,0.07603163901169868,0.09007920335901531,0.07594916031400245,0.0903244813834535,0.1436398249226568,0.09026516850978872,0.09858310801804099,0.09025635366556461,0.14376520565983547
0.14647678565912736,0.09206948991537783,0.10159745289890632,0.09210767964596767,0.1463909517807377,0.09225458362139949,0.0809475268579104,0.09567349453960883,0.08110678046832859,0.09222845973733151,0.10184477051127577,0.0957210887625709,0.10812052011264034,0.09573649141808915,0.1018184476588701,0.09224909399765846,0.08116366504527028,0.0956409904081208,0.08107487618971271,0.09229256422855936,0.146427659502527,0.09224001212016325,0.10174257014940485,0.0922132619962664,0.14653804211304244
0.1494469329418044,0.09429590626996237,0.10503477420689883,0.09433936437825147,0.14937111088833255,0.09448007962846544,0.08638450774783363,0.10142133457398717,0.0865510065180447,0.09446639344843333,0.10529760933980292,0.10144563781971733,0.11368640311467337,0.1014589568530031,0.10525885197419266,0.09450011480336185,0.08660394999820964,0.10138003087725816,0.08650983825737452,0.09452968305180753,0.14942014171481327,0.09448320313842001,0.10518918190521875,0.09443452788046042,0.14950829428692364
0.1526158932819368,0.09678524168882213,0.1087548774901676,0.09683402226213894,0.15255204940976347,0.0969617407766511,0.09210650294021278,0.10731262184000223,0.09228557951508726,0.09696554402788282,0.10902408883465509,0.10731045058428013,0.11927749486406547,0.10733181136861725,0.1089876400327855,0.09701223111466367,0.09232828598014009,0.1072634706624167,0.09223137643304397,0.09702913620101489,0.15261819686662598,0.09698993057554772,0.10891929945461942,0.09691973798859455,0.1526819585743392
0.15599724157189854,0.0995403137432534,0.11276443433518679,0.09959457655526321,0.15594481370693003,0.09970226077131983,0.09808380864937966,0.11331339961601378,0.09827677850665001,0.09972799698979928,0.11302520438073321,0.11328496609274286,0.12486445260884749,0.11331934718683168,0.1130042481669627,0.09978062059953824,0.09830550510493513,0.11325560708283738,0.0982070983144967,0.09978631137887567,0.1560274149762117,0.09975790574583843,0.11293278816281449,0.0996722254411363,0.15607083584316284
0.15960815451485338,0.10256043623422628,0.11706370472628336,0.1026210296773104,0.15956435713625944,0.10270267813984879,0.104271484902141,0.11937994450754447,0.10447591016238572,0.10275185422839367,0.11730009995604318,0.11932897582442248,0.1304100749378561,0.11937294558757988,0.11730102584646002,0.10279962694058958,0.10449057422627528,0.11931168413859522,0.10438897128866942,0.1027960726096574,0.15965831434573408,0.10278303657799337,0.11722646263778924,0.10269107219665097,0.1596885007966008
0.16346228975697663,0.10583591868271824,0.12164007879108851,0.10590488275208465,0.16342410825582,0.10595670685910885,0.11061003702390393,0.12545908270925532,0.1108233791701918,0.10602468978002894,0.12184042814562213,0.125389322054482,0.13586720579343403,0.1254334879114251,0.12186007733950133,0.1060581110281279,0.11082430917343172,0.12537434883019716,0.11071713266280997,0.10604664056201152,0.16352052322641963,0.10605432808766524,0.1217866636732663,0.10596373746385979,0.1635445267424866
0.16756522134882873,0.10934514596539541,0.12646777966032763,0.10942589148505738,0.16753093671945463,0.10944737153640888,0.1170355159954265,0.13149161200965692,0.11725590805605807,0.1095225319380651,0.1266265606823445,0.1314040258112779,0.14118085919501827,0.13143863150318746,0.12665414129267571,0.1095391801849378,0.11724222937502327,0.1313816878229051,0.1171296551166463,0.10951972464088033,0.16762105436243768,0.1095520173285025,0.12658919691016934,0.10946530431258045,0.1676425695283839
0.17191220666456442,0.11305897715102148,0.13150981844197057,0.11315230929882664,0.17188215170805393,0.11314642365583633,0.12349059999993783,0.1374205379063252,0.12371343520993855,0.11321545502312863,0.13162913127974402,0.13731169248286224,0.1462980411414817,0.1373296205678589,0.1316498180967574,0.11321948930192083,0.12368546082171478,0.13727784719870845,0.1235693900860736,0.11319057561874174,0.17195953795582813,0.11324896425249376,0.13160099697345584,0.11316330360735005,0.17197893534433928
0.17649026299998466,0.1169449860886933,0.13672338479554874,0.11704558752531119,0.17646615934934679,0.11701907939131545,0.12993079060808743,0.14319707130114268,0.1301492631346139,0.11707491057481739,0.13681262296864521,0.14306243060025603,0.15117939663127072,0.14306107912072413,0.13681268050441908,0.11707201534406064,0.13010915322434896,0.14302143171156484,0.1299915434490605,0.117032214870464,0.1765285233802643,0.11711540144521115,0.13678604633977448,0.1170243461438798,0.17654352542161045
0.1812815934182394,0.1209698868050133,0.1420698277495719,0.12107161670986744,0.1812653265270785,0.1210303197237183,0.1363247987067418,0.14878710944436402,0.13653325392832355,0.12107450581886314,0.14214092609688983,0.1486227426429957,0.15580698207575866,0.14860535369287842,0.14211420391444307,0.12106963063084519,0.13648471851673816,0.1485864610243211,0.1363667606913197,0.12101917532123169,0.18131541255094374,0.12112285930618549,0.1421120046628771,0.12102024827793223,0.181321314865106
0.18626785012647956,0.12510555203181162,0.14752383172628003,0.125207254860066,0.1862616827466368,0.1251520485968663,0.1426538260945106,0.15417461957189038,0.14285300241883542,0.12519175551544098,0.14758567912053566,0.15397735072048413,0.16018090450831363,0.15395297614616332,0.1475372565370257,0.12518935498269412,0.1427963811021723,0.153958882352202,0.14268010572666534,0.12513009520978857,0.186306317775699,0.12524698430048242,0.14755595624770657,0.12513032383553924,0.18629703252598173
0.1914360259205446,0.12933690159647615,0.15307624538936038,0.12943880162296184,0.19144257005743198,0.12936806330844525,0.14890917494131517,0.15935688269710863,0.14910482186784474,0.12941071714917401,0.15313142134171986,0.1591231135709707,0.16431083282625703,0.15910356975379203,0.15307567683524947,0.12941384272013395,0.14903470442563327,0.15913116420674128,0.14892399543220175,0.12934824412912888,0.19148912393426343,0.12947058995023197,0.15310575406108307,0.12934140221818108,0.19146051744831377
0.19678331354353967,0.13365992049603825,0.15872961245377248,0.13376072633031993,0.1968036703309577,0.13367255049220167,0.15508450484455205,0.16433321461822692,0.15528050504350405,0.1337227951548804,0.15877356288872768,0.1640613380394128,0.16820899779978088,0.16405534807194855,0.1587275870995496,0.13373003548729673,0.15519023820525985,0.16409743286958145,0.15508981303924052,0.13366052649271815,0.19685586034339048,0.13378370508324716,0.1587570574366426,0.13364718022219674,0.19680965542825457
0.20231599152866997,0.13807211733007635,0.16448993177372118,0.13817136599999297,0.2023485585017017,0.13806402790527617,0.16116598641262658,0.16909464123050233,0.16135891883673098,0.13812498507029358,0.16451325125803207,0.16878888093601618,0.1718830693515222,0.16879804710259616,0.16448796634119422,0.13812748841848976,0.16124693048783,0.16884780698776064,0.1611596750099757,0.13805602236581566,0.20240391784477052,0.13817963384619258,0.16450857301846167,0.13804478594921188,0.202348402275085
0.20804309888381178,0.14256622642902844,0.17035557006324725,0.14266442350976583,0.20808394375929368,0.142537686949685,0.16712552811248854,0.17362301306921618,0.16731030738343972,0.1426100599496103,0.17034880841154254,0.17329316282173252,0.17533450123975852,0.17331261989566354,0.17034768260836675,0.14259655089894707,0.167179079750572,0.17336526648279538,0.16710384327768008,0.14252528996273833,0.20813526267429022,0.1426496432524656,0.17035636169905438,0.1425272645207049,0.20808168432702745
0.213969694137346,0.1471280342811198,0.17631175302052188,0.14722608085590833,0.21401462935210008,0.14708243606010024,0.17292832485950732,0.17789817473012542,0.17310255636779215,0.147161647364352,0.1762725812162252,0.17755380047336528,0.17855735591229416,0.17757532144231702,0.17629232534560074,0.14712581179629525,0.1729532812322645,0.17762713749463888,0.17288923214383228,0.14705601304476756,0.2140529404746111,0.14717983399957907,0.1762878576069507,0.1470784619000638,0.2140100287427928
0.22009196156216476,0.15173524997045656,0.1823331433402397,0.1518355566744003,0.22013872203472323,0.15167928144645004,0.1785435159929729,0.18190325953920206,0.17870679119246813,0.1517566563958997,0.1822680391263768,0.1815479334706302,0.18154187825879792,0.18156380759726765,0.18229976656183772,0.15169878101818207,0.17853815943456336,0.18161305616704831,0.17848788327798037,0.15163072418025042,0.22015648035660085,0.1517501871176008,0.18228073374263942,0.15167300369963888,0.2201276353361174
0.22639696824321376,0.15636137874459466,0.18838984179538754,0.15646576166221138,0.2264456289047454,0.15630356606893758,0.18395235547424577,0.1856266941737551,0.18410300733591345,0.15637095907544307,0.18831145514992786,0.18525816748554447,0.18428288302504758,0.18526426256634843,0.18834202280260343,0.15629543938412183,0.1839142857903716,0.18531063234483647,0.18388191251060604,0.15622817056237887,0.22643861521156466,0.15633700157474395,0.18830763639330672,0.15628168824424088,0.22642329326603727
0.2328655825414211,0.16098147018733272,0.19445275324496858,0.1610870640677432,0.23291813464873334,0.16092760991851268,0.18915079530368845,0.18906437120938469,0.18928595851876923,0.16098197319317936,0.19437705122781562,0.1886801755215763,0.18679198415050763,0.18867759978200427,0.19439241052625422,0.16089496159696504,0.18908026697336056,0.1887232134033192,0.1890678812155014,0.1608272668797448,0.23288621977068763,0.16091825589548464,0.1943438125854658,0.16087898565879083,0.2328819974457017
0.2394764034127035,0.16557375270687086,0.20049749120641125,0.16567454024461925,0.2395354122118032,0.16552611230482545,0.19414892947512713,0.1922258525891538,0.19426580933241144,0.16557120887516352,0.20044207842021033,0.1918268523017138,0.1890981476327218,0.19182077304216233,0.20043517002595407,0.16547960859381466,0.19404923085589104,0.19187243149381328,0.194056839850414,0.16541144493808152,0.2394827988304613,0.16547708103169267,0.2003722196790939,0.16544832025020945,0.23948622594598307
0.24620938624046412,0.17012152605396708,0.20651142254847005,0.1702143843202813,0.24627733024333698,0.1700822347882457,0.19896521460716377,0.1951359018822042,0.19906557940950176,0.17012842454624422,0.20649142913045487,0.19472209767023607,0.19123761060355404,0.19472140304069047,0.20646841704084834,0.17003809617051008,0.19884186519354446,0.19478578137967062,0.1988680379991658,0.16997078601402876,0.24621251943211558,0.17000234078379345,0.20638555090425525,0.16998080057333753,0.24621787641751625
0.25304990107692094,0.1746184680302985,0.2124984367190138,0.17470467884785085,0.2531288362446764,0.17459071310581548,0.20362191644926542,0.19782519241310959,0.20371178682148833,0.17464988617705524,0.21252108528456493,0.19739684715070777,0.19325004633611198,0.19741125118910247,0.2124991598128847,0.17456428980261113,0.20347846748446446,0.19748659089382042,0.20352463021840844,0.1744998063256044,0.25306283127018503,0.17448875050843243,0.21238615165975555,0.17447403851310905,0.2530632270602392
0.25999295761373264,0.17907102938466984,0.2184756308526864,0.17915171513730455,0.26008384872958407,0.1790556779261333,0.20814131003790304,0.2003238567620682,0.2082252767205599,0.17913536207998532,0.2185388909217409,0.19988211433113195,0.19517899877802358,0.19992078459342477,0.21853713408501207,0.17905573393478175,0.20797719801698844,0.1999965447759851,0.20804871732970642,0.1789947487169991,0.2600247229392494,0.1789349562681306,0.21838186428411693,0.178930488864271,0.260016877507219
0.2670430622166966,0.18349049625277425,0.22446320540080067,0.18356526651319538,0.2671445805137162,0.18348560217176318,0.21253915825320308,0.20265589817506335,0.21261689140897883,0.18358910811424856,0.22455838136723444,0.2022033565941998,0.19706220083936293,0.2022700932233319,0.22458976687077936,0.1835111524727991,0.21235162446637246,0.2023356596069198,0.21245375794827648,0.1834541940434133,0.2670934155457707,0.1833427840235211,0.22438204001499773,0.18335658785520564,0.2670821873669343
0.2742099152991848,0.18788342402074087,0.230474987737254,0.18795178266342383,0.27431837304773066,0.1878877180756675,0.21682114213331538,0.20483446578116743,0.2168895816876294,0.18801690783100633,0.23059164060553355,0.20437934364314325,0.1989242902502566,0.20446892108632192,0.23065910422518426,0.1879296623666739,0.21660796298486235,0.20451913481041972,0.21674127232146767,0.18787864290611744,0.27426888011561545,0.1877144799213768,0.23039382407658693,0.18775680601481554,0.2742655518740392
0.2815004983645752,0.19224713663340887,0.23651072102103576,0.19231061245352715,0.28161140862663103,0.19226264799923698,0.22098522404894577,0.2068654302956296,0.22104145351461357,0.1924172981455099,0.23664470027698659,0.20641860232657627,0.20078059975870943,0.2065225321060058,0.2367416029743823,0.19231034166598898,0.22074682921626848,0.20655501544812976,0.22090719354280125,0.19226651287752927,0.2815546417847581,0.19205080613680464,0.23641963678325117,0.19212821282170778,0.28156967789429466
0.2889131342045853,0.1965708414787955,0.24255798474954438,0.19663394753446162,0.2890231936708373,0.19660351399602272,0.22502827967796524,0.2087549140543491,0.22507236187624735,0.1967778206791262,0.24271447676687324,0.20832473402639612,0.2026437657964421,0.20843301174886752,0.24282810293554397,0.19665087654237756,0.2247692875930461,0.20844901186296277,0.22495209789471943,0.19661190044764554,0.28895328997052616,0.19634847551353563,0.24245477523636677,0.19646013293554676,0.288989668628533
0.29643705119371067,0.20084166948406984,0.24860004155634075,0.2009092946430509,0.29654520253931926,0.2009006268764581,0.22895653608681726,0.2105148957862502,0.22899051900485679,0.20108354746769225,0.24879029694394494,0.2101040756283042,0.2045274562752828,0.21020949815378964,0.24890578077586872,0.20094590191241468,0.22868190271011785,0.21021221954075053,0.22888590181548124,0.20090710377219212,0.29646139245488395,0.20059876215415934,0.24848806111380906,0.20073863590563618,0.29651428076113284
0.3040548865376629,0.20504893957717057,0.25462151809690015,0.2051211299416439,0.30416211180643016,0.20514358133154736,0.23279064227454527,0.21216457781170456,0.23281433149972114,0.20532419392624007,0.2548575316717484,0.21176950800951766,0.20645376599724863,0.21187326619664787,0.25496183211511914,0.20518706719727392,0.23250157353742407,0.21186487120955116,0.23272885937317422,0.20514575216486897,0.30406712835095595,0.2047902063982313,0.25450616817932337,0.20495121002781147,0.30412938047358673
0.3117473945060384,0.20918603978831118,0.26061147188936257,0.20925661315628746,0.3118554317087705,0.20931769882988005,0.23655952387664203,0.21373019149455735,0.23657151479742222,0.2094940307051809,0.26090351980004745,0.21334634637641897,0.20845677844635707,0.21345322010875756,0.2609888445816558,0.20936612485804806,0.23625816856157933,0.2134382602815768,0.23650965068494734,0.20932337357663677,0.3117534683281053,0.2089151082382033,0.2605006468787448,0.20909070477403657,0.3118198291412222
0.3194960384409309,0.21324827884516445,0.2665670382743108,0.213311917781073,0.3196067595100006,0.21341037905074306,0.2402953572218624,0.21524463995165033,0.24029702629444977,0.2135922470939463,0.26692216108972855,0.21487167712880856,0.21057741441342348,0.21498674200568607,0.26698984706827034,0.2134796339308913,0.23998898795238494,0.21497185464706475,0.2402606654788323,0.21343793483891682,0.31950386941384246,0.21297345682849467,0.26647190099317286,0.2131577964127046,0.31957008629829653
0.32728563001323574,0.21723468095374243,0.27249707300539583,0.21729334149357216,0.3274008324042307,0.21742431511827942,0.2440333647426572,0.2167444023705199,0.24402875180658679,0.2176241179261192,0.2729165486432601,0.21638368160464594,0.21285596656116007,0.2165138567555599,0.2729778931472483,0.21753065677126454,0.2437286341792238,0.21650163609963274,0.24401612423534785,0.21748962410845368,0.32730625551997844,0.21697031504214404,0.2724289903695331,0.2171592595902162,0.3273655301325531
0.33510689910797864,0.221153857640714,0.27842145922780454,0.22121325448962353,0.33522777043875357,0.22137427731843579,0.24780677305886178,0.2182629687881794,0.24779983715133197,0.22159744088484845,0.2788992522316097,0.2179164278984549,0.21532872886845728,0.2180665970565151,0.2789703843248871,0.2215250565232707,0.24750518661780002,0.21805414091308067,0.24780791370793348,0.22148192554454815,0.3351526205446812,0.2209123924347643,0.27838585898156576,0.2211041056191207,0.33519595575448397
0.3429586523191095,0.22502464844659692,0.2843639175093968,0.22508659145685006,0.34308529153347384,0.22527423236833688,0.2516407239112558,0.21982736007609527,0.25163284025108873,0.2255199501327051,0.2848882451308009,0.2194964070432866,0.21802651033748333,0.21966826599642025,0.2849818584597952,0.22546816922505525,0.25133916060336736,0.21964905017506325,0.2516601222518563,0.2254218548524236,0.3430374876851342,0.22480678853345848,0.28435779016332574,0.22500241074398625,0.3430590726878644
0.35084671733417094,0.22886461410281522,0.29034416141593467,0.2289266414791677,0.3509768958877446,0.22913443533575395,0.25554898822076494,0.22145493818736006,0.2555398644631881,0.2294011126451208,0.2909005772895187,0.22114189167853454,0.22097004959635724,0.22133379043281226,0.29102007025731236,0.2293644616435047,0.2552457293387394,0.22130186522815948,0.25558684701711587,0.22931663566206517,0.3509567370212125,0.22866047040294207,0.29035742242219054,0.22886501238224516,0.35095932228009263
0.3587789462405373,0.23268083758708646,0.29637193617006413,0.23274217454270157,0.35890815925191744,0.23296601816127138,0.2595390573491458,0.2231534888058136,0.259526447142323,0.2332510713693508,0.2969475624011862,0.2228648240076863,0.22416810720430047,0.223068818367322,0.2970865967198765,0.2332188113557141,0.2592353046256941,0.22302222852178555,0.25959414028729344,0.23317087050521984,0.3589083724115468,0.23247928682985808,0.29639139904578704,0.2327003579445328,0.3589020937315438
0.3667579031931848,0.23647265489281039,0.3024447492086665,0.2365347130372784,0.36688111011371893,0.23677493935666,0.26361684326779633,0.22492604110420922,0.26359739513939817,0.23707187325561052,0.3030325560205154,0.22467005372185345,0.22762326420775375,0.2248758702223958,0.3031791319492937,0.23703603228552533,0.2633138209893649,0.22481567984156242,0.2636855397957969,0.236987307212994,0.366891933614791,0.23626779692962163,0.3024601412955481,0.2365091803160297,0.36688652986691705
0.37477699505675244,0.24023605555849975,0.30855029974563564,0.24030127637894588,0.37489018891560816,0.24055747198453786,0.2677892245506458,0.22677899843679444,0.26776248363636573,0.24085645396960942,0.3091513782056968,0.22656029687428814,0.23133898319437252,0.2267602733388056,0.3092916206629148,0.2408195106002876,0.2674887010363255,0.22668858009849235,0.26786875144123923,0.2407682323214232,0.3749054647570239,0.24002905074044545,0.30855964963990684,0.24028649581565903,0.3749030401789551
0.38282002183074865,0.24396334489742721,0.3146736667776883,0.24403668541970464,0.38292179256968345,0.24430816795969834,0.2720698818285472,0.2287248643516424,0.27203751128636156,0.24459839902512576,0.3152949395794553,0.22854329217824843,0.23532141138791823,0.22873359933080023,0.31541646999200434,0.24457048305223567,0.2717745457585081,0.22865318810240576,0.2721597669212783,0.24451418482778364,0.38294077826424333,0.24376221957925387,0.31468287066720824,0.24402733965204143,0.3829350125894311
0.3908654841176124,0.24765065568248718,0.32080434611842246,0.2477336690567306,0.3909565604898271,0.24802572943401857,0.2764804928921355,0.23078003985786544,0.27644259361209045,0.2482982068466748,0.3214534239197625,0.2306326737873018,0.23958075262799833,0.23081420897359806,0.32154724184599587,0.2482879112126466,0.2761927333577872,0.23072739918371932,0.27658099195302754,0.24822519571747947,0.3909819567756604,0.24746282504686457,0.3208199205012668,0.24772710644188306,0.3909633252092862
0.3988902834114055,0.25130310185062044,0.3269374850267926,0.25138696151791345,0.398973199964079,0.2517072944486355,0.2810447727222262,0.2329616079796406,0.281001635427947,0.2519589117237334,0.32761897176159716,0.23284664382911663,0.24413228030720652,0.2330241639223154,0.32768112395366844,0.25197123052278536,0.280768016402465,0.2329329356933721,0.2811568217177628,0.2519039747243943,0.3990082617208205,0.25112891932440407,0.3269628399160564,0.25138297065646137,0.3989699901797928
0.40687376001928816,0.25492415077793007,0.33307258562553055,0.25499976006267344,0.40695135036965613,0.2553471979846822,0.2857851044950841,0.23528810128665412,0.28573932819938674,0.2555833844487393,0.33378726918437585,0.2352072710292904,0.24899199421121437,0.2353858755117989,0.3338217944390558,0.25562258308108343,0.28552554269636177,0.23529207739589048,0.285909776525065,0.2555534139287241,0.406999724765276,0.2547647466226037,0.33311149608811286,0.25500235642487734,0.4069382963445053
0.4147987482194357,0.2585105901254662,0.3392143111924808,0.2585824872312684,0.4148738157535968,0.25894775647890406,0.2907227750456587,0.23777885087623174,0.2906772722789539,0.25917812404510726,0.3399601932766324,0.23773492579847172,0.25417151580595376,0.23791730857418525,0.33997803518483194,0.2592464309502057,0.2904844149107222,0.2378209226723385,0.29086001126088096,0.25917459736521753,0.41494088719059397,0.25837730394707215,0.33927388270019765,0.25860134566879167,0.4148524496119549
0.422652910467033,0.26206663778203937,0.3453744110287579,0.2621453165299275,0.42272729895130307,0.2625220840200429,0.2958728885518603,0.24044644561968753,0.29583019581733255,0.2627518635434224,0.3461455594721829,0.24044095069691263,0.2596761020477845,0.24062846491949613,0.34615927776870214,0.26284724949570265,0.29565496406711445,0.24052559407307994,0.2960231180576198,0.26277011985868715,0.4228204330110612,0.2619718952674563,0.34545821459241777,0.26218708286848624,0.42269867483367884
0.43042898816043074,0.2656115480902908,0.3515660482201229,0.26569704356544044,0.43050268685323984,0.26608338706451573,0.3012416696651202,0.2432942382393934,0.30120291009453215,0.26631122838352145,0.3523519711911008,0.2433288380542064,0.2655028073283694,0.24352253084155884,0.35237040243151163,0.26642890847032286,0.30104150507516747,0.24340567309544636,0.30140490220001326,0.26634693524584174,0.43062797520906126,0.2655526478840271,0.3516679986065405,0.26575727457819276,0.4304677900873995
0.43812388124968515,0.2691625590989978,0.35779525033056814,0.26924668598602086,0.4381943358679607,0.2696383249767266,0.3068273937711301,0.24631925142414424,0.3067918194761876,0.2698623202394932,0.3585840081643197,0.24639716107132426,0.2716392468217441,0.2465954889948334,0.35860947992713965,0.26999486240552306,0.3066432779465831,0.24645657835706608,0.3070021978003731,0.269912145421107,0.43835210521841694,0.2691227840380846,0.3579030851901106,0.2693158411852392,0.4381555407477146
0.44573525083961063,0.2727203375076337,0.36405803912677626,0.27279991005469456,0.4457976599514099,0.2731922673464798,0.3126226065612733,0.24951289845280022,0.31258968206034726,0.2734127823808087,0.36484045686190525,0.24964017340107525,0.2780658557787929,0.2498366530155745,0.3648687283340737,0.27354911745699206,0.31245450137232855,0.24967143831671668,0.31280674323845914,0.2734688814606362,0.44598040535879,0.2726855584940072,0.3641600451907328,0.27287471051321277,0.4457586899437831
0.45325626964375587,0.2762787614362915,0.3703422025625067,0.27635548438026214,0.45330543651747285,0.27675015255374935,0.3186184818261001,0.25286401540871783,0.31858775028366026,0.2769658523809266,0.3711140135439265,0.253048398307953,0.2847597122843375,0.25323414819628703,0.3711364798898791,0.27709594101654056,0.3184675612788752,0.25304270428761544,0.318808354909627,0.2770191280061538,0.4535008442410642,0.27624428045178895,0.37042949053277346,0.27643761464845684,0.4532688364318475
0.46067171940041574,0.2798360350363175,0.376628943671373,0.2799102710967628,0.460704771064025,0.28031034727793935,0.32480586710860215,0.25636396501733605,0.32477819322177387,0.2805160374583302,0.37739144003656383,0.25660986110803097,0.29169792210889617,0.2567789760021968,0.3773990729321862,0.280638962429703,0.3246748026248576,0.25656189495157544,0.32499944762350497,0.2805657504032969,0.46090156433724433,0.27980265901158674,0.3766991033474201,0.2799984344827001,0.46066887765184417
0.4679579777076984,0.2833891087107612,0.38289548965955145,0.28346267979433093,0.46797538762462304,0.28386723659307445,0.3311773672768932,0.260007077800933,0.33115461000472457,0.28405663724189123,0.38365579466732624,0.26031487879725046,0.29885800834477194,0.2604653686599596,0.38364187102772407,0.28417989719575665,0.331069873622908,0.2602216481622809,0.3313750647209045,0.2841100240742497,0.46816771023395276,0.283361896126611,0.38295605852138614,0.2835532753105154,0.46793415647562164
0.4750862266481333,0.2869315079623251,0.3891205194386441,0.2870082648984778,0.47509134304288786,0.287419598950926,0.337729102066546,0.263789198497545,0.3377120537594306,0.28758740235345315,0.38988921782162694,0.26415728214733136,0.30621753389075657,0.26429024420024627,0.3898495806483677,0.28771753060082106,0.337648098559807,0.2640186642982714,0.3379307611893011,0.28765023394220757,0.47527864322699626,0.2869161824565415,0.38918323413305045,0.2871013058123125,0.47503739818132734
0.48202701005769094,0.290462171520393,0.3952877449782023,0.29053881621509187,0.4820238950917739,0.29096663998156364,0.3444569242545582,0.26770468984964974,0.34444600684201876,0.29111025118642203,0.39607411843500157,0.26813159339407844,0.31375579181863866,0.268250842719459,0.39600736321655317,0.29124835226776763,0.3444042065575604,0.26795122333895305,0.3446624009384581,0.29118501458651047,0.482207787257401,0.29045731237237493,0.3953583309844391,0.2906362768211661,0.4819528784727117
0.48875304180799267,0.29398405652431314,0.4013842365465829,0.2940497234591377,0.48874505424941017,0.2944997860937857,0.3513526350349657,0.27174647855212497,0.3513492895739622,0.29462242299786673,0.4021930761022908,0.27223332690165336,0.32145222888226366,0.2723430293390662,0.4021026651810407,0.29476876644014094,0.3513304121379993,0.2720152539715297,0.3515630285382586,0.2947134642886167,0.48892680658358767,0.2939852626606648,0.40146259288498654,0.29415334182860575,0.4886571059772597
0.4952400917065957,0.2974918181350721,0.40739764403088713,0.29754345001314875,0.4952296406799395,0.2980094253118598,0.35840429257388795,0.27590876762138616,0.3584108556238049,0.29811985809510266,0.4082300098495175,0.2764571200116607,0.3292821570836754,0.2765607335554033,0.40812462492503887,0.2982758330402108,0.35841407944926507,0.2762029660750413,0.3586205336309928,0.29823110500373,0.49541077799739835,0.297504426720807,0.4074853975242644,0.29765727292853233,0.4951278425252568
0.5014673394489273,0.3009747596681021,0.4133178864235006,0.30102138299885234,0.5014561610134755,0.3014961811139366,0.3655955001570418,0.2801830473730339,0.36561503933708117,0.3016007461685035,0.4141711994571924,0.28079140724474694,0.33721599777421074,0.28089191734898267,0.41406183138059144,0.3017659321979279,0.3656357110387134,0.2805003950350809,0.3658181890441974,0.30173076668357757,0.5016397943525216,0.30101083743370965,0.41341695011827634,0.30115111837596453,0.5013434833878266
0.5074173333503489,0.304433378822644,0.4191361804725246,0.304479831161647,0.5074061249758431,0.3049655163083361,0.3729033485468622,0.28455299228375475,0.37293757021748447,0.30506329008859395,0.42000361000201725,0.2852189973618595,0.3452185282280277,0.28531793779431647,0.419899180921939,0.3052339447206298,0.37296985968273627,0.28488808748174455,0.3731327635817754,0.3052087022771176,0.5075971259297849,0.30449343441048016,0.4192425248892415,0.30462521010096844,0.5072849205695029
0.5130762600486872,0.30787659164202896,0.4248374867509141,0.30791546314982626,0.5130634066968905,0.30841485484930053,0.38029822635057337,0.2889966625988876,0.38034654488662323,0.30850393658516173,0.4257123445511559,0.2897188351754113,0.35324848690896826,0.2898162214226381,0.425617425528442,0.30867467675790317,0.38038680358706767,0.28934339566753453,0.38053361806718466,0.3086641267233095,0.5132652372588118,0.30794582299599826,0.4249448778713197,0.30806885824793917,0.5129370085484258
0.5184324733840423,0.31130330725384336,0.43040065449836584,0.3113278387093585,0.5184137294005157,0.31183705034187903,0.3877438578733206,0.2934891626657511,0.3878060752008199,0.31192114613262173,0.4312787383954449,0.2942669615534743,0.3612607018374649,0.29436064464785716,0.43119383437088993,0.3120846926931219,0.3878519395746849,0.2938410688559139,0.387983434764791,0.3120938735040656,0.5186244713217387,0.3113676284387715,0.43050696632220187,0.31148454019010274,0.5182882469221937
0.5234735952253521,0.31470074475791576,0.4358040292896927,0.31471342678867387,0.5234432230045719,0.3152298354403241,0.3952003612014529,0.2980019878144524,0.3952759049225245,0.3153140392151808,0.43668060462640246,0.29883778393556437,0.3692075127609453,0.29892220505599276,0.4366034912465954,0.3154610447225137,0.3953270004188852,0.2983541321821753,0.395440892372778,0.31549115958752416,0.5236548669290244,0.31475716362259165,0.435906203857331,0.31487769262764675,0.5233262982066641
0.528183467827081,0.3180587876167411,0.44102325083644617,0.31806354432989525,0.5281369007262535,0.3185912700484128,0.40262678325800527,0.302506245562083,0.402713038272269,0.31867480764812217,0.44189306807751333,0.30340248337211584,0.37703929084991084,0.3034721713761176,0.4418204743125398,0.31879966172588425,0.4027713983324674,0.3028556685724653,0.4028648710645556,0.31884964863829357,0.5283385404578084,0.31810904375302307,0.4411117583845401,0.31824069535573984,0.528033463319437
0.5325406284280086,0.32137219980528653,0.44602546111789954,0.3213697878560539,0.5324770719028671,0.321911823355172,0.4099805234195697,0.30697534128862125,0.41007588855750315,0.321988932526695,0.44688950042855446,0.3079301322753269,0.38470672034984293,0.30798272945808025,0.44681830793450517,0.3220945906629935,0.41014252461254685,0.3073185036693378,0.410214855786657,0.32216373386410624,0.5326598470628808,0.3214176995818809,0.44609611833133306,0.3215588285300732,0.5323856179957995
0.5365200436160233,0.3246306987626748,0.4507750322894628,0.3246246829521454,0.5364429186557046,0.3251798059284296,0.4172194365532957,0.31138426922512313,0.41732402790576567,0.3252445196431871,0.4516423039027582,0.3123925974075311,0.3921618732734772,0.3124275884960128,0.45156946259207875,0.3253374170173657,0.4173982455407948,0.3117169031708607,0.4174494512907802,0.3254249217767526,0.536602696359026,0.32467459568324775,0.4508385763706919,0.32482155927872935,0.5363561027804264
0.5400966323089349,0.3278204594799874,0.45524398125226495,0.32781504142713236,0.5400116127771902,0.328386866090353,0.4243038625945307,0.31570813696772154,0.4244163705776572,0.32843403259792414,0.4561232071410355,0.31676359112360863,0.39935817356463094,0.316782836470361,0.45604536646159305,0.3285164862561483,0.42449780877081883,0.3160278572503492,0.42452796237573565,0.32862152177312676,0.5401480588861555,0.327864284596629,0.45531218148048475,0.32801728618852966,0.5399213364364704
0.5432493574787555,0.33093169790959476,0.4594095906267822,0.33092170413727834,0.5431611861310737,0.3315193437419888,0.43119265645011656,0.31992132906156373,0.43131184218535407,0.33154613442493963,0.4603041372730973,0.32101770361931214,0.4062526412203376,0.3210259400133897,0.46021872147917253,0.33161776450049607,0.4314000794787819,0.320229109311436,0.4314102004655211,0.3317412919583821,0.543275057916671,0.33097026984452993,0.45948054355860796,0.33112741226870196,0.5430636911258836
0.5459623723452344,0.3339528244099682,0.4632463590200396,0.33392882802312607,0.5458730591585025,0.334554180502915,0.4378433923655268,0.3240002348497884,0.43796895071593045,0.3345628025071523,0.4641574563300556,0.32513242180987434,0.41280452622867353,0.32513402251922086,0.4640653209288432,0.33462655351785353,0.43806280384448293,0.32429776193588533,0.4380547163322207,0.3347704094560992,0.5459652019258967,0.3339820419454636,0.46331356667537205,0.3341363307040256,0.5457706681407185
0.5482250689100124,0.3368621216261212,0.46672843151221044,0.336825150456742,0.5481339778336253,0.33747141543932874,0.4442146205473271,0.32792417445653443,0.4443458129155286,0.33746691812097535,0.4676573641640285,0.3290854222198055,0.41897304359936993,0.32908376014384966,0.46756367030239876,0.3375280496536085,0.4444429834885469,0.32821015791063396,0.44441964959429575,0.337691539992221,0.5482066795198121,0.3368889374636259,0.4667949738923393,0.3370368569575791,0.5480326937958483
0.5500314004637844,0.33963858434831495,0.4698373890799407,0.33959644737009537,0.549936862400414,0.3402622289222533,0.4502634719426488,0.3316691215530976,0.45040031889082527,0.3402462334388243,0.47078100374627396,0.3328518047096882,0.4247183422089734,0.3328496426492453,0.4706931515417396,0.3403067418648669,0.4504955335702079,0.3319407509540565,0.45046221047729873,0.3404871522430569,0.5499951636768221,0.33967180302879185,0.46990961670196396,0.3398177365076963,0.5498423362937501
0.5513805070738544,0.3422748521404725,0.47256007493242497,0.3422260776786144,0.5512803948603644,0.3429182945335567,0.4559457085314781,0.3352070923285112,0.4560880482945061,0.34288896626227294,0.47350976953538587,0.3364053951901255,0.4300023241924288,0.33640399097672946,0.47343426517324455,0.3429470197973937,0.45617470423954587,0.3354613455368323,0.4561374431125146,0.3431440038358418,0.551331206367174,0.3423097566297352,0.47263617652322987,0.34245801778121543,0.5511964860462049
0.552276980534012,0.34476798280184934,0.47488187134036614,0.34470399506525895,0.552168302977601,0.34542357436347393,0.46121647748289085,0.3385123205298938,0.46136235050614266,0.34538233624853965,0.47582919169044274,0.3397194565363437,0.43478808308084715,0.3397193544045476,0.4757704771373976,0.34543531003730665,0.46143603570883207,0.33874304439049424,0.46139982304445293,0.34565123368006717,0.5522170147768082,0.344791648357341,0.4749576056662065,0.34494254654727496,0.5520988720251584
0.5527306998928837,0.3471043097997819,0.4767895631686598,0.34702546609174256,0.5526089596459883,0.34776341521914145,0.4660303816826686,0.3415579847635135,0.4661771812690561,0.34771649392492643,0.477728326318486,0.3427676702316491,0.43904143929603834,0.3427688565435419,0.47768949501113706,0.3477605925094916,0.46623588870625365,0.3417588731279332,0.4662039058934465,0.34799581897314213,0.55265594295859,0.34711201367705996,0.4768661442021355,0.34726969352528136,0.5525601013090099
0.5527554409649146,0.3492659746000005,0.47827756772504204,0.34918146795863386,0.5526153593630209,0.3499318805626229,0.47034423408197573,0.3443151196137907,0.47048811178371347,0.3498840967820306,0.47919976084439625,0.345526193927543,0.4427320476683559,0.3455268127688475,0.47918231194913624,0.3499126253360953,0.4705323808598936,0.3444842756965798,0.47050424884976283,0.3501641324760145,0.5526557247410522,0.3492612488927267,0.4783540216311723,0.3494355711304773,0.5525943591553104
0.5523668426487007,0.35124463905667214,0.4793444924979298,0.3511583463450375,0.5522046501750569,0.35192306341520463,0.47411844433797473,0.34675985060666914,0.47425474726537353,0.3518734864873485,0.48024030352267566,0.34797276319018733,0.44583339399784894,0.3479692704930448,0.4802434575181984,0.3518813615477674,0.47428745527775384,0.3468965305236795,0.47426020605039426,0.35214551544228906,0.5522309311495451,0.35122702497842945,0.4794109902957966,0.35142360841469045,0.5522161306479907
0.5515815331586199,0.35303621082515924,0.47998640873870463,0.35294603147866943,0.5513975213181034,0.35372399659452963,0.47731825149163104,0.3488743987701337,0.477444802517506,0.3536689473059741,0.4808513826299514,0.3500875935117388,0.4483242352654567,0.35007591286133966,0.4808713968379938,0.35365703827822104,0.4774674014054347,0.34897647880579485,0.4774395513261475,0.3539316410079315,0.5514035337656984,0.3530007970445683,0.4800357631807156,0.3532161640150049,0.5514398476458338
0.5504187939519861,0.3546284662793002,0.4802008719948412,0.3545369228543175,0.5502174823550208,0.355322111050381,0.4799177839434051,0.350644226817102,0.4800335263139609,0.35525769345953984,0.48103825925209764,0.3518539407569379,0.4501906828999251,0.35183214465440693,0.4810687571825794,0.3552299605141809,0.48004514804158727,0.35071044333211177,0.4800172914900794,0.3555130436090289,0.550200592127662,0.3545742793520299,0.48023797873808655,0.3548047044706709,0.5502831432650964
0.5489034003993992,0.3560055157150297,0.47999535861896225,0.35591703242866113,0.5486910918927418,0.3567098742540629,0.48189982971147505,0.35205989312396624,0.48200256561690813,0.3566306519429445,0.4808091073786069,0.3532587552260741,0.4514265821075941,0.35322853995216397,0.4808425667738377,0.3565895794801358,0.48200353032027815,0.3520895614482231,0.4819769685476532,0.3568789010843493,0.54865150775228,0.35593375278640316,0.48002594299205026,0.35618063206189865,0.5487715026140407
0.5470677511699424,0.35715796723830934,0.47938484787024965,0.35706825488702026,0.5468492049300593,0.3578768463925967,0.4832543529543097,0.3531158236075861,0.48334186414541,0.35777661863779797,0.4801757487928488,0.3542955203292193,0.45203400896541096,0.35426037712121095,0.4802053508868039,0.35772496799107334,0.4833342619278901,0.3531091803462868,0.4833106568136202,0.35801947913442794,0.5467878237882713,0.3570655936974413,0.4794049862245959,0.3573284468033502,0.5469400659700253
0.5449521701026011,0.3580788972712825,0.47838588092297807,0.35797877140273304,0.5447283508415803,0.35880638094741935,0.48398096134876234,0.3538097520715195,0.484051241755517,0.3586831194559209,0.47915559536301583,0.3549648751404857,0.45202325885637507,0.35492884915223955,0.4791769904143205,0.3586265131163701,0.48403595386478665,0.35376965525182547,0.48401708929182247,0.35892636107934894,0.544646319609464,0.3579632362615597,0.4783924471373578,0.3582364148811039,0.5448315303210753
0.542603065654767,0.35875683391394536,0.477021687248349,0.35864441846329476,0.5423719236578425,0.35948699796445016,0.48408844606230805,0.35414491849735286,0.48413980820701674,0.35934310569968114,0.4777730869849766,0.3552708673690766,0.4514124242628737,0.35523814456660774,0.4777859399995379,0.3592873395071346,0.48411632701272056,0.35407578070518875,0.48410548134175313,0.35959128725296163,0.5422717736102404,0.35862287516696956,0.47702271115580885,0.35890355939232876,0.5424930316631589
0.5400712609734759,0.359183339356985,0.47532870722942433,0.3590625942424292,0.5398299393618308,0.3599191621500252,0.48359374297970537,0.3541294462273098,0.4836259187852609,0.35975696134842106,0.4760600926619405,0.35522077478767067,0.45022726348579944,0.3551939753825826,0.4760677725533234,0.3597038110051764,0.48359274614461395,0.3540352279277449,0.4835953749921112,0.3600095375656541,0.5397170730233466,0.35903767072353093,0.4753341418534428,0.3593298594429783,0.5399736419158491
0.5374106426655068,0.35936303399580544,0.47335324256785516,0.3592335002301338,0.5371572018361291,0.3601068932361388,0.48252350853791404,0.353775711208568,0.4825367011166103,0.35992622355352244,0.4740563063620538,0.3548265076061793,0.4485014313800693,0.3548077070054066,0.4740643868159985,0.3598751070906813,0.48249053717870943,0.35365834261337625,0.4825124376832456,0.3601824207286357,0.5370399675932631,0.3592040030835281,0.47336363238559653,0.35951025017441285,0.5373255026741347
0.5346790756137388,0.3593053035183551,0.4711433488926566,0.3591644012817461,0.5344123320082627,0.3600509319838151,0.4809126886358017,0.3531004539901419,0.4809064382742248,0.3598521429079826,0.47181045709226843,0.3541045735481831,0.4462760693645047,0.3540967592119323,0.47182452889994086,0.3598034406840057,0.4808437766059958,0.352959706517756,0.4808888257475309,0.3601151560086783,0.5342994266294627,0.3591287335119953,0.4711569255233904,0.3594459844779169,0.5346058065811514
0.5319384059406145,0.35901513262100476,0.4687524792231307,0.35886701524283443,0.5316566083073763,0.3597561711159825,0.47880184714565227,0.35212134615601,0.47877509754336617,0.359542631642559,0.46937899642574843,0.3530759551074378,0.443599582098154,0.3530814162855699,0.46940367475812095,0.3594955599298233,0.47869590028309056,0.3519585903642105,0.4787654108747028,0.35981366863099995,0.5315538979264418,0.3588235917591359,0.46877268323323346,0.3591509166780411,0.5318774639712354
0.5292530809821664,0.3585004619161995,0.4662444502014096,0.358350427180004,0.528953596333946,0.3592375312816635,0.47623859437881266,0.35085948230804503,0.47618922572367234,0.3590138765067346,0.4668238418516361,0.3517669698521228,0.44052631185832736,0.3517856110882098,0.46686191326097226,0.3589632551938623,0.4760962261328103,0.3506787617434814,0.4761886069096206,0.3592865457680467,0.5288625775061813,0.3582971640993541,0.466271266234172,0.35864019781067624,0.5292067142831239
0.5266882428454762,0.3577798815469154,0.463688038046908,0.3576247629985393,0.5263688526717194,0.35851292238946875,0.47327668251865085,0.34934360456224056,0.47320327661721145,0.3582824454300331,0.4642102939250955,0.35020831345493375,0.43711442041450305,0.3502371580241074,0.4642619059440921,0.35822218185004134,0.47309915293457483,0.34914833852060245,0.4732113221266938,0.35854833056879043,0.5262876590557082,0.35755926544169225,0.4637102624708379,0.3579230221485338,0.5266590115416362
0.5243075094088906,0.35687475230115107,0.4611473034841457,0.35670836518352833,0.523968662992859,0.3575972329870751,0.46997527648778975,0.347605761610418,0.469879098923413,0.35736130784333836,0.461605705261942,0.34843315751391735,0.43342610684161853,0.34846674174676084,0.4616682193919769,0.3572899501933229,0.46976636239651365,0.34739894488487894,0.46989540171264654,0.3576180803952981,0.5238946422959326,0.35662835107126506,0.4611540062800315,0.3570124475756046,0.5242963423379536
0.5221718550318228,0.3557996749808195,0.45868259787412863,0.3556239341519452,0.5218180128296147,0.356507535965185,0.46640177895517776,0.34568018539538703,0.46628520414313135,0.35626557693771066,0.45907791146689836,0.34647510302860807,0.42952801100903204,0.3465093470403215,0.4591467357788327,0.3561853065054261,0.46616654125092366,0.34546522554422743,0.4663097543129376,0.3565154696358215,0.5217493777135248,0.35552815681198746,0.4586754302472868,0.35593206823178103,0.5221772660769317
0.5203395786728473,0.3545691930113667,0.45635811407432036,0.35438999088749645,0.5199780782915575,0.35526701018442014,0.4626313295435918,0.3436074804611534,0.4624962647932897,0.3550156194791193,0.45669326267908217,0.344370458144422,0.42549153907500437,0.34440415193075635,0.4567630701327916,0.354928802130686,0.4623752964675186,0.3433861492368834,0.46253001247719533,0.3552604599156394,0.5199137179989131,0.3542796430126719,0.4563433139844028,0.3547056405772088,0.5203590708538811
0.5188661602184335,0.35320737991880197,0.4542397121240484,0.35302317924877796,0.5185036751031994,0.3538989129036325,0.45874463140737065,0.3414318351695286,0.4585929470316617,0.3536337780860352,0.45451543846086806,0.3421617384008153,0.4213927057399133,0.3421948118536986,0.4545802551809516,0.3535430091123626,0.45847528931496784,0.34120577596764146,0.45863809381740395,0.35387596769277047,0.5184424834046794,0.35290227210572267,0.4542156949566112,0.3533502549752021,0.5188977095566142
0.5178025091933449,0.3517422126616582,0.4523867307488596,0.3515458395356803,0.5174422669009531,0.3524230231522067,0.4548275108966151,0.3391977260531861,0.4546612909749671,0.3521426567298064,0.45260438942663556,0.339895328253637,0.4173105858210965,0.33993023996463523,0.4526580704503235,0.35205168727431924,0.45455087032999314,0.3389718177873667,0.45471941884066974,0.3523870714653572,0.5173823884749224,0.35141981064031624,0.4523494303346965,0.3518852875684823,0.5178452215231105
0.5171914533633565,0.3501960690242206,0.45085110239991966,0.3499854987405448,0.5168332494800569,0.350861946193355,0.4509676967700715,0.33695306570026995,0.4507904622851893,0.35056811761638584,0.451015175951343,0.337620456092561,0.41332498664514883,0.33766099316212306,0.4510529984165775,0.35047905213379393,0.4506872223373718,0.33673418818732415,0.45086164084017333,0.35081904034468053,0.5167730439269186,0.3498588381192038,0.45080499883585845,0.35033917427536293,0.517244719511181
0.5170644357475506,0.34858957041357475,0.4496820775501519,0.3483684360919049,0.5167067988592103,0.3492442701222528,0.4472536610820362,0.33474950623045324,0.4470703325376256,0.34893912776839553,0.4497972186763137,0.33538979802735663,0.40951570934525583,0.33543702645450024,0.4498172928826809,0.3488507502574818,0.44697449159938973,0.33454431312039246,0.4471544959696411,0.34919765818113396,0.5166470606027249,0.34824410689411406,0.44963561606713076,0.3487396903878496,0.5171268170659372
0.5174396649606366,0.346949705841189,0.44892376990706645,0.34671903429925066,0.517082343672938,0.3475983426244816,0.4437742432373711,0.33263898563691935,0.44358959092347805,0.3472822140979497,0.4489933468131147,0.3332560874830046,0.4059631784379258,0.33330993376476054,0.4489970183999795,0.3471946787388676,0.44350113771284927,0.3324533254609312,0.4436857499567205,0.34755044665323975,0.5170276138387638,0.346600591852009,0.44887947589546623,0.34710744766052054,0.5175082754290208
0.518322568210041,0.34530633280017897,0.44860965311910783,0.345064472930395,0.5179673750294203,0.3459483700876044,0.44061290931736835,0.33067120095564534,0.4404311950371982,0.34562117709558815,0.4486393991362805,0.331267971927805,0.4027461083531976,0.3313301207466087,0.44862954718320375,0.3455393016362486,0.44034825288853285,0.33050988230109646,0.44053756986665943,0.3459055426280818,0.5179247648271804,0.34495662368636226,0.44856795077370915,0.3454647049424373,0.5183940774448529
0.5197075687900656,0.34368530294587407,0.4487650163277813,0.3434338583394018,0.5193572504384603,0.3443197538010411,0.4378442695120581,0.328892498409881,0.4376688988424689,0.3439834225521492,0.44876309464141373,0.3294735933405326,0.3999378443787697,0.32954434951210554,0.4487417909667033,0.343912035537671,0.43759114347782,0.3287599820101793,0.4377844874497024,0.3442898163777953,0.5193333860672603,0.3433411875930463,0.44873114903924854,0.34384287039078115,0.5197799917996412
0.521578825166883,0.34211287151939124,0.44941176581607983,0.3418546050037359,0.5212357400052869,0.3427433545501427,0.43553449998379334,0.3273469129578173,0.4353673206734774,0.34240160993588964,0.4493819374237451,0.32792049324022166,0.3976030079483329,0.3279981078320703,0.44935088659755706,0.3423396891396736,0.4352957783359107,0.32724688859056983,0.43549107541495724,0.3427298832687271,0.5212340265084375,0.34177964692114216,0.4493886722740552,0.3422751157832952,0.521653259155842
0.5239108565110666,0.34062121931071676,0.4505629691732183,0.34035340385402235,0.5235761859615681,0.34124960299289886,0.43373845544007783,0.3260747123941943,0.43358055708486,0.34090777045029275,0.45050192306575765,0.32664997732770906,0.3957956253743415,0.32673289169722686,0.45046406887896906,0.3408500885134126,0.433515969312629,0.32600837638476327,0.43371049651360877,0.34125437960355387,0.5235959441595285,0.3402971599756795,0.45054324544170343,0.34078950669795927,0.5239904216172727
0.5266677019976138,0.33924286023003014,0.4522144724019902,0.3389601668977582,0.526342446332075,0.33986457169550816,0.43249647879820396,0.3251072072973288,0.4323501639154741,0.33952871777758264,0.4521187497846298,0.3256955038965327,0.3945578158640806,0.32578097064390465,0.4520777098045775,0.33947189160019375,0.4322949264141237,0.3250754091570126,0.4324840314156086,0.3398925339866721,0.5263800820255843,0.338923296075305,0.4521884736615426,0.3394142285606364,0.5267553938767169
0.5298021278238848,0.33800302495483925,0.4543473165176869,0.3377085871888661,0.529488859866014,0.3386155732720873,0.4318358771415007,0.32446920846929184,0.43170495319869373,0.338289920660373,0.45421741722026354,0.32508304547649813,0.39391702159462477,0.3251674276483515,0.4541758842783409,0.3382333081353266,0.431660871515935,0.32447324350510354,0.43183971802092697,0.33867139789972184,0.5295392516984979,0.33769000218605805,0.4543137299572736,0.33818187990722015,0.5298988940619078
0.5332566253052693,0.33692339372200725,0.45693421587040717,0.3366279124408635,0.5329595722373582,0.33753345709034666,0.43177239201918105,0.32418145042788643,0.43166086813804383,0.3372184637984935,0.4567710246994202,0.32482930305730184,0.39388581534860334,0.3249095291891644,0.4567295801210877,0.337160116197046,0.43162709894884704,0.3242188799036929,0.431793517733691,0.3376155657315715,0.5330167007134706,0.3366244767540588,0.45689473919474316,0.33712027667032457,0.5333605451840923
0.5369647609332789,0.3360298095179272,0.4599371532744194,0.33573837124138145,0.5366878938828914,0.3366454605151097,0.4323090378615102,0.32425453346581135,0.4322200517516278,0.3363390333108178,0.4597397088969994,0.3249414807383598,0.394462400837778,0.3250135560677708,0.4596972033826205,0.33627485845338206,0.43219755125976717,0.32431985426119125,0.43234861719962253,0.3367480395021283,0.5367446846174815,0.3357473456413389,0.4598867058525335,0.3362462603220969,0.5370722203140567
0.5408517275537443,0.33534773210200475,0.4633007314975879,0.3350561290167374,0.5405966005551086,0.3359698313049866,0.4334359927451135,0.3246873873508262,0.4333709941516961,0.3356709071246512,0.46307085870207887,0.32541804996477786,0.39563007233787595,0.32547831041260455,0.46302458708166166,0.3355974936280285,0.4333620902989047,0.3247768853020191,0.4334935021536781,0.33608995681889614,0.5406444689572016,0.33507703685980106,0.46323158749598325,0.33557450683805057,0.5409589932963053
0.5448349011037773,0.3348921880082125,0.46695456411258685,0.3345970682270262,0.5445993271181356,0.3355203472403474,0.43513074063993423,0.325471180599867,0.43508975362948815,0.3352298464853057,0.46670047586883,0.32624841466116594,0.39735823666346937,0.3262970162099883,0.4666461090426402,0.33514477039416213,0.43509431290502587,0.32558275877675935,0.43520452343165356,0.335658292415984,0.5446295048831736,0.3346301199495492,0.4668661577905555,0.3351234595644765,0.544938978456693
0.5488241222401689,0.33466944905768237,0.47082070164018763,0.3343729163141629,0.5486036531867278,0.33531087235182117,0.43735875836458266,0.32658918361551437,0.437340610280161,0.3350287801968781,0.4705537737519255,0.3274159921230251,0.39960313862226676,0.3274538484228958,0.47048650450820184,0.33492972103446383,0.4373580749488664,0.3267208346639602,0.43744697332492516,0.3354654191966493,0.5486088295131939,0.3344187754125175,0.47071762764580544,0.33490736223307127,0.5489221596538797
0.5527228560131354,0.3346856023425189,0.4748156559788943,0.3343881770338798,0.5525136550464663,0.3353505105531914,0.44007353203263017,0.3280164281937673,0.4400769830566214,0.33507386453642307,0.474546878955782,0.32889728239683325,0.402308157910177,0.32892323309739147,0.47446334516036015,0.33496139242785505,0.44010784420849697,0.3281672250121008,0.4401743703217356,0.3355191275561946,0.5524903511432755,0.3344503873467424,0.4746996539901898,0.33492856562022155,0.5528116978279619
0.5564320330778015,0.3349460072019132,0.47884956789685695,0.3346439419298832,0.5562326008294965,0.3356389116272124,0.443216127550269,0.32972185671197163,0.44324111602292593,0.3353640468184476,0.47859013989296667,0.330657808715636,0.4054054134996106,0.33067216320772774,0.478489350041602,0.3352445671957475,0.4432839607123124,0.3298919835898467,0.4433290851100299,0.3358228219593834,0.556182386657986,0.33472953548762885,0.4787216439193509,0.3351848070785066,0.5565081961725942
0.5598550353269994,0.3354488426827286,0.4828311661635116,0.3351415279523679,0.5596663569890727,0.3361718884501834,0.4467171562337576,0.3316690869568184,0.4467637552446062,0.3358971469481872,0.48259205521406917,0.33265620911268257,0.40881796924590097,0.33266145626913846,0.4824754213416954,0.33577940975388365,0.44681506459693354,0.33185722039457244,0.4468426625058801,0.3363753102888244,0.5595941696806704,0.3352565208965169,0.48269857534686794,0.3356795264956961,0.5599160746405777
0.5629028768873132,0.3361881472384458,0.4866757539588204,0.33587898050366516,0.5627265777292161,0.336947027415585,0.45049938291648184,0.33381554066421315,0.4505654952876169,0.3366731032462205,0.48646262952134595,0.33484810762796374,0.41246051142943685,0.33484700122684796,0.48633361545299575,0.33656098679071955,0.4506214886143627,0.33401785009045737,0.4506352288172494,0.33717192917878547,0.562638155698541,0.3360249560212698,0.48654716626266253,0.33641681775224846,0.5629492124105773
0.5654983526802959,0.33716099543040295,0.49030580565839443,0.33684897919106116,0.5653343680780955,0.3379595517103515,0.4544762805472399,0.33611156185756064,0.45455822706523036,0.33768866686662935,0.490115839543044,0.33718474347210586,0.4162393719873649,0.33717940206322466,0.4899795340551745,0.33758055271216736,0.4546162049771942,0.33632358753481495,0.45461793345869267,0.3382058350605901,0.5652343077408428,0.3370248637669283,0.4901806744398592,0.3373909893122621,0.5655335226718945
0.5675785398524497,0.338363575705671,0.4936458610802249,0.3380422361641593,0.5674240281460523,0.33919614268993714,0.4585517457759429,0.3385003174113288,0.4586468435359297,0.33893210333602564,0.49347238856737113,0.33961167485425425,0.4200540446369515,0.3396027395177442,0.4933352550629876,0.3388269821266694,0.45870705543500234,0.33871832268371804,0.45869669445800487,0.3394662766249137,0.5673149546749341,0.33824729933667586,0.4935174573650022,0.33858884766812913,0.5676076644238796
0.5690949329660773,0.3397808183695896,0.4966244504298084,0.3394494593008316,0.5689457138153398,0.3406391969067939,0.46262532688054897,0.340921748745297,0.46273144518062304,0.34038621906345035,0.4964617795514307,0.3420691407827965,0.42379994187241476,0.34205695523624036,0.4963307456535438,0.3402858502438803,0.4627938621262088,0.34114091057120854,0.462771256853231,0.3409368845436328,0.5688286943551383,0.33968193072217323,0.49649102970343495,0.3399981564123393,0.5691224861906992
0.5700144043509633,0.34138851919909224,0.4991818669517407,0.34105449979773383,0.5698663048133694,0.3422726929309978,0.4665960835074481,0.343315136806509,0.4667105086505764,0.3420326083898682,0.4990236435452903,0.3444935616281797,0.42737258259806177,0.34447821662656897,0.4989051414887316,0.34193705054536006,0.46676997145774374,0.343528031897062,0.4667383046582443,0.34259601782538973,0.5697418939678005,0.3413099876203425,0.4990465126831564,0.3416043377576957,0.5700421248375811
0.5703197737007506,0.3431641624046148,0.5012717446324491,0.34283110152267904,0.5701695883258288,0.3440784404323569,0.4703630088983384,0.3456171147760494,0.47048287045990717,0.3438493637867067,0.501108218543398,0.34682156162327654,0.43067046401758124,0.34679948499048296,0.5010071702776544,0.3437548705408537,0.47053449334778247,0.3458154290999096,0.47049749296165033,0.34441816620083154,0.570037759698555,0.3431036395074436,0.5011323440621726,0.34338162585532495,0.5703467309774527
0.5700108763760783,0.3450864813139868,0.5028558598258209,0.3447480927169966,0.56985526540211,0.34602770304612834,0.4738286220100685,0.34776429369411543,0.47395000337517645,0.3458063263921355,0.5026766489065434,0.34899016444278624,0.4335982369539693,0.3489571181572835,0.5025954155791282,0.34570941150382434,0.4739946584551484,0.3479405696831753,0.47395227029451636,0.3463738144675666,0.5697150939300799,0.3450320960204391,0.5027044702845485,0.34529599235284203,0.5700345228262602
0.5691042956269965,0.3471225056796596,0.5039043254638619,0.34677427789149984,0.568938670092753,0.34808195611738957,0.4769033482410695,0.34969853765376985,0.47702059939131125,0.3478659851035948,0.5037026527648756,0.35093806450438386,0.43607106994481676,0.3508947002959033,0.5036401262765356,0.3477661086986643,0.47706063280817573,0.3498467777278458,0.47701159790793946,0.3484276195125695,0.568788040665303,0.3470637779183249,0.5037365105598652,0.3473144463625685,0.5691221939065928
0.5676325494002977,0.3492250844739837,0.5044018781904464,0.34887320907555674,0.5674509969767336,0.3502005733015125,0.47950746185785104,0.35136752912300717,0.47961494641403724,0.34998760313590976,0.5041736215957368,0.3526129551591742,0.4380181839498835,0.3525610363378197,0.5041259858608631,0.3498847579927198,0.47965241975139017,0.35148380401157886,0.47959579206024217,0.35053832238069904,0.567286695846282,0.3491618053500503,0.5042190419526764,0.34940280856837236,0.5676431085383384
0.5656427833901789,0.35134587196843636,0.5043507626388212,0.3509970119938609,0.5654394919719371,0.35234118461291386,0.4815741019336115,0.35272608985509757,0.48166775201101947,0.35212670599973506,0.5040915447585941,0.3539732350859549,0.4393851101543981,0.35391285522019944,0.5040537930626035,0.3520194288828115,0.4817057976157771,0.3528094466912145,0.4816398566204054,0.35266099874927337,0.565259170552345,0.35128059392214195,0.5041522573255407,0.3515149962692161,0.5656446000471534
0.5631951348449423,0.35344061422255757,0.5037662461128051,0.3530911144296518,0.5629675158722203,0.3544546868277568,0.4830526035908165,0.35374138622428264,0.48312948613176465,0.3542320862452373,0.5034732129441128,0.354984751620149,0.4401363525971198,0.3549168286698185,0.5034407028875916,0.3541217750637006,0.4831690051772064,0.35379267901751454,0.4830952602561079,0.3547480035543916,0.5627708806215633,0.3533706541760672,0.5035482792418008,0.35359468478863576,0.5631866211476217
0.5603630697098114,0.35546014825935063,0.502676275356724,0.35510342260603095,0.5601130445236912,0.3564860235947235,0.48390981834724733,0.35439242107214564,0.48396782057939375,0.35624887053217114,0.5023511133020898,0.3556227533512425,0.44025721934487805,0.35554928819049203,0.5023197708572601,0.3561421913386473,0.4840070825249084,0.3544132560606436,0.48393157642720447,0.35674927712879745,0.5599027973575701,0.3553813966286896,0.5024409988868213,0.3555885394525479,0.5603427219134581
0.5572339314252299,0.35734649483549163,0.5011279540847009,0.3569846791114809,0.5569670117967694,0.3583813487966844,0.48413283438631366,0.35466838655739397,0.4841704905990266,0.35812478891869687,0.5007740731118356,0.3558757123424626,0.43975532814631757,0.3558002512905427,0.5007404341005076,0.358028840832465,0.4842082052621163,0.3546614803684288,0.48413635650418774,0.3586133645905819,0.556748360179344,0.35725995481269046,0.5008856353875372,0.3574503100381158,0.5572014553348974
0.5539091680541275,0.35904403804305374,0.49918933891628653,0.3586825671518855,0.5536314559387769,0.360090769330372,0.48373047135541036,0.3545708897673615,0.48374596136461145,0.35981136416444603,0.4988063819709922,0.35574575253060287,0.4386608336144851,0.3556747811578501,0.49876760882123017,0.3597290761958761,0.48378155206779827,0.3545399014618218,0.48371597302105257,0.3602901737491426,0.5534105587203685,0.3589520177928899,0.49894768431657516,0.3591313012359574,0.5538664423503847
0.5505025897276036,0.36050774246073447,0.49694232972172575,0.36014337004329944,0.5502180460283566,0.3615647763274512,0.4827315461616417,0.35411314782627623,0.4827233836143172,0.3612609234142226,0.49652688894688585,0.35524858353319466,0.4370246045835536,0.3551874206749057,0.4964812644430531,0.3611935866609177,0.4827572396838042,0.35406127442353497,0.482699924446936,0.36173253265846456,0.5500005024984882,0.3604075127681317,0.49670088393087036,0.36057779174489224,0.550454184272984
0.5471365331018863,0.3616968550445854,0.49447711002994066,0.361321806440414,0.5468461886269432,0.3627558308482943,0.4811847857693471,0.3533192579437984,0.4811537474240978,0.36242856186194694,0.4940273467364804,0.35441281351324005,0.43491624733742196,0.35436324761335325,0.49397461364852346,0.3623802669023653,0.4811856205034289,0.35324980971979236,0.4811399914159629,0.3628977068277185,0.5466365527164652,0.3615848105679692,0.49423594519756564,0.3617434233951323,0.5470886633119061
0.5439368047043287,0.36257108475408734,0.49189598783270777,0.3621857586498132,0.5436401435560679,0.3636259293932001,0.47916034897651383,0.35222510769467746,0.4791087226348969,0.3632787818704879,0.4914107749410553,0.3532762382819492,0.43242541338092383,0.35324026769552586,0.4913525500340138,0.36325318288783315,0.4791351145905506,0.35214368323401946,0.47910571078173525,0.3637495634946778,0.5434424950872333,0.3624495107132819,0.4916624868258301,0.36259834856686257,0.5438954037728523
0.5410272567838417,0.36310005655834043,0.4893139908988317,0.36271260304607633,0.5407247137522305,0.3641513635971889,0.4767461697384408,0.3508778946624953,0.47667730138799885,0.3637888475979367,0.48878885125882954,0.35188627358297864,0.4296586353334163,0.35186423475968776,0.488728631343344,0.3637823411848302,0.47669432014028673,0.350790608927775,0.47668418079134145,0.3642617453412961,0.5405430699241143,0.3629738808355687,0.48909578464183745,0.3631223421707227,0.5409964939135241
0.5385253534290052,0.36327262245121983,0.4868503001142494,0.3628862838119109,0.5382196562331082,0.3643191327118511,0.474045206114418,0.34933346818342303,0.4739640264648816,0.363945886384769,0.48627803816284515,0.3502998409271091,0.42673233489571344,0.35028810660096776,0.4862201127866658,0.3639493947804168,0.473971521378971,0.3492436634548285,0.4739804027692259,0.3644192475585461,0.5380580106424642,0.3631405364858108,0.4866467028876166,0.36329668982253693,0.5385073332558779
0.5365382974974587,0.3630899333727251,0.484618729081731,0.3627017543712425,0.5362338541071017,0.3641242925920194,0.4711749899475384,0.34765474668353913,0.47108646622234335,0.3637452646069016,0.48399453993455904,0.34858035025594747,0.42376920280917707,0.348576173024489,0.48394275042865775,0.363752883681842,0.4710846955359099,0.347564616914504,0.4711111021075131,0.3642179558190053,0.5360952252552882,0.36294654299797735,0.4844246918643854,0.36311114943877065,0.5365338573180898
0.5351592416393369,0.3625572324464069,0.4827272822764581,0.36216703927063876,0.5348603474763075,0.36357352788893627,0.46826290755018657,0.34590841606688666,0.46817041150000915,0.3631941855509216,0.4820502799718118,0.3467968299395109,0.420896335889613,0.3467999552002018,0.4820072608780815,0.36320500086180774,0.4681585007049741,0.34582197083732763,0.4682011287386115,0.363664223214198,0.5347452269160566,0.36240133357347293,0.4825412973093989,0.36257374466518766,0.5351691965035617
0.5344624022469415,0.36168889942833615,0.4812795940886554,0.3613009096296276,0.5341720493464797,0.36268819911335115,0.4654386797936329,0.3441638351077986,0.46534545123736404,0.36231414552277735,0.4805484066320888,0.34502291026773635,0.4182392087915299,0.34503237067212544,0.4805149494813157,0.3623248017191044,0.4653255266864536,0.34408450430823634,0.4653807060535206,0.36277660650133403,0.5340778555661471,0.36152302197906827,0.48110127354210563,0.3617075529434049,0.534488318532389
0.5344985610961956,0.36051693806010443,0.4803661686261922,0.36013040452541034,0.5342188822020736,0.3615015737667525,0.4628307992891486,0.3424927272125524,0.4627412661234085,0.36113771639513803,0.4795777071051581,0.3433321809723279,0.4159154162473419,0.34334530299936705,0.47955264275396864,0.3611388003086674,0.4627190814214007,0.3424227753218678,0.4627797563113284,0.3615869092893378,0.5341403759524155,0.3603394271418026,0.4801898073091222,0.360541401737279,0.5345424655728439
0.5352909005085279,0.3590859759110354,0.48005327679510923,0.3586948320894644,0.5350250409045064,0.36005459289057706,0.4605624411122439,0.3409651008341687,0.4604819240394042,0.3597044162772023,0.4792076841537292,0.341794398052477,0.4140292295424018,0.341806260756897,0.4791877844728252,0.359687840803513,0.46046259272899964,0.34090882667760336,0.4605220956360452,0.3601385832207574,0.5349556434543753,0.35889211504590135,0.47987165742683774,0.3591119409901978,0.5353541930420721
0.5368322466816601,0.357443234662797,0.4803814715609534,0.3570471607221264,0.536585595116214,0.35839708340117926,0.4587446643281362,0.33964510128101644,0.45867913892835527,0.35806152406406905,0.4794842894712182,0.34047412947623523,0.4126674583880708,0.3404785838454001,0.4794649566874928,0.35802760867671535,0.4586669208446393,0.3396082350802837,0.4587199224638162,0.35848450937118037,0.5365187120141186,0.357234707572873,0.48019364055934727,0.357470459391415,0.5369145858320586
0.5390841155510814,0.3556399112046535,0.48136965063088916,0.3552476096012849,0.5388641802466883,0.3565896555565625,0.45747249075385105,0.33859128682123535,0.45742730432091905,0.3562665758692912,0.4804283835566369,0.33942779724071914,0.41189755418385976,0.33942197082113046,0.48040462923445365,0.3562191764403494,0.45742450405012836,0.3385760393194017,0.4574685655768891,0.3566844221056231,0.5387939257560483,0.3554264553938013,0.4811792310875511,0.3556787542233934,0.5391835448616081
0.5419774643048615,0.35374001899252444,0.4830123500832608,0.3533567720929091,0.5417916788631533,0.35469937624781456,0.45682112271936115,0.33785327486830585,0.45679934231190344,0.354384995138592,0.4820335136540652,0.3387022533929399,0.4117627637961106,0.33868645954664345,0.4820010166717602,0.3543237635124921,0.45680522876593,0.3378585245237617,0.45684107706880445,0.3548032813425167,0.5417125063504462,0.3535295726175829,0.4828191460446477,0.3537984361173784,0.5420912655472694
0.5454138680751238,0.35181818245035545,0.48527220537596394,0.3514375469225339,0.5452666115017694,0.35279340716989993,0.45683947062906777,0.3374672782650212,0.45684311456580523,0.35248534685918353,0.4842633182934338,0.338334319278183,0.41227901758480046,0.3383081622144948,0.4842190980545725,0.352406609257238,0.4568587957142801,0.33749218555123905,0.45688372329979066,0.35290908321660486,0.5451729114609856,0.3516109972977204,0.4850722067536173,0.3518908375899792,0.5455390091216827
0.5492675262798865,0.3499462964792589,0.48807991070557866,0.34955922389147137,0.5491583156078379,0.3509377956466905,0.45754661652395034,0.3374554170844175,0.4575779877092796,0.350636935730664,0.48705131405242846,0.33834707174688705,0.41343676522958345,0.33831008127022044,0.4869938141094079,0.35053999827689586,0.45760721386201775,0.33750132944691147,0.45761405535123434,0.35106995364858296,0.5490453560575667,0.3497407812400786,0.48787362955451713,0.3500235957850115,0.5494013958325425
0.5533879652891841,0.3481876339965721,0.49134213097563517,0.3477935132072353,0.5533121030834377,0.34919960608160033,0.4589299237093995,0.33782575449916397,0.45899076997529353,0.34890897167490165,0.4903039080498091,0.33874750045564483,0.415200345853808,0.33870079686107746,0.4902321604400953,0.34879645921294866,0.45903522490057364,0.33789486426488824,0.4590193901594803,0.34935295473263434,0.5531771620155961,0.34798671858014124,0.49113537119747497,0.3482692176668078,0.5535281469311499
0.5576049058232242,0.34660278914949805,0.49494567061507955,0.3462051667791175,0.5575561675533115,0.34764412002827616,0.4609451019871084,0.33857077866095686,0.46103624817894034,0.3473658162361001,0.4939045679094237,0.33952661740058016,0.4175058670856929,0.3394711926687558,0.4938182802160112,0.3472388205166258,0.46109478432837886,0.3386632410182198,0.461055850207411,0.347822479637952,0.5573997275316269,0.3464111113358739,0.494741601054541,0.34669248497121946,0.5577481110283862
0.5617358417304766,0.34525182872132265,0.4987558725590496,0.3448493728813897,0.5617090297152232,0.34632895631402383,0.4635177437930378,0.33966667680656243,0.46363934472363005,0.34606276637991656,0.4977174853494416,0.3406593870444957,0.42026366149443084,0.34059600998196543,0.4976179797499154,0.345920620214993,0.46370882304500705,0.3397809038887171,0.46364842505917225,0.3465364113910022,0.5615343438305769,0.3450720176739417,0.4985520919789648,0.34534595581606486,0.5618778437733446
0.5655956137779481,0.34418674915535563,0.5026213994718206,0.34377523093977913,0.5655873154206598,0.3453020882151739,0.4665449271240051,0.34107315807920924,0.4666957530492671,0.34504663099976873,0.5015927783188684,0.34210321287950973,0.42336283909104416,0.342034315892683,0.5014835668380235,0.3448919499657378,0.46677112208632915,0.3412071535144846,0.46669279387648,0.3455422152513033,0.5653993397323027,0.3440218193077116,0.5024167205467089,0.3442778079868746,0.5657320018812636
0.5690070216665006,0.3434468541628259,0.5063877689608891,0.34302614685510263,0.5690140337297259,0.3446038535374203,0.46989934833769836,0.34273399721400233,0.47007583071666603,0.3443579750929565,0.5053739437586792,0.3438002765666462,0.4266740182703017,0.3437293911870355,0.505261054240777,0.3441981723077284,0.4701540821812371,0.3428833506129958,0.47006025495381076,0.34487655657892896,0.568818284233628,0.34330086335038323,0.5061854977866636,0.34353491276720916,0.5691346454814993
0.5718111216457493,0.3430634275591983,0.5099080610604824,0.34263530317354174,0.571828703639765,0.3442661125089153,0.47343670186573356,0.3445795221227189,0.47363310565635625,0.34402906140139816,0.5089064598073539,0.34568026995750506,0.4300523592667339,0.3456096854951982,0.5087973595672362,0.3438705533009423,0.473714821412799,0.34473729215383286,0.47360427091942014,0.3445672833865214,0.5716296268191035,0.3429362647637346,0.5097092145333791,0.34315333656711533,0.5719287613712889
0.5738756972682862,0.3430617290727488,0.5130438814163534,0.34262306914331475,0.573896927957411,0.3443068089787046,0.47700060805345545,0.3465280917762514,0.4772106009208332,0.3440787612162193,0.5120453515172741,0.34766241866203484,0.43334470243021167,0.3475918117108138,0.5119465833908318,0.34392189346373825,0.47729638018730697,0.34668832661495047,0.47716791850257506,0.34463271307378285,0.5736970844442019,0.34294688557659225,0.5128421532817227,0.3431504181874415,0.5739836867210768
0.5751016987779263,0.3434517813195036,0.5156666036379303,0.34299847674236683,0.5751183309994442,0.34472761296425114,0.4804284528504622,0.3484888597758202,0.4806463827469403,0.34451026302413057,0.5146618049064432,0.34965661707851947,0.43639721334471454,0.34958471878971464,0.5145771207930262,0.344351325348091,0.48073464125194143,0.34864683227221216,0.4805900855727972,0.34507769050610637,0.5749188267515719,0.3433436829366739,0.5154544482241645,0.3435299918648115,0.5752008373780285
0.5754286682569478,0.3442205265279793,0.5176681124109418,0.34375700017944866,0.5754326676725362,0.3455181440213702,0.48356167417038437,0.3503693403789525,0.4837826491352709,0.34531276794358157,0.516649627004321,0.3515675310450176,0.4390627618602399,0.3514940925013016,0.5165809987227709,0.3451503351459865,0.4838701564329023,0.3505188964506679,0.483713217101036,0.3458907871829232,0.5752336739519877,0.34412151627605564,0.5174440351658194,0.34428710770885196,0.5755184931572715
0.5748379908515624,0.34533901042984233,0.5189732751587744,0.34487542591885645,0.5748233702069481,0.34665881569033474,0.4862555552937742,0.3520799363768353,0.4864740534513949,0.3464628953581108,0.5179316904582928,0.3533020083965371,0.4412090418830745,0.353227088260045,0.5178811833686401,0.3462995029824493,0.48655760315203167,0.35221474058073643,0.4863920254024685,0.3470460899859483,0.5746247538592765,0.34525384275010274,0.5187382625437187,0.3454021303681656,0.574916143778452
0.573355049206839,0.3467724133492772,0.5195414013878838,0.3463119926480399,0.5733179686365739,0.3481157157836028,0.4883846595895808,0.35353545410610965,0.4885935005905479,0.347922457712433,0.5184648093220009,0.3547755735023035,0.4427255393343227,0.3546972271530484,0.5184338625111776,0.3477608302559668,0.48867320389062474,0.35365121396855415,0.48850080186267963,0.348504535461827,0.5731197000792564,0.3466980620308544,0.5192917635710773,0.3468336807954946,0.573417520824168
0.5710491050336439,0.3484752764236565,0.5193622866492883,0.3480120605698847,0.5709869605305273,0.3498337978520132,0.48984865759033314,0.3546617539947644,0.4900406744632709,0.34963627614191173,0.5182413285317392,0.35591482221332366,0.4435321330997838,0.3558302711379653,0.5182285632761274,0.34947681669466624,0.49011863566830083,0.35475504904874267,0.4899395891145772,0.35021195913418673,0.5707887655646483,0.3484024968039464,0.5190918337999076,0.3485232678335296,0.5710921408767526
0.5680309494397286,0.35037989885513576,0.5184582233322965,0.34991110416524607,0.5679411607182733,0.35173910879039005,0.49057889480933276,0.3554022113893367,0.4907487835259173,0.35153405817637157,0.5172886542587956,0.35666050624913276,0.4435858218062483,0.35656937856020987,0.5172898087274181,0.35137776336532833,0.4908235887816349,0.355470392970493,0.49064069662420584,0.35209873457936547,0.567742559082199,0.35030356430202503,0.5181656191983325,0.3504042600063004,0.5680524069067414
0.5644480018140255,0.3523981813777577,0.5168903364640557,0.3519305614168829,0.5643282225252487,0.35374843819830193,0.4905428534334629,0.3557185139242151,0.49068652398279744,0.3535352592378589,0.5156699531548277,0.3569737470149901,0.4428819987412521,0.35687740552775293,0.5156792589862177,0.3533870163297031,0.4907551052493806,0.35576144995732994,0.49057371355643037,0.3540845598321315,0.5641284150831645,0.3523210641219898,0.5165789815456638,0.35240191890746764,0.5644476834814965
0.5604772309952506,0.3544362589775056,0.5147572712526574,0.35397719845410974,0.5603269177414638,0.3557748441739159,0.48974683386519724,0.3555935618770992,0.48986084592056506,0.35555230856318965,0.5134838313125262,0.35683892953666774,0.44145714745384923,0.35673943393633634,0.5134948381237203,0.35541867424622725,0.4899244555818552,0.35561331570122595,0.4897462962433767,0.3560832966449571,0.5601253163636557,0.354362675070251,0.5144291143200868,0.3544271511664828,0.5604564794275092
0.5563174250827653,0.3564026165047184,0.5121857192567287,0.35595123471135254,0.5561394424060722,0.3577263597903676,0.4882362274109312,0.35503566994642377,0.48831972171285587,0.35749166468086974,0.5108597727613234,0.35626374405068484,0.43939013098605,0.3561647736292702,0.5108666848757404,0.3573764184046545,0.4883818793748579,0.35503565558867645,0.4882056333124823,0.35800369014777356,0.5559363587676955,0.35633259684312013,0.5118408326479951,0.3563796482639582,0.5562783090782868
0.5521807745204641,0.35820344563226114,0.5093238431747069,0.357756157669819,0.5519821241147306,0.35950691224814885,0.48609506355102094,0.35407630643226823,0.4861499169378421,0.3592575504370925,0.5079511963451534,0.3552791357620658,0.43679717731654255,0.3551847123442985,0.5079504317713173,0.35916173332035445,0.48621008905597846,0.35406171863472186,0.4860402387502726,0.35975140205671935,0.551779325602779,0.358135112834736,0.508967282825875,0.35816106607685794,0.5521256654588713
0.5482836184641191,0.3597422564996888,0.506340348879353,0.35930194974894103,0.5480747808619146,0.36102380506656323,0.4834450784370076,0.3527678846059077,0.48347372732825555,0.3607593446814781,0.5049293014929792,0.3539391168327062,0.43382623994336034,0.35385173125089486,0.5049197569485215,0.3606852613797721,0.4835268227118233,0.3527446581761263,0.4833743938468135,0.3612361848380866,0.5478754422156823,0.35967664527507437,0.5059840046695844,0.35968325571434173,0.54821611373783
0.5448370636265752,0.36093220385212654,0.5034198096908051,0.3605048855184208,0.544629672261117,0.362196316996391,0.4804402472104892,0.35118335200362294,0.4804456769077169,0.36191783607075856,0.5019767996639949,0.3523184011172522,0.43065303658994897,0.3522412277332222,0.5019582247575444,0.3618696987215556,0.480488293131056,0.351156438885645,0.4803594017347982,0.36238020737575993,0.5444378506960604,0.36087244648738626,0.5030741985954686,0.3608667848341434,0.5447628583530307
0.5420370683053253,0.3617081033446092,0.5007491367127291,0.36129332750618226,0.5418414581554291,0.36295916341318646,0.4772582830552817,0.3494120711703335,0.4772450783951866,0.3626684532513168,0.4992789452681829,0.3505095606591461,0.42747096416397595,0.35044529590972867,0.4992504259889269,0.36264851907861395,0.4772798594074148,0.3493859822048616,0.4771707808939307,0.36312173097233535,0.541660567545317,0.36165563683432966,0.5004168490655119,0.3616416257058821,0.5419637602038728
0.5400528376818804,0.36202750673872003,0.49850212008884637,0.3616192442254966,0.5398766805576969,0.36326556096149587,0.47409245640904274,0.3475553521067418,0.47406588119988696,0.3629657725799992,0.49701160249226617,0.3486185552651272,0.42447887287602204,0.34856476445618023,0.4969725523768938,0.362972196222326,0.4740961083264912,0.3475344820740958,0.47400376116425935,0.36341628771734724,0.5397087013765655,0.36198188610246573,0.4981830498386441,0.3619578881386766,0.5399890544057185
0.5390162170648997,0.36186641334008246,0.4968330348713298,0.3614637223276108,0.5388646699134569,0.36309260389496134,0.47114289111659896,0.3457215617589547,0.4711095404938411,0.3627890439622212,0.4953305930888853,0.3467560991605683,0.4218734237314387,0.3467086688024007,0.49528331342229365,0.3628185907668376,0.47113259314686545,0.34571006068372445,0.4710594748591839,0.3632410068646995,0.5387098119938205,0.36182851840321684,0.4965317987407545,0.3617959461784036,0.5389693409390381
0.5390108026114335,0.3612253885332648,0.4958719467432684,0.36083468612503866,0.5388879881976395,0.3624463890780161,0.4686037533560271,0.3440198232773481,0.46857289730877033,0.3621459051623981,0.4943637193833208,0.3450314424786135,0.4198355619600509,0.3449900147702557,0.4943134545379809,0.362194563034435,0.4685866702951245,0.3440221849340964,0.4685309632963658,0.36260029223301615,0.5387447559838506,0.36119669452612363,0.49559539372631856,0.3611646810181584,0.5389854146222108
0.5400641145377869,0.36013734264084896,0.49571442806465243,0.3597626756492965,0.5399742613169525,0.36136025772415015,0.46665139575441045,0.34255367342558907,0.46663206266942675,0.36107022755179674,0.49420354412398254,0.34354815170739156,0.41851519428139256,0.34351265087791844,0.49415583015703,0.36112844548941186,0.4666421771768038,0.34257387758686475,0.4665935641834702,0.3615265617951632,0.5398406114724785,0.360115872643481,0.4954639765187049,0.3600940911930922,0.5400615713909286
0.5421429754211312,0.358663953083487,0.49640906344275015,0.3583013663196148,0.542090647951837,0.35989091478227675,0.4654328457884065,0.34141480491186416,0.4654318234905399,0.35961793269753584,0.4948985459353716,0.34239921304338156,0.41802094267338286,0.34236624520984427,0.49485705316572876,0.3596704108700239,0.4654422587120395,0.3414552058875224,0.4653939412314661,0.36007612590813665,0.5419642832442447,0.3586452293923583,0.49617993135465427,0.3586352959692392,0.5421622974963735
0.5451528561488097,0.3568843135778645,0.4979519614281771,0.35652763342492655,0.5451418369165988,0.3581170293232554,0.4650540781292695,0.3406753248107047,0.465077454317024,0.35786539267071693,0.49644631744140316,0.3416596550952789,0.41841290340975584,0.3416256532225349,0.4964137673481328,0.35789947481152423,0.46508582426641737,0.3407361482250849,0.46503724038759603,0.3583248796468903,0.5450199825968247,0.35686604788330534,0.49773961540364187,0.3568647400441388,0.5451926876177582
0.5489414518322442,0.35488997308869463,0.5002894970933999,0.3545363924850944,0.5489730249145133,0.3561376144974286,0.4655700973891743,0.3403826215441885,0.4656233366295329,0.35590754024241245,0.49879177965391497,0.34138021323874057,0.4196960601669083,0.34134284665685977,0.4987710482628612,0.3559196485433145,0.4656315364693184,0.3404618998388813,0.4655765328360098,0.3563671173132842,0.5488518538686847,0.35487308837950043,0.5000912322278389,0.3548810233834826,0.549000864204193
0.5533049724933004,0.35278849051735506,0.503320342911974,0.3524347232337717,0.5533768039347432,0.3540639347665331,0.4669795828737481,0.3405590844195969,0.46706611883815335,0.35385285283352985,0.5018291312947407,0.34158305556954305,0.4218194700026111,0.3415390496656243,0.5018220557387367,0.3538424388785748,0.4670811446249061,0.3406532343817862,0.4670076673865499,0.3543121584810177,0.5532513045610372,0.352771429368253,0.5031301323845297,0.3527935768044068,0.5533835046024003
0.5579974840400143,0.35070002397242983,0.5068945926370424,0.3503384573763846,0.5581040098359381,0.3520086624464104,0.46922296405461117,0.3411991831546613,0.4693447534343894,0.3518148923564308,0.5054052893023171,0.3422601863152692,0.42467852351426494,0.34220595354203165,0.5054118600164358,0.35177535649886527,0.46936736969118614,0.3413060146139348,0.4692690703889326,0.3522764793501519,0.5579684455123533,0.35067697097891165,0.5067011743429064,0.3507150496832585,0.5580940795776509
0.5627435604865537,0.3487424537328314,0.5108186724498298,0.3483673145119075,0.5628777325960972,0.3500807656340981,0.47218300215140574,0.34226665623781416,0.47234132222860536,0.3499049695422161,0.5093264189522566,0.34337469306199386,0.42811841468343487,0.3433072963365139,0.5093466658200896,0.3498262623447438,0.472368643180083,0.3423855662133565,0.4722450958058309,0.3503732524909624,0.562726940282866,0.3487087265836226,0.5106123556132889,0.3487593712630327,0.5628554279448079
0.5672545221507226,0.34701999097554437,0.5148699143479427,0.3466341571534479,0.5674093808194925,0.3483869787959075,0.47569113189653695,0.34369956521910927,0.4758855176167012,0.34822830320783804,0.5133701239421606,0.3448619462273137,0.43194267340926784,0.3447795169201475,0.5134054951533423,0.3481083821548439,0.4759217540653387,0.3438276679963642,0.47576860830457784,0.3487065530250336,0.5672398497262914,0.34697611423622166,0.5146481783141129,0.347037957125254,0.5673765953807137
0.5712477630897643,0.3456242694626248,0.5188151053746305,0.3452334852119585,0.5714164059039029,0.3470269229588393,0.47953928036991017,0.3454140183390788,0.47976692192109266,0.3468793257694498,0.5173012986890886,0.3466319452027191,0.43592683662342646,0.3465346842563548,0.5173533046104373,0.34672725127560333,0.4798178649713436,0.3455460627497756,0.4796286027747811,0.34736869619278565,0.5712266239679473,0.34557328060395487,0.5185783472029198,0.34564851603406144,0.5713725432601547
0.5744664105208072,0.3446375607053955,0.5224236270886259,0.3442389644248065,0.5746407854298513,0.34608117230073165,0.4834924642855419,0.3473052200998753,0.48374695810958135,0.3459352356826465,0.5208876822205548,0.34857638105517963,0.4398282151444145,0.3484657218959597,0.5209549525524342,0.3457610195187496,0.4838091044505645,0.3474372135916437,0.4835863415855564,0.34643624391972966,0.5744314668604802,0.34457988055901645,0.5221683825175579,0.34466598042664875,0.5745845354646448
0.5766976474908494,0.34412324049355103,0.5254784440571374,0.343706976239859,0.576867928283423,0.34560130875871625,0.4873019704403423,0.34925334252181195,0.48757364855884106,0.3454499496029957,0.5239129685924856,0.3505752411150299,0.44340007644373924,0.3504519785079948,0.5239917178239913,0.3452568893561148,0.4876373332417417,0.34938306704143063,0.4873924690116509,0.34596314859702754,0.5766415824551527,0.3440578986852453,0.5251989837276524,0.34414293999989476,0.5767997404232553
0.577788645874604,0.344112127604791,0.5277923412363673,0.343674181130102,0.5779436475934461,0.34561128572753574,0.49072126471467054,0.3511328698761299,0.4910003965286024,0.34545159033729356,0.5261915245035576,0.35250040332482113,0.4464151288372733,0.35236684265546914,0.5262774807320072,0.3452417671416873,0.4910626089915594,0.3512573781431435,0.49080138759130293,0.3459767421984766,0.5777043829021151,0.3440417723416338,0.5274868844981653,0.34411262947530064,0.5778670560192815
0.5776594682004259,0.3446003846301997,0.5292256161741609,0.344148353739191,0.5777885556145508,0.34611210763341704,0.49352513396733105,0.3528190959083147,0.49380329952534824,0.34594212369085175,0.5275839113909406,0.3542240007760603,0.44868145093446193,0.3540844882926142,0.52767382058431,0.34572612408145226,0.4938694749106823,0.35293579242640527,0.49358914178890306,0.34647753172626927,0.5775413810341171,0.34453189316056765,0.5288978241483886,0.3445837455326084,0.5777088709477213
0.5763110411192183,0.34555888958181813,0.5296983976658368,0.34510251961337957,0.57640594402746,0.3470796587887722,0.49552752950670254,0.3541962823989959,0.4957959048626356,0.3468965237701609,0.5280105215869854,0.3556291656291708,0.4500502677749049,0.35548824604897933,0.5281011614326023,0.34669157326152966,0.49586706845170897,0.3543045251349676,0.4955708674833179,0.3474406323121926,0.5761571133409364,0.3454987519762994,0.5293521934278651,0.34553168678016244,0.5763276581962969
0.5738273543176879,0.3469369638224621,0.5291946113182203,0.34647931103689206,0.5738848790771606,0.34845997301898446,0.4965947711468933,0.35516845826725973,0.4968449157273568,0.3482610943339655,0.5274583325710827,0.3566181789776309,0.4504291603113652,0.35647973909295855,0.5275471352748843,0.3480821383631908,0.49691363914646536,0.3552678485938288,0.49661464553182383,0.34881338460980305,0.573640809222793,0.34688941185366506,0.5288321130250421,0.34689833128758707,0.5738092590917168
0.5703726982756854,0.3486568886777937,0.527763596060219,0.3481983898675249,0.570395189382536,0.35017015485802305,0.49665541011621644,0.35566489379828164,0.49688039191428596,0.3499558178121545,0.5259816610308832,0.35711930311062867,0.4497943229142176,0.35698766364951295,0.526067137631222,0.34980923202559117,0.49694276254124475,0.3557552525021092,0.49665066628389976,0.35051473551097345,0.5701619341522104,0.3486258778881146,0.5273896108434014,0.3486016390751375,0.570319472764129
0.5661825339439802,0.35061157965830475,0.5255214191595068,0.3501584050386637,0.5661769105898969,0.35210577753007005,0.495706863334827,0.35564454724417416,0.4959004007783946,0.3518779372220817,0.5236994150119866,0.3570936894865814,0.4481909781873512,0.3569722108180192,0.5237820196037287,0.3517657710641497,0.4959570337666629,0.3557274030275843,0.4956783079873254,0.35243821294149985,0.5659593802596545,0.35060163975009195,0.5251460964070913,0.35054087825480684,0.5660963343937873
0.5615492107768214,0.3526737011101376,0.522646805981509,0.35223544034655585,0.5615246676357138,0.3541464238736817,0.4938170756824058,0.35510362310019233,0.4939733432857942,0.3539060900463553,0.5207899095601021,0.3565392105991913,0.4457328947069558,0.3564302742929863,0.520870768743145,0.3538321287587566,0.4940187683449566,0.3551804886939919,0.49376493517957964,0.35446091535416524,0.5613263259016488,0.3526875797088038,0.5222799172989246,0.3525949296409927,0.5614356156935387
0.5568028268312467,0.3547073214944282,0.5193674172562662,0.35428810021840146,0.5567686677707014,0.3561568702365001,0.49112029799688195,0.35407577664177925,0.49123683619756453,0.35590478785382734,0.5174802102823429,0.355490566463599,0.4426024018561764,0.35539674817824957,0.5175596946900329,0.35587512211259836,0.49126432113055324,0.3541477156598172,0.49104340403064184,0.3564511259567389,0.5565909074419529,0.35474515529253015,0.5190119187435077,0.3546241652560016,0.5566706168466635
0.5522885104280728,0.35657340745551963,0.5159400829767682,0.3561719493783402,0.55225253103885,0.3579938344055853,0.48780928975125537,0.3526288251986226,0.4878881103610713,0.35773391452189157,0.5140296773239504,0.3540187703398381,0.4390378347799076,0.35394027164683983,0.514108257540359,0.35775114078002584,0.487901548044244,0.3526978805900973,0.4877091367004025,0.3582730201148283,0.5520945631930423,0.35663551350805806,0.5155956174718123,0.35648405522497373,0.5521478730894843
0.5483411555320892,0.358134631504473,0.5126346189601626,0.35775281867759756,0.5483102952931017,0.3595214130487917,0.4841262212093186,0.3508624986033382,0.48417287064148895,0.35926084416373905,0.5107113391506738,0.35222670866410566,0.43531681087935226,0.35215932452925813,0.5107910465204337,0.35932165436509483,0.48417678976654877,0.35093114443453366,0.48400894281705514,0.35979339951143574,0.5481691196132297,0.3582229830014754,0.5123049772284919,0.35804138624340576,0.5482018359642448
0.5452604031192572,0.3592689493700286,0.509719275148212,0.3589148832080587,0.5452415680199865,0.3606266960394606,0.4803483279028001,0.3489034973432704,0.48037079784824305,0.3603724727078709,0.5077935156221051,0.3502415260224501,0.4317407231975588,0.3501805948117591,0.5078773569570071,0.36046910096108775,0.4803605976631003,0.34897377881610836,0.480221556146842,0.3608948224545472,0.5451132291752965,0.3593839029049453,0.5094118254383798,0.3591832894771375,0.5451300666748649
0.543287738474912,0.35988714222076335,0.507441920875992,0.35956638263194807,0.5432888826047099,0.361225857547132,0.4767686986812173,0.3468949820888786,0.47677663633603634,0.3609824985913898,0.5055219306466477,0.3482075919541462,0.42861008706233605,0.3481502571782333,0.5056117874835391,0.3611045456737607,0.4767523347689869,0.3469694181758359,0.4766396160459814,0.3614891519582434,0.54316909652186,0.36002303490925686,0.5071599481281029,0.3598195185852455,0.5431718209933907
0.5425885565775745,0.35994014534106256,0.5060074313241874,0.3596489384832355,0.5426178216284063,0.36126560455430273,0.47367627833975956,0.3449871016663947,0.4736791352720948,0.3610372320223376,0.5041003267641897,0.346277334896594,0.4261970955681595,0.3462213951644656,0.5041964181780959,0.36117182489939037,0.4736503032810131,0.3450682038260333,0.47355093855458563,0.3615255966897919,0.5425027922869152,0.360087478028874,0.5057470184522019,0.35989023371540196,0.5424903187168526
0.5432384333748481,0.3594168758905939,0.5055587260138761,0.3591467618396921,0.5433029052362878,0.36073065534340365,0.4713337309732161,0.3433262711488093,0.4713404084172773,0.3605218245150081,0.5036724608223775,0.34459926561280585,0.42472722360047827,0.3445418086340307,0.5037750693694322,0.3606557524980752,0.47130881823791126,0.34341616294319655,0.47121671118951425,0.3609927825615049,0.5431890646376908,0.35956866395082115,0.5053148290446442,0.35937836566340714,0.543159898262956
0.5452150881535914,0.35834410766536884,0.5061672467310039,0.3580894439654491,0.5453194886475957,0.35965335237270024,0.4699540586786457,0.34204154278729704,0.4699739397103296,0.3594658330771353,0.5043088687289307,0.34330629040449445,0.42436180981723715,0.34324318307737034,0.5044197619851373,0.3595886968902049,0.4699337501884314,0.342141971390754,0.4698492335375655,0.35992119849380877,0.5452027512612558,0.35849779387102604,0.5059384330565044,0.3583157753848367,0.5451578943923888
0.5483965553300273,0.35679205228251176,0.5078279997494578,0.35654879355315017,0.5485424811890649,0.35811271974180825,0.46968113016938956,0.3412348348317116,0.46972422109569734,0.35794315792571085,0.5060000637000555,0.34250365417098105,0.42517854961960555,0.342430275759702,0.5061215787636414,0.3580464634828271,0.4696802613998054,0.34134498325483636,0.4695921769248229,0.3583844468442744,0.5484180593521095,0.3569445382239925,0.5076121944918931,0.35677759639307965,0.5483622062320149
0.5525662384739397,0.35487516807262376,0.5104536475190553,0.35463418769903987,0.5527521648684908,0.35622208811336453,0.470576297185848,0.3409731334412296,0.4706515354042642,0.35606470785349165,0.5086535717029168,0.34225740592274667,0.4271626572707657,0.34217109273078705,0.5087870444519539,0.3561384139057452,0.4706148732454374,0.34108977662226414,0.47050520399966494,0.35649525692730827,0.5526149624958244,0.35501848142368536,0.510243071854292,0.3548732339551418,0.55255559158456
0.5574249655563742,0.35273789300060826,0.5138739629710359,0.35248744850168645,0.5576476541742668,0.3541167361922659,0.4726082011357164,0.34127834745509916,0.4727214977876952,0.3539676277055549,0.512096070867938,0.3425886270315035,0.4302044377844699,0.34248976750440907,0.5122412519878159,0.3540008468087579,0.472693410976007,0.34140005653535294,0.4725551282433952,0.3543947782544405,0.5574928003164044,0.352863567432891,0.5136577804681407,0.35274049629783444,0.5574373527484594
0.5626109611345143,0.3505370434182392,0.5178458560253872,0.3502715230664668,0.5628657073016672,0.35194843355572264,0.4756488764757487,0.3421245586782452,0.4758028804489885,0.35180629382544526,0.5160842209455246,0.3434730917748255,0.43410044639926904,0.3433619927501239,0.5162397936704439,0.3517936493716297,0.475781069858234,0.3422520042018265,0.47561404802340035,0.3522390881909863,0.5626896038750093,0.35064246022267687,0.5176180953050336,0.35053939905649356,0.5626428246247757
0.5677261445287367,0.34843159868445345,0.5220763668849311,0.34815279356746076,0.5680068092935859,0.34987945948203353,0.4794805188587672,0.34344300425939134,0.4796752513601994,0.3497412777423017,0.520323235100462,0.344839604581076,0.4385679140516186,0.34471598782733776,0.5204888131293869,0.34968802939784815,0.4796645772199456,0.3435754735826795,0.47946325264327533,0.3501871633405934,0.5678078031290759,0.34851966214694763,0.5218361908511775,0.3484375292591356,0.5677704390240288
0.5723669631035366,0.34657821432107877,0.5262470814793367,0.3462861528759441,0.5726650811603003,0.34806772795368446,0.4838126488465784,0.34512631923667303,0.4840441020877532,0.3479268091264542,0.524490569576094,0.3465745138459415,0.44327019464913014,0.34644082301393075,0.5246672559614529,0.34784395137507784,0.4840477998761754,0.34526141241965747,0.48380786787805385,0.34839066300628674,0.5724441917253541,0.346650863324494,0.5259920532704129,0.34659101648456997,0.5724138856434596
0.57615801165078,0.34512019696897434,0.5300361503447826,0.3448072402033621,0.5764621154061943,0.34664785135130893,0.4883029630486388,0.34703416354073013,0.48856311815871856,0.3464970355727426,0.5282612951942955,0.34853532055999137,0.4478435236239747,0.3483952790928203,0.5284507890306603,0.34639255625774473,0.48857274019970215,0.34716995358366454,0.4883024589249511,0.3469826063896484,0.5762231449142639,0.34517658101639453,0.5297596921699422,0.34513247268658753,0.5761967435735463
0.5787849721397678,0.34416890690575763,0.533142870000502,0.3438269657732388,0.5790818393521997,0.34572058658706134,0.49258411545872194,0.3490062698182935,0.49286331333710764,0.34555588657598335,0.531335276607406,0.3505609041703125,0.45192604474721476,0.35041632202844664,0.5315380042767317,0.3454333682573663,0.492867420970464,0.3491407009689449,0.4925801433705972,0.3460658971773052,0.5788303248085639,0.34420985499065604,0.532839723132752,0.3441679025902309,0.5788055410688804
0.580024795192162,0.34379007786454624,0.5353170320631384,0.3434219633915575,0.5803014602235762,0.34535138829845746,0.4962972089595681,0.35087521482682615,0.4965859192593807,0.34517125116857356,0.5334654201514242,0.352478952178025,0.45519153712162014,0.3523314559017846,0.5336799467576971,0.345036856325762,0.4965828241841004,0.35100590852417424,0.4962832015153846,0.34570516868281964,0.5800437700455586,0.3438214727619965,0.5349886369436616,0.34377122445914376,0.580019372918381
0.5797691319986663,0.3440045611928459,0.5363870012725274,0.3436230294144954,0.5800153470715331,0.34556832281378047,0.4991261268588293,0.3524781374733979,0.49941383367223563,0.34537094088067555,0.534483129350855,0.3541224585043612,0.4573789932531541,0.3539745937655393,0.5347066666006777,0.3452381437610283,0.4994088095747214,0.3526035049162072,0.49909604803211755,0.34592453528206546,0.5797584128452467,0.34403525743371877,0.5360387265416137,0.3439738768693077,0.5797323171350858
0.578038551966401,0.34479457614908604,0.5362767545336765,0.3444110846429933,0.578249081655827,0.3463554279360767,0.5008272538079265,0.35367150242472817,0.5011016688468415,0.34613934258113455,0.5343160053217694,0.3553469094680337,0.4583138696088719,0.3552010457532677,0.5345451654803879,0.3460252212987902,0.501095384586186,0.3537913686487502,0.5007765789252648,0.3467072263779576,0.577999551579212,0.34483336821759647,0.5359126298026853,0.3447576484335033,0.5779671498278156
0.5749853773567211,0.34610336807277553,0.5350121241701967,0.3457227845866523,0.5751609350444804,0.34764962178777137,0.5012531005716043,0.3543456429175196,0.5015027780596303,0.3474172400743491,0.5329957942796913,0.35603999031272937,0.4579256808341432,0.3559003202791731,0.533226718436265,0.347335414056798,0.5014885377879915,0.3544612175758244,0.5011795798291322,0.34799476566074095,0.5749245273252901,0.3461593515291202,0.5346356007786155,0.34605860164359403,0.5748778035899296
0.5708831877480784,0.3478311634196064,0.5327207186604007,0.3474581069541036,0.5710298796126402,0.34934751211942805,0.500368120040913,0.3544340374737569,0.5005848728320494,0.34910518797003576,0.530657367280579,0.3561335486167543,0.45626042890920226,0.35600554764920345,0.5308866022343273,0.34906370719160984,0.5005570464903693,0.3545475102304695,0.500271591956692,0.3496865897645822,0.5708109894539469,0.34791401681637657,0.5323398825454675,0.3477756062256648,0.5707403580628484
0.5661054015021552,0.3498371224429371,0.5296257810938624,0.34948215583188547,0.5662323333601942,0.35131544910393775,0.49825476138423125,0.3539199646010326,0.4984319699229683,0.3510683279868717,0.5275292963080046,0.35561520080029774,0.4534796186786161,0.35550103924503296,0.5277549934003526,0.3510726973608046,0.4983908860119643,0.3540336954271794,0.498135143701348,0.3516454102349639,0.5660336991718719,0.3499545313339246,0.529253186194078,0.3497747852203603,0.565931337085507
0.5610922406380752,0.35195242715963726,0.5260296560918143,0.3516269255299359,0.5612096281737244,0.35339485441080065,0.4951061858605845,0.35284113150855456,0.4952389194089067,0.3531430355758548,0.5239150582173664,0.3545268322013153,0.4498494333241888,0.3544255031705384,0.5241376593293786,0.35319790284094704,0.495183886583541,0.3529569421410568,0.4949629466708504,0.3537082980100458,0.5610315908466436,0.3521070340562818,0.5256749991129572,0.35189110523994527,0.5608945624233824
0.5563113156993438,0.35399474643648837,0.5222838436665631,0.35370299159728047,0.5564287817190516,0.35540528992242615,0.4912093076479085,0.3512881525884809,0.4912979765916105,0.35514783884398915,0.520166236506029,0.3529586733171168,0.44572203457246085,0.3528691020001984,0.5203874064812984,0.3552544118254123,0.49122534005783897,0.35140762867659203,0.49104386246987775,0.355698513321952,0.5562690742323971,0.35418575231697597,0.5219501142399915,0.35393746045687524,0.5561007779146162
0.5522143647896244,0.35578016943201624,0.5187543255076176,0.35552057808070736,0.5523403220063983,0.3571582354196531,0.48692277006645945,0.3493958884937408,0.4869735835792197,0.35689945768835885,0.5166503888211053,0.35104597140608723,0.4415071945371341,0.3509664278821729,0.5168716277687493,0.3570530798969269,0.4868853445202931,0.3495215666876168,0.48673987375686495,0.3574369828183751,0.55219477392496,0.3560070470798322,0.5184426360852887,0.355725413370262,0.5520031630159767
0.5491950646262904,0.35713672887064607,0.5157901782005735,0.3569098125695304,0.5493371232677653,0.3584828218389664,0.48264824885686464,0.34733240570538587,0.4826706561201742,0.3582319045215139,0.5137176203235766,0.348959266720283,0.4376335059556232,0.34888727761264926,0.5139402795415754,0.3584236504700991,0.4825732311530439,0.3474674445764645,0.4824550633280454,0.3587568667097212,0.5492005287129526,0.35739944331019025,0.5155048208896794,0.3570878142605336,0.5489946575268521
0.5475518787675341,0.35792599339243947,0.5136957999535902,0.3577348804633652,0.5477173830603883,0.35924857243709307,0.47879554490390935,0.34528497201888886,0.47880122366562244,0.3590136826935092,0.5116693271690868,0.34688775112813774,0.4345088708931764,0.34682201078774777,0.5118956902713343,0.3592328453573074,0.4786961339020262,0.3454312441787246,0.4786003438223596,0.35952258279050864,0.5475842016415015,0.35821922330639583,0.51344151372336,0.35789271965675973,0.5473707917783138
0.5474591627449353,0.3580636963254255,0.5127022646099905,0.3579065486164277,0.5476550034573604,0.3593760461122647,0.4757461016710876,0.34344249539735233,0.475747968432391,0.3591609395336194,0.5107299364117893,0.3450231789821566,0.43248223133524477,0.34496186706785714,0.5109630688787045,0.35939453709149694,0.4756353662866987,0.34359957110386463,0.47555642147410554,0.35964967128663716,0.5475209892975859,0.35837468648568327,0.5124772818106759,0.35805314643715336,0.5473019961913491
0.5489495278659289,0.35753013215166596,0.5129397341656984,0.357395292357164,0.5491812146893593,0.35884116069659044,0.47381723374371487,0.34197759430425445,0.47382751031625375,0.3586469423711649,0.5110230763684079,0.34354135188457324,0.431806941205681,0.3434790468959154,0.511266769588957,0.3588791694354863,0.47371200625813487,0.34214371060736837,0.4736381232080647,0.3591162466105755,0.5490438604770096,0.3578440809096798,0.5127351077882315,0.3575390707295065,0.5488173740559351
0.5519084541561637,0.35636847168568253,0.514420215153792,0.356240302094596,0.5521783440280127,0.35768149689458795,0.4732287998013319,0.34102825410661397,0.4732585926380359,0.3575089759577549,0.5125566839760599,0.3425810012327424,0.4326126114263401,0.3425128278386808,0.5128143241126675,0.35772424071149167,0.4731415636092422,0.34120191526427723,0.4730630848407797,0.35796522287323296,0.5520368139304929,0.3566750522292599,0.5142264446491823,0.35638886225417266,0.5517997579629956
0.5560812762676356,0.35468018266328527,0.5170353563211219,0.3545468223893617,0.5563878319008049,0.3560011261855148,0.47407713712474825,0.34068251813805006,0.4741373848517671,0.3558483741937555,0.5152186331924556,0.34223283168259666,0.4348880030808061,0.34215650361545086,0.5154919998701462,0.3560358886223476,0.4740151869567873,0.34086115088958246,0.47392697689038377,0.3562992451984516,0.5562421342568075,0.35497327106839976,0.516846493418962,0.3547086713384973,0.5559930826442984
0.5610930795095285,0.352620127429365,0.5205655022469379,0.35247322375629864,0.5614312209650146,0.3539612525870146,0.47632038283162353,0.34096934384185074,0.47642031086343595,0.3538207057848175,0.5187836319347231,0.34253099298237627,0.43847478590953826,0.34244317853143247,0.5190731557823443,0.3539738736119534,0.4762955568443833,0.3411477414896159,0.4761866839706768,0.35427146301567347,0.5612813078347645,0.3528920876884203,0.5203759760816686,0.35265746721331886,0.5610222554942007
0.5659499308184959,0.3505778893775753,0.5242829275353105,0.3504102135104487,0.5663098905958285,0.3519469983836647,0.4794214533681937,0.3417337767813491,0.4795618212145625,0.3518071379971675,0.5225158133228129,0.34331907648829113,0.44260222174960206,0.34321699533683003,0.5228206420286345,0.35192380051094846,0.47944180455179336,0.34190810619128176,0.47930157599558787,0.3522622552731273,0.5661552019972016,0.35082147856261214,0.5240843645693699,0.3506200628526016,0.5658917329433094
0.5701913015617824,0.3487671630822414,0.5277916168347276,0.3485737162722068,0.5705641731304176,0.3501618975421956,0.4829317220227431,0.34281184286673305,0.4831085956684097,0.3500158950527664,0.5260204912699544,0.3444285683002032,0.4467703862544239,0.3443127739408419,0.5263402651276853,0.35009483855047935,0.48299342950662066,0.3429823209311919,0.4828225378152956,0.3504804938462747,0.5704036643678138,0.3489797220014749,0.5275763798087256,0.34880631931591355,0.5701410691910375
0.5735267088226822,0.3474002147262596,0.5308218560558131,0.34718339958537886,0.5739051847357606,0.34881283025516235,0.48644743316742906,0.3440803085050106,0.4866544161049081,0.34865971062054213,0.5290336707582083,0.34573217745160134,0.4505794749817189,0.34560549910690974,0.5293676009483662,0.34870583812220046,0.48654117920093276,0.3442467457338363,0.4863460902665381,0.3491376135751457,0.5737382115750467,0.3475867581772019,0.5305878900634485,0.3474324586114653,0.573479282788362
0.5758468890408013,0.3465741014711637,0.5332038422008984,0.34634207711515896,0.5762253062258389,0.34799944550105555,0.4895830229120478,0.3453525967134808,0.48981141672194556,0.347840182559085,0.5313915091646007,0.347039029226354,0.45370125156820845,0.34690461513463144,0.5317377653241983,0.3478661491517443,0.48970187111432073,0.3455147372410343,0.4894857739087146,0.3483306682199754,0.5760521214761396,0.34674377634205455,0.5329535841126396,0.34660171706279075,0.5757969948583775
0.5772003639428561,0.34623296790046865,0.5348537022831295,0.3459932020429106,0.5775750869357638,0.34766900389823874,0.4920698050115029,0.34646710819317356,0.49230944435815327,0.34750332003888296,0.5330141807737423,0.3481825423494346,0.45595721693101965,0.3480435065717199,0.5333695436384581,0.3475230525256606,0.4922039405313699,0.3466260618258647,0.4919719509442567,0.3480024423919973,0.5773966305798518,0.3463936490821261,0.5345896207269887,0.34625924501856187,0.5771434387104399
0.5777545947073951,0.3462430860238742,0.535795577258162,0.3459988590380629,0.578123811690065,0.34768626085804133,0.4938014123075083,0.3473417848800883,0.4940440335910886,0.34751315308594566,0.5339293688328675,0.34907887017450523,0.4573482991115887,0.3489374498033776,0.5342904238439867,0.34753442939964263,0.4939385092765877,0.3474985527638671,0.493699908584645,0.3480173730305323,0.577941872403226,0.3463992681918216,0.5355199018959625,0.3462673427634263,0.5776884624653693
0.5777555519798648,0.3464634324121729,0.5361688461981922,0.3462167124259169,0.5781193169216327,0.3479081203130325,0.4947952146956436,0.34792709747476047,0.4950360135369984,0.34772811780967333,0.5342799904628693,0.34967831899084034,0.45799728764267356,0.34953583919383974,0.5346437701390584,0.347752532602034,0.49492779455791513,0.34808159930727217,0.4946876302751975,0.34823626576374644,0.5779355172605986,0.34661843552849714,0.5358844821725058,0.3464834935819954,0.577680463645793
0.5774883156765298,0.3467474092850836,0.5361856114055792,0.3465006722545584,0.5778481265761224,0.348191134527052,0.4951933818989869,0.3482272275452125,0.49543049377970116,0.34800638584272914,0.5342821701622712,0.3499851432811309,0.4581278397149704,0.34984298654067536,0.5346468616174306,0.34803365204246517,0.4953210600829947,0.3483799427712295,0.4950798821332033,0.34851741630640076,0.5776638597091038,0.34690410561858387,0.5358972400263035,0.34676405172242974,0.5774067292397514
0.5772364084066213,0.3469439097309773,0.5360814492682873,0.3466988514661673,0.5775946078792816,0.3483876051618643,0.4952468464996524,0.3483206499054291,0.4954812069050092,0.34820069041545776,0.5341719228749842,0.35008036903948825,0.458040188655654,0.3499392118146255,0.5345368224878715,0.34823047839029836,0.4953721884837141,0.34847270801433416,0.4951308005734866,0.34871271501749734,0.5774101289939884,0.3471033159618939,0.535792399183552,0.34695952848406764,0.5771515658412807
