-1.0,-1.0,-1.0,-1.0,-1.0,-1.0,-1.0,-1.0,-1.0,-1.0,-1.0,-1.0,-1.0,-1.0,-1.0,-1.0,-1.0,-1.0,-1.0,-1.0,-1.0,-1.0,-1.0,-1.0,-1.0
-0.9999806433149269,-0.9999806433289141,-0.9999806433289143,-0.9999806433289141,-0.9999806433149273,-0.9999806433289143,-0.9999806433429012,-0.9999806433429009,-0.9999806433429009,-0.9999806433289136,-0.9999806433289137,-0.9999806433429005,-0.9999806433429003,-0.9999806433429,-0.9999806433289136,-0.999980643328914,-0.9999806433429005,-0.9999806433429005,-0.9999806433429008,-0.9999806433289145,-0.9999806433149276,-0.9999806433289147,-0.9999806433289149,-0.9999806433289148,-0.9999806433149274
-0.999829606350455,-0.9998296076408308,-0.9998296076408293,-0.9998296076408381,-0.9998296063504621,-0.9998296076408446,-0.9998296089312101,-0.9998296089312082,-0.9998296089312165,-0.999829607640851,-0.999829607640843,-0.9998296089312084,-0.999829608931207,-0.9998296089312152,-0.9998296076408495,-0.9998296076408508,-0.999829608931216,-0.9998296089312149,-0.9998296089312227,-0.9998296076408573,-0.9998296063504737,-0.999829607640864,-0.9998296076408623,-0.9998296076408704,-0.9998296063504808
-0.9993408243079295,-0.9993408517832281,-0.9993408517828697,-0.9993408517836257,-0.999340824308327,-0.9993408517840231,-0.9993408792582346,-0.9993408792578766,-0.9993408792586324,-0.9993408517844209,-0.9993408517836655,-0.9993408792578764,-0.9993408792575182,-0.9993408792582738,-0.9993408517840622,-0.9993408517844198,-0.999340879258631,-0.9993408792582728,-0.9993408792590291,-0.9993408517848175,-0.9993408243091212,-0.999340851785216,-0.9993408517848579,-0.9993408517856145,-0.9993408243095199
-0.9982494537577846,-0.9982497283620667,-0.9982497283458988,-0.9982497283694827,-0.9982494537652006,-0.9982497283768988,-0.9982500029436804,-0.9982500029275141,-0.9982500029510937,-0.9982497283843145,-0.9982497283607301,-0.9982500029275118,-0.9982500029113449,-0.9982500029349243,-0.9982497283681434,-0.9982497283843134,-0.9982500029510872,-0.9982500029349204,-0.9982500029585,-0.9982497283917268,-0.9982494537800343,-0.9982497283991435,-0.9982497283829732,-0.9982497284065612,-0.9982494537874527
-0.9962782461764016,-0.9962796335080268,-0.9962799656969292,-0.9962794629597786,-0.9962785168173061,-0.9962798949522081,-0.9962811702248291,-0.9962815143225845,-0.9962812648251946,-0.9962797924575769,-0.9962798785642419,-0.9962812099633106,-0.9962809736523203,-0.9962808682885338,-0.996279961963019,-0.9962798433962223,-0.996280848330016,-0.9962812850207245,-0.9962807052802385,-0.9962800678779717,-0.9962786939589641,-0.9962795563598786,-0.9962799096133871,-0.9962796888976057,-0.9962785452297639
-0.9931923776077577,-0.9931987576515144,-0.9931982399259364,-0.9931979338102678,-0.9931933603223766,-0.9931979896196982,-0.9932035337162243,-0.9932040928601213,-0.9932037959563749,-0.9931979642118957,-0.9931984891368452,-0.9932038997378635,-0.9932042077659375,-0.9932033393462798,-0.9931983564077647,-0.9931983132687023,-0.9932037581049281,-0.9932035286294008,-0.9932029658662794,-0.993198147116971,-0.9931929361645495,-0.9931981971011599,-0.9931978787191595,-0.9931981149737711,-0.9931925003403109
-0.988852530143947,-0.9888723839086593,-0.9888720251939973,-0.9888718677866484,-0.9888540364147251,-0.9888715986642109,-0.9888901671738726,-0.9888914229814372,-0.9888905564543063,-0.9888714943238643,-0.9888727932900188,-0.9888905834652397,-0.9888910188689773,-0.9888897377546977,-0.9888720601943526,-0.9888722809456779,-0.9888905453457602,-0.9888902096199891,-0.9888891819213809,-0.9888719429231205,-0.9888540339798705,-0.9888718435817508,-0.9888714903327606,-0.9888716028249147,-0.9888529968741107
-0.9832515465728281,-0.98330367449402,-0.9833066868971561,-0.9833025080613353,-0.9832578729472468,-0.9833044158613247,-0.9833547458922967,-0.9833615317087251,-0.9833564328302188,-0.9833043241957984,-0.983310210067648,-0.9833585136402286,-0.9833563865629305,-0.9833529600543608,-0.9833068627414767,-0.983308472288533,-0.9833546334339515,-0.9833545461051995,-0.9833494222953592,-0.9833078030395006,-0.9832593476334482,-0.9833048369984713,-0.9833044793961339,-0.9833031408909916,-0.983254690990008
-0.9765381143301679,-0.9766503277450438,-0.9766597252003059,-0.9766477490286094,-0.9765538044466142,-0.9766538018874126,-0.9767634184261661,-0.9767841183563346,-0.9767673027567536,-0.9766538081851195,-0.9766693147013003,-0.976775545072125,-0.9767700707812574,-0.9767590442213968,-0.9766605796849304,-0.9766654229606816,-0.9767639204116654,-0.976761573923268,-0.9767491243195277,-0.9766635431599843,-0.9765578156192398,-0.9766544033970695,-0.9766540919092399,-0.9766502438736493,-0.9765462772299444
-0.9690287070477105,-0.9692373874354011,-0.9692515085182761,-0.969233869185604,-0.9690516237116937,-0.9692432288017072,-0.9694486043725301,-0.9694836812789805,-0.9694537858577412,-0.9692437419679936,-0.969267208233046,-0.9694694506863917,-0.9694634892830812,-0.9694423164878132,-0.9692539714904771,-0.9692622363068847,-0.9694518067912451,-0.9694441447617576,-0.9694268025366835,-0.9692583178301151,-0.9690575916179065,-0.9692439892032398,-0.9692433859943831,-0.9692378611456027,-0.9690404559589152
-0.9620855460792223,-0.962431226922372,-0.9624425212513374,-0.9624290882291402,-0.9621059547605644,-0.9624379505196893,-0.9627783964650709,-0.9628138416053709,-0.9627829441652604,-0.9624394411514725,-0.962459893828052,-0.962799760604512,-0.9627971864781717,-0.9627733882272993,-0.9624481726672699,-0.9624570983330254,-0.9627855616755583,-0.9627728822676627,-0.9627598088955517,-0.9624517405370009,-0.9621115706657815,-0.9624389053873494,-0.9624373385501791,-0.9624331951214616,-0.9620958519993295
-0.9564460246733129,-0.9569839209827091,-0.9569862815082446,-0.9569857981484877,-0.9564569856462821,-0.9569920531616698,-0.9575191995636534,-0.9575385997622549,-0.9575228069250689,-0.9569950375139387,-0.9570022827670011,-0.9575316717207254,-0.9575321376747277,-0.9575177620828081,-0.9569972659674698,-0.9570045099286095,-0.9575288158781095,-0.9575152604603093,-0.9575139690527538,-0.9569989008555638,-0.9564615003030386,-0.9569934322423208,-0.9569900055180479,-0.9569892942127032,-0.9564515710422812
-0.9526813576174624,-0.953469008744273,-0.9534637823690872,-0.9534748695011313,-0.952686169727531,-0.9534803971580942,-0.954246719710959,-0.9542471675573836,-0.9542503970250095,-0.9534850985102492,-0.9534802185734276,-0.9542490813095285,-0.9542467721167887,-0.9542468909232626,-0.9534807164860377,-0.9534872908197228,-0.9542544781364923,-0.9542433761033198,-0.9542517085292597,-0.9534820716485525,-0.9526918582446696,-0.9534822857496841,-0.9534748883006008,-0.9534773674517285,-0.9526846814907726
-0.951131762409589,-0.9522038398037482,-0.952197029165518,-0.952210170626113,-0.9511412422170553,-0.9522206510755908,-0.9532553755781368,-0.953248978143308,-0.9532599371988985,-0.9522278738975872,-0.9522208635104632,-0.9532553152615544,-0.9532440849120966,-0.9532533822623326,-0.9522210597770089,-0.952230137407834,-0.9532606980386524,-0.9532491564879046,-0.953258922833899,-0.9522255434167626,-0.9511506681377777,-0.9522225065760361,-0.9522080278677789,-0.9522125046701555,-0.9511388709232209
-0.9518991845442367,-0.953249122093072,-0.9532446829524182,-0.9532537244026654,-0.9519196412031841,-0.953270901822396,-0.9545641464973357,-0.9545640509788386,-0.9545702157762079,-0.9532813444154807,-0.9532784973570605,-0.9545673875306521,-0.9545473964356389,-0.9545564429996786,-0.9532745500789289,-0.9532895251304928,-0.9545677972414225,-0.9545517536302126,-0.9545575496804644,-0.9532843177247172,-0.9519338867692181,-0.9532727143537096,-0.9532500996311771,-0.9532560843718442,-0.9519127203955348
-0.9548707071954851,-0.9564552482060193,-0.956448763919916,-0.9564579241923545,-0.9548969170684868,-0.9564785976160656,-0.9579856689569294,-0.9579886201522425,-0.9579899010689837,-0.9564912177711183,-0.9564883105401654,-0.9579886120338593,-0.9579649906124499,-0.9579710059680601,-0.956482855835029,-0.9565028532821359,-0.9579889831655231,-0.9579653241531529,-0.9579720809194753,-0.9564976877997701,-0.954913171324801,-0.9564805733445861,-0.956450463189344,-0.9564603772941032,-0.9548874543296936
-0.9597400248472003,-0.9614917925752196,-0.9614758253674257,-0.9614954438283283,-0.9597594107614963,-0.9615141085617762,-0.9631660402532438,-0.9631583860738162,-0.963167278742713,-0.9615259287964373,-0.9615126541073171,-0.9631599717274728,-0.9631371893378349,-0.9631476947553164,-0.9615109359874685,-0.9615343078814914,-0.9631703692865058,-0.9631407044380391,-0.9631583311863423,-0.9615294254382718,-0.9597744257636535,-0.9615153361022735,-0.9614795104483642,-0.9614969243059329,-0.9597527481702939
-0.9660155752684667,-0.9678543642814359,-0.9678247812434458,-0.9678605793772664,-0.966021370342866,-0.9678734775334762,-0.9695888684752683,-0.9695595459208298,-0.9695880251647226,-0.967883534702296,-0.9678524733302587,-0.9695677727799221,-0.9695457756268476,-0.9695699217226,-0.9678578992062966,-0.9678825077079877,-0.9695942863653924,-0.969562592706651,-0.9695948348131959,-0.9678785556012026,-0.9660316097704637,-0.967872867558403,-0.9678340058478077,-0.967859914346206,-0.9660199529477338
-0.9730516699390384,-0.9748804276582667,-0.9748404546561743,-0.9748882842597185,-0.973046614244265,-0.974895476189187,-0.9765774737796289,-0.9765294946153125,-0.9765762965152092,-0.9749021424955812,-0.9748569998346714,-0.9765426605817856,-0.9765181746950542,-0.9765568565134597,-0.9748671282399821,-0.9748932255992929,-0.9765815873953051,-0.9765515063868249,-0.9765936740804494,-0.974891092687329,-0.973051799878059,-0.9748925127379495,-0.9748526579909673,-0.9748854919342403,-0.9730488511446246
-0.9801162193587901,-0.9818156008027336,-0.9817728256159355,-0.9818226867719015,-0.980108488720363,-0.9818266562839175,-0.9833603144395784,-0.9833073303139974,-0.9833599842953514,-0.9818299608844241,-0.981781255483553,-0.9833199262466704,-0.9832911373230009,-0.9833362984643893,-0.9817905583105522,-0.9818196483408832,-0.983361850483591,-0.9833342156590273,-0.983376926437877,-0.9818188950483709,-0.980110301033225,-0.981822038174547,-0.9817830736202203,-0.9818190780044643,-0.9801109105165875
-0.9864872692034871,-0.9879239898195143,-0.9878841024926277,-0.9879282642384173,-0.9864814754304462,-0.9879302338189573,-0.9891913466112846,-0.9891452397608349,-0.989191191997814,-0.9879307400521917,-0.9878867191084848,-0.9891526491593647,-0.989122393933539,-0.9891640102428385,-0.987892084238962,-0.9879234278080622,-0.9891907710002488,-0.9891651206807138,-0.9892018958026435,-0.9879237410544154,-0.9864809192989652,-0.9879252315845576,-0.9878889851520417,-0.9879249837189193,-0.9864822693232831
-0.9915393063786953,-0.9925881140599289,-0.9925531150316814,-0.9925892899647204,-0.9915339908179914,-0.9925883926894592,-0.9934637555862521,-0.9934276336910737,-0.9934626753036744,-0.9925866003685344,-0.9925495935205162,-0.993429710139506,-0.9934035305214401,-0.9934366448528732,-0.9925519922282273,-0.992581952844805,-0.9934622884992809,-0.9934399764225947,-0.9934694809881505,-0.9925831382135061,-0.9915312910508072,-0.9925843155691149,-0.992553864875594,-0.9925868692705943,-0.9915344043689076
-0.9947928841889382,-0.9953591240590797,-0.995330567424877,-0.995358062359342,-0.9947856648613566,-0.9953535733034171,-0.9957613362534705,-0.9957343188396518,-0.9957594419088607,-0.9953498896265438,-0.9953204997653741,-0.995733683923967,-0.9957156342431692,-0.9957394744197156,-0.9953220058704298,-0.9953458334586609,-0.9957597158287784,-0.9957439092162799,-0.9957656626029545,-0.9953476899347551,-0.9947809043508473,-0.9953509301364025,-0.9953296285157269,-0.9953565345276125,-0.9947872374824609
-0.9959368869007073,-0.9959678464142355,-0.9959497557363084,-0.9959650829139279,-0.9959290309391592,-0.9959587077111577,-0.9958585542945164,-0.9958435655528156,-0.9958570174986059,-0.9959536187959431,-0.9959357686289368,-0.9958414926544129,-0.9958331873241791,-0.9958457316845066,-0.9959362781128664,-0.9959502104356318,-0.9958565039183542,-0.9958504741578309,-0.9958610395027128,-0.9959524036995162,-0.9959237008319256,-0.9959571109342186,-0.9959473570869363,-0.9959642071548288,-0.9959312550912693
-0.994846368467879,-0.9943339043798984,-0.9943308419801593,-0.9943295182608842,-0.9948417014484361,-0.9943231469668253,-0.9937186176615982,-0.9937227185050506,-0.9937184464981735,-0.9943180103623719,-0.9943173202316861,-0.9937183221991199,-0.9937208682915688,-0.9937170557232252,-0.9943156582955371,-0.9943174005807536,-0.9937167991770277,-0.993721442992241,-0.9937170041357821,-0.9943185382974762,-0.994837831987401,-0.9943236924164657,-0.9943263089023884,-0.9943294803724951,-0.9948432747337973
-0.9916052640577473,-0.9905897017605392,-0.9906020604729112,-0.9905827891594716,-0.9916062538207486,-0.990579043193436,-0.9895211689466417,-0.9895446296525443,-0.9895215105075246,-0.9905776817621981,-0.9905946221938824,-0.9895386595636634,-0.989554801409103,-0.9895328539240543,-0.9905922808509227,-0.9905777321704534,-0.9895171826758626,-0.9895347885498057,-0.9895152487052967,-0.9905785095599956,-0.9916053441600063,-0.9905813688186778,-0.9905979825130178,-0.990584981579128,-0.9916074044036574
-0.9865046208389411,-0.985080497083249,-0.985107432583758,-0.9850717129262234,-0.9865112734982053,-0.9850716923460882,-0.983665140381785,-0.9837013679062424,-0.9836648726154512,-0.9850783172358947,-0.9851094197557695,-0.9836981025393564,-0.9837311716238458,-0.9836954063978662,-0.9851113774190148,-0.9850734858224373,-0.9836565096542476,-0.9836899124725085,-0.9836598146947146,-0.9850767131172067,-0.986512994576433,-0.9850740827772233,-0.9851071843015011,-0.9850777055242973,-0.9865131324460968
-0.9800089680966809,-0.9783250251520808,-0.9783688688307163,-0.9783172770694656,-0.980018949590735,-0.9783204376653855,-0.9767225576755034,-0.9767671934141172,-0.9767215070820952,-0.9783342107038336,-0.9783801285037987,-0.9767712483570244,-0.9768224785785419,-0.9767779338131677,-0.9783891651608925,-0.9783230906000087,-0.976710764740548,-0.976761274545205,-0.9767235983668575,-0.9783312888088311,-0.9800225096330435,-0.9783229464988004,-0.9783731234638984,-0.9783272625197734,-0.9800228914973769
-0.9726928111967897,-0.9709372114965544,-0.9710064806914778,-0.97093535161197,-0.9727044913623457,-0.9709410554378747,-0.969345725275766,-0.9694064269394317,-0.9693458973314864,-0.9709552678650903,-0.971025000170106,-0.9694175418093509,-0.9694849872894399,-0.9694280001565383,-0.9710366589927939,-0.9709462524479503,-0.9693380209054965,-0.9694038504188309,-0.9693520193555226,-0.9709568692782908,-0.9727104656515739,-0.9709462208650969,-0.9710124023955228,-0.970946091116723,-0.9727099006916102
-0.9651755379609893,-0.9635556946373011,-0.9636575228970792,-0.9635616647432544,-0.9651912574872582,-0.9635713471205141,-0.9621827367603283,-0.9622741063454324,-0.9621868196692647,-0.9635806224204144,-0.9636839008218521,-0.9622861183199991,-0.9623660693388328,-0.9622853247932976,-0.9636884563727575,-0.963585821168779,-0.9621861887935619,-0.9622630626140338,-0.9621852423750661,-0.9635910655543344,-0.9652020847337761,-0.9635814584327764,-0.9636612861638676,-0.9635686572841002,-0.9651944353165415
-0.958075146248696,-0.956797269652343,-0.9569283265205164,-0.9568079953011719,-0.9580991333804796,-0.9568250389832931,-0.9558354205508538,-0.9559632213335402,-0.9558430858721673,-0.9568312715176348,-0.9569660902759035,-0.9559680875530018,-0.9560577848719447,-0.9559457268009002,-0.9569594141508982,-0.956854525923947,-0.9558492774797944,-0.955933588890993,-0.955825130317186,-0.9568490430646113,-0.9581182149616116,-0.9568397533734107,-0.9569305845875444,-0.9568107600388558,-0.9580970312734033
-0.9519756690240704,-0.9512313952668041,-0.9513753199434503,-0.9512411205995142,-0.9520096190226364,-0.9512688854769773,-0.950846626009507,-0.9509939082094144,-0.9508555949712139,-0.9512814008575484,-0.9514298189432348,-0.9509921039812387,-0.9510903459322486,-0.9509570301467133,-0.9514187038668259,-0.9513106112934713,-0.9508616421170542,-0.9509516811828598,-0.9508244752942154,-0.951297408483575,-0.952037133395111,-0.9512836092673048,-0.9513818570242436,-0.9512437622318001,-0.9520027383182081
-0.9473885938976775,-0.94734280925691,-0.947482450534536,-0.9473499355753899,-0.9474297596241902,-0.9473876097404215,-0.9476702950088787,-0.9478088128200346,-0.9476779880791609,-0.9474149463747157,-0.9475546185054622,-0.9478097249302049,-0.9479128093403103,-0.9477813245091204,-0.9475507158176844,-0.9474344806024397,-0.9476787834004498,-0.9477708042512929,-0.9476487003151446,-0.9474211293840489,-0.9474625382616355,-0.9473978744699842,-0.9474977406627048,-0.947356760295694,-0.9474212434775382
-0.9446975418131042,-0.9454748462215907,-0.9456001129647083,-0.9454820803570132,-0.9447389044531853,-0.945524830773361,-0.9466094955820004,-0.9467169923835812,-0.9466145096105761,-0.9455652141806272,-0.9456824645333554,-0.9467304434629586,-0.9468308866049026,-0.9467226919182027,-0.9456939267469178,-0.9455680310101522,-0.9466118166543231,-0.9467000977390473,-0.9466008189190108,-0.945563149342628,-0.9447729970079991,-0.945531084100881,-0.945624301904654,-0.9454937847768282,-0.9447330979926939
-0.944103872448426,-0.9457677950983263,-0.9458792450950212,-0.9457799826827311,-0.9441396364231168,-0.9458220502432262,-0.947744099659301,-0.9478210876129647,-0.9477474190067303,-0.9458631958106641,-0.9459612618151003,-0.947845619808245,-0.947934714720805,-0.9478539635497982,-0.9459835355751188,-0.945859474780099,-0.9477485372554291,-0.9478249265050813,-0.947748951547406,-0.945864062508308,-0.9441733025948612,-0.9458289957057906,-0.9459064568936334,-0.9457923344501509,-0.9441380614325352
-0.9456057878840098,-0.9481404545062656,-0.9482424782087324,-0.9481596565684366,-0.945636269635673,-0.9481983779868505,-0.9509120904787924,-0.9509737817188613,-0.950915692316953,-0.948229811531395,-0.9483169553855353,-0.9509990177189889,-0.9510669781124252,-0.9510048505661827,-0.948336789889174,-0.9482347509470774,-0.9509261211658542,-0.9509824142951002,-0.9509194537605644,-0.9482415964015529,-0.945669472644898,-0.9482106482755388,-0.9482653122733119,-0.9481669487636275,-0.9456354582669784
-0.9490202484025939,-0.9523267001855868,-0.9524148214314133,-0.9523496602287067,-0.9490491750073752,-0.9523869368925646,-0.9557616215962992,-0.955816678416578,-0.9557669636368334,-0.952406558856037,-0.9524838514450533,-0.9558323736357079,-0.9558731772728377,-0.9558221748031692,-0.952490384350288,-0.9524279421594279,-0.955785063523572,-0.95581546667131,-0.9557602876488949,-0.952428330436603,-0.9490829773775001,-0.9524022668138222,-0.9524308224314665,-0.9523496503584647,-0.9490449117815599
-0.9540279891528335,-0.9579345767859377,-0.9579942568293749,-0.9579558044522948,-0.9540567330478084,-0.9579944173572024,-0.9618318771599554,-0.9618699409455498,-0.9618379372306712,-0.9580085013198678,-0.9580609257501163,-0.9618748580010317,-0.9618868402142439,-0.9618516904040919,-0.958058160829982,-0.9580371459887468,-0.9618564706234533,-0.9618589369912118,-0.9618192923675716,-0.958030687540302,-0.9540899934057099,-0.9580048853148229,-0.9580069029620856,-0.9579507735557846,-0.9540478470132561
-0.9602077412821599,-0.9644888090459525,-0.9645068623885225,-0.9645058022645531,-0.960234133208121,-0.9645462240122621,-0.9686037024310095,-0.9686058641985839,-0.9686096089192545,-0.9645620558959747,-0.9645729656556206,-0.9686069622117583,-0.968590345747821,-0.9685864575657478,-0.9645702321856235,-0.9645833644909875,-0.9686219001754758,-0.9685975944279619,-0.9685905278404895,-0.9645744215454184,-0.9602633079023021,-0.9645445039318881,-0.9645204697524012,-0.9645005458549842,-0.9602225711893556
-0.9670590659175958,-0.9714543744413295,-0.9714265730329795,-0.971467184802567,-0.9670774587758726,-0.9715042237752219,-0.9755181136663948,-0.9754729348350919,-0.9755224081428548,-0.9715206774111993,-0.9714836368345653,-0.9754774527851028,-0.975433253049411,-0.9754715934483055,-0.9714873420444102,-0.9715270866849948,-0.9755277028272303,-0.975478616778389,-0.9755139203701758,-0.9715221253934933,-0.9670985034123682,-0.9714900456244421,-0.9714411090091484,-0.9714643529062443,-0.9670673125766738
-0.9740248285813871,-0.9782518832407756,-0.9781847212955055,-0.9782617749231916,-0.9740309945017438,-0.9782889677249567,-0.9819865190821869,-0.9819011448561675,-0.9819892709255911,-0.9782990680353245,-0.9782223049548662,-0.9819097130136484,-0.9818396820545852,-0.981917072891498,-0.9782304076575769,-0.9782950901247068,-0.9819913430661346,-0.9819202709155949,-0.9819929035497853,-0.9782966101772087,-0.9740419115264685,-0.9782684811981284,-0.9781962792492805,-0.9782602703900226,-0.9740248331326545
-0.9805297597028859,-0.9842979314205514,-0.9842031166918426,-0.9843054896221286,-0.9805240903630315,-0.9843196354043157,-0.9874325894966116,-0.9873261101528866,-0.9874340746129044,-0.9843176920538559,-0.9842168549583477,-0.9873337496639082,-0.987242622061332,-0.9873438457144618,-0.984222257214982,-0.9843132436928468,-0.9874367855757116,-0.9873485249805487,-0.98744268842783,-0.9843186834519322,-0.9805259924593883,-0.9842996957492837,-0.9842079311534968,-0.9843024803707199,-0.9805215491745621
-0.9860380620485413,-0.9890708491264444,-0.9889587062372016,-0.9890745518541346,-0.9860239549538208,-0.9890776067677829,-0.9913627857983127,-0.9912521918120606,-0.9913634938349644,-0.9890645444862354,-0.9889527106315708,-0.9912552900289098,-0.9911517870879205,-0.9912603245990319,-0.9889509152010205,-0.9890638297895583,-0.9913668359488141,-0.9912700174002738,-0.991370121949654,-0.9890705759464784,-0.9860198193214118,-0.9890606820162839,-0.9889566166390222,-0.9890693562296835,-0.986024093442406
-0.9901106611959197,-0.9921735279316608,-0.9920526940637742,-0.9921713664854404,-0.9900912940160566,-0.9921678522245402,-0.9934352272596885,-0.9933295248092536,-0.9934351846034764,-0.9921493224194218,-0.992035073892394,-0.9933298182142213,-0.9932259874158875,-0.9933310690637414,-0.9920277696845853,-0.9921491593574873,-0.9934368895111174,-0.993343311314528,-0.9934390616309667,-0.992156783704504,-0.9900834124404599,-0.9921520720187509,-0.992046907343132,-0.9921664826820362,-0.9900941755496303
-0.9924372313045238,-0.9933628162333282,-0.9932447153617174,-0.9933544119563492,-0.992414384211004,-0.9933477234802335,-0.9934836111253957,-0.9933904733455639,-0.9934826339654432,-0.9933285787115318,-0.9932214916165354,-0.9933924192026806,-0.9933017468298297,-0.9933946259147156,-0.9932131247956311,-0.993324485766731,-0.9934819256565794,-0.9934048186994751,-0.9934868479513042,-0.993334031442471,-0.9924038385999463,-0.9933316518361301,-0.9932387271964761,-0.9933535778583796,-0.9924207760065897
-0.9928430702489904,-0.9925459032201757,-0.9924476707387255,-0.9925330171037808,-0.992817727414545,-0.9925243225609071,-0.9915021497149588,-0.9914354395684799,-0.9915001741462709,-0.992504800206735,-0.992420326598749,-0.9914409396366236,-0.9913774090555225,-0.9914435452439156,-0.9924127374016549,-0.9924969562923088,-0.9914975961878871,-0.991449695398917,-0.9915045229886261,-0.9925089273467012,-0.9928055441546715,-0.9925094505753402,-0.9924412243011245,-0.9925366731906323,-0.9928270328727119
-0.9912853758461332,-0.9897671901335556,-0.9897082590014792,-0.9897520811610896,-0.9912608404233916,-0.9897427399283976,-0.987621392906584,-0.9876015505002582,-0.9876202552395001,-0.9897223277914082,-0.9896804495165443,-0.9876103552651523,-0.9875861068096188,-0.9876078202037973,-0.9896703630200192,-0.9897153810724679,-0.9876170807194748,-0.9876103367330811,-0.9876217352435278,-0.9897281326935679,-0.9912492303249708,-0.9897322996784973,-0.989700875058071,-0.989758615805384,-0.9912709998544555
-0.987856591562311,-0.9852074656635151,-0.9852020702783024,-0.9851905347004857,-0.9878372725672904,-0.9851827331369036,-0.9821059835307366,-0.9821502756671273,-0.9821073715713478,-0.9851643817458613,-0.9851833928618321,-0.9821622803010346,-0.982189728519304,-0.9821522546445612,-0.9851685442231439,-0.9851648011685413,-0.9821058729385752,-0.9821516066607274,-0.9821040595349915,-0.9851745016880639,-0.987830754557017,-0.9851798395542483,-0.9851975931802697,-0.9851986788697765,-0.9878469816452535
-0.9827875230330347,-0.9791854773657087,-0.9792405733818074,-0.9791662439778985,-0.9827782763630775,-0.9791619244473676,-0.9753569671644364,-0.9754712442251672,-0.9753616517619071,-0.9791545845257219,-0.9792413598137173,-0.9754889034735003,-0.9755797691060243,-0.975476354442765,-0.9792268541073421,-0.9791617510308873,-0.9753628445189403,-0.975470801901649,-0.9753560666077117,-0.9791669796285856,-0.9827802635598315,-0.9791685659535357,-0.9792459017035164,-0.9791780226628208,-0.9827870477117675
-0.9764370984892846,-0.9721436414248826,-0.9722635944944287,-0.972123408592344,-0.9764395662463488,-0.9721224682781318,-0.9678918652578231,-0.9680712014360855,-0.9678990438854831,-0.9721342071901161,-0.9722862239982643,-0.9680977120367839,-0.9682595663707834,-0.9680914141393688,-0.972281185650227,-0.972139846334484,-0.9679011538160822,-0.9680767574115816,-0.9678959364994392,-0.9721435383643103,-0.9764503554989197,-0.9721391556608308,-0.9722833429590181,-0.9721422657364647,-0.9764495075246177
-0.969256809936294,-0.9646014800714331,-0.9647949874001157,-0.9645850623188045,-0.969268911976132,-0.9645866936874983,-0.9602857437003776,-0.9605247598391957,-0.9602939963090942,-0.9646164665083724,-0.9648323262177301,-0.9605604471772201,-0.9607936162448958,-0.9605633909928801,-0.9648414640813305,-0.9646124853747474,-0.960293983630402,-0.9605370513807727,-0.9602937979230431,-0.9646186019255565,-0.9692857480637352,-0.9646117548734912,-0.964825065024531,-0.96461025513629,-0.9692818616699814
-0.9617386717170812,-0.9570915001723799,-0.9573713078062491,-0.9570846890746189,-0.961757275111459,-0.9570904277513277,-0.9530925219578172,-0.9533949170329156,-0.9531008357656063,-0.9571279240265786,-0.9574155279253349,-0.9534348492091748,-0.953733520608,-0.9534385352715418,-0.9574325391517863,-0.9571165062698664,-0.9530985700393196,-0.9534043236529494,-0.9530989935993344,-0.9571249966529565,-0.961778215714184,-0.9571216980587751,-0.9574023900853987,-0.9571113747994131,-0.961772319327075
-0.954366896157826,-0.9501075180430899,-0.9504809638355713,-0.9501121943765803,-0.9543914247191119,-0.9501254120509524,-0.9467900168401391,-0.9471641982149187,-0.9467986107125844,-0.9501610307029809,-0.9505317853119749,-0.9472015638457926,-0.9475574115043242,-0.9471931504994882,-0.9505451117207064,-0.9501557910242877,-0.9467978913153831,-0.9471592362341622,-0.9467892510093375,-0.9501615249189636,-0.9544189820215399,-0.9501634429370955,-0.9505070180732806,-0.9501354387041987,-0.954405563135722
-0.94759420818582,-0.9440849848839951,-0.9445438122510703,-0.9440979668400258,-0.947628659557153,-0.9441229261911719,-0.9417700708428233,-0.9422160254645516,-0.9417806402071622,-0.9441580918589079,-0.9446123918106242,-0.9422474344871318,-0.9426506655378344,-0.9422199561822169,-0.9446161568052914,-0.9441720281390478,-0.9417871490549323,-0.9421933844124359,-0.9417610587192088,-0.9441684303058933,-0.9476683461430598,-0.9441695697392368,-0.9445675178836888,-0.9441158041556976,-0.947637971440827
-0.9418339324941923,-0.9394000630108599,-0.9399187965086585,-0.9394167279894464,-0.941882695606129,-0.9394551004836054,-0.9383497627265177,-0.9388461499405986,-0.9383650380317918,-0.9395005185297111,-0.9400175526727215,-0.9388742291306122,-0.939312175421058,-0.9388351445823963,-0.9400164251005754,-0.9395332069696932,-0.9383792118567336,-0.938814644206339,-0.9383378918497739,-0.9395164906393955,-0.9419365143635788,-0.9395062247972772,-0.9399483099953719,-0.9394316255939313,-0.9418845463499865
-0.9374462518628014,-0.9363612560183734,-0.9369071107288826,-0.9363791917881807,-0.9375095964171747,-0.9364274603281151,-0.9367707242834618,-0.9372773751747157,-0.9367902029676011,-0.9364936965494671,-0.9370357919873036,-0.9373071083673566,-0.9377619738170863,-0.937273385326336,-0.9370429695915695,-0.9365307878350259,-0.9368083459252045,-0.937252191294463,-0.9367633621427084,-0.9365062224056014,-0.9375745792043738,-0.9364800987994835,-0.9369480579232354,-0.9363943887858424,-0.9375058941777632
-0.9347104258805086,-0.9351774661740545,-0.9357222945406001,-0.9351988047065247,-0.9347827195666327,-0.9352515618605155,-0.9371602258591348,-0.9376350866076225,-0.9371807788438041,-0.9353374058933505,-0.9358656398779868,-0.9376688123800317,-0.9381161084922494,-0.9376522675453213,-0.935891229025223,-0.9353617105064025,-0.9371961805202589,-0.9376247719164057,-0.9371602747782247,-0.9353378572539416,-0.9348511031426895,-0.9353000731074417,-0.9357716601736552,-0.9352154492497343,-0.9347774294312476
-0.9337856683106462,-0.9359148076635131,-0.9364413068447335,-0.9359449031787787,-0.9338584803338263,-0.9359980294635243,-0.9394836297559852,-0.9398999902978827,-0.9395026051320303,-0.9360888791084332,-0.9365793086458973,-0.9399346738336302,-0.9403454550779533,-0.9399330204637333,-0.9366196801309337,-0.9360942353841282,-0.9395102454779699,-0.9398991612003298,-0.9394873682791922,-0.9360765089651435,-0.9339213787806422,-0.936036380713528,-0.9364873797365181,-0.9359578600231925,-0.9338527144774478
-0.9346874636872938,-0.9384770590429445,-0.9389732499813802,-0.9385195794023877,-0.934754992438003,-0.9385732099914917,-0.943529694369784,-0.9438793372902811,-0.9435465630220076,-0.9386515585103898,-0.9390962054705442,-0.9439089849286113,-0.9442565880540791,-0.9439087221237674,-0.9391365042240731,-0.9386472875037676,-0.9435477192009168,-0.9438745909271526,-0.9435299387885455,-0.9386341479812492,-0.934808074642897,-0.9385975706508809,-0.9390046073894489,-0.9385207463530372,-0.9347458278965157
-0.9372951222517327,-0.9426265416205257,-0.943075910694189,-0.942680237648536,-0.9373572139138728,-0.9427377965645678,-0.9489469943791349,-0.9492287370449103,-0.9489634914878597,-0.9427959472135672,-0.9431901730664524,-0.9492497291532601,-0.9495154771021252,-0.9492390094714527,-0.9432172220798588,-0.9427983141634705,-0.9489640738298777,-0.9492119273529545,-0.9489411338021763,-0.9427834996730706,-0.9374031012708768,-0.9427488973950946,-0.9430901022473552,-0.9426655738837313,-0.9373402005263003
-0.9413845174009097,-0.9480340824802218,-0.9484116372962544,-0.9480921562433665,-0.9414456717609242,-0.9481573073746764,-0.9553109521561765,-0.9555182534056098,-0.9553268313899925,-0.948203009884829,-0.9485294862619569,-0.9555291714276881,-0.9557063454139294,-0.9555068295434729,-0.948542385556734,-0.9482195396903281,-0.9553315339678855,-0.9554928715712028,-0.9553007126286647,-0.948197432782844,-0.9414887791395421,-0.9481555134919311,-0.9484155071895817,-0.948064983428831,-0.9414186893504405
-0.9466647456409949,-0.9543230863276254,-0.9545997760645368,-0.9543787801196855,-0.946726002952776,-0.9544517997702394,-0.9621762650928423,-0.9622886306501063,-0.9621921801954643,-0.9544950689225192,-0.9547275532841799,-0.96229622143037,-0.9623784651639139,-0.9622728523131306,-0.9547341056941234,-0.9545205091168096,-0.9622001878454219,-0.9622680399549973,-0.9621675435386834,-0.9544919623198924,-0.9467695775599515,-0.9544375032386156,-0.9546031983003814,-0.9543477539351047,-0.9466931387404396
-0.9527954816596286,-0.9610908483838574,-0.9612445587957402,-0.9611404557092038,-0.9528538453515664,-0.9612151440024725,-0.9690972038097291,-0.9690950053230691,-0.9691110180888327,-0.9612602824188755,-0.9613739262217886,-0.9691038079401483,-0.9690882627863835,-0.9690908185358711,-0.9613834232451585,-0.9612815830418667,-0.969119512399253,-0.9690895604530837,-0.9690939067293279,-0.961252734583912,-0.952892971124273,-0.9611876596605796,-0.9612519278097915,-0.9611122536809269,-0.9528206409374168
-0.9593951070057671,-0.9679091365431397,-0.9679323330210499,-0.9679518793480766,-0.9594422385014376,-0.9680197958069114,-0.9756223332847906,-0.975499981671085,-0.9756323111635056,-0.9680590993010523,-0.9680432627123153,-0.9755113499424557,-0.9753963634923422,-0.9755113108493801,-0.9680578309538158,-0.9680665047163445,-0.9756371912442728,-0.9755097983004695,-0.9756247759794685,-0.9680448650474611,-0.9594707021703937,-0.9679803351062197,-0.9679397226442911,-0.9679288078405701,-0.9594138714243661
-0.9660450262470681,-0.9743298716850206,-0.9742289261924556,-0.9743658444507469,-0.9660739252060995,-0.9744208082600394,-0.9813022733616875,-0.9810743355476558,-0.9813068572522676,-0.9744420809224381,-0.9743058038936219,-0.9810861490908646,-0.9808761458365707,-0.9810921422479153,-0.9743188893569575,-0.9744376988287311,-0.9813079159644683,-0.9810914529278656,-0.9813067645117016,-0.9744262734836352,-0.9660884096293714,-0.9743733215461126,-0.9742300987822933,-0.9743458711998508,-0.9660532730162861
-0.9723151747221584,-0.9799142932337614,-0.9797033143229604,-0.9799424230513488,-0.9723241365977944,-0.9799832094383788,-0.9857236116038673,-0.9854181533152542,-0.9857223672237658,-0.9799797541473804,-0.9797442568404443,-0.9854284182618873,-0.9851384550402461,-0.9854315214955717,-0.979747232982799,-0.9799727079538176,-0.985722439700626,-0.9854346882292684,-0.9857266211013931,-0.9799699152769394,-0.9723254388058301,-0.9799324544957977,-0.9796957405925529,-0.9799236159772364,-0.9723104620864759
-0.9778024339513887,-0.9842801734928772,-0.9839756565661919,-0.9842974144040308,-0.9777940023113696,-0.9843263634649461,-0.9885609003643927,-0.9882087991104316,-0.988553875020365,-0.9843017401373969,-0.9839896613183337,-0.9882167726130404,-0.9878728808070518,-0.9882140553051,-0.9839800918517929,-0.9842990141268602,-0.9885562859808443,-0.9882232589208839,-0.9885616724280013,-0.9843019290133747,-0.9777865133285563,-0.9842770203236046,-0.983963528255827,-0.984281950819378,-0.9777864288221725
-0.9821676851755485,-0.987143390239953,-0.9867653802627117,-0.9871465675161577,-0.9821459350329802,-0.9871659784398572,-0.9896158668106757,-0.9892447013947288,-0.9896031355800046,-0.9871299035840466,-0.9867611987457499,-0.9892514205281473,-0.9888864094211541,-0.9892468192829733,-0.9867442168641354,-0.9871308784379341,-0.9896090206048627,-0.9892614365206844,-0.9896156353102,-0.9871379300186176,-0.9821336355173034,-0.987121003706709,-0.986754883114517,-0.9871395656247517,-0.982145502045116
-0.9851578218791276,-0.9883318400497336,-0.9879078844014371,-0.9883196826101628,-0.9851243727565335,-0.9883298909450929,-0.9888211467430787,-0.9884585661780088,-0.9888031374603401,-0.988289861264013,-0.9878866278264911,-0.9884655594345042,-0.9881134080609607,-0.9884638867045287,-0.9878702873395144,-0.9882888191948865,-0.9888104215427442,-0.9884810422063107,-0.9888205849104039,-0.9883007977865318,-0.985108559008075,-0.9882907233881721,-0.9879017497269043,-0.9883255823568395,-0.985133221336542
-0.9866035794581479,-0.9877739019883736,-0.9873410065841849,-0.9877481396936951,-0.9865588469863493,-0.987748767293437,-0.986217947168837,-0.9858981428195406,-0.9861965821460268,-0.9877049812169312,-0.9873004236617804,-0.9859068583358002,-0.9856004401425382,-0.9859083290732618,-0.9872866984332578,-0.9876984945591414,-0.9862029076319578,-0.9859244971912388,-0.9862162528365161,-0.9877167096314721,-0.9865393728536799,-0.9877164826182752,-0.9873377632179212,-0.9877677822341897,-0.9865777621441135
-0.9864140593234962,-0.9854835467195151,-0.9850847852983007,-0.9854474456723555,-0.9863597005770113,-0.985440256224055,-0.98193532258805,-0.9816996327042,-0.9819122892622278,-0.9853885559714339,-0.9850277889556809,-0.9817136959506048,-0.9814833368662652,-0.9817107602850066,-0.9850109041367323,-0.9853797868642,-0.9819182796845958,-0.9817229224371881,-0.9819297154656035,-0.98540301594262,-0.9863380117650565,-0.9854168109099968,-0.9850826392886649,-0.9854783702739593,-0.9863873667954253
-0.9845778080896906,-0.9815586184721834,-0.9812358250185774,-0.9815150573783646,-0.984518667036269,-0.9815042270346512,-0.9761858131294929,-0.9760759858815362,-0.9761623492914449,-0.9814442665335089,-0.9811753908594587,-0.9760995716352653,-0.9759756643140808,-0.976083308195743,-0.9811475307508385,-0.9814405222086379,-0.9761706107158081,-0.9760901953889852,-0.9761739705949863,-0.9814645624584699,-0.9844994295589653,-0.9814927106871808,-0.9812364355741049,-0.9815540666874476,-0.9845520168582251
-0.9811716190369927,-0.9761906548251759,-0.9759785267233518,-0.9761409219204893,-0.9811145597717124,-0.9761297540852802,-0.9692725566592306,-0.9693210396340721,-0.9692496765572194,-0.9760704981032796,-0.9759303107181982,-0.9693550785981356,-0.9693704597853892,-0.9693264173447971,-0.975892305804773,-0.9760762739463835,-0.9692623829280328,-0.9693268902927084,-0.9692560882599224,-0.9760969476692435,-0.9811042917423091,-0.9761337483558858,-0.975987629258329,-0.9761870385873125,-0.9811516871505721
-0.9763671216374079,-0.9696677043015379,-0.969594640933644,-0.9696124332531557,-0.976317678412745,-0.9695998948087541,-0.961586788627188,-0.9618133312273405,-0.9615669976664638,-0.9695569833687281,-0.9695656696203929,-0.96185374872176,-0.962040048803799,-0.9618256539290859,-0.9695300897790492,-0.9695682318086729,-0.9615824975346092,-0.961818456739314,-0.9615714928658613,-0.9695848289260645,-0.9763205335188796,-0.9696227276667513,-0.9696178083568712,-0.969666704271303,-0.9763589249076119
-0.9704202492075025,-0.9623532061344624,-0.962446767100054,-0.9622948188700642,-0.9703803160723368,-0.9622775406261354,-0.9535778372275756,-0.9539927529980234,-0.9535646306352552,-0.9622622890334938,-0.9624323396495447,-0.9540337431953041,-0.9544125969645336,-0.9540203840584076,-0.9624142906009427,-0.9622694209643827,-0.9535782332715597,-0.9540043525645162,-0.9535697906559082,-0.962284663350709,-0.9703951071691955,-0.9623197249182557,-0.962484519780977,-0.9623576773457249,-0.9704267182454112
-0.9636426911662325,-0.9546435195589338,-0.9549340982919736,-0.9545873453008926,-0.9636111694443439,-0.9545659066708532,-0.9456988746391658,-0.9463095694625888,-0.9456943982927911,-0.9545760523020628,-0.9549255926382667,-0.9463469543912821,-0.9469256918648572,-0.9463520538008363,-0.9549294035090194,-0.954572459640364,-0.9457028736994982,-0.9463275266058955,-0.9456991113399844,-0.9545889188358618,-0.9636333728605253,-0.9546233932304424,-0.9549807731378884,-0.9546567152496873,-0.9636620647289682
-0.9563653341866851,-0.9469257064882001,-0.9474424408498936,-0.9468789224115034,-0.9563418145826413,-0.9468577701656469,-0.9383597479642077,-0.9391725656705445,-0.9383631295026071,-0.9468801412521196,-0.9474384903538045,-0.9392097305526238,-0.9399782720591974,-0.9392180313943534,-0.947454081802264,-0.9468713229814842,-0.9383682338885044,-0.9391865982573218,-0.9383601478122582,-0.9468896773002579,-0.9563697232884677,-0.946927129630998,-0.9474898334359679,-0.9469491409713329,-0.956394570534946
-0.9489191133221816,-0.9395566011660387,-0.9403165316176317,-0.9395251918757306,-0.9489075342570179,-0.9395148525715389,-0.931905305142048,-0.9329220985143101,-0.9319168108006215,-0.9395377756243105,-0.9403314616963274,-0.9329659767002206,-0.9339056417680407,-0.9329570408456722,-0.9403389798407042,-0.9395364628241115,-0.9319233855979318,-0.932920785426345,-0.9318993450964624,-0.939549838991432,-0.9489423124158275,-0.9395898392300557,-0.9403601748860445,-0.9395891512658107,-0.9489552303851225
-0.9416282296272659,-0.9328662971016943,-0.9338647153874078,-0.9328523791328636,-0.9416348593562005,-0.9328612977549322,-0.9266283685815994,-0.9278339787586493,-0.9266475200451643,-0.9328852905982508,-0.9339202584232134,-0.927889141489265,-0.9289772261973064,-0.9278526680291861,-0.9339099571421934,-0.9329032239312077,-0.926660086619116,-0.92781190624738,-0.9266137127368734,-0.9329033793327223,-0.9416824938069683,-0.9329380706203936,-0.9339055878466717,-0.9329041987906068,-0.9416705601875254
-0.9348122396935099,-0.9271643721310013,-0.9283736902383489,-0.9271655746274376,-0.9348435348210968,-0.9271943479846462,-0.9227810542918272,-0.924136757576983,-0.9228076279207481,-0.9272347172584992,-0.9284829050898878,-0.9242003814859124,-0.9254133812267864,-0.924146689041089,-0.9284632134935882,-0.9272720148587459,-0.9228259219482319,-0.9241014579998241,-0.9227624009994018,-0.9272548153555248,-0.9349097905769538,-0.9272730122102888,-0.9284184654895038,-0.9272051016062299,-0.9348646007268117
-0.9287814808607686,-0.922732117071828,-0.9241103372592816,-0.9227451349083513,-0.9288398055928143,-0.9227864919749269,-0.9205685217950211,-0.9220163549925735,-0.9206047220344686,-0.9228615806967189,-0.924268055461438,-0.9220796497211156,-0.9233877069605612,-0.9220345719113483,-0.9242599558407887,-0.9229054197128849,-0.9206224335431806,-0.921981972453852,-0.9205551932561744,-0.9228728003630069,-0.928923483961512,-0.9228666763491945,-0.9241633572952876,-0.9227749043835508,-0.9288466792079619
-0.9238141682936192,-0.9197916334213442,-0.9212948702462835,-0.9198172533424197,-0.9238966316264347,-0.9198613940363478,-0.9201163102090041,-0.921592962683566,-0.920165965230311,-0.9199782647699224,-0.9214821604601492,-0.9216480843400018,-0.9230071017124042,-0.9216325615134875,-0.9215026379602531,-0.9200112298311788,-0.9201727546123939,-0.9215696593898658,-0.920114969100839,-0.9199678533281996,-0.9239888899924535,-0.9199381726514514,-0.9213527398165454,-0.9198366240406174,-0.9238900699724791
-0.9201255878603405,-0.9184698470188355,-0.9200597424885468,-0.9185134145747237,-0.9202260657908685,-0.9185553721134752,-0.9214332578785949,-0.922884253789525,-0.9214991128631056,-0.9187028211396495,-0.9202568910714541,-0.9229268273283726,-0.9242812816804072,-0.9229431885165925,-0.9203055949061608,-0.918717919844509,-0.9214873426199461,-0.9228707597849422,-0.9214447617832232,-0.9186659052065432,-0.9203167197760983,-0.9186195522502282,-0.920112223418281,-0.9185171549355515,-0.9202038607893654
-0.9178415853750442,-0.918779307120337,-0.9204186124927103,-0.9188464490472937,-0.9179569079282468,-0.918890802436947,-0.924400052258133,-0.9257811427679533,-0.9244805458175249,-0.9190478047304644,-0.920622859485825,-0.9258139879160375,-0.9271030957722776,-0.9258450624942822,-0.9206780955323115,-0.9190520826247814,-0.9244484432373883,-0.9257662597329575,-0.9244159653465962,-0.918986509936723,-0.9180394456995196,-0.9189316330615366,-0.920455483646845,-0.918827275529997,-0.917913319310847
-0.9169985945642182,-0.9206295335449878,-0.9222742615578428,-0.9207222886832493,-0.9171293846999774,-0.9207785102771797,-0.928788592619467,-0.9300615050593695,-0.9288788722245255,-0.9209266142376327,-0.9224980097451139,-0.930090042777916,-0.9312588189639248,-0.9301129551108887,-0.9225346355293077,-0.9209384582789005,-0.9288312191103334,-0.9300340873324253,-0.9287983015833794,-0.9208519508495183,-0.9172059411057958,-0.9207889607463682,-0.922291603818663,-0.9206754424460637,-0.9170597799614782
-0.9175619338423284,-0.9238620188342158,-0.9254549386085914,-0.9239759011484074,-0.9177124240679857,-0.9240508827542444,-0.9343122379212494,-0.935434960328031,-0.9344065597663325,-0.9241876485844586,-0.9257137426071915,-0.9354623235292467,-0.9364676278170713,-0.935466302690414,-0.9257189522450463,-0.9242205445303865,-0.934350336345857,-0.9353942410274347,-0.9343115257306137,-0.92410768245185,-0.9177899377445151,-0.9240310197874213,-0.9254578649114558,-0.923903361123108,-0.9176162168545232
-0.919451837154229,-0.9282833380769615,-0.9297568303712576,-0.9284091661896301,-0.9196223477739042,-0.9285011285586194,-0.9406655205123337,-0.9415887254796074,-0.940759129442282,-0.9286370971651124,-0.9300518354575268,-0.9416125546109119,-0.9424225400698611,-0.9416048897615632,-0.9300358683011152,-0.9286892758739831,-0.9406990989131164,-0.9415450518241394,-0.9406584480058321,-0.9285536232085021,-0.9197065992105604,-0.9284560679289238,-0.929754481249976,-0.9283191608621024,-0.9195049904586519
-0.922553311265878,-0.9336761858890057,-0.9349633307268911,-0.9338039631325938,-0.9227388043794291,-0.9339038366232746,-0.9475386296982418,-0.9482115908668403,-0.9476281347321238,-0.9340508969294814,-0.9352762717112998,-0.9482270487289259,-0.9488152109797049,-0.9482263091461858,-0.9352618881546124,-0.9341068046252358,-0.9475664552564137,-0.9481782831728328,-0.9475332831188039,-0.9339598864496558,-0.9228271188074015,-0.9338398059963796,-0.9349615628104637,-0.9337072993985128,-0.9226087284310777
-0.9267128094886778,-0.9397905184733456,-0.9408359937125427,-0.9399133293239326,-0.9269023567370638,-0.9400096141384614,-0.9546037434845784,-0.954987412687899,-0.9546869253988908,-0.9401680281744992,-0.9411370590817415,-0.9549907801268962,-0.955333484405319,-0.9550120839344003,-0.9411431423650134,-0.9402096590726555,-0.9546239056538453,-0.9549716656818139,-0.9546059057117602,-0.9400675882723859,-0.9269846692147018,-0.939931816260497,-0.9408329978347658,-0.9398171193292618,-0.926767785232013
-0.9317242076814611,-0.946328146805017,-0.9470940877865579,-0.9464436940771289,-0.9319059732647964,-0.946529667643556,-0.9615033954358214,-0.9615804297529332,-0.961577362415076,-0.9466871712796122,-0.9473596534767879,-0.9615730733718135,-0.961648556168176,-0.9616153486958885,-0.9473854395335528,-0.9467048642349742,-0.961514725337628,-0.9615798885149935,-0.9615121160750207,-0.9465781324771158,-0.9319715455226809,-0.9464395727029137,-0.9470835420151353,-0.9463488872474832,-0.9317717048312539
-0.9373300242871286,-0.9529483664207815,-0.9534122691608942,-0.9530568696874755,-0.9374957308036717,-0.9531340459491082,-0.9678615291089538,-0.9676364929247685,-0.9679219137790285,-0.9532715264264324,-0.9536362288327658,-0.9676251865977027,-0.9674205861742604,-0.9676723885386788,-0.9536647893582809,-0.953271670685028,-0.9678634830214898,-0.967643641356453,-0.9678706089032354,-0.9531619361512041,-0.9375399309298362,-0.9530311598550497,-0.9533910946552688,-0.95296246417473,-0.9373644471741345
-0.9432373883608357,-0.9592975346503766,-0.9594462824357454,-0.9593975348789976,-0.9433831084160966,-0.9594715235967846,-0.9733180926104792,-0.9728112803182173,-0.9733598333232075,-0.9595746714167354,-0.959636457325973,-0.9728024855694205,-0.9723227167462967,-0.9728374911443369,-0.9596474044796897,-0.9595719740899593,-0.9733109145539734,-0.9728197191079342,-0.9733212196995242,-0.9594758519509595,-0.9434084743706261,-0.9593576759333053,-0.9594161781504119,-0.9593040773736966,-0.9432572824533404
-0.9491485711548112,-0.9650475969361201,-0.9648738022700196,-0.9651342495043647,-0.9492721952499233,-0.9652096922070623,-0.9775714895054775,-0.9768117432335948,-0.9775912203468747,-0.9652752366837729,-0.9650395164891592,-0.976808518395438,-0.9760794522566805,-0.9768252389191043,-0.9650264037261997,-0.9652813197906813,-0.9775565310551363,-0.9768225322699624,-0.977566712991685,-0.9651965320634132,-0.9492873118617123,-0.965089728915965,-0.964841419701484,-0.9650483378396887,-0.9491571699861698
-0.9547880838170894,-0.9699256416703903,-0.96943090473178,-0.969992351566746,-0.9548871446717293,-0.9700686810222962,-0.9804053476727305,-0.9794281587425197,-0.9804029286286038,-0.970102643882014,-0.969570814547116,-0.9794291928379826,-0.978492846435185,-0.9794338758883506,-0.9695429589692703,-0.9701163930970187,-0.9803842358194581,-0.979446820250186,-0.9803955091448093,-0.9700466566934169,-0.9548964250742273,-0.9699484963881384,-0.9694027274082843,-0.9699230456014873,-0.9547892723875305
-0.9599130900396933,-0.9737200713900894,-0.9729194157924912,-0.9737606351302759,-0.959982488922411,-0.9738312751686315,-0.9816873842229678,-0.9805357776956606,-0.9816639352931156,-0.9738410741103112,-0.9730199727059129,-0.9805398244410403,-0.9794471472806876,-0.9805427558719788,-0.97299358015146,-0.9738528129387819,-0.9816619880920241,-0.9805686732000501,-0.9816772139953929,-0.9738070608772755,-0.9599859609398959,-0.9737189746932029,-0.972898743374294,-0.9737169646148098,-0.9599095051728558
-0.9643130989519354,-0.9762693013857673,-0.9751953577342289,-0.9762815279219085,-0.9643473675750942,-0.9763387858552638,-0.9813511795656249,-0.9800814210792156,-0.9813089361260396,-0.9763256250920581,-0.9752402401023359,-0.9800905946700126,-0.9788958079747737,-0.9800954588875203,-0.9752242898674892,-0.9763250462646186,-0.9813233904848191,-0.9801284255387253,-0.9813427912799021,-0.9763106850213787,-0.9643402232292368,-0.9762395654768422,-0.9751802353010506,-0.9762665329002833,-0.9643039370344897
-0.9678015464981262,-0.9774489074736731,-0.9761504208347557,-0.9774346321755083,-0.9677973779973016,-0.9774744008780455,-0.9793804874315876,-0.9780636525034724,-0.9793216440884879,-0.977433040553924,-0.9761329044008318,-0.9780832377480051,-0.9768438806261976,-0.9780845202542763,-0.9761232640620787,-0.9774181305857265,-0.9793520450785653,-0.9781178376250639,-0.9793718000008964,-0.9774364091441932,-0.9677759905245746,-0.9773917829666042,-0.9761376005807028,-0.9774458207433773,-0.9677838106135669
-0.970215857237964,-0.977172626772907,-0.9757095841783112,-0.9771356390079317,-0.9701746827984562,-0.9771589428842897,-0.9758091583555498,-0.9745272378927796,-0.9757362418067916,-0.9770840359864797,-0.9756377842090076,-0.9745632783030209,-0.9733437741586207,-0.974551108466092,-0.9756219459328879,-0.9770620676830728,-0.9757825535674849,-0.9745807492546905,-0.9757978931850981,-0.9771085243054352,-0.9701414506245536,-0.9770959592894316,-0.9756990124509004,-0.9771688829195327,-0.9701890910164448
-0.971431714626132,-0.9754101400189055,-0.9738471428584093,-0.9753524301969537,-0.9713583208519341,-0.9753630560579423,-0.9707404459013531,-0.9695780880744918,-0.9706555497683184,-0.975256785436774,-0.9737381874295515,-0.9696318975241114,-0.9685060133468054,-0.969601523977685,-0.9737080121904577,-0.975238074697434,-0.9707185344004675,-0.9696276981254266,-0.9707260956960512,-0.9753053012342829,-0.9713207933958583,-0.9753236821291092,-0.9738437043942417,-0.9754054639230905,-0.9713985382386264
-0.9713789097039168,-0.972203580313534,-0.97060903561981,-0.9721259429358221,-0.9712794135953614,-0.9721252995294927,-0.9643594121750556,-0.9633976558491497,-0.9642658219579716,-0.9719999399708176,-0.9704768364135464,-0.963464214180085,-0.9625125235821729,-0.9634217671960497,-0.9704374811790641,-0.9719885256942827,-0.9643450152904604,-0.9634462174731871,-0.9643450509698815,-0.9720715952579149,-0.9712452860001751,-0.9721145743365349,-0.9706195404852854,-0.9721989050825409,-0.9713447994669221
-0.9700508940607242,-0.9676711101710738,-0.9661196387039774,-0.9675742756173507,-0.9699297903474495,-0.9675605487033395,-0.9569253617627967,-0.9562383610772421,-0.9568284260016305,-0.9674324881381742,-0.965967298696421,-0.9563109525130341,-0.9556126413405794,-0.9562701967796151,-0.9659350262140309,-0.9674226082068682,-0.9569212860695718,-0.9562921852928291,-0.9569164635939941,-0.967521463314439,-0.969902103178765,-0.9675823723271776,-0.9661476930413023,-0.9676688869947915,-0.9700209546956301
-0.967499334669786,-0.9619895532026704,-0.9605642981353086,-0.9618771227020134,-0.967358763062615,-0.961847901608266,-0.9487429016942333,-0.9483996069656707,-0.948648806028224,-0.9617289353025812,-0.9603876826854879,-0.9484746022321514,-0.9480981737931391,-0.9484460922503685,-0.9603778557492703,-0.9617096764606627,-0.9487510638801353,-0.9484609082681605,-0.9487432404997298,-0.9618260845810075,-0.9673346679222141,-0.9619020296838416,-0.9606074475720975,-0.9619926460770997,-0.96747497195106
-0.9638160767694635,-0.9553660544132703,-0.9541571861513614,-0.955246177859775,-0.9636578562653724,-0.9552030914300238,-0.9401238572965511,-0.9401896584254217,-0.9400385245106573,-0.955092744379802,-0.9539562366906019,-0.9402708540862892,-0.9402682266240836,-0.9402518856501947,-0.9539695821266998,-0.9550577449649597,-0.9401446819140986,-0.9402532304053276,-0.9401319211316942,-0.9551908564844072,-0.9636324801502463,-0.9552837816570615,-0.9542080384776208,-0.9553775175030843,-0.9637949944765096
-0.9591147729698869,-0.9480183664938812,-0.9471135592458855,-0.9478995075823373,-0.9589438721784505,-0.9478487384051587,-0.9313658806184948,-0.9318991984936561,-0.9312922501007828,-0.9477408164425458,-0.9469002543158016,-0.9319965190993178,-0.9324029070710447,-0.9319725018830551,-0.9469235877081282,-0.9476956608207332,-0.9313997870501491,-0.9319533761813688,-0.9313747152271799,-0.9478390498449918,-0.9589165461544543,-0.9479493389466919,-0.9471657010069869,-0.9480392630661008,-0.9590946404149518
-0.9535250762376818,-0.9401684469713991,-0.9396437839472555,-0.9400575572179095,-0.9533505550776907,-0.9400093209842157,-0.9227502693525588,-0.9237980089273639,-0.9226910455991209,-0.9398985360152792,-0.9394447813793575,-0.9239198563982054,-0.9247599511109732,-0.9238762508178635,-0.9394576699007954,-0.9398581131699253,-0.9227991493921925,-0.9238327521224499,-0.922755664204671,-0.9399997107447853,-0.9533277281391209,-0.9401246071063455,-0.9396966667019092,-0.940198967829881,-0.9535063858226349
-0.9471997291023806,-0.9320542784666874,-0.931966482152906,-0.9319548925516924,-0.9470323117458289,-0.9319178217326134,-0.9145591399417501,-0.9161448039495904,-0.9145160728333074,-0.9318087452329141,-0.9318118503534427,-0.9162923046664986,-0.9175834931696252,-0.9162238343020979,-0.9318028296790993,-0.9317872245655077,-0.9146243849149239,-0.9161587057743684,-0.9145591038255003,-0.931914153651863,-0.9470246269825462,-0.9320443899250543,-0.9320255119287181,-0.9320930795107006,-0.9471871068393332
-0.9403216577158773,-0.9239364033404736,-0.9243232538033305,-0.9238491457825686,-0.9401712351437532,-0.9238252868631174,-0.9070797313208583,-0.9092013391161698,-0.9070560183172174,-0.9237336898141101,-0.9242322486416249,-0.9093647485079356,-0.9111163432588398,-0.9092846018396741,-0.9242089505938896,-0.9237353656814601,-0.9071622573512592,-0.9092017350589134,-0.9070794618052997,-0.9238404506193372,-0.9401891897952043,-0.9239645637231487,-0.9243973359878247,-0.9239825351266222,-0.9403219722806606
-0.9331057512389274,-0.916092284097137,-0.9169783600454549,-0.916017238744389,-0.9329787547524958,-0.9160019642689459,-0.9005927359288309,-0.9032248133283799,-0.9005923847504472,-0.9159494491718947,-0.9169501871799038,-0.9033892571696701,-0.9055941023022579,-0.9033191225816813,-0.9169372111712982,-0.915963076167509,-0.9006929963454482,-0.9032220762766981,-0.9006007362429799,-0.9160473000483319,-0.9330241941131242,-0.9161552017934411,-0.9170712537002411,-0.9161452283737636,-0.9331236524601361
-0.9257839497798285,-0.9087938939049467,-0.9101965868678445,-0.90873407436034,-0.9256841292615428,-0.9087215589394576,-0.8953442677578929,-0.8984440899170398,-0.8953717537548127,-0.9087218059791115,-0.9102195510718372,-0.8985962485836134,-0.9012256211796189,-0.8985548323471246,-0.9102364369716675,-0.90872875075461,-0.8954597126240739,-0.8984436287911236,-0.8953646557541048,-0.9087953245209077,-0.9257469802359286,-0.908883839462134,-0.9103032406094521,-0.9088524926426953,-0.9258178449476957
-0.9185837200960676,-0.9022744528106493,-0.90420788395337,-0.9022377166901487,-0.9185111540648792,-0.9022265551690116,-0.89150717350307,-0.8950224707727723,-0.8915646064141313,-0.9022781087491482,-0.9042682720978686,-0.895156436130291,-0.89815735778812,-0.8951452584269914,-0.9043191178358008,-0.9022673471040853,-0.8916330980749573,-0.89502120147661,-0.8915384942627954,-0.9023151373054104,-0.9185791520936744,-0.9023860854694207,-0.9043151524428482,-0.9023387286682995,-0.9186245650146873
-0.911699838885002,-0.8967077551519353,-0.899176763244633,-0.8967026286440315,-0.9116548845783684,-0.896698788408275,-0.8891619895999026,-0.8930357020411479,-0.8892499315647785,-0.8967870427247939,-0.8992713773107137,-0.8931513227363308,-0.8964539084707193,-0.893153753175672,-0.8993396161294553,-0.8967598526654296,-0.8892949589572586,-0.8930231821571495,-0.8891973488358371,-0.8967838190675325,-0.9117180755188123,-0.8968394965798272,-0.8992685499306706,-0.8967773900978147,-0.9117380811525848
-0.9052878966843734,-0.8922067886725464,-0.8951949076644357,-0.892237290069277,-0.9052748172699538,-0.8922504510646664,-0.8883124016426176,-0.8924772931132409,-0.888426375329583,-0.8923611452663751,-0.8953339770169455,-0.8925767877842828,-0.8961003688798158,-0.8925701874430609,-0.895393264697008,-0.8923323558754493,-0.8884489405897046,-0.8924422746572733,-0.8883452213477034,-0.8923214469240219,-0.9053329107103528,-0.8923624139450529,-0.8952653313200363,-0.8922812253205596,-0.9053177851456609
-0.8994714770498567,-0.8888428208744523,-0.8923052276473504,-0.8889058534164296,-0.8994966700389702,-0.8889441890981475,-0.8889173158542627,-0.8932858002238401,-0.889049624639791,-0.8890696596015741,-0.8925030418484706,-0.8933693632302143,-0.8970276668633232,-0.8933428144013645,-0.8925337388334589,-0.8890571690409067,-0.8890527053243321,-0.8932228702660935,-0.8889432878913797,-0.8890031449526132,-0.8995572824367186,-0.889026569597307,-0.8923584733365202,-0.8889208001800226,-0.8994945563953236
-0.8943597470658784,-0.8866678937558141,-0.8905309392594769,-0.8867552336300778,-0.8944269976153127,-0.8868169666849912,-0.8909161680413009,-0.8953756856741001,-0.8910606893450136,-0.8869622007544844,-0.8907917176694304,-0.8954400392841748,-0.8991425265599547,-0.89539833536396,-0.8907947291689543,-0.8869752513436362,-0.8910465637091657,-0.8952904790493512,-0.890935455286193,-0.8868783548378708,-0.894502081362158,-0.8868794291053341,-0.8905782816470763,-0.8867469791173522,-0.8943841393432889
-0.8900582489217036,-0.8857224830089643,-0.8898937601766703,-0.8858253965937486,-0.8901663038571513,-0.8858991332581682,-0.8942336967460203,-0.8986531982396831,-0.8943879463256598,-0.8860754170196803,-0.8902043722683681,-0.8986925248927193,-0.9023422829203299,-0.8986525004976847,-0.8901995295023766,-0.8861096126778311,-0.8943569815964688,-0.8985582601859906,-0.8942485072931292,-0.8859774907449118,-0.890261658313419,-0.8859519093916837,-0.8899423029550286,-0.8857987092120065,-0.8900917850078223
-0.886664833659733,-0.8860256334055271,-0.8904051883123417,-0.8861385906278316,-0.8868080462194154,-0.8862088618215532,-0.8987645765961277,-0.9030087072218763,-0.8989278872205687,-0.8864252641807141,-0.8907388436981867,-0.9030167176117666,-0.906512430149623,-0.9029988163265471,-0.8907515860028223,-0.8864644582896825,-0.8988802730468775,-0.9029178531915404,-0.8987800774938709,-0.8863092949912972,-0.8869186261668875,-0.8862561111522198,-0.8904528221573664,-0.8860947444126619,-0.8867102312160168
-0.8842525798942961,-0.8875522697498553,-0.892042326386374,-0.8876746261985597,-0.8844230609781208,-0.887730382461462,-0.9043512484158162,-0.9082939819488132,-0.9045210120057012,-0.8879855278749336,-0.8923695082992483,-0.9082670106411483,-0.9115079448343496,-0.9082840261000792,-0.8924147576457836,-0.8880110682459028,-0.9044553934891852,-0.9082143974389106,-0.904371037695393,-0.8878439377061095,-0.8845346492410647,-0.8877690418746492,-0.8920784516003912,-0.8876113962469087,-0.8843041766911706
-0.8828504449079064,-0.8902160539002675,-0.8947238664527486,-0.8903510240522474,-0.8830408497123812,-0.8903896522080907,-0.9107706541633808,-0.9143068947448839,-0.9109430754608911,-0.8906707458732654,-0.8950247743674353,-0.9142439749041503,-0.917131138271564,-0.9142915254502952,-0.8950975229999847,-0.8906734410916305,-0.9108566071117847,-0.9142323609814894,-0.9107926745984051,-0.8904998643660272,-0.8831382734284421,-0.8904118891134445,-0.8947342224422097,-0.8902627001999058,-0.8828971998279048
-0.8824328782501264,-0.893868416856056,-0.8982997684933487,-0.8940189326862594,-0.8826395151048728,-0.8940475644549066,-0.9177456135054731,-0.9207875757766245,-0.917914321195829,-0.8943350627694985,-0.8985735852569899,-0.920694855133322,-0.923131444473841,-0.9207508931995001,-0.8986511939065632,-0.8943201659274836,-0.917807347418447,-0.9207068968884181,-0.9177637044968403,-0.894137464576304,-0.8827141089616695,-0.8940426475978449,-0.8982754098692587,-0.8939016573574834,-0.8824652655385153
-0.8829271910896477,-0.8983188182060468,-0.9025721206440609,-0.8984842532641538,-0.8831502132352483,-0.8985130888328268,-0.9249775541295666,-0.9274458604416738,-0.9251360847284325,-0.8987911572732151,-0.9028324647646765,-0.9273330952475844,-0.9292350913128784,-0.9273767249906638,-0.902889059565166,-0.8987746016651669,-0.9250127140132343,-0.9273525724418676,-0.9249850761996565,-0.8985763491580615,-0.8832036884459472,-0.898476062802958,-0.9025146858594056,-0.8983391419332996,-0.8829422711216177
-0.8842342006955389,-0.903366176841028,-0.9073301479135498,-0.9035391114081179,-0.8844742282328213,-0.9035757171635621,-0.9321812828222801,-0.9340008274841309,-0.9323244363144937,-0.903839204549361,-0.9075897150587541,-0.9338772381299935,-0.9351800739452285,-0.933901123864504,-0.9076151223268676,-0.903836086368199,-0.9321943985439662,-0.9338996823113672,-0.9321787391133237,-0.9036218263350654,-0.8845183181303168,-0.9035130528879326,-0.907252063866255,-0.9033750485958227,-0.8842368860638578
-0.8862503188674359,-0.9088227199153857,-0.9123813724324695,-0.9089925737716645,-0.8865055897114252,-0.9090375069826806,-0.9391153658320531,-0.9402112078510685,-0.9392376479418423,-0.9092897288820754,-0.9126426765357063,-0.9400825252703855,-0.9407399909526283,-0.9400959720143435,-0.9126459829987238,-0.9093043180976761,-0.9391087645122914,-0.940114905780413,-0.9391023534043288,-0.909081241673317,-0.8865511880548976,-0.9089604659475556,-0.9122971869036021,-0.9088210018835806,-0.8862493193585032
-0.8888773880776741,-0.9145171736383652,-0.9175601183382714,-0.9146737106425161,-0.8891417421178012,-0.9147209892751377,-0.9455708482741303,-0.9458772761149846,-0.9456655746596583,-0.9149679255403594,-0.9178115487623043,-0.9457473545196786,-0.945726781961864,-0.9457664407846331,-0.9178139276969606,-0.9149933134288215,-0.9455424349722952,-0.945799458476804,-0.9455474450509593,-0.9147720798115643,-0.8891922037141631,-0.9146380374608287,-0.917477779702827,-0.9145061058664394,-0.888880120885057
-0.8920182284641408,-0.9202829472419821,-0.9227157685760405,-0.9204212771735317,-0.8922812581735182,-0.9204625916953052,-0.9513439624164312,-0.9508236004444047,-0.9514135463972138,-0.9207046843603853,-0.9229393264155497,-0.9506973348097247,-0.9499797404757158,-0.9507342368927356,-0.9229575365781939,-0.9207268180669372,-0.9512973106135226,-0.9507727934954816,-0.9513164928519854,-0.9205190511055399,-0.8923301406341732,-0.9203743929813456,-0.9226332339499838,-0.9202632170298356,-0.8920254603959574
-0.895562367120617,-0.9259427048677368,-0.9276903954236201,-0.9260623889322399,-0.8958139186539984,-0.9260931249095372,-0.9562329542452863,-0.9548837348801917,-0.9562810164885294,-0.9263237535290829,-0.9278697929620447,-0.9547645473667011,-0.953347021443626,-0.9548207623066268,-0.9279080816614738,-0.9263307817454917,-0.9561735556959006,-0.9548586489034789,-0.9562087675753185,-0.9261442224269344,-0.8958502344112069,-0.9259955718830686,-0.927600476533433,-0.9259143898819047,-0.8955687223879684
-0.899376391105247,-0.9313022362604397,-0.932307262817893,-0.9314054734187982,-0.8996094832862817,-0.9314283683593791,-0.9600441222657801,-0.9578915971619116,-0.9600691307441902,-0.9316355378261393,-0.9324372547000729,-0.9577841442398279,-0.9556829165022468,-0.9578480247832675,-0.9324850092605891,-0.9316225473450651,-0.9599714481802124,-0.9578836225569749,-0.9600204044490795,-0.9314598305443433,-0.8996233095670995,-0.9313148914950125,-0.9322031988700555,-0.9312640656858292,-0.8993735689880835
-0.90330455358602,-0.9361585368113604,-0.9363772256608609,-0.9362465204921547,-0.9035165182815359,-0.9362705025993234,-0.9625995053493224,-0.9596948240348377,-0.9625966058158736,-0.9364397294720134,-0.9364668932692715,-0.9596035564661316,-0.9568539476792151,-0.959658757602026,-0.9365026649924342,-0.9364149355621503,-0.9625118284161303,-0.9596947597010882,-0.9625706352682224,-0.9362746300733911,-0.9035063982017969,-0.9361387823333618,-0.9362603417141927,-0.9361109912157376,-0.9032885445019959
-0.907181699077906,-0.9403225071347406,-0.9397217944422032,-0.9403934014305488,-0.9073715255443449,-0.9404261258596573,-0.9637636739643,-0.9601757259346375,-0.9637297303534883,-0.9405498046280534,-0.9397870873971828,-0.9601057555443397,-0.956766250267863,-0.960142154404221,-0.9397949440923641,-0.9405274081841983,-0.9636629837393433,-0.9601821627318647,-0.9637277342832858,-0.9404062299877559,-0.9073440141460665,-0.9402813324321363,-0.9396019142818175,-0.9402682441454624,-0.9071545329679076
-0.9108543394566223,-0.9436427020797448,-0.9422000028013192,-0.943691271206377,-0.9110215874301257,-0.9437363480275298,-0.9634688625572739,-0.9592786310991372,-0.9634022610888568,-0.9438161535354354,-0.94225390916904,-0.9592330788591404,-0.9553845802404689,-0.9592528257653523,-0.942233430816454,-0.9438063862596281,-0.9633594398256762,-0.9592982422501956,-0.9634272158078271,-0.9437052811890903,-0.9109862937310798,-0.9435887585041238,-0.9420917766300896,-0.9435853065221086,-0.9108229872700857
-0.9141946193786433,-0.9460145391202784,-0.9437242269275719,-0.9460341524961374,-0.9143354506784237,-0.9460893439493759,-0.9617122093893622,-0.9570117214416966,-0.9616135788919207,-0.9461332960411473,-0.9437667877195797,-0.9569924083835415,-0.9527348529636726,-0.9570071589667098,-0.9437336478811984,-0.9461370572257096,-0.9615997161452137,-0.9570551217243103,-0.9616690976818258,-0.9460622736147448,-0.9143009693649518,-0.9459506040028536,-0.9436384608223243,-0.945959014087126,-0.9141663315179916
-0.9171030298575984,-0.9473751080639137,-0.9442547408678108,-0.9473634375373076,-0.9172109249280275,-0.9474227095349521,-0.9585363432507596,-0.9534349304448198,-0.9584101895137443,-0.9474371023570869,-0.9442756587605191,-0.9534437696052611,-0.9488896416494416,-0.9534640225207647,-0.9442480145481003,-0.9474455154581829,-0.9584248820061221,-0.9535090861113175,-0.9584943253069125,-0.9474052611538801,-0.9171790776839595,-0.9472979006030653,-0.9441928513831446,-0.9473256936924388,-0.9170818116504488
-0.9194999538535134,-0.9476872251167203,-0.9437789878955576,-0.9476466055362149,-0.91956810282563,-0.9477044795380334,-0.9540058778933291,-0.9486370894328151,-0.9538598728526793,-0.9476896997431015,-0.9437650580942263,-0.9486760733910568,-0.9439462626211708,-0.9487043058561666,-0.9437521594557956,-0.9476911537508049,-0.9538989845693002,-0.9487396667858801,-0.9539681389542047,-0.9476909133046806,-0.9195333806234607,-0.9475926763427012,-0.9437346586253138,-0.9476462730012439,-0.9194836387748828
-0.9213102409898541,-0.94692309816788,-0.9422898227929823,-0.9468585068513399,-0.9213346148402584,-0.946912902575529,-0.9481946978291241,-0.9427133990986705,-0.9480350731004958,-0.9468633869908836,-0.9422336996169811,-0.9427854668858162,-0.9380066261382121,-0.9428124855684793,-0.9422295965526084,-0.9468517769186205,-0.9480947351877294,-0.9428321391157748,-0.9481607495892905,-0.9468905866691927,-0.9212890059659435,-0.9468081536246569,-0.9422538476946953,-0.9468904947532328,-0.921292649808473
-0.922458003348828,-0.9450609716308397,-0.9397792981033682,-0.9449772340852123,-0.9224399012512932,-0.9450313646701063,-0.9411916054688539,-0.9357665074980637,-0.9410203885416227,-0.9449398495389787,-0.9396861772148067,-0.9358733750691072,-0.9311781368987719,-0.9358842543332918,-0.9396739971646891,-0.9449177287497605,-0.9410994963370776,-0.9358877457015549,-0.9411580765451081,-0.9449895143449663,-0.9223800485035293,-0.9449288574391409,-0.9397468078478608,-0.9450351494722466,-0.9224331150915299
-0.9228708431639914,-0.9420934784044614,-0.9362478642195672,-0.9419940423148123,-0.9228152765771904,-0.9420531443419626,-0.933115002046495,-0.927917030000477,-0.9329316818018563,-0.9419166654408424,-0.9361322476399949,-0.9280588407433328,-0.9235838786605772,-0.9280419455831008,-0.9360959347779633,-0.9418932615399466,-0.933031350383167,-0.9280326424902372,-0.9330779312546723,-0.9419892605993352,-0.9227446751300221,-0.9419534679612906,-0.9362223968917546,-0.9420725914344579,-0.9228370330708583
-0.9224912950387322,-0.9380455282637203,-0.9317254300903068,-0.937930131302571,-0.9224051791502434,-0.9379971594088261,-0.9241265604418405,-0.9193203092003958,-0.9239316470617635,-0.9378224914630632,-0.9316048680957041,-0.9194946289965256,-0.9153807029455072,-0.919451132029476,-0.9315396390011135,-0.9378075809293699,-0.9240538555909354,-0.9194323495745107,-0.9240853145786145,-0.9379202207598595,-0.922332797242745,-0.9379080808070646,-0.9317177142926826,-0.9380281702385197,-0.9224535115433247
-0.9212915961809433,-0.9329830979632657,-0.9262873755293047,-0.9328512249041394,-0.9211801708712059,-0.9329243886874701,-0.9144337480442716,-0.9101735897716672,-0.9142306056149897,-0.9327266356947901,-0.9261737340186623,-0.9103763932578419,-0.9067641954517274,-0.9103212668261109,-0.9260916983742759,-0.9327233203810656,-0.914375972680784,-0.9102928951930005,-0.9143918451636047,-0.9328500588998436,-0.9211163873366041,-0.9328556221041735,-0.9263091234778985,-0.9329702854187155,-0.9212576432925921
-0.9192797163173487,-0.9270134176737336,-0.9200558489427081,-0.9268663387506192,-0.9191454411065177,-0.9269412194976814,-0.9042739069755592,-0.9007061203754179,-0.9040683186964757,-0.9267381273813272,-0.9199503806474707,-0.9009330805015827,-0.8979565002497357,-0.9008862841161275,-0.9198736451853645,-0.9267386461025324,-0.9042330189914914,-0.9008409439768397,-0.9042340861693734,-0.9268808920489866,-0.9190940278282934,-0.9268974319130192,-0.9201100288362947,-0.9270067941097319,-0.9192549158493976
-0.9164927632627669,-0.9202683150748495,-0.913180099804887,-0.9201119200361844,-0.9163354111237,-0.9201836731926222,-0.8938835010564251,-0.891153071842651,-0.8936856686123685,-0.9199869550918117,-0.9130782418068258,-0.8914021635015718,-0.8891801633324491,-0.8913758490358816,-0.9130244812146106,-0.9199798525530003,-0.8938608226532466,-0.8913051679928328,-0.8938479177606332,-0.9201379730597274,-0.9162932160475268,-0.9201625207329505,-0.9132602147209548,-0.9202717456276392,-0.9164778382667755
-0.9129812673820568,-0.9128843871572918,-0.905809209633408,-0.9127282875360729,-0.9128000629515951,-0.9127956181084655,-0.8834730521594211,-0.8817255882452185,-0.8832947860582914,-0.9126050627802355,-0.9057059937906643,-0.8819949682250288,-0.8806315072467112,-0.8819859168576155,-0.9056789424114948,-0.9125799822085938,-0.8834681330575702,-0.881883757182506,-0.8834412538167625,-0.9127510909714643,-0.9127576830675034,-0.9127834783589617,-0.9058992715847425,-0.9128974460729944,-0.9129702695573825
-0.9087936230199003,-0.9049856851877156,-0.8980703158215727,-0.9048393015702108,-0.9085910197300433,-0.9049038134420168,-0.8732205618710038,-0.8725953958440944,-0.8730708106856641,-0.9047133518494233,-0.8979670333093773,-0.8728855514869688,-0.872464895169357,-0.8728791707286959,-0.8979549318975801,-0.9046684308999693,-0.8732337173477982,-0.8727433986105494,-0.8731917247317137,-0.9048459186505845,-0.9085401152208701,-0.9048880739783471,-0.8981566230948316,-0.9050065997265626,-0.9087787700166488
-0.903970185309241,-0.896682579445241,-0.8900661301874924,-0.8965501060457246,-0.9037533822078903,-0.8966188899502823,-0.863283869131515,-0.8639000178796689,-0.8631628334989401,-0.8964205156780318,-0.8899745098613482,-0.8642115826037731,-0.8647969290843192,-0.8641897690057638,-0.8899540371677218,-0.896362264726844,-0.8633151294502213,-0.8640235058779578,-0.8632537547919739,-0.8965388064019619,-0.9036914347867687,-0.8965923825165856,-0.8901441616468255,-0.896708019072245,-0.9039462497289101
-0.898548368036724,-0.8880820045827514,-0.8818880383063303,-0.8879627824186607,-0.8983270008508908,-0.8880423238736874,-0.8538177690766178,-0.8557619495461024,-0.8537196320493402,-0.88783403765507,-0.8818288986179026,-0.856093139793828,-0.8577244270812312,-0.8560431908036104,-0.8817800504454621,-0.8877777154606457,-0.8538670681790962,-0.8558549279521851,-0.8537805529586356,-0.8879453395264102,-0.898260772838874,-0.888008877369729,-0.881966191013002,-0.8881104711114821,-0.898516794601022
-0.8925749986428823,-0.8793030077798425,-0.8736393778229269,-0.8791936605088739,-0.8923580773779638,-0.8792852086240399,-0.8449854412076269,-0.8483079352260158,-0.8449057978383006,-0.8790742668730429,-0.873628865124415,-0.8486542727111903,-0.8513516007351882,-0.8485785625361015,-0.8735497562618348,-0.8790345009998776,-0.8450547632935536,-0.8483757329768468,-0.844941077570304,-0.8791894727173903,-0.8923015693662448,-0.8792572046335579,-0.8737326626597433,-0.8793341475338459,-0.892544044964939
-0.8861187607188994,-0.8704865269807318,-0.8654504056497007,-0.8703834799207963,-0.8859123245598918,-0.8704836117534165,-0.8369638691849466,-0.8416810797727466,-0.8369040833236213,-0.8702864307133151,-0.8654946404000307,-0.8420359078947474,-0.8457992640430857,-0.8419535846447359,-0.8654023073826764,-0.8702679399110702,-0.8370573858770478,-0.8417374351045035,-0.8369214832800682,-0.8704093620430741,-0.8858781950603157,-0.8704734658169386,-0.8655716125050319,-0.8705205991701316,-0.886099594101325
-0.8792746014593316,-0.8617913680244921,-0.8574769423022236,-0.8616941671433439,-0.8790797288708949,-0.8617952532256153,-0.8299271934729384,-0.8360287736103666,-0.8298934611931179,-0.8616306475553609,-0.8575687212376796,-0.8363831062552505,-0.841190033975416,-0.8363206694882171,-0.8574908472193045,-0.861625025901297,-0.8300505306344305,-0.8360888878538583,-0.8298974283295433,-0.8617560052578522,-0.879073234538196,-0.8618106818989736,-0.8576282120901817,-0.8618294461634702,-0.8792750066466806
-0.8721545553263612,-0.853377048153342,-0.8498775136948524,-0.8532901171023926,-0.8719685305414134,-0.8533844846190167,-0.824016594858664,-0.8314738559120914,-0.8240167905561101,-0.8532655208155547,-0.850003891392623,-0.8318178383314095,-0.8376191238006305,-0.8317910695319846,-0.8499640411320877,-0.8532572159540066,-0.8241716222431252,-0.8315437765923034,-0.8240042566861284,-0.8533815302114137,-0.8719853904000879,-0.8534239223984463,-0.8500510335196185,-0.8534234099583983,-0.8721753191005972
-0.8648699896996478,-0.8453812302396476,-0.8427862584581132,-0.8453130993761234,-0.864689936244025,-0.8453966390887541,-0.8193126512231879,-0.828085962665359,-0.8193547959463211,-0.845323397523173,-0.8429351152621019,-0.8284103802936115,-0.8351356437611849,-0.8284187423973667,-0.8429400013308199,-0.8453003699643589,-0.8194958834979772,-0.8281598243447794,-0.8193188615038688,-0.8454186770732905,-0.8647186578964374,-0.8454495617921794,-0.8429697760243571,-0.8454427932224843,-0.8649048227782425
-0.8575142273076506,-0.8379049509937025,-0.836295491071047,-0.8378667258508988,-0.8573410759522262,-0.8379406115025217,-0.8158358985617116,-0.8258721337906653,-0.8159255160106835,-0.8379006074045118,-0.8364622760463675,-0.8261747613280193,-0.8337324917069141,-0.8262035636028644,-0.8364968053831985,-0.8378608291720618,-0.8160437662148065,-0.8259357312287062,-0.815861717540501,-0.8379673868824297,-0.8573674303492009,-0.8379923142008224,-0.8364759815048957,-0.8379841573394952,-0.8575539318620685
-0.850156998598119,-0.831013467010546,-0.8304496283251211,-0.8310106092834658,-0.8499936533709248,-0.8310828108986148,-0.8135678379034538,-0.8247872491122148,-0.8137023039519858,-0.8310590103197906,-0.8306409487424751,-0.8250739066852619,-0.8333479777146657,-0.8251000176681548,-0.8306765944552915,-0.8310123942399614,-0.8137995388770806,-0.8248271164980064,-0.8136126243546997,-0.8310981304486125,-0.8500097309630671,-0.8311206035116677,-0.8306179521801026,-0.8311057366847464,-0.8501947092532259
-0.8428457705634267,-0.8247450724308873,-0.825255100798422,-0.8247734269943094,-0.8426967576258785,-0.8248552726257155,-0.8124731261999292,-0.8247595104697762,-0.8126431274132961,-0.8248371474154054,-0.8254866746989478,-0.8250341831802761,-0.8338871687015164,-0.8250379658702118,-0.8254954680915719,-0.8247985647306164,-0.812726195604557,-0.8247683844803975,-0.8125309030179773,-0.8248574293317125,-0.8427060701612109,-0.8248771462443911,-0.8254119154222965,-0.8248443000726313,-0.8428788561828979
-0.8356160223965561,-0.8191272311542487,-0.8207067330068811,-0.8191774685949015,-0.8354866478085039,-0.8192765511555551,-0.8125163739154633,-0.8257173724087413,-0.8127116289640584,-0.8192650027312082,-0.8209950929504273,-0.8259749713887844,-0.8352537747941212,-0.8259508096047357,-0.8209640931133687,-0.8192489958502626,-0.8127859647850245,-0.8256951166451061,-0.8125804230908978,-0.8192810009958409,-0.8355028803989297,-0.8192925736989377,-0.8208655945503186,-0.8192329678187218,-0.8356481233789405
-0.8285068879612258,-0.8141952367195565,-0.8168168641865551,-0.8142602327061431,-0.8284027671754869,-0.8143729571907204,-0.8136690096659548,-0.8276024638976968,-0.8138852074768034,-0.8143794806147275,-0.817167260761401,-0.8278326954641302,-0.8373772290959759,-0.8277939811142274,-0.8171078320662449,-0.814397864252021,-0.8139541122864153,-0.8275613322069397,-0.8137405157986153,-0.8144053878726323,-0.8284448470651389,-0.8144009457252688,-0.8169967641624506,-0.8143121819226178,-0.828548269680683
-0.8215763156039071,-0.8100002674601119,-0.8136252004678715,-0.8100768145038532,-0.8215002397326181,-0.8101912482577454,-0.8159050666501897,-0.8303712294186313,-0.8161438372762448,-0.8102318041406483,-0.8140250937159909,-0.830562838501979,-0.8402079838673837,-0.8305364926783821,-0.8139652586179816,-0.8102835567218415,-0.8162107689211767,-0.8303287045594074,-0.8159947992912523,-0.8102685466379644,-0.8215790471517892,-0.8102452136830014,-0.8138342837506566,-0.8101298918831182,-0.8216381365524139
-0.8148983935653199,-0.8065968252503589,-0.8111784001489704,-0.8066841445664975,-0.8148465603393225,-0.8067867734903023,-0.8191844516813431,-0.8339733328318655,-0.8194493571201015,-0.8068746042717516,-0.8116031631370915,-0.8341179626251852,-0.8436880588155324,-0.8341287311181103,-0.8115735087399585,-0.8069451000071808,-0.8195137782723374,-0.8339398720365764,-0.8193032334687215,-0.8069103986008002,-0.8149602401845527,-0.8068702910991828,-0.8114094318501277,-0.8067374500873862,-0.8149866620642305
-0.8085461825197117,-0.8040187191053604,-0.8095027675778418,-0.8041185097835474,-0.8085109227476465,-0.8042006290777065,-0.8234271325730532,-0.838325739900266,-0.8237197063625993,-0.8043391968196361,-0.8099279872582396,-0.8384177731871252,-0.8477258787980078,-0.838472756190806,-0.8099443531977881,-0.804409209445614,-0.8237732700113675,-0.8382997867321086,-0.8235758630743043,-0.8043595340673453,-0.8086473974081432,-0.8043055945396723,-0.8097393034870849,-0.804170451787706,-0.8086579662577473
-0.8025725912852575,-0.8022609703708572,-0.8085834122028931,-0.8023785306465964,-0.8025480338274729,-0.8024373864654141,-0.8284967238839696,-0.8432983243809861,-0.8288168310591046,-0.8026180817225484,-0.8089934869525884,-0.8433344867292742,-0.8521919746942928,-0.8434212230699256,-0.809049963103512,-0.8026740233135136,-0.8288479364344807,-0.8432684208654029,-0.8286687144174472,-0.8026126364471997,-0.8026903099414221,-0.802549376993116,-0.8088088889057012,-0.802426146837714,-0.8026963047205491
-0.796999437134166,-0.8012774669392203,-0.8083609153821038,-0.8014192716895888,-0.7969849146490408,-0.8014578808378566,-0.83421616216017,-0.8487198195510899,-0.834560914701839,-0.8016626891669787,-0.8087521768269338,-0.8487020738353085,-0.8569229655591993,-0.8487976184800253,-0.8088242440316737,-0.8017048975346245,-0.8345637120898309,-0.8486716632398522,-0.8344044168529346,-0.8016282531907394,-0.7971180303120825,-0.8015623579591803,-0.8085632476368759,-0.8014545414114147,-0.7971215814901959
-0.7918185086801602,-0.8009930252957791,-0.8087401315533148,-0.8011598756001059,-0.791817742276853,-0.801186368813927,-0.8404022497789354,-0.8543999990991521,-0.840762285283115,-0.8013975943795749,-0.8091206556647749,-0.8543360977927887,-0.86173624157667,-0.8544177690812395,-0.8091773346834291,-0.8014384090900522,-0.8407405248456585,-0.8543235177363816,-0.8406002796762729,-0.8013377264576999,-0.7919352950306955,-0.8012752503071272,-0.8089139180836522,-0.8011730640271693,-0.7919302703909951
-0.7870020920091519,-0.8013200315253688,-0.8096077300740985,-0.8015032255811929,-0.7870192839915681,-0.8015266979015657,-0.8468900421862512,-0.8601573733238698,-0.8472506346217704,-0.8017371783886391,-0.809992455396644,-0.8600562532729634,-0.8664548969928197,-0.8601097771593494,-0.8100115503039463,-0.8017939823542451,-0.8472129423400101,-0.8600514851977313,-0.8470882130182382,-0.8016619243307038,-0.7871269684269959,-0.801603029318076,-0.809757572617855,-0.8014930695050501,-0.7871018043524791
-0.782515740438233,-0.8021735517991776,-0.8108575967984308,-0.8023604496952447,-0.7825540322712196,-0.8023856059378383,-0.8535401059435666,-0.8658396254577481,-0.853887672165946,-0.8026010216695904,-0.8112579117038736,-0.8657056199231241,-0.8709335063949384,-0.8657317701024936,-0.8112377397622259,-0.8026869641612108,-0.8538403873753517,-0.8657137731600391,-0.8537271621908786,-0.8025240676038434,-0.7826677002322947,-0.8024625738450252,-0.8109976911468629,-0.8023374630004877,-0.7826080978967698
-0.7783316016518186,-0.8034857159640035,-0.8124126258304301,-0.8036680700947315,-0.7783936236753148,-0.8036910141903416,-0.8602320177535627,-0.8713302577080171,-0.8605619606080223,-0.8039232599580208,-0.8128262263554599,-0.8711611502017582,-0.8750657154845013,-0.8711763175341076,-0.8127869723324327,-0.8040414005353866,-0.8605072849274962,-0.8711989327425376,-0.8604047124970123,-0.8038544576588228,-0.7785299857828715,-0.8037840429525038,-0.8125573836023815,-0.8036450090142245,-0.7784253644560594
-0.7744387550262231,-0.8052097342720576,-0.814227078804049,-0.8053850760842574,-0.7745254110343545,-0.8053940776800882,-0.8668562274816587,-0.8765346050502151,-0.8671720166873672,-0.8056548439116535,-0.8146348115944111,-0.8763278021211538,-0.8787707614860645,-0.876354679139746,-0.8146085372672216,-0.8057970899736617,-0.8671100727098295,-0.8764109745641814,-0.8670214609699808,-0.8055934172070315,-0.774692352156848,-0.8055126691652582,-0.8143790082964568,-0.8053665654648686,-0.7745425879100908
-0.7708413756969599,-0.8073064942970916,-0.8162651149388802,-0.8074747465441245,-0.770948668516082,-0.8074567549971033,-0.8733000296316515,-0.8813599041002464,-0.8736057211072705,-0.8077514564904498,-0.8166390088754137,-0.8811156582853074,-0.8819697731492794,-0.8811686682065835,-0.8166515793038335,-0.8079011674084129,-0.8735345260009747,-0.8812483826427892,-0.8734647016313589,-0.8076858976621963,-0.7711402312861034,-0.8075993220008127,-0.8164118937650253,-0.8074564974847651,-0.7709584079403266
-0.7675427534396209,-0.809721571685407,-0.8184736491010947,-0.8098839461516928,-0.767663067428675,-0.8098305701294075,-0.8794319818121813,-0.8856950035962943,-0.8797252197698332,-0.8101567270083652,-0.8187881232852399,-0.8854180060783869,-0.8845672344628976,-0.8854946066133162,-0.8188453893257363,-0.8102931817156706,-0.8796401438672341,-0.8855906414176178,-0.8795922739964174,-0.8100701753038335,-0.7678621223111687,-0.8099858390080905,-0.8185959159112857,-0.8098585582758109,-0.7676674166199874
-0.7645271609939622,-0.8123716127662949,-0.8207672024230215,-0.8125311734670736,-0.7646540489662098,-0.8124421484156614,-0.8850932195106652,-0.8894093175612933,-0.8853675400141571,-0.8127879906957224,-0.8210101699273624,-0.8891051357852197,-0.8864525698845617,-0.8891880605157636,-0.8210973885549164,-0.8128963947332312,-0.8852635455282774,-0.889300884235633,-0.885237737742673,-0.8126684319792556,-0.7648411540799669,-0.8125945978768451,-0.8208488153939764,-0.8124913105314414,-0.7646462916224647
-0.7617514429426067,-0.8151475077521112,-0.8230320523768957,-0.8153076360888537,-0.7618833835812582,-0.8151889228331191,-0.890114791119214,-0.8923634293453279,-0.8903640583116417,-0.8155358613309474,-0.8232059591543385,-0.892037644812716,-0.8875091343629782,-0.8921044874264678,-0.8232959273137144,-0.8156163652750111,-0.8902395545007092,-0.8922391786304431,-0.8902335716066822,-0.8153823511816718,-0.762044803381241,-0.8153256867407411,-0.823064788401355,-0.8152448633755761,-0.7618507653612633
-0.7591497644000003,-0.817929358116251,-0.8251408360237479,-0.818089802495925,-0.7592902474016647,-0.8179503617533932,-0.8943502654916458,-0.8944295892315387,-0.8945675595721442,-0.818280766396533,-0.8252595817103959,-0.8940895189813515,-0.8876346969471256,-0.8941231359786798,-0.8253253781944516,-0.8183474135552855,-0.894427179663498,-0.8942834248612131,-0.8944378904734502,-0.8181022639078323,-0.7594220651189126,-0.818066743143195,-0.8251262329676853,-0.8179958328780337,-0.759220658626432
-0.7566460717538789,-0.8206028452709765,-0.8269721393235675,-0.8207575662792083,-0.7568001676703352,-0.8206049556614401,-0.8976980678157953,-0.8955114328662152,-0.8978732562272633,-0.8209123648671754,-0.8270534081214166,-0.8951666482250977,-0.8867602743231117,-0.8951618129470178,-0.8270799193623871,-0.8209827638399027,-0.8977255078640469,-0.895348822591795,-0.8977490741152228,-0.8207220620741227,-0.756908953539511,-0.820707309401599,-0.8269203186037984,-0.8206306581385371,-0.756688756273717
-0.7541696535013346,-0.8230724568394869,-0.8284301194528879,-0.8232126615411914,-0.754340164653732,-0.8230505561812573,-0.9000976589070834,-0.8955581347409621,-0.9002217462457217,-0.8233420364230823,-0.8284848427718627,-0.8952159286081567,-0.8848618395810757,-0.895180995161609,-0.8284763515040954,-0.823426033925121,-0.9000746159798542,-0.8953934151078655,-0.9001073464331567,-0.823151168624464,-0.7544390805707224,-0.8231527772765115,-0.828355482192881,-0.8230615442687214,-0.75419044847576
-0.7516637982561254,-0.8252706061074662,-0.8294550107440544,-0.8253904155050733,-0.7518510182617298,-0.8252153250652308,-0.9015154793356,-0.8945606034496844,-0.901589289903781,-0.8255040497028683,-0.8294809131740208,-0.8942234622121351,-0.8819560829045435,-0.8941770884640814,-0.8294593911559967,-0.8256008150525298,-0.9014437299529601,-0.8944100259542648,-0.901484216879073,-0.8253194644012913,-0.7519533022173747,-0.8253314301933665,-0.8293692796405241,-0.8252275697027917,-0.751671890368198
-0.7490908199816949,-0.8271558962630116,-0.8300193598395209,-0.8272545728532475,-0.7492931324377636,-0.8270580221216632,-0.9019297370830959,-0.892534302088659,-0.9019632173017667,-0.8273522379743438,-0.8300006293383587,-0.8922022254215936,-0.878080882152553,-0.8921639190926888,-0.8299953825591461,-0.8274520463713454,-0.9018161760349944,-0.892407085169006,-0.9018658331904869,-0.8271739794742484,-0.7494048056319395,-0.8271940851312324,-0.8299242523734339,-0.8270874671031343,-0.7490939632108118
-0.7464301275235182,-0.8286995972732828,-0.8301105048240294,-0.8287804469636489,-0.7466426782676924,-0.8285533629784911,-0.9013208458991243,-0.8894967156000617,-0.901323864632147,-0.8288524734377914,-0.830025356533268,-0.8891707668855547,-0.8732750034015806,-0.8891499120300057,-0.8300568297789235,-0.8289400832528661,-0.9011706921790332,-0.8893913571921065,-0.9012328748295918,-0.8286725800335363,-0.7467578418528061,-0.82870427014147,-0.8299955552085359,-0.8286078382075365,-0.7464310118896625
-0.7436665486350298,-0.8298684436218621,-0.8297068453105687,-0.8299358536027482,-0.7438816439171958,-0.8296733839887456,-0.8996606800608056,-0.885452835206491,-0.899635530584038,-0.8299694977440809,-0.8295367381432686,-0.8851382152800209,-0.8675649591505925,-0.8851277893018956,-0.8296064874601216,-0.8300298807920832,-0.8994741807995985,-0.8853611333918626,-0.8995503389474682,-0.829776533786596,-0.7439852546592175,-0.8298260763007964,-0.8295561960004308,-0.8297523363689457,-0.7436615067807822
-0.7407749325389028,-0.8306146355883782,-0.8287634298619804,-0.8306708697185161,-0.7409851147151911,-0.8303758516771224,-0.8969111560981186,-0.8803978440629993,-0.8968528424261522,-0.8306565631565963,-0.8285032844492682,-0.8801002708567727,-0.8609676312199865,-0.8800824692227949,-0.8285925676366761,-0.8306788043572864,-0.8966854621442291,-0.8803081268805695,-0.8967735833142034,-0.830440473881791,-0.7410587558088216,-0.8305145166744279,-0.8285640878721137,-0.8304705792610954,-0.7407535424440064
-0.7377097753603484,-0.8308740880659364,-0.8272151299797257,-0.8309202734783012,-0.7379117674405676,-0.8306016853656316,-0.8930371537710196,-0.8743287544361981,-0.8929404901651531,-0.830850903071033,-0.8268758569460051,-0.8740510710532704,-0.8535029438899951,-0.8740088467714892,-0.8269571874374843,-0.8308367741355788,-0.8927714049607958,-0.8742326565825779,-0.892868264449034,-0.8306135976609518,-0.737943882850223,-0.8307145096625171,-0.8269652713190997,-0.8306978419980858,-0.7376613400421672
-0.7344102510686804,-0.8305797943122548,-0.8249951036763059,-0.8306159349631415,-0.7346054219334156,-0.830286250276703,-0.8880334106440576,-0.867264799798342,-0.8878954876610672,-0.830489022947305,-0.8245999842197769,-0.8670064576355533,-0.8452106011731427,-0.8669322980245722,-0.8246490298453772,-0.8304532923976555,-0.8877295817050055,-0.8671607995943379,-0.8878342014762602,-0.8302431476754125,-0.734595725046132,-0.8303684745618494,-0.8247040037006789,-0.8303668752744394,-0.7343288532049338
-0.730810766273798,-0.8296777946048969,-0.8220525127511789,-0.8297003700598267,-0.7310032169447566,-0.8293709129313719,-0.881938909708497,-0.8592550896619405,-0.8817574035916811,-0.8295217564476232,-0.8216280902547192,-0.8590165318946504,-0.8361602912119656,-0.8589152835480809,-0.8216336684338298,-0.8294838647189249,-0.8815992048448943,-0.8591535880713904,-0.8817140275034003,-0.829285052397016,-0.7309607735700197,-0.8294280554640178,-0.8217372607091651,-0.8294265751670533,-0.730699251441755
-0.7268564435615088,-0.8281381908355391,-0.8183673883027001,-0.8281409184666284,-0.7270497826072262,-0.8278200799451403,-0.8748301636418634,-0.8503863902487007,-0.8746033572189215,-0.8279282290341027,-0.8179334034994779,-0.850169208064566,-0.8264591083161303,-0.8500552559385091,-0.8179020615801579,-0.8278998489417652,-0.8744575228208807,-0.8503046268232637,-0.8745850590534031,-0.8277138084403838,-0.7269878783333116,-0.827863665782856,-0.8180459135187541,-0.8278545090725349,-0.7267243931284026
-0.7225101065613801,-0.8259596445303882,-0.8139519430123733,-0.8259376299690219,-0.7227044313985531,-0.8256271360200037,-0.866802532878021,-0.8407721767940511,-0.8665346423955096,-0.8257103520596671,-0.8135167693029783,-0.8405795135656486,-0.8162403582932041,-0.8404722279131801,-0.8134714590810275,-0.8256923354715806,-0.8664027768570143,-0.8407278036206556,-0.8665436349441537,-0.825524228355841,-0.7226370376670166,-0.8256697245385368,-0.8136407502912101,-0.8256567277981967,-0.7223704639002513
-0.717756807760342,-0.8231637993757778,-0.8088499907270956,-0.8231179257451244,-0.717948882591804,-0.822815422103739,-0.8579516940723896,-0.8305390388397658,-0.8576550246695885,-0.8228886523533867,-0.8084083086955913,-0.8303741360404912,-0.8056431304513745,-0.8302903768947048,-0.8083792605025074,-0.8228732288442157,-0.8575346821782922,-0.8305395913485746,-0.8576874792762911,-0.8227290587004532,-0.7178844216762523,-0.8228623085921762,-0.8085552907206801,-0.8228573682193963,-0.7176198769418494
-0.7125986852139904,-0.8197860692398239,-0.8031185751809605,-0.8197221930227055,-0.7127836307425008,-0.8194238201547118,-0.8483625747926118,-0.8198025073944621,-0.8480520200259984,-0.8194902082109277,-0.8026562336095379,-0.8196693142413893,-0.7947858435320054,-0.8196155586896391,-0.8026663246102873,-0.8194670098475215,-0.8479367219766026,-0.8198415932819694,-0.8481016793719951,-0.819351037233093,-0.7127203501546864,-0.8194696629804226,-0.802833783963918,-0.8194872926688708,-0.7124695886803291
-0.7070464286817453,-0.8158610201692443,-0.7968050942021874,-0.8157846407080647,-0.7072180964385246,-0.815490832757201,-0.8381049462841792,-0.8086530109207823,-0.8377864390633428,-0.815543080525337,-0.7963104589774485,-0.8085578224748582,-0.7837589597747193,-0.8085270171638217,-0.7963631046822598,-0.8155018120046831,-0.8376726699094594,-0.8087180191837584,-0.8378502476205746,-0.8154148715428813,-0.707144680994946,-0.8155199757596735,-0.7965148597011903,-0.8155734760074672,-0.7069239157739151
-0.7011061341163912,-0.8114081874600753,-0.7899304515862023,-0.8113212712434971,-0.7012577782233349,-0.8110398407430691,-0.8272309845043327,-0.7971573308520257,-0.8268979869639106,-0.8110672131031333,-0.7894047813203942,-0.7971087243605653,-0.7726271937706533,-0.7970820862939938,-0.7894822960516147,-0.8109997703932763,-0.8267921000035807,-0.7972399382454837,-0.826980323485251,-0.8109406338963849,-0.7011597165703735,-0.81103359372316,-0.7896216361895625,-0.8111309442390792,-0.7009834114261527
-0.6947682134361264,-0.8064295166223557,-0.7824902450196648,-0.8063319554757221,-0.6948959011804731,-0.8060765184466978,-0.8157869941195744,-0.7853747563199955,-0.8154288409698255,-0.8060689119442344,-0.7819518223306898,-0.7853790988314397,-0.7614450102718691,-0.7853363772627655,-0.782024719934429,-0.8059755377706727,-0.8153434280397198,-0.7854730586751666,-0.8155372471339121,-0.8059417275979702,-0.694763606266748,-0.8060201388489046,-0.7821614010907612,-0.8061605240228109,-0.6946360828513216
-0.6880055168562029,-0.8009193725134932,-0.7744711313296264,-0.8008108468894736,-0.6881103725861399,-0.8005954784573603,-0.8038323827012407,-0.7733732007679724,-0.8034464429867,-0.8005440060204014,-0.7739495912385336,-0.7734300678145143,-0.750271094782305,-0.7733613056263366,-0.7739915036660746,-0.8004387588009235,-0.8033889897901297,-0.7734887858343252,-0.8035858033710066,-0.8004273772422487,-0.6879451700475766,-0.8004841885083231,-0.774134423674371,-0.8006555491177274,-0.6878583283136743
-0.6807836909702932,-0.7948791275315474,-0.7658725905474333,-0.7947579406453792,-0.6808712857274811,-0.7945946437203024,-0.791457030195718,-0.7612401109849111,-0.7910481796752286,-0.7944962915432127,-0.7653998000879136,-0.761342048351155,-0.7391798501242878,-0.7612541088248402,-0.76539794830708,-0.7944007461188208,-0.7910188515474494,-0.7613766317228096,-0.7912220574226612,-0.7944078547806852,-0.6806833713085318,-0.7944339268440133,-0.7655470747244215,-0.7946178556066981,-0.6806229984067984
-0.6730754204860467,-0.7883281626345635,-0.756719842417823,-0.7881902344958307,-0.67315178348836,-0.7880865862817823,-0.7787799259521921,-0.7490818345814894,-0.7783532416596164,-0.7879506204399421,-0.7563191437087557,-0.749221355891036,-0.7282655884131319,-0.7491330241771498,-0.7562798453209973,-0.7878837779437442,-0.7783513816531366,-0.7492513023396057,-0.7785657346743801,-0.787906718875977,-0.6729589535471607,-0.7878913438246695,-0.7564266726534674,-0.7880725250722804,-0.6729109465150268
-0.6648695573023425,-0.7813097080692092,-0.7470644406793447,-0.7811482170298852,-0.6649381265610907,-0.7811052569271822,-0.765928968009147,-0.7370167759806862,-0.7654881838878839,-0.7809549361238698,-0.746746878635311,-0.7371919483774442,-0.7176382816099635,-0.7371227369936251,-0.7466917174146486,-0.7809216396301244,-0.7655155412499535,-0.7372366243541898,-0.7657406897667074,-0.7809605507182393,-0.6647578912751246,-0.780895965342995,-0.7468216061796613,-0.7810693913748391,-0.6647148609432322
-0.6561755866708712,-0.773882045697957,-0.7369803631160589,-0.7736953814023467,-0.6562356965838921,-0.7737071526883273,-0.7530188000001243,-0.7251589241873496,-0.7525731295801229,-0.7735690899537427,-0.736741737440512,-0.7253766150342755,-0.7074039177170366,-0.7253407588642822,-0.7367003638064852,-0.7735610213961583,-0.7526290783565704,-0.7254443056025831,-0.7528612198278528,-0.7736188487625165,-0.6560809240883437,-0.7735020714950125,-0.7367980060530883,-0.7736733927852999,-0.6560421293113214
-0.6470194740000307,-0.7661100278226134,-0.7265532304089025,-0.7659088249493776,-0.6470676813013064,-0.7659618412173691,-0.7401384187838251,-0.7136058573977146,-0.7397014737307722,-0.7658501788503652,-0.7263747540627096,-0.7138751387994879,-0.6976412067374586,-0.7138778417585517,-0.7263746389911618,-0.7658559693118787,-0.7397816935513021,-0.7139571365768703,-0.740016913101879,-0.765935570259072,-0.6469429532394714,-0.7657691971095777,-0.726427907320451,-0.7659513077122404,-0.6469129491567791
-0.6374368131635212,-0.7580602263899734,-0.7158603445008562,-0.7578567665802651,-0.637469346945843,-0.7579393605525634,-0.7273504025865164,-0.702425781111272,-0.7269334921433529,-0.7578509883622737,-0.7157181478062203,-0.7027545147140086,-0.6883860358484827,-0.7027892926142432,-0.7157715921711139,-0.7578607387383096,-0.7270305629665237,-0.7028270779513578,-0.7272664786173606,-0.7579616493575366,-0.6373691748981125,-0.757754281387629,-0.7157759906742458,-0.7579595034441355,-0.637357370269788
-0.6274642997470409,-0.7497888959363768,-0.7049523365474399,-0.749585490279868,-0.6274766345067264,-0.7496959028062674,-0.7146923478109788,-0.6916507608562192,-0.7142939951623292,-0.749616488969118,-0.7048286417589287,-0.6920452985590317,-0.6796381909833727,-0.6920940477076734,-0.7049254869259486,-0.7496212900346118,-0.7144072377956554,-0.692082235295596,-0.7146397885466693,-0.7497398095804229,-0.627387364448602,-0.7495060313990352,-0.7048880875045869,-0.7497393523289215,-0.6274059349480365
-0.6171279481589108,-0.7413261968070477,-0.6938475092212792,-0.7411223967540763,-0.617114859885136,-0.7412638733831095,-0.7021816501173697,-0.6812862346057827,-0.7017903562643105,-0.741178565701652,-0.6937371573165603,-0.6817537728580586,-0.671378334347486,-0.6817928604924159,-0.693848646329501,-0.7411723145597321,-0.7019305911487335,-0.6817376715865174,-0.7021520091355965,-0.7413035117417422,-0.6170217521314731,-0.741058820099536,-0.6937884918778339,-0.7413171955636378,-0.6170789651033725
-0.6064333729129207,-0.7326801590079235,-0.682540775092455,-0.7324785473393601,-0.6063926593380846,-0.7326548990155967,-0.6898309903108959,-0.6713335707635462,-0.6894389899129919,-0.7325544096902392,-0.6824528742225446,-0.6718773239211744,-0.6635820044004382,-0.6718893038561029,-0.6825448258009008,-0.7325399290254065,-0.6896195235894803,-0.6718051342608371,-0.689820373921519,-0.7326789470145637,-0.606288279313219,-0.7324325898335057,-0.6824858851267148,-0.7327056395556065,-0.6063806891434909
-0.5953680169426601,-0.7238557653398473,-0.6710201364525576,-0.7236572680000141,-0.5953028829965966,-0.7238719441894477,-0.6776680271747468,-0.6618107175389953,-0.677282162326538,-0.7237500298594128,-0.6709734974839359,-0.6624222381279676,-0.6562338612969556,-0.6624039057948077,-0.6710240673176116,-0.7237450231630205,-0.67750613902434,-0.6623043860244787,-0.6776806499800486,-0.7238879552683687,-0.595192164310459,-0.7236407323076148,-0.6709828539630767,-0.7239104281015762,-0.59530319544983
-0.5839138022323764,-0.7148675471419431,-0.6592888598735055,-0.7146711529804683,-0.5838321124814126,-0.71492462610063,-0.6657489437750229,-0.6527539738615676,-0.6653793852331206,-0.7147798801007794,-0.6593023831769149,-0.653413674356535,-0.649330997520483,-0.6533747602086729,-0.6593046347832665,-0.7148068982021059,-0.665641840498856,-0.6532694670344092,-0.6657923134446398,-0.7149494200745233,-0.5837294746514196,-0.7147007134950688,-0.6592872766018912,-0.7149454709585902,-0.5838366313459451
-0.572060611725308,-0.7057439314377604,-0.6473764939589562,-0.7055478382881833,-0.5719707412957998,-0.7058351278797995,-0.6541433502809854,-0.6442036505397492,-0.6537948872644157,-0.705676705271296,-0.6474548375675496,-0.6448923990532694,-0.6428852881754117,-0.644849357115366,-0.6474153493087985,-0.7057483764074095,-0.654093437535471,-0.6447457250107222,-0.6542215357123354,-0.7058879739104649,-0.5718941190507778,-0.7056403320008419,-0.6474242847860986,-0.7058430761998724,-0.5719799425144144
-0.5598160768756705,-0.6965295000590869,-0.6353337133195206,-0.6963288866511994,-0.5597225559305535,-0.6966414371070999,-0.6429129680140542,-0.6361934809215959,-0.6425864176150637,-0.6964866872082006,-0.6354639217472464,-0.6369041330587396,-0.6369162434824042,-0.6368723848054647,-0.6354004668763246,-0.6966024379636359,-0.6429236811308733,-0.6367738876659034,-0.6430242334440393,-0.6967385516394992,-0.5596870392867983,-0.6964996257647984,-0.6354385325147212,-0.6966539926007222,-0.5597447293277652
-0.5472060635135725,-0.6872772425108107,-0.6232203164092249,-0.6870684766755772,-0.5471087421905092,-0.6873928678621248,-0.6320952890515085,-0.6287466116524898,-0.6317939853281731,-0.6872580818491139,-0.6233770897001443,-0.6294836650289111,-0.6314342339499048,-0.6294714748673031,-0.6233159543947931,-0.6874091212317563,-0.6321714284192568,-0.6293787353103271,-0.6322361749787879,-0.6875436588752423,-0.5471227695768707,-0.6873259968505121,-0.6233847272133866,-0.6874366235115182,-0.5471534134679255
-0.5342688349171578,-0.6780370596253346,-0.6110944935100628,-0.6778258718645136,-0.5341637307025333,-0.6781447801629746,-0.6216984093926231,-0.6218712575812306,-0.6214280829624615,-0.6780360536136413,-0.6112458975443688,-0.6226396489568474,-0.6264160316989847,-0.6226448004359915,-0.6112151789474916,-0.6782100768060699,-0.6218394660532789,-0.6225535731933616,-0.6218642375689972,-0.6783454662405104,-0.5342275604586247,-0.6781634882090307,-0.6113123748290684,-0.6782420286824183,-0.5342360051085966
-0.521047193174593,-0.6688524945862583,-0.5990050175871775,-0.6686509195107615,-0.5209291755763936,-0.6689477753903491,-0.6117021410497457,-0.6155482948216924,-0.6114683813351771,-0.668857582249673,-0.5991158431595793,-0.6163462953965724,-0.6218037047345564,-0.6163584539156753,-0.5991296599480919,-0.6690407828123707,-0.6119015382882179,-0.6162551370123734,-0.611886320299172,-0.669177110123837,-0.5210344023390774,-0.6690458379366147,-0.5992555606418122,-0.6691033594995811,-0.5210275481080339
-0.5075812275190718,-0.6597569478920658,-0.5869771549030599,-0.6595712313594374,-0.507445339513326,-0.6598355304235086,-0.6020695707856725,-0.6097281962355916,-0.6018688411809965,-0.6597431509075116,-0.5870171417390903,-0.6105558046595279,-0.6175247787928919,-0.6105571939186191,-0.5870631659183033,-0.6599238076589798,-0.6023162696129111,-0.6104284372406588,-0.6022639240016684,-0.6600584279719425,-0.5075749611357688,-0.6599953184324131,-0.5872288981914895,-0.6600383988533249,-0.5075642471649675
-0.4939001978461581,-0.650763063939403,-0.5750031265619724,-0.6505906423042983,-0.4937423275106472,-0.650818573788369,-0.5927561671014692,-0.6043496151737808,-0.5925764263570233,-0.6507002276458895,-0.5749578294308701,-0.6052063056985845,-0.613499907327776,-0.6051774976217951,-0.5750016803742306,-0.6508714203947777,-0.5930430650310711,-0.6050268182123592,-0.5929507395631831,-0.6510003873487912,-0.49387433745962994,-0.6510224989831351,-0.5752276966804889,-0.6510519229737819,-0.4938735458795216
-0.48001408477253465,-0.6418579412306603,-0.5630487382946272,-0.6416965697253909,-0.47983230254083187,-0.6418886441477334,-0.5837173799241939,-0.5993522864758636,-0.5835494465588802,-0.6417292758400294,-0.5629222181565182,-0.6002357713377361,-0.6096420024439528,-0.6001584308131505,-0.5629257318299759,-0.6418885321304365,-0.5840456039660231,-0.6000069104480298,-0.5839025653405872,-0.6420105025660018,-0.4799505541215012,-0.6421300874637388,-0.5632362714317661,-0.642139022271458,-0.47996624498556195
-0.46591387556660685,-0.6330190074944515,-0.5510735891983987,-0.6328694669736092,-0.4657108389725676,-0.6330287956564736,-0.5749216834935938,-0.5946882036498733,-0.5747662171820423,-0.6328217837715029,-0.5508832372655311,-0.5955932868116004,-0.6058755983212741,-0.5954598135533362,-0.5508204662584413,-0.6329776950544018,-0.5752967510672551,-0.5953286807861604,-0.575092484103447,-0.6330916119131734,-0.46581316890845864,-0.6333144319529578,-0.5512359199700045,-0.6332868242895887,-0.4658356252661314
-0.45158016940163037,-0.6242331519585183,-0.539050024525492,-0.6240964346731523,-0.4513632539045387,-0.624224563848665,-0.5663577157333692,-0.5903310684376651,-0.5662208366247412,-0.6239661843379873,-0.5388167187889329,-0.5912413127137135,-0.6021514194994868,-0.5910621578273562,-0.5386817915496315,-0.6241406752666522,-0.5667840740302753,-0.5909617303791606,-0.5665174553570647,-0.6242427141877651,-0.45146223976876915,-0.6245710401572464,-0.5392123518468261,-0.6244863879703689,-0.4514688962519216
-0.4369990032708496,-0.6155057267331823,-0.5269785579579285,-0.6153787750929457,-0.43677718274673794,-0.615474704001526,-0.5580295519021085,-0.5862691394087408,-0.5579170929707729,-0.6151654037089802,-0.5267105994460268,-0.5871627953468475,-0.5984388004825811,-0.5869549357879884,-0.5265167940512354,-0.615379316668022,-0.558506341567463,-0.5868899691037405,-0.5581856129143975,-0.6154669742449415,-0.4368907164304839,-0.6158983877263907,-0.5271607264334977,-0.6157435743565844,-0.4368606442114107
-0.4221737315908293,-0.606858317042409,-0.5148840305009112,-0.6067321049310768,-0.42195361265832537,-0.6067929720079546,-0.5499434406440695,-0.5824901718913018,-0.5498552762475053,-0.6064443586417476,-0.5145710464662535,-0.5833505319472078,-0.5947124684071158,-0.583133976502265,-0.5143437941289121,-0.6066982469152449,-0.5504614248139078,-0.5831019762740745,-0.5500958042105611,-0.6067761991047089,-0.4220934200589476,-0.6073030489729287,-0.5150904495272665,-0.6070797341289065,-0.42202066274293404
-0.4071258976125787,-0.5983166610318603,-0.5027999168873185,-0.5981814107138982,-0.4069095949213615,-0.5981987462470838,-0.5420869278263655,-0.5789702084274996,-0.5420189619902864,-0.5978329050646155,-0.5024194061121101,-0.5797918487433916,-0.5909450874494344,-0.5795810036924207,-0.5021884384482626,-0.5981081961751706,-0.5426361945797643,-0.5795755609184989,-0.5422281963690375,-0.5981857924556158,-0.4070772150902321,-0.5988024756916813,-0.5030238777723819,-0.5985227281887276,-0.40697143847773437
-0.3918902269246743,-0.5899021208456589,-0.49075696380619976,-0.5897577401167122,-0.3916757763871397,-0.5897128373369053,-0.5344187154509095,-0.5756708443765909,-0.5343713370005577,-0.5893516121475199,-0.4902849366565032,-0.5764609839809647,-0.5870924680055027,-0.5762534676067043,-0.4900763357697618,-0.5896258656054522,-0.5349968529251519,-0.5762702575808977,-0.5345422812536516,-0.5897084956702621,-0.3918657432980881,-0.5904195872035374,-0.49098766364135327,-0.5900975799443771,-0.39174123905282654
-0.37650521098792317,-0.5816279204233776,-0.47877705622127487,-0.5814867736874251,-0.37628913658245894,-0.5813646023402399,-0.5268809522467159,-0.5725396170108853,-0.5268569704051556,-0.5810119385896382,-0.47819296039990505,-0.5733073072471621,-0.5830864431072859,-0.5730935597824849,-0.47802231083668845,-0.5812677502839039,-0.5274836628768413,-0.5731234794368464,-0.5269806986301053,-0.5813532528467265,-0.3764930633437894,-0.5821697835235934,-0.4789987062425104,-0.5818185904519269,-0.3763603417175556
-0.36100792311813823,-0.5735034423096711,-0.46686592345137845,-0.573376164437854,-0.3607864809799988,-0.5731792418985139,-0.5194092855562752,-0.5695107200966993,-0.5194059474111005,-0.5728155058121074,-0.46615567782054296,-0.5702566457423829,-0.578845171173153,-0.5700265159886279,-0.46602030586345927,-0.5730407321382174,-0.5200220240952301,-0.5700562907058705,-0.5194786690423354,-0.5731241303221664,-0.36099226117231503,-0.5740530863430107,-0.46705619801365433,-0.5736844071745908,-0.360859827403407
-0.3454287399735286,-0.5655306380925151,-0.45500585398920834,-0.5654133170128557,-0.34519833519153864,-0.5651513697634412,-0.5119332705146856,-0.5665111952589602,-0.5119424963868264,-0.5647517641477616,-0.45416690271347987,-0.5672326367907081,-0.5742880668776799,-0.5669722864888802,-0.45404421370550335,-0.5649386864574709,-0.5125427316415524,-0.5669967278007345,-0.5119677515293043,-0.5650207517830926,-0.3453874889600431,-0.5660593699157119,-0.4551420192609338,-0.5656814808195676,-0.3452689397348938
-0.3297862017840427,-0.557692284718572,-0.44315708154439093,-0.5575734910207529,-0.32954445912249286,-0.5572514453631284,-0.5043864538822764,-0.5634740624236412,-0.5044003256973361,-0.5568051182303031,-0.4422014955367805,-0.5641671442030902,-0.5693425422630854,-0.5638668058869698,-0.4420592313502258,-0.5569498869534586,-0.5049896267644,-0.5638917181738387,-0.504384172584133,-0.5570361489109037,-0.32969475891063754,-0.5581752151304714,-0.44322828203686854,-0.5577917887617586,-0.32960808849103207
-0.314082695361781,-0.5499507031068062,-0.43127216498120635,-0.5498268170862999,-0.31382941693305233,-0.5494515352633262,-0.49671855217748845,-0.5603452798478095,-0.49673431949782254,-0.5489600997345898,-0.4302235097383982,-0.5610071859134268,-0.5639469793250333,-0.5606634680071595,-0.4300362830804097,-0.5490636615498895,-0.4973216787932652,-0.5607018996498735,-0.4966797554962874,-0.5491562902951528,-0.31392502462973165,-0.550386422933083,-0.43128441967334846,-0.5499951785120275,-0.3138818546242712
-0.29830656533165806,-0.5422707717943696,-0.41931167716813067,-0.5421467170416646,-0.29804620822451083,-0.5417311293284921,-0.4889020235584701,-0.5570901236252799,-0.48892027107362374,-0.5411977747097584,-0.41819884542096264,-0.5577162166429309,-0.5580599008072855,-0.5573324191343755,-0.41795985948537523,-0.5412710767129906,-0.4895085413225212,-0.557396269543681,-0.4888263059657683,-0.5413667286758697,-0.298086525957575,-0.5426790591941159,-0.419285155155619,-0.5422699752355097,-0.2980813554398148
-0.28244210751892534,-0.5346383248258271,-0.40725612765987174,-0.5345156509145969,-0.28218368149616513,-0.5340679636774572,-0.48092188530170843,-0.5536930223883728,-0.4809471057153541,-0.5334978572612984,-0.4061048751976276,-0.5542703519846274,-0.5516637855913991,-0.553862363265356,-0.40582680656024706,-0.5335623772885718,-0.48152939074861173,-0.5539555429564289,-0.4808117194254131,-0.5336582589895603,-0.2821832551769063,-0.5350414263402838,-0.407217201908426,-0.5345992841109344,-0.28219581253691245
-0.26648419361363035,-0.5270546902143792,-0.395110501582667,-0.5269305739254432,-0.2662377797725622,-0.52645012128668,-0.4727663134644074,-0.5501479177915816,-0.4728052097212037,-0.525856253488779,-0.3939348879589692,-0.5506598925562931,-0.5447534715844925,-0.5502482595552084,-0.3936417361014127,-0.5259279354289493,-0.4733723580212702,-0.5503686403168752,-0.47262892040840626,-0.526025385574012,-0.26621613277041806,-0.5274644061407567,-0.3950797174089038,-0.5269816393679406,-0.26622694026616583
-0.2504460098864951,-0.5195278888830005,-0.3828994005087288,-0.5193974472421082,-0.2502196221687837,-0.5188850560309243,-0.46442155089870846,-0.5464420031264111,-0.46447503272726853,-0.5182870920607812,-0.3816972435886063,-0.5468794062514237,-0.537322033611255,-0.5464794533223888,-0.3814167586741704,-0.5183609787994248,-0.46502259792734896,-0.5466228398030153,-0.4642624971175216,-0.5184635353571536,-0.2501890704859521,-0.5199418985191091,-0.3828807007201863,-0.5194270083686819,-0.2501939196420898
-0.2343599563385027,-0.5120733102051456,-0.37065266644462336,-0.5119266291605907,-0.2341564148606331,-0.5113836640806033,-0.4558602363429056,-0.5425502712967152,-0.45592497742727695,-0.5108032019497485,-0.36941012084108943,-0.5429134156435031,-0.5293571772241635,-0.5425328013383995,-0.3691670600159913,-0.5108590338955287,-0.45645090848298375,-0.5426936237951885,-0.4556804661574434,-0.5109716303444327,-0.23411844347151328,-0.5124755608414923,-0.37063425866558347,-0.5119453206959171,-0.2341299748211379
-0.21826903176477516,-0.5046986886350256,-0.35839130776315514,-0.5045326618865388,-0.21808687902034582,-0.5039485411319629,-0.44703901421572895,-0.5384399202842691,-0.44711481277581916,-0.5034035863066504,-0.35709315216047505,-0.5387346524253964,-0.5208384947440033,-0.5383715820528039,-0.35690551630800826,-0.5034241775747068,-0.4476145332844256,-0.5385452016325614,-0.44683801609394497,-0.503549608565041,-0.21803608644867917,-0.5050743499062709,-0.3583601589974664,-0.5045457871162339,-0.21807334958142754
-0.20221943317718907,-0.49739379629875907,-0.3461250299464148,-0.4972260769641731,-0.2020536000718421,-0.4965854111027291,-0.43791045455554756,-0.5340767840407188,-0.437996729144106,-0.49608217655253317,-0.34476205647680574,-0.5343067123417667,-0.511735439385587,-0.5339516721553692,-0.34463775209266306,-0.4960575389544293,-0.43846396719506997,-0.5341341286132558,-0.4376863565644744,-0.49619205055121146,-0.201983476558359,-0.49774216135119187,-0.3460743201678872,-0.49723405868707726,-0.2020600196404144
-0.18625247996142372,-0.4901516984441399,-0.33385482874893896,-0.4900004798746531,-0.18609729926068774,-0.4893056040306356,-0.42842979100983175,-0.5294237974266918,-0.42852134360122657,-0.4888332311025214,-0.3324254616312483,-0.5295854579414192,-0.5020160115775713,-0.5292282489764022,-0.3323564111218884,-0.4887548338378331,-0.4289489146072765,-0.529415845208219,-0.42818044694986995,-0.48889317214255174,-0.186000550469448,-0.49047050675479265,-0.33377700782377434,-0.4899952871502453,-0.1861234073109894
-0.17040250356112865,-0.48297881974906764,-0.32157137761503835,-0.4828350255374632,-0.17025236849280648,-0.4821044870421919,-0.41855444990868257,-0.5244422982475365,-0.41864545544209214,-0.4816437519097855,-0.3200796134467352,-0.5245301484030566,-0.4916569683880924,-0.5241653828516295,-0.32004392963033607,-0.4815071380995886,-0.41903117017855557,-0.524358154655323,-0.4182799774782381,-0.481650805269565,-0.17011822561881207,-0.4832453921058557,-0.32145223459960465,-0.48279730866241666,-0.1702951007760902
-0.15469417906593397,-0.47586672443592126,-0.3092511779424843,-0.475709366940145,-0.15454540209739387,-0.4749558319599142,-0.40825422289627944,-0.5191071087606249,-0.4083396083653349,-0.47449627291315516,-0.3077088810556342,-0.5191180986061747,-0.48064779590443096,-0.5187430701610077,-0.30768144446259577,-0.4743055010085947,-0.40869007186577117,-0.5189488118538401,-0.40795376388476035,-0.47445976028262576,-0.15435913397787765,-0.4760562094650874,-0.30908357081516447,-0.47562583426302757,-0.15460265033264237
-0.13914202367913847,-0.4687769038194184,-0.29686790355975423,-0.46860591286911907,-0.13899462629352036,-0.46783322587096854,-0.39751666066975955,-0.5134115235212132,-0.39759417981093564,-0.4673775432329571,-0.2952960576177984,-0.5133423238915872,-0.46899438534326116,-0.5129549383168823,-0.2952591951369767,-0.46714218305935434,-0.397916989849665,-0.5131886538091073,-0.39719019559997343,-0.4673061295083165,-0.13874404958187747,-0.46889470423194585,-0.29666400278691896,-0.46848545084361454,-0.139064419825201
-0.12375223750062975,-0.4616748818020044,-0.2844094993388638,-0.4615066280279583,-0.12361132826407864,-0.4607233500465469,-0.38634521245773973,-0.5073614971517115,-0.3864163610476247,-0.4602753595210136,-0.2828319836713606,-0.5072056778573515,-0.4567215063565117,-0.5068090220103332,-0.2827810401457207,-0.4600102751889539,-0.3867134441068339,-0.5070868432858678,-0.38599560439925384,-0.46017570915778605,-0.12329578956316606,-0.4617544319238308,-0.28419382961977874,-0.46136831762952163,-0.12368891850457076
-0.10852949832077878,-0.45455932498473256,-0.27188392174644743,-0.4544001798906109,-0.10840468009718018,-0.45361546530704044,-0.3747547868774535,-0.5009742030943996,-0.3748206358793055,-0.45317443523838263,-0.27031908627618956,-0.5007196531978495,-0.4438682884424142,-0.500326693968851,-0.27026254333185257,-0.4529017650860159,-0.37509099725534284,-0.5006571233665666,-0.37438651352308167,-0.4530622370787276,-0.10803918928242001,-0.45462888301198556,-0.2716799096185344,-0.4542505789735744,-0.10848262011243379
-0.09348746071248827,-0.4474424771274171,-0.25931559487498657,-0.44728903123947567,-0.09338912696505433,-0.44649969489250124,-0.3627630363477998,-0.4942719691825644,-0.3628244994326794,-0.44606829523814684,-0.25777197291214704,-0.49390320338409394,-0.430480575431325,-0.49353170360742593,-0.2577270402202419,-0.4458081179669189,-0.3630648774422496,-0.4939145914247692,-0.36238329018074594,-0.4459617439876924,-0.09299831151787166,-0.4475114390964221,-0.25914101893445307,-0.4471247707030863,-0.09346232713630494
-0.07865656119916853,-0.440327929927365,-0.24674211265725393,-0.44017945780647433,-0.07859045787194992,-0.43937930544412124,-0.3503882657827957,-0.48727206996532785,-0.35044361355645226,-0.43896792508333954,-0.2452171199268723,-0.48678027778393806,-0.41660415578220766,-0.48644204799560636,-0.2452018541356276,-0.4387220751405941,-0.35065039475028487,-0.4868762100968491,-0.35000110475299007,-0.43886849919340615,-0.07819687132551134,-0.4403946819768265,-0.2466017933051599,-0.44000313103459976,-0.0786622446963117
-0.06408404458460311,-0.4332217825784777,-0.2342090206808971,-0.4330746404113381,-0.06404922475075392,-0.43226552681385116,-0.33764526544621365,-0.4799858443981339,-0.3376907799905509,-0.43188672551621754,-0.23268841066534757,-0.4793702424054991,-0.4022839833104561,-0.4790692626800808,-0.23271625794455186,-0.4316402056084867,-0.33786025275418397,-0.47955670367543823,-0.33724987055819106,-0.43177995185150064,-0.06366457953209442,-0.43327620774677794,-0.23408788295722777,-0.43289344937896923,-0.06413168704875666
-0.04982754670373334,-0.42613698407534983,-0.2217589611227117,-0.4259834702030444,-0.04981731391422432,-0.425160802098148,-0.324541795866908,-0.47242160300490993,-0.3245758924811388,-0.42482519529309365,-0.22022156435674614,-0.47168543570533733,-0.3875649322184869,-0.4714195115995075,-0.22030083870326458,-0.4245649387983579,-0.324703802880386,-0.47196267140345716,-0.32413847762139775,-0.4246995321155849,-0.049442713546007516,-0.4261676350869171,-0.22163353173389916,-0.42579738837537495,-0.04992520363734535
-0.03594597988461813,-0.41907565695921406,-0.20942451004359547,-0.41892236756981627,-0.03595220981645224,-0.41806672003687273,-0.31108615149088364,-0.46459062030070053,-0.3111079863159624,-0.41777949762715594,-0.2078517631299969,-0.4637368132118431,-0.37248841636272273,-0.4634983145610821,-0.20798527356689367,-0.41750329546446474,-0.31119158688487925,-0.46409755332209396,-0.3106751981230837,-0.4176299708269791,-0.035584425485197975,-0.4190853752552502,-0.20928333803112173,-0.41872744635766773,-0.03609424305457665
-0.022493916384014642,-0.4120318869513737,-0.1972315269068342,-0.4119005530817246,-0.0225098915011797,-0.41100042781242857,-0.2972947299300686,-0.45650704289575,-0.29730142085207556,-0.41075515400426654,-0.19561384779541835,-0.4555333461966932,-0.35709554223547274,-0.45531394132186764,-0.19579466963791858,-0.4104624671197181,-0.29733917572400137,-0.45596949205694054,-0.29687394292348274,-0.41057307142276656,-0.022146386832824678,-0.4120294746786704,-0.19707481423002693,-0.4116933163427885,-0.02268578804548059
-0.009519816586808548,-0.4050163637298559,-0.18520471193822577,-0.40491309997370245,-0.009540718640120906,-0.4039811493762804,-0.28319141485222415,-0.4481824647572277,-0.28317828875239015,-0.4037602838097947,-0.18353998030096502,-0.4470857599766787,-0.34143568583264916,-0.44687853288919344,-0.1837507501499223,-0.40344833391957835,-0.28317184110146987,-0.4475940678499174,-0.28275893273801445,-0.40353778999254,-0.009178444005203306,-0.404991146558386,-0.1850292049514712,-0.40468545414293533,-0.009744314949486401
0.0029346788978547034,-0.3980504806637958,-0.1733642271529988,-0.3979572340022953,0.0029123220269508076,-0.3970076377721268,-0.2688089996859164,-0.4396339052539322,-0.2687699213258376,-0.396798507662993,-0.1716576010856152,-0.4384171855105062,-0.3255680044515786,-0.43821616530203467,-0.17187633723881715,-0.3964681356041442,-0.26872857792257326,-0.4389992099298382,-0.2683636219116053,-0.3965384666328449,0.0032795887050431167,-0.3979783251325807,-0.17316609976344732,-0.3976977632480709,0.002686966775653228
0.014834666700697857,-0.391133242354712,-0.1617276390549508,-0.39104033767670604,0.014812249951686321,-0.3900689673833277,-0.2541933029062756,-0.4308940154324905,-0.25412485956503106,-0.3898734198228121,-0.15999277999596553,-0.42956200527628097,-0.3095629435439446,-0.42936412441136707,-0.16020163815612204,-0.3895321105587404,-0.25406028063452746,-0.43022382503651097,-0.25373447283644923,-0.38958259544576473,0.015194251859569808,-0.39101313117903963,-0.16151495022151702,-0.39074957979806313,0.014569841139005862
0.026152520097374392,-0.38424681671594213,-0.15032502649817178,-0.3841690737003475,0.02612681339378115,-0.383170290301399,-0.23940354729885327,-0.42200667480222476,-0.2393069102267535,-0.3829921268296765,-0.14857531089768816,-0.4205623296491774,-0.2935030261820634,-0.4203675571547239,-0.14876514894311596,-0.3826506464841936,-0.2392263928258646,-0.421313208664931,-0.23893276386563062,-0.382671746553381,0.026530474517623626,-0.3841083540080034,-0.15011024425736064,-0.38386228350412166,0.02587401709685174
0.036864946768084675,-0.3773933854923133,-0.13919869100326826,-0.37734432258128303,0.03682745880103124,-0.376325899316242,-0.22451228425335876,-0.41302167466849776,-0.22438784959836022,-0.37615770773475654,-0.13744252320911018,-0.41146607689305137,-0.2774785963250702,-0.4112787107042857,-0.13761233125822012,-0.3758306146137563,-0.2242961208506302,-0.4123178622881723,-0.22403313047041798,-0.3758122529918689,0.03724894264347744,-0.377264743122457,-0.1389860673555962,-0.37703091961979446,0.036576493844387256
0.04694719045070418,-0.37059851048416853,-0.1283919414206146,-0.3705731464226523,0.046886446009143726,-0.36954032911935175,-0.20959927759709418,-0.4039960243710952,-0.20944819015495098,-0.3693719215696384,-0.12663879074719514,-0.40232443212887126,-0.26158497447810936,-0.4021555898880145,-0.12679301750680919,-0.3690779105549726,-0.2093459991622296,-0.40329173563564935,-0.20911821525444402,-0.36901768082495173,0.047309733858048784,-0.37048567275481675,-0.12818759228533805,-0.3702446147447065,0.046652596413328154
0.05636693565416198,-0.36388242476651783,-0.11795349832710769,-0.36387291134020955,0.056273801452507065,-0.3628174599031743,-0.19474643348398948,-0.394987508875834,-0.19457392345546204,-0.3626503847037556,-0.11621386384497331,-0.3931950332557683,-0.24592141830017838,-0.39305565724776476,-0.11635905137492036,-0.36240067654823155,-0.19445720333506525,-0.39428866285506936,-0.19427025787088878,-0.36230070272341286,0.056677080915616844,-0.3637819124939539,-0.11777648323091988,-0.3635186092885203,0.056066926638873985
0.06508125685601726,-0.35725560038942694,-0.10794907776420087,-0.3572604242878922,0.06495414380573405,-0.356176353289656,-0.18003895316086066,-0.38604931742275755,-0.17984822288499372,-0.35602213494660995,-0.1062209991428911,-0.3841397354493462,-0.23058655930031416,-0.38403454108383955,-0.10636338413098968,-0.35581081867401293,-0.17971495077490626,-0.38536299266132445,-0.17957028842668601,-0.35567253227178747,0.06531969412576158,-0.35716460083623824,-0.10780776333733386,-0.3568823429398535,0.06477123599159906
0.07304008723204676,-0.35073860247465033,-0.09844993542107436,-0.35075063409570917,0.07288583731140924,-0.3496403881431408,-0.1655611268934086,-0.37723146154975373,-0.16535194418846869,-0.3495109607136258,-0.09671539219448354,-0.37521480518493777,-0.21567625345304559,-0.3751448230079743,-0.09686107481584247,-0.34932516596526864,-0.1652035089184104,-0.3765661936582786,-0.16510109741843956,-0.34915015644649483,0.07320539271805196,-0.3506508086335045,-0.09832284725861623,-0.35035688144254123,0.07271220556085298
0.08019326461786978,-0.34435908104002516,-0.08951203749547006,-0.34436991714573534,0.08002322555438043,-0.343226267819294,-0.15139227481093864,-0.3685837260645569,-0.15116725884468563,-0.34313193480415166,-0.08775358571792904,-0.3664728177527827,-0.2012836528707381,-0.3664343270592781,-0.0879092670768139,-0.34296702748770336,-0.1510043824583623,-0.36794428549930164,-0.15094407524852865,-0.34275695645374654,0.08029611777231094,-0.344271430806742,-0.08937563703903052,-0.34396542762294063,0.0798426728729409
0.08649871495751102,-0.33813660418081054,-0.08118081874643561,-0.3381565917254433,0.08632237226214731,-0.33696131251602235,-0.13761468709976687,-0.36015734187687254,-0.13737631562929187,-0.3369077311501208,-0.07939172545380539,-0.35796459276137566,-0.18749471755932476,-0.3579481199732207,-0.07956255704165491,-0.3367644709990078,-0.1371998410424362,-0.359541781377128,-0.13717959906895785,-0.3365174160832358,0.0865501158333419,-0.3380594603109401,-0.08103891288278409,-0.3377451754625961,0.08612738225176718
0.09192474469046864,-0.33209435118006364,-0.0735072819599208,-0.33214234395374787,0.09174611831700492,-0.33089163899416996,-0.12431321526894644,-0.3519995303004232,-0.12406209856813911,-0.3308743949856954,-0.07168508733988874,-0.3497351563802513,-0.1743909475426529,-0.3497319549615583,-0.07186935814231361,-0.33074689296429294,-0.12387439231103413,-0.35140447612822934,-0.12389056733555853,-0.3304591810878016,0.09193040385179348,-0.3320359161090728,-0.07337286664925588,-0.33172733859194886,0.09154133628143706
0.09645013782002484,-0.32627575674775755,-0.06654313697557906,-0.326349699086516,0.09626795566725065,-0.3250571691213425,-0.11157075890534585,-0.34415165108693113,-0.11130837416894283,-0.3250661637580493,-0.06468527167194307,-0.341829155560389,-0.1620539128012602,-0.34183247971230074,-0.06487265939520247,-0.32494390069278306,-0.11111403302290625,-0.3435796841787321,-0.11116070081140846,-0.3246169200155579,0.09641335903962406,-0.3262221250727482,-0.06641005221532134,-0.3259262860848418,0.0960653875916965
0.1000628009275689,-0.3207228313033701,-0.060325221840118584,-0.32080710525980927,0.09987372480082787,-0.31947554215549345,-0.0994730561147024,-0.3366617568938049,-0.0991993622183495,-0.31950753312235136,-0.058437992507452075,-0.33429639058062355,-0.1505633155820531,-0.33430071470150935,-0.05861369691652081,-0.31938651627026615,-0.09900893285958424,-0.33611849809188693,-0.09907557904540253,-0.3190256955138861,0.09999032735364427,-0.32065639394241624,-0.06018076659607213,-0.3203645269846073,0.09968467258750013
0.10276101414770888,-0.315450295719055,-0.05487985013515004,-0.3155478446427712,0.10256078972072877,-0.31416341093288663,-0.08810858293704384,-0.32958581534297765,-0.0878239034109878,-0.31422206747545417,-0.052980460929228215,-0.32718920961974896,-0.1399953516151424,-0.32719201804654113,-0.0531314696535109,-0.3141059604052126,-0.08765059152090827,-0.32907730892633535,-0.08772511377497083,-0.31371199232831637,0.102662412734348,-0.3153804867405296,-0.054727646953540265,-0.31508396443756914,0.1023929720924097
0.10455396106802405,-0.3104640343963013,-0.05023625731926772,-0.31059200986948204,0.10433660595520197,-0.30915285127305214,-0.07756704503421828,-0.32297535894021245,-0.0772752989877147,-0.30923532750292065,-0.04834161661911456,-0.3205610869273126,-0.13042383383830572,-0.3205612911909048,-0.04845904572520478,-0.30912937992538664,-0.07712792858233587,-0.3225139112190115,-0.07720035391109417,-0.30869753263986566,0.10443402955361626,-0.31041670328531795,-0.05008478866758698,-0.31011490690545007,0.10419774405031686
0.10546139978576749,-0.3057913804004362,-0.04642087366268047,-0.3059490678165148,0.10521791929197663,-0.30447316956171716,-0.06793923663466285,-0.316884030472973,-0.06764563746188783,-0.3045670121501472,-0.044543347363028035,-0.3144646595367018,-0.12191712140792332,-0.3144622869129162,-0.04462100997772584,-0.3044788149810168,-0.06752822258749275,-0.3164822537441336,-0.06759218821310692,-0.30400836205371573,0.10531188591718002,-0.3057759726458801,-0.04626771159572891,-0.3054606129494373,0.10512020261801985
0.10551088192982909,-0.30146805079999905,-0.04344486454991596,-0.3016370640827323,0.10523071872604171,-0.30013623887475416,-0.05931153183604849,-0.3113697607724186,-0.05902377643257301,-0.3002318064359388,-0.041600478311207494,-0.3089476121449139,-0.11453590466328825,-0.308946374462305,-0.041635376101727475,-0.3001747493278094,-0.058935238280212805,-0.3110314486068404,-0.058991502300474286,-0.2996717350479709,0.10531144948210437,-0.30147750221454667,-0.04329195673765544,-0.30112885773904546,0.1051887183106208
0.10473368529740137,-0.29751072188665567,-0.041311015004140327,-0.29768330730992504,0.1044093003501138,-0.2961538731695907,-0.051763111324050544,-0.3064802987866618,-0.05149050546925295,-0.29625302702530304,-0.03951939295464863,-0.3040544736196254,-0.10833321200430211,-0.3040614590139103,-0.03951308496360313,-0.29623727690446516,-0.05142508944449227,-0.3062069389526409,-0.05147958789921147,-0.2957089691154219,0.10446186229909028,-0.2975459500431411,-0.04117801940840681,-0.29715278317061905,0.10443226129598131
0.10316306631723984,-0.2939275783496816,-0.04002718252259079,-0.2941079370426611,0.10279504263620676,-0.29255200681094073,-0.0453634970167379,-0.3022512024597325,-0.045110394964988074,-0.29266210538805176,-0.038297234740097205,-0.29982481297652236,-0.10335152946908656,-0.2998481742773207,-0.038257206324012444,-0.29268592344355787,-0.04506519718913061,-0.30204704238841024,-0.045120897347704976,-0.292136717984137,0.1028070675313969,-0.2939984059108633,-0.03992847363856875,-0.29356767196999023,0.1028796952916675
0.10083758790397221,-0.2907430674413995,-0.039598256010317606,-0.2909261542913651,0.10043496471004164,-0.28935577789923805,-0.040164432113189805,-0.298711546365796,-0.03993294737207815,-0.2894846130809203,-0.037923481495804684,-0.29629211848612425,-0.09961863420014984,-0.29633571069118614,-0.037862485634841195,-0.2895400789716383,-0.039909703916825474,-0.2985791133357764,-0.0399654170198412,-0.28897391278194223,0.10040118425532414,-0.29085144129594015,-0.03952404252382688,-0.2903905910586581,0.10056628653019276
0.09780680079879837,-0.28798896856994055,-0.04000928276207554,-0.2881659351426777,0.09738218378548354,-0.28658025149187416,-0.03620034057704989,-0.2958802137520675,-0.03599486876618377,-0.2867386961141109,-0.03838178524278622,-0.2934824895478518,-0.09714683578481176,-0.29354292009567207,-0.03831486645232462,-0.28682084103972844,-0.035992939359443664,-0.29582087710355376,-0.03604606290469363,-0.2862421978313014,0.09730301550456004,-0.2881324944271937,-0.03994811401589945,-0.28763873587620264,0.0975430052280815
0.09413550233988482,-0.2856840655233813,-0.041230304259500736,-0.28586349022595947,0.09369840986011858,-0.2842463072148066,-0.03349129409138059,-0.29376835278482777,-0.03331627170917991,-0.28444676272440406,-0.039648502414302414,-0.29140895934156147,-0.09593198206917805,-0.2914792457575781,-0.03958929822639221,-0.2845500640178533,-0.03333147614421987,-0.29378163930742635,-0.03337868637275959,-0.2839610417311441,0.09357564757654255,-0.2858688126051174,-0.04119002755080829,-0.2853431063932996,0.09388013194005058
0.08990434020520213,-0.283842205457435,-0.04322823815404382,-0.28404245719453386,0.08945670168316071,-0.28238723810516136,-0.03203807730247531,-0.292380495856961,-0.031897516488965966,-0.2826337610881582,-0.04168880927396834,-0.2900702497190286,-0.09595348228724981,-0.29014230169552097,-0.041646019171359,-0.28274697376725977,-0.03192809227042668,-0.29246068949634907,-0.03196582141635507,-0.2821472778413021,0.08929263921892787,-0.28407352747688064,-0.04321510572528446,-0.28352717023779217,0.08966306064215071
0.08520613130953403,-0.2824863321721093,-0.045956625503302054,-0.28271116307341054,0.08474384731568502,-0.2810260040710997,-0.031823107875383894,-0.29171016300529434,-0.03172038358596652,-0.2813137886006377,-0.044453826030046814,-0.2894582652618468,-0.09717515147425262,-0.2895237108667846,-0.04442812000092419,-0.2814253209857308,-0.03176734597455886,-0.29184843858962256,-0.031789037316493754,-0.28081742549407673,0.08454354722048066,-0.28275424966606083,-0.04595457768838233,-0.2821928812153424,0.08498606332631783
0.08014252194695176,-0.2816333212860301,-0.049342585541151285,-0.2818748115151416,0.0796598787236616,-0.2801616756999497,-0.03281251404058928,-0.29174110754538035,-0.03274816242947815,-0.28048607730315794,-0.04787981467611902,-0.2895584504246586,-0.09954547302840115,-0.28961204923483475,-0.04786445489335319,-0.2805923779896472,-0.032814507710772135,-0.2919295441445102,-0.032809250015777607,-0.27998092486869175,0.07943414604669323,-0.28192465855293813,-0.049331716293114364,-0.2813402811140434,0.07994728383169818
0.07482128533101362,-0.2812739320083891,-0.05329351486428972,-0.2815329995397325,0.07431440367225836,-0.27978621352772237,-0.03495298292417196,-0.29244857758286397,-0.03492659776677939,-0.2801475528929551,-0.05188738727589241,-0.2903469847876415,-0.10299713723986134,-0.2903845859891868,-0.05187122636800303,-0.28024978581863735,-0.035018925642581085,-0.29268331477324755,-0.03497512463350888,-0.2796351585427285,0.07407993518652627,-0.28159199383294375,-0.05327273522880694,-0.28097949965117425,0.0746510053482694
0.06935815122747768,-0.28138939296328985,-0.057713302214686894,-0.28167119743650787,0.06882466401652541,-0.2798981360323698,-0.0381746227283966,-0.29379909201971627,-0.03818712345155037,-0.28029571418403476,-0.05637908581546313,-0.2917908529036338,-0.10744786127099065,-0.29180648157613537,-0.05635094220011823,-0.28039311863198857,-0.03831244678800834,-0.2940805869644881,-0.03822234850493825,-0.27976968798264334,0.06859885325892544,-0.2817425329760094,-0.05768614895321919,-0.28110803104416615,0.06921161316230276
0.06387681188122907,-0.2819697347579905,-0.06249504155373865,-0.28226596951433114,0.06331321661475256,-0.28048765776803497,-0.042396305708695424,-0.29575730768798003,-0.04244980491326764,-0.280914736714882,-0.06124200714850319,-0.29384808978512444,-0.112800835803692,-0.2938371674288602,-0.06119265048375816,-0.28100888014035336,-0.0426081994338189,-0.2960828192715789,-0.042469178250594375,-0.2803726627380001,0.0631077958528836,-0.2823528164817281,-0.0624546335335331,-0.2816981666439178,0.06375492794247083
0.05850616196433281,-0.282999076167601,-0.06751109959718081,-0.28329914563999203,0.05790719266789194,-0.28152493743667295,-0.047522811242374695,-0.29828103538390993,-0.04762154855265531,-0.2819722469865308,-0.0663523162967278,-0.2964660602957544,-0.11894737628334534,-0.29642877782358035,-0.06627617347805549,-0.28207348961227546,-0.04780754773437949,-0.2986424765130372,-0.04762278618075875,-0.2814269084639066,0.057725155012362604,-0.2834056718012919,-0.06745746753165609,-0.28271960437864757,0.05841342856624791
0.053376485690952435,-0.2844402369061691,-0.07262392390618395,-0.28475047400292136,0.05273770534343877,-0.28297415522106256,-0.05344663496269835,-0.30131279087551893,-0.05359344676557707,-0.28343510913993375,-0.07157941214980898,-0.29958337309013244,-0.12577115917099393,-0.2995256839517853,-0.07147618811181576,-0.2835556362999173,-0.053801694130850286,-0.30170332295879515,-0.05357735574661238,-0.2829033388624192,0.052575318111416317,-0.2848814691166155,-0.07257947505832417,-0.28415395570293245,0.053318023083272464
0.04861501881778117,-0.2862504953976978,-0.07770539303170862,-0.28658326963294334,0.04793732598571818,-0.28480553402584985,-0.060049447024420465,-0.30478847677916393,-0.06024180215317402,-0.2852773843133233,-0.07678858947611594,-0.30313368497216536,-0.133147786316763,-0.30306651650647837,-0.07666356121604617,-0.2854200996133542,-0.06046727520697267,-0.30520211023024213,-0.060209196574706886,-0.2847638392094038,0.047789284591865294,-0.2867432978574699,-0.07769198743993695,-0.2859751048487908,0.04859268467590721
0.0443437100636456,-0.288400650038361,-0.08263480425174274,-0.2887521316961096,0.04363602565922951,-0.28698492806963005,-0.06719644208964454,-0.308639629209226,-0.0674295917137373,-0.2874688461245786,-0.08184417706620326,-0.30704979394278387,-0.14094397798193586,-0.306981305919357,-0.08170652844233467,-0.2876293869891477,-0.06766691749815265,-0.30906954891154514,-0.06738049137412486,-0.286969060728357,0.043498755427049694,-0.28894368637602513,-0.0826491395054264,-0.288135863536438,0.04435453215386352
0.040679157345694696,-0.29086161397726656,-0.08728377185135924,-0.2912200182250071,0.039956156583114945,-0.2894659796311597,-0.07473734091281632,-0.3127850390776932,-0.07500747041342061,-0.28996876104176145,-0.08661347464183562,-0.31125908371115596,-0.14901692184999132,-0.3111916961384873,-0.08647385973441674,-0.29014239573862804,-0.07524940706496275,-0.31322770152623325,-0.07493997504560931,-0.28947908016872115,0.039827435997826066,-0.29144071397465615,-0.08731337203119435,-0.29058871884558235,0.040718141707762265
0.03773232043686687,-0.29358524016239607,-0.09152057575190323,-0.2939536415024441,0.03700735020639873,-0.29220217419273503,-0.08251073718525871,-0.31713632966094285,-0.0828141059366766,-0.2927324438279296,-0.09096912307826388,-0.3156765231983693,-0.15721458852017348,-0.3156103762926028,-0.0908394896380968,-0.2929139817752748,-0.08304942137006434,-0.31758844806471714,-0.08272381236519212,-0.29224806461445907,0.036884966809358745,-0.29419545578855466,-0.09156861008677768,-0.2932994900495957,0.03779541911322841
0.03560501838668979,-0.29651557467668355,-0.09522653850228077,-0.2969083209286394,0.03488453380190607,-0.2951539536955866,-0.09034497820676976,-0.32160454789362786,-0.09067741805006575,-0.2957146865403872,-0.09479122114672886,-0.320209343492726,-0.1653788283578071,-0.3201395200707296,-0.09468385909935291,-0.2958966254513616,-0.09089825934001368,-0.32205636442526664,-0.0905611623186605,-0.29522585706928567,0.03476477694984465,-0.29716037871936757,-0.095301139330607,-0.2962294248630354,0.03569044304622105
0.034382906726713035,-0.2996078619515587,-0.09829779520016066,-0.3000290025189104,0.03366649896011385,-0.2982761076132901,-0.09806460645985704,-0.32609386859946005,-0.09841907542962132,-0.29886376476722837,-0.09796964809731395,-0.32475908781487794,-0.17335002670970232,-0.3246780136757539,-0.09789400316684503,-0.29904189573241213,-0.09862555532525635,-0.32653162362535165,-0.09827671831965336,-0.29836191931063893,0.033546087853837205,-0.3002823237615923,-0.0983900023282831,-0.29932165144927414,0.034489439022362026
0.034128871495101035,-0.3028208591728505,-0.10063584489969626,-0.30326312781619025,0.03341359771842078,-0.3015114597554945,-0.10549267783592763,-0.3305009875390935,-0.10585933492474871,-0.302121744463209,-0.1004055626473725,-0.32922040394528673,-0.18096858130948837,-0.3291259470909995,-0.10036541423463823,-0.30229849948503634,-0.10605101680122048,-0.33091137375921514,-0.1056910080607179,-0.3016046836377321,0.033294121205449806,-0.3035117862117719,-0.10072876786573845,-0.3025206192243009,0.034253634131874364
0.03487932992127333,-0.30610058831762205,-0.10215246018586711,-0.30656193140149873,0.034164687345876146,-0.30480331475103684,-0.11245151352525781,-0.3347220287261613,-0.11282081815304393,-0.3054355718041007,-0.10201330637377058,-0.33348782503399077,-0.18807364312414845,-0.33338013247047893,-0.10200596320004092,-0.3056106425222648,-0.11299772457430145,-0.3350933490781376,-0.11262850008655906,-0.30489910669352044,0.03405522767752767,-0.306798816295982,-0.10224104820906757,-0.3057851046789589,0.03501655085804148
0.03664513642008193,-0.309387334399642,-0.10278069376178428,-0.30987105413921,0.03593475005884053,-0.30810325982479125,-0.11877418136526333,-0.3386575980887093,-0.11913760992560367,-0.30875764580882364,-0.1027212017274391,-0.33746405614439,-0.1945077832936048,-0.33733975850678255,-0.10274090563359255,-0.3089213967275029,-0.11930349422293432,-0.33898023539780714,-0.1189248602666811,-0.3081889147438364,0.03584952965436079,-0.3100867526272755,-0.1028640984525817,-0.30907059011512533,0.03678815488970567
0.039415137580131286,-0.3126293941082519,-0.10246996734443742,-0.31313228332119636,0.038714500876920535,-0.31136049239791785,-0.12431146097588375,-0.342215003180238,-0.12466220231506216,-0.3120331548957016,-0.10247381071717249,-0.3410528133189348,-0.20012431124246058,-0.340911300975789,-0.10251641806659342,-0.31217592892465795,-0.12481771304435994,-0.3424800359796414,-0.12443102510059519,-0.31142036724440936,0.03866677213452054,-0.3133176248139074,-0.1025377019215029,-0.3123142592184377,0.03955998359928246
0.04315765033376602,-0.3157742569612175,-0.10117646836784032,-0.3162907899925283,0.0424714800105739,-0.3145132908997146,-0.12893100003241334,-0.34530617408436537,-0.12926535865304523,-0.3151967801282207,-0.10123612515250979,-0.34415901351955674,-0.20479398410333416,-0.3440037843358594,-0.10129822680488593,-0.3153206217206528,-0.12940844332817858,-0.34550622281886034,-0.12901784917008557,-0.3145402334625458,0.042468053016875,-0.31644070615771575,-0.10122265545188955,-0.31544976843340955,0.043306518311684174
0.04782171302213316,-0.31875756137856653,-0.09887406165356338,-0.31929319229195535,0.04715237192313606,-0.3175007940142023,-0.13252308911984437,-0.3478505752116114,-0.13283888583027997,-0.31818445909941445,-0.09899615386848475,-0.34670004534458193,-0.20840874925131703,-0.3465342166055463,-0.09907186224206188,-0.3182998229731749,-0.132968061374742,-0.34798324723047347,-0.13257900697278244,-0.3174912407928922,0.047191888319056914,-0.319405680048641,-0.09891350911659315,-0.3184209866040815,0.04798084323454538
0.053335403995227695,-0.32151427953993966,-0.09557105519601955,-0.32207966620448353,0.052684892664150204,-0.3202708566089837,-0.13500704240359201,-0.34978558540534244,-0.13529967216905187,-0.3209425644448347,-0.09576250043074042,-0.3486089922069346,-0.21088436827183873,-0.3484380587121907,-0.09584458039084502,-0.32105621679961244,-0.1354101471717526,-0.34984918168597484,-0.1350319371687828,-0.3202149320266559,0.05276016405116865,-0.32215340784939,-0.09562305267691484,-0.3211715428787271,0.053510787753433695
0.0596042556477696,-0.32399395009032156,-0.0913053669646262,-0.32458282562226787,0.05897771973202812,-0.3227688534558254,-0.13632824571699867,-0.35106158306141627,-0.1365900936026126,-0.32342015867925394,-0.09156516555947286,-0.3498339090470037,-0.21216595681075043,-0.34966514470329696,-0.09164823144331827,-0.32353338372934687,-0.13667825696813002,-0.3510535129897929,-0.13632056395814604,-0.3226572042005563,0.05907850339699575,-0.3246199956278839,-0.09137254008545277,-0.32363624018555964,0.059797788123815754
0.06651325061053855,-0.3261532125559855,-0.08613156825918569,-0.32674417511827303,0.06591914447471645,-0.3249330858193067,-0.13645521596163784,-0.35163709914422714,-0.1366782637239124,-0.3255630724030129,-0.0864579506011596,-0.35034139388539637,-0.21222836930279337,-0.3501809416216712,-0.08654083975782452,-0.325679767605908,-0.1367458021023059,-0.3515622401926141,-0.136412964532618,-0.3247688685368571,0.06603340142694117,-0.32675104649188236,-0.08621052161051371,-0.32575944665935086,0.06672109036818447
0.07392952186655795,-0.3279403809641456,-0.08012569345116115,-0.3285232575172371,0.07337578776578273,-0.3267090789697806,-0.13538192427697956,-0.35149093306837725,-0.13555989649674438,-0.32732193337836435,-0.0805205822060012,-0.35011703852328036,-0.211075198324444,-0.34997288786445835,-0.08060559323475902,-0.32745028309323587,-0.1356048974804657,-0.3513602914776175,-0.1353027656007549,-0.3265039209957435,0.07348936923496306,-0.3285053087173222,-0.08022658829493302,-0.3275074793558061,0.07414444062811339
0.08170345510748857,-0.32930453579599056,-0.0733985370048243,-0.3298877419665251,0.08119320111021724,-0.32806033739002677,-0.13312801450977294,-0.3506252252983476,-0.13325801169660778,-0.32865818575069766,-0.07385828259584232,-0.34916390007044434,-0.20873985532424807,-0.34904337917479084,-0.07395082583667666,-0.328805012743943,-0.1332758194021906,-0.35044622939596176,-0.1330129956926438,-0.3278200863622077,0.08128893791440328,-0.3298459262803979,-0.0735368250080335,-0.32885098632389886,0.08191798659261045
0.08966980220755466,-0.330215623983575,-0.06609087177482628,-0.33080586354594765,0.08919865423627119,-0.32895930551930525,-0.1297385187201315,-0.349057638800266,-0.1298204927410237,-0.32954030702938863,-0.06659904826234003,-0.34750317067766817,-0.2052835266730613,-0.34740596758002346,-0.06670778191471964,-0.3297104592116758,-0.1298113741899483,-0.34883448244648135,-0.12959095313669286,-0.32868341516803196,0.08925900976634726,-0.33073976010090156,-0.06626768441888893,-0.32975308087104704,0.0898779569133861
0.09764824448033767,-0.3306611018846352,-0.058358596719624775,-0.3312541673716742,0.09720730637345562,-0.32937825529635767,-0.12528248327083472,-0.34682163276897127,-0.12531877943967795,-0.32994243960624375,-0.05889245249614909,-0.3451680157539498,-0.20079372275546645,-0.34509230315420836,-0.05902699098359637,-0.3301405579310724,-0.12528385010226717,-0.3465583306720797,-0.1251060533501497,-0.32906916160670147,0.09721765902638786,-0.331162449174965,-0.05856474470838913,-0.33018527553385746,0.0978443193077594
0.10544571202627082,-0.33062879531496225,-0.050368688042211354,-0.3312236459322404,0.10502731009293255,-0.32929897889361714,-0.11985293593473964,-0.34396714361246533,-0.11984603388675719,-0.3298522709271538,-0.05090624208843598,-0.34220543520633345,-0.195383684179646,-0.3421535338052171,-0.05107330967927967,-0.33007721514428995,-0.11978431158300609,-0.3436655499757984,-0.11965125935652875,-0.3289617448876108,0.1049807022865509,-0.3310992253065152,-0.050600692019620315,-0.33014286875955684,0.1056233956559238
0.11286406615560306,-0.3301079855961736,-0.04230086420628613,-0.33071211614023355,0.11246520165899304,-0.3287221767455752,-0.113567744899462,-0.3405562865760567,-0.11351776795414817,-0.32927190636310477,-0.04281972021406671,-0.33868438256872807,-0.18918917300077878,-0.33865567358454457,-0.04302129991679607,-0.32951086560850495,-0.11343207857537518,-0.3402160328203066,-0.11334182977994019,-0.32835435608123326,0.11236477331597212,-0.3305409290247423,-0.04255671216129817,-0.3296303858429868,0.11301639234518829
0.11971007065399886,-0.32910231463454276,-0.034337667672976746,-0.3297169440952642,0.11933271397814553,-0.3276562230996332,-0.1065656875324849,-0.33666182608636325,-0.10647248951078758,-0.3282057061036257,-0.03481588957186165,-0.3346875817746349,-0.18236406150819806,-0.3346770874617231,-0.03504915731660923,-0.3284411804922327,-0.10636987080613296,-0.3362855592108552,-0.10631467498823978,-0.32724937942235127,0.11918833936134088,-0.3294869582069661,-0.03460284930626411,-0.32864094700860785,0.11983214928115535
0.12580575377462644,-0.32762370552310843,-0.02664849208235915,-0.3282420389926696,0.12545315545843208,-0.3261059451688299,-0.09900123416703632,-0.33236891867157364,-0.09886900942476622,-0.32665379350755896,-0.027074740957308142,-0.3303037847440725,-0.17507897714112625,-0.330305997546304,-0.027332769094008454,-0.3268780264185609,-0.09875702277127459,-0.33196429981908526,-0.0987295423655013,-0.325656141642429,0.12527631139708204,-0.32795008795746033,-0.02690566747467491,-0.32716636449550307,0.12589842482115454
0.13099670536059177,-0.3256780091391941,-0.019388388683211126,-0.32630204161787774,0.13066873615619087,-0.324080896579297,-0.0910474389055203,-0.3277768762848787,-0.09088354586953924,-0.32462266626674136,-0.01976832091391201,-0.3256305130557883,-0.16752125602527024,-0.32564119587355067,-0.020040931889650934,-0.3248388945756653,-0.09076759004561165,-0.3273528249303701,-0.09076413308261465,-0.3235883298788198,0.13046861548168576,-0.32595027246614333,-0.01963865112028162,-0.3252180213754758,0.13106704534378896
0.13515707970489926,-0.323272848588658,-0.012708277839550149,-0.32391552767168136,0.1348480562921047,-0.3216077146201257,-0.08289650844811429,-0.32299936517734246,-0.08270631292814057,-0.3221357933279488,-0.01305522286525774,-0.3207766502914915,-0.159891910726097,-0.3207945209645116,-0.013329489874024863,-0.32234603574666126,-0.08258588912999534,-0.32256335463256386,-0.08260661108399021,-0.32106744675017257,0.13462990934986824,-0.3235054013266483,-0.01296508526999568,-0.3228223046637417,0.13521532884775905
0.13818986593215454,-0.3204383632608207,-0.006751099140383199,-0.3211010813983369,0.1378914276306795,-0.31872160618641215,-0.07474934623890203,-0.31815650250940597,-0.07453710963875397,-0.3192275618730993,-0.007076440897138574,-0.3158617184344071,-0.15240011625517044,-0.31588608952751923,-0.007338508692912424,-0.3194282995122394,-0.07441227574758233,-0.31771817885758286,-0.074457486293538,-0.31812623091273434,0.13765738871027647,-0.32063613855565354,-0.007017940593130097,-0.3200036871753214,0.13824497238139835
0.14002880870192663,-0.3172229616018155,-0.0016362660965185266,-0.3178910004045324,0.1397326096267388,-0.3154546141380044,-0.06680783298510383,-0.313369726386982,-0.06657898269884727,-0.3159347832202636,-0.00195271290941947,-0.3110128767436407,-0.1452548348038765,-0.3110435667468621,-0.002189717022536821,-0.3161258989092799,-0.06646005708451248,-0.312943936205876,-0.06652339068351143,-0.3148079643492205,0.1394837879356009,-0.317380024759315,-0.001906974633687164,-0.3167913244846085,0.14008424967516214
0.1406395474015013,-0.3136716751907705,0.002543489264898223,-0.31433779695464187,0.14033917665165743,-0.3118431191352861,-0.059273982203323215,-0.30876577044790127,-0.05903425908018567,-0.3123012724265865,0.0022164370867960546,-0.3063568767534469,-0.1386590719648375,-0.306401030019034,0.002014340555308859,-0.31249025891829263,-0.05893101330443508,-0.3083691418001809,-0.05900501407669928,-0.3111636675983369,0.14007551939710997,-0.3137927209851128,0.0022646881243451314,-0.31323674828935016,0.1406934619549054
0.14002175275215667,-0.3098270373720264,0.005711719651641964,-0.31050381456600684,0.13971053080421983,-0.3079445939077433,-0.052342755979863036,-0.30447141261176913,-0.05209999324964704,-0.30838734721572897,0.005353297813086799,-0.3020196711144275,-0.1328035260920614,-0.3020857636854331,0.005190831158256554,-0.3085811769923513,-0.052010683089703295,-0.3041188606336493,-0.052095459410967215,-0.3072523710648668,0.13943018786015973,-0.3099358079591218,0.005408940569096855,-0.309408015294316,0.14006904565252054
0.13820859125399307,-0.30575498864068085,0.0078086509277236985,-0.30645144421700027,0.1378773401855059,-0.30383608776522086,-0.04619330351786102,-0.3006029246924603,-0.04595880121737749,-0.3042680297928104,0.007405305529751179,-0.2981238709912323,-0.12785786011036648,-0.29821059940819333,0.007280252553071245,-0.3044677826026714,-0.04587873438364849,-0.3003064445443085,-0.04597680418412111,-0.303144760974861,0.13757608133060598,-0.30587244416335024,0.007473021119730432,-0.30537110727486305,0.13824438781318557
0.13526509880059542,-0.3015498310520326,0.008803756380892709,-0.3022535818488865,0.1349019939534673,-0.299598853396975,-0.04098507628429795,-0.2972649417539856,-0.04077010717192554,-0.30002479372818047,0.008347243191473416,-0.29477408968165164,-0.12396363210023302,-0.2948779273243606,0.008251971721726144,-0.3002304840145605,-0.04069516049721968,-0.29703239197684234,-0.04080841587951562,-0.298923355238602,0.13457339169256402,-0.3016763892998994,0.00843808390535275,-0.30119438286325534,0.1352862170766768
0.13128556678035797,-0.29730825606312733,0.008701525277642348,-0.29800597601227813,0.13087898394387426,-0.2953176307741723,-0.03685179613277699,-0.2945478202898048,-0.03666449597796103,-0.2957465880005299,0.00818308951718825,-0.29205352982809024,-0.12122977969120388,-0.29217428955960106,0.008107586125206947,-0.295961142234377,-0.036588404768445874,-0.29438110661757094,-0.036720286759189105,-0.29467800250145326,0.1305183411046899,-0.29743881215571616,0.00830451465108134,-0.29697000746156776,0.13128920009430695
0.12639026968988457,-0.2931187715548849,0.007532492225610041,-0.29381777114069635,0.12593503174444054,-0.2910906263444863,-0.033894792818367034,-0.2925172275514347,-0.03374102773647075,-0.29153582750952545,0.0069464258882257855,-0.2900304967597021,-0.11972729480576036,-0.290166342660363,0.006881405775183141,-0.2917564498725988,-0.03366198964558722,-0.2924146419649709,-0.033809479487784275,-0.2905039928912167,0.12554176124312671,-0.29325869164786555,0.0070965584836016355,-0.2928106304227285,0.12637324229524355
0.12072613941962275,-0.28907970348129874,0.005352550713447994,-0.2897931547879381,0.12022608904738225,-0.287027952810553,-0.032180363305505354,-0.2912151578557088,-0.0320643588412125,-0.2875022589356577,0.004702226604179662,-0.28875449329751496,-0.1194855613102439,-0.28890142361901594,0.00463954171452022,-0.28771561732270545,-0.03198583495018312,-0.2911734878787128,-0.032136847145591015,-0.28650144574240516,0.11980559471514007,-0.2892372067426207,0.004881997773642469,-0.28882292109490415,0.12068544382691623
0.11446786285045976,-0.2853070103290168,0.002255908169401798,-0.28603064177703824,0.11393402359353888,-0.2832373024066313,-0.0317343312273727,-0.2906632268852121,-0.03165901880194677,-0.28375042216260626,0.0015481462236713475,-0.28824857531507475,-0.12048934370736485,-0.28839949741891463,0.001480868201015191,-0.28394231833507,-0.031583589475767455,-0.29067703926314237,-0.03172728699162451,-0.2827732708188362,0.11349672035868799,-0.285480090374619,0.0017712707750743564,-0.2850993799237684,0.11440291066979472
0.107818336108255,-0.2819119239138925,-0.001621322167426914,-0.28263486569622903,0.10726291187755395,-0.27981846133925603,-0.03253905728917926,-0.29085822046527704,-0.03250807727077711,-0.2803772716711079,-0.0023872360580156266,-0.28850849493879427,-0.12267833277102978,-0.2886504376842998,-0.002464782357539692,-0.28054184760824785,-0.032436895864403494,-0.29092019707635647,-0.03256805395789481,-0.27941965250171485,0.1068211174407369,-0.2820959644142202,-0.0021046313668496575,-0.2817373975280853,0.10773288470076955
0.10100517945520708,-0.27898451507853106,-0.006115340556548454,-0.2797132599134012,0.10043609205671306,-0.27687044734509764,-0.0345369076767166,-0.2917737043474476,-0.03455323277136559,-0.2774781531715548,-0.006946222106228349,-0.2895028329336107,-0.12595079083289282,-0.2896251586501885,-0.0070374711138937425,-0.27761282667816456,-0.03448552063239168,-0.29187745115293007,-0.03460015110612807,-0.2765349346830709,0.10000100499697641,-0.2791849744637366,-0.0065982321382593,-0.2788444165102156,0.10090836854596794
0.09427306620377247,-0.2766062899108293,-0.011045779940118678,-0.277356387119172,0.09369237725388656,-0.2744883383034114,-0.03763042846130587,-0.29336148411240315,-0.037692505151804404,-0.27514287627610606,-0.011945306527039175,-0.29117437297351983,-0.13016750532515606,-0.2912735047732935,-0.0120507727029531,-0.2752394661952694,-0.037628758993142254,-0.2935003805604152,-0.0377200171680742,-0.2742045863445631,0.09327310543293035,-0.27683037886406164,-0.01152810960486877,-0.27651315320973535,0.09417732662381213
0.08787360940865731,-0.27485783049182533,-0.016208024334584493,-0.27562848270037354,0.08728028711213583,-0.2727481412135998,-0.04167930204697235,-0.29554978461064507,-0.041782554730206214,-0.27344243625902415,-0.01717845011788947,-0.2934475234361016,-0.13514917323815237,-0.2935194646089483,-0.017294899931972415,-0.27349363422433376,-0.0417297708188988,-0.29571263353196103,-0.041788578436529535,-0.27250087301064446,0.08688499017446652,-0.27510097857343613,-0.016675026348339835,-0.27480330286627486,0.08779080754570455
0.08205451356768342,-0.2737998868833192,-0.02137201820233658,-0.27457479390784734,0.08144942750446103,-0.2716972728056221,-0.04650766052311841,-0.29824421067500934,-0.0466453972240023,-0.2724223048041265,-0.02242229748234098,-0.2962274528340427,-0.14068272933316742,-0.29627153048062443,-0.02254273731331197,-0.27243531763033957,-0.046611359719426496,-0.29841878214444995,-0.04663163841731715,-0.27147650931740785,0.08108613984822843,-0.27405223832886255,-0.02180843071632514,-0.27375531565855465,0.08199298782704824
0.07705070685801034,-0.2734547550975604,-0.02629939977150118,-0.27422743237617814,0.07643931246621646,-0.2713617345762977,-0.05190958777116398,-0.301333063633154,-0.05207194707023678,-0.272108227230462,-0.027443923674309735,-0.29940031814578183,-0.1465353302085731,-0.2994237867980645,-0.02755977442666835,-0.27210121043916635,-0.052056957242058055,-0.30151267309034296,-0.05203919446154828,-0.2711615048829078,0.07611602128492835,-0.2737189270283784,-0.026706594224766882,-0.27340662035492613,0.07701466651175577
0.07307659499491746,-0.2738201332545498,-0.03076254183653805,-0.2745964912575149,0.07246770821420338,-0.27175141481596116,-0.05765002010492318,-0.30469050663292174,-0.057827067555313284,-0.2725094707861968,-0.032010920130881956,-0.302839299488105,-0.1524615943816459,-0.302847653951022,-0.0321144991426845,-0.27249423263631595,-0.0578306089281802,-0.30487076617099196,-0.0577777957849738,-0.27156408836198936,0.07219045051057632,-0.2741069140040453,-0.031150616271229198,-0.27377770112245864,0.07306771463617945
0.07031848327867374,-0.2748855351071861,-0.0345454354470838,-0.27566592145872243,0.06972069495261499,-0.2728529442221275,-0.06347418489962682,-0.3081831678662267,-0.06365917699998172,-0.2736116288981568,-0.03589944005637632,-0.3064063401209782,-0.158207328220774,-0.30640008959959636,-0.03598547824383705,-0.2735899982763846,-0.06368299859005173,-0.30835605832534474,-0.0635977425227769,-0.27267155357160405,0.0694904538321132,-0.2751973328530542,-0.03491740538120225,-0.27485251066962474,0.07033839300712325
0.06892480449388297,-0.27662220114332764,-0.0374408118226892,-0.2773981807407449,0.06834409869295928,-0.27462360177329764,-0.06912264041273421,-0.3116723297844028,-0.06930909752527196,-0.2753717089544453,-0.038903186735822354,-0.3099541794645273,-0.16352158241694018,-0.30993525865574917,-0.03897010103736861,-0.2753503965617911,-0.06934894662709275,-0.3118309913835274,-0.06923858789295878,-0.27444678699733194,0.06815571113229409,-0.2769539560418635,-0.03779745291578869,-0.2765848941131902,0.0689766370647779
0.0689971221923912,-0.27896612387979114,-0.03926766274761557,-0.2797391909491794,0.06843776440414714,-0.2769968524664949,-0.07433840142170277,-0.31501454557489517,-0.07451746775318308,-0.2777245672097239,-0.040844585789683745,-0.31333563805534415,-0.1681691675053162,-0.31330939400126595,-0.04089471449206272,-0.27772239938266513,-0.0745618371571986,-0.3151544493562643,-0.07444048737734323,-0.27682618142132437,0.06828075190483095,-0.27932114571639477,-0.03962038538175557,-0.27891719652544206,0.06908493114568774
0.07058180101705584,-0.2818280481779292,-0.03989344640978149,-0.28261033582107126,0.07005008180901291,-0.27989081421884593,-0.07887511777551212,-0.3180697983316626,-0.07903615192119162,-0.28059116744559537,-0.041584631692541514,-0.3164112038950459,-0.1719415409151964,-0.31638747848620596,-0.041624431054349625,-0.28062431839297397,-0.07907481454200069,-0.3181823466447933,-0.07895580872790968,-0.27972283355848515,0.06991128690875063,-0.28221576990819724,-0.04025668514632453,-0.28177611801960445,0.07070838608414425
0.07366449336332016,-0.28511353067440603,-0.03923705687809322,-0.2859056785557473,0.07317119023242785,-0.2832058331976415,-0.0825106713437276,-0.3207097974379671,-0.08264172214328944,-0.2838769518718619,-0.041031421057563654,-0.3190517410475295,-0.17466508322385846,-0.31904283230919983,-0.041070086625014456,-0.28394478264656925,-0.08266615831072142,-0.32078352983943254,-0.08256015507236754,-0.2830309812576392,0.07303742402823725,-0.28553058485425403,-0.03961271888130548,-0.28505908121717,0.0738291716641172
0.07816823110216276,-0.288720177590693,-0.03726069873822171,-0.2895047807974303,0.07772836049337653,-0.28682068888687495,-0.08505501849229789,-0.3228174263575293,-0.08514539135816192,-0.28746684826141755,-0.039143232886726186,-0.3211444055185617,-0.17620489163228048,-0.32115605835773914,-0.03919074153109272,-0.28756164711930116,-0.08515099189974323,-0.3228479213611966,-0.08506286884622179,-0.2866311557887538,0.07758785151209666,-0.2891470892123974,-0.03764153782489778,-0.2886424915532132,0.07836708972321633
0.08395492860972291,-0.2925199620149511,-0.033975299833478315,-0.2932864558141818,0.08358335772630647,-0.29060124750437083,-0.08635775456127769,-0.32429345026338824,-0.0864013153761931,-0.29123000972281593,-0.03593297269186959,-0.3225954932141202,-0.17647447240777878,-0.32262708090671305,-0.03599796665647959,-0.29135247297501576,-0.08638954246814007,-0.3242829509524766,-0.08631784586239107,-0.29039343731496653,0.08342501270089243,-0.2929408547648343,-0.03436170791070457,-0.2924031277652432,0.08418253109453869
0.09082773615024757,-0.29636363509928904,-0.029455589248072137,-0.2971249061549321,0.09053322300353882,-0.29441318566020014,-0.08632105874186445,-0.3250654434699575,-0.08631377086838952,-0.295029306281633,-0.031473363413132456,-0.3233313614436339,-0.17544196483039903,-0.3233836755710104,-0.031561803890854966,-0.29518678148552396,-0.0862824085714397,-0.32501562889752184,-0.08623255340041872,-0.29418183356679034,0.09034582292197119,-0.2967780054045593,-0.02985558649276538,-0.29621832482004157,0.09107801824336546
0.09853505255977309,-0.30010740704148225,-0.023840178588842693,-0.30088155221705726,0.09831663121567591,-0.29812440870661905,-0.08490676695209927,-0.32508916583116504,-0.08484402458144086,-0.29872612853867203,-0.02589737189514302,-0.32330585650622584,-0.17312646954083308,-0.32337983745955906,-0.026012371781184207,-0.2989200034462083,-0.08478557227596449,-0.3249973411061771,-0.08477188929753138,-0.29786009270283403,0.09809071211513322,-0.30051843751984275,-0.02425274089096575,-0.2999528084299769,0.09880279166508515
0.10677593057836819,-0.3036247320068558,-0.01731573804872969,-0.30441297358552943,0.10662420616687542,-0.30160078783679933,-0.082140152581201,-0.3243484910016721,-0.08201846004941292,-0.30218205665019676,-0.019392183900381787,-0.3225049990887103,-0.16959930829238398,-0.3225984062778451,-0.019535679119809336,-0.30240708157410273,-0.08192955019885272,-0.3242102714702235,-0.0819612196810394,-0.30129409053473133,0.10635432403119213,-0.3040265628397175,-0.0177292576050501,-0.3034615646663844,0.10705629386229996
0.11520981164644838,-0.30679442170100396,-0.0101086587698409,-0.30758966644176494,0.11511233510662292,-0.30471175994344774,-0.07810979602578312,-0.3228584426780863,-0.07792750364211934,-0.3052683675277999,-0.01219086418115251,-0.3209467651988397,-0.16498826582861414,-0.32105761466248833,-0.012363439567977617,-0.3055223589667484,-0.0778104313432423,-0.32267351796356036,-0.07788829958517796,-0.3043550407240961,0.11479945506325388,-0.3071777773282522,-0.010516797890918009,-0.3066150300575611,0.11549622205677233
0.12347168346095325,-0.3094963425573547,-0.002488254881900853,-0.3103012542372205,0.12341805943044636,-0.30734208737195234,-0.07296451241392439,-0.32066664638687514,-0.07272131055273993,-0.30787446724016687,-0.004565029301116772,-0.31868122591100856,-0.15947267701113832,-0.31880798003606914,-0.004764040500169196,-0.30815875957001404,-0.07258235390998588,-0.32043819222256575,-0.07270314988165553,-0.3069271772179955,0.12306868766115373,-0.3098559646521167,-0.002895816042070447,-0.3093080883678703,0.12375568754668928
0.1311912275558962,-0.31162650168928874,0.005242798943641159,-0.3124495381204418,0.13117463084131953,-0.30939582356965223,-0.06691014575198988,-0.3178536838415816,-0.0666084939014658,-0.3099067380004625,0.003185556637736684,-0.3157935742409806,-0.15327432181791165,-0.31593136821463397,0.00296713367604702,-0.31021610006852435,-0.06645775582734172,-0.3175856929710308,-0.06661441224704004,-0.3089155694973934,0.13079867946460544,-0.3119563613845768,0.004833441093417768,-0.3114443840262508,0.13146400376252715
0.13801404333300135,-0.3131062916743482,0.012775537921778117,-0.31394770628979474,0.13802806745945181,-0.31079229292515936,-0.060201303324603286,-0.3145320055719954,-0.059848338566667915,-0.311284049814087,0.010747887517358274,-0.3123994468667076,-0.14665196345939652,-0.31254121762592907,0.010522108481554054,-0.3116036553845432,-0.059691835637525795,-0.31423329877400846,-0.059879490092378515,-0.3102468868421421,0.13763656846725608,-0.3133982732992335,0.012370995573327001,-0.3129301744655817,0.13826929096299864
0.1436222432914986,-0.3138731448816034,0.019816122120964806,-0.3147293936529165,0.1436574072795301,-0.3114677749821694,-0.05312659626853291,-0.31084095575456216,-0.05273378868728752,-0.3119418771972037,0.017812919614707986,-0.3086394600849899,-0.1398952814665322,-0.3087806290096035,0.01759471913447222,-0.31225889339811536,-0.052570357174401935,-0.3105254156923343,-0.05279145816115975,-0.31086543322695726,0.14325925363820688,-0.3141274704725308,0.01941842906675826,-0.31369332686576934,0.1438575227425777
0.1477513945365725,-0.3138765418545025,0.0260877628327068,-0.31475386171337055,0.14779385591482191,-0.3113863820425908,-0.04599878389308904,-0.30694381644749724,-0.04557879815833361,-0.3118424775675615,0.024090703034548248,-0.30467516267593037,-0.13331059513957666,-0.30481637657837235,0.02389316678166355,-0.31215621307252356,-0.04540723962538608,-0.30662334677009906,-0.04566416299484988,-0.31073457385243436,0.14739416888840373,-0.31410622884681555,0.025684306563445284,-0.3136991636251169,0.14796737344215372
0.15020339755585257,-0.31309643736099274,0.03133320727586057,-0.3140030465152664,0.1502366619988884,-0.3105447740714977,-0.039143094299075615,-0.3030222804483595,-0.03870723450611936,-0.31097947395173886,0.029323609812886498,-0.3006867658429611,-0.12720557331057095,-0.3008305624205707,0.02915424158605242,-0.31129734930381797,-0.03853071749611712,-0.3027063354555756,-0.03881982885440565,-0.3098446189877873,0.14983765350314393,-0.3133126341266522,0.03090889644832917,-0.3129400162703771,0.15040167475605706
0.1508573365138956,-0.31155894694404146,0.03533622482188354,-0.3124859996411027,0.1508653353450724,-0.3089637119572596,-0.032876651659231225,-0.29926131924209504,-0.032434701729458115,-0.3093744641128368,0.0332992540086422,-0.2968649379099648,-0.12187447627952018,-0.2970118149973968,0.033161997445541797,-0.30969932970802705,-0.032259687134195414,-0.29896220709866417,-0.032573565797928014,-0.30821842563415364,0.15046734790397528,-0.3117569674478887,0.03488807033163872,-0.31142578458229614,0.15103698631454307
0.14967598170312477,-0.30932197914031534,0.03794655031754886,-0.31024914816228705,0.14964674041389608,-0.30668236861933046,-0.027488889412451655,-0.2958401272463294,-0.027051893097210268,-0.3070742092837783,0.0358633809165855,-0.29339598320692584,-0.11758191623385089,-0.29354582347991,0.03576236673728013,-0.30740099403510135,-0.026884793695936656,-0.29557051883852714,-0.02721594919506295,-0.3059078200281033,0.14924950771855294,-0.3094923144997945,0.0374765250874374,-0.30919573926366883,0.14983228755690411
0.14671009841367796,-0.3064551733014456,0.039082802775767735,-0.30737601470392023,0.14663593727314783,-0.30376856843279443,-0.023230680820838345,-0.29292909178778076,-0.022812998818904234,-0.3041550845751339,0.03692961864400181,-0.2904488529953931,-0.11454892133135468,-0.2906055456939031,0.03686772502235527,-0.30447833948806635,-0.022653592218750494,-0.29269757206289176,-0.022998396274640703,-0.30299092907634595,0.14623940015851286,-0.3066038759382912,0.038583527142154544,-0.3063326384090108,0.14683504164833597
0.14209821006728787,-0.303049447152687,0.038724573298576585,-0.3039758788602306,0.14197392106105466,-0.3003324042959736,-0.02030268481933369,-0.29067649201047124,-0.01991865107345825,-0.3007274477161765,0.03648265706347837,-0.2881703555733527,-0.11293573380043237,-0.2883394577240694,0.03645712655225492,-0.3010463666106675,-0.019762728663398312,-0.29048990190251467,-0.020120821770845673,-0.29957608173162653,0.14157753112929655,-0.3031950063921071,0.03818366759981533,-0.30295346433294074,0.1421842817535052
0.1360618988794574,-0.2992402022897284,0.03691644666459305,-0.3001777916695078,0.13588232143654663,-0.29652178241921984,-0.018842210381334466,-0.28919557722132655,-0.01850243294816545,-0.29693188364725687,0.034577308517591,-0.2866789875017345,-0.11282835638750341,-0.28686124287958026,0.03457961745483626,-0.2972444732693434,-0.018352822436730185,-0.2890592140590141,-0.018718606751588363,-0.29580253084126906,0.13548511816439784,-0.29939287139595,0.0363312383966649,-0.2991914799873992,0.13610481381348288
0.12889600362805112,-0.2952036372444846,0.03378067292811127,-0.2961388771662342,0.12865644505049748,-0.2925031236033962,-0.01891429313307423,-0.2885629721515698,-0.01862695203440517,-0.2929294815242822,0.031339906309655434,-0.2860525059700198,-0.11423600251749583,-0.2862451889444942,0.03135851797243535,-0.2932259673405938,-0.01848978950123884,-0.28847710008534005,-0.018852572887139256,-0.29183088033573706,0.12825683016632902,-0.2953578717560204,0.03315796309132763,-0.29519616218506467,0.12889536696299314
0.12095446199050111,-0.29112748204498884,0.02951454250531474,-0.2920456030917805,0.12065383548292757,-0.2884503116521682,-0.02050633226960548,-0.28881287624580165,-0.020278308158869916,-0.28889538287362065,0.026967662625052447,-0.28632214092666447,-0.1170857050923015,-0.2865211321273273,0.026989676247440544,-0.2891626515075455,-0.02015108883628962,-0.2887733685975481,-0.020507407513246662,-0.2878334067100858,0.12025063272731147,-0.2912746498594981,0.028858228640173483,-0.2911456976670343,0.12091295885501846
0.11263485016553063,-0.2871947669905632,0.02437143851345739,-0.2880975305772949,0.11227888481214433,-0.28454728041926475,-0.0235275451781376,-0.28992866010715246,-0.023360556574288312,-0.2850166706382605,0.021719545522646773,-0.28747251189863027,-0.12121973802789994,-0.28767045274145964,0.021733369751480693,-0.28524716319069093,-0.023236241250284204,-0.2899286888226471,-0.023588733375035382,-0.28399261970445283,0.11187271753539103,-0.2873348063137598,0.023681665295990147,-0.2872407034720836,0.11255661815657354
0.10436154904092819,-0.2835931087354777,0.018647686349413932,-0.284487684660362,0.10396424822946124,-0.2809861755037023,-0.027809872897958065,-0.29184738713546354,-0.027700166124315775,-0.2814848991258149,0.015902392690306872,-0.2894417284758683,-0.12640564536691484,-0.289630575311403,0.015900863542634428,-0.2816765333592911,-0.0275798218880431,-0.2918765627305563,-0.027919522499454803,-0.2804971958865613,0.10355865120555793,-0.2837297743305281,0.017934565651750105,-0.2836778678462842,0.1042513309177426
0.09656723692823813,-0.28051548700062245,0.012680697758705853,-0.2813961005021179,0.0961495617238292,-0.27795238986687354,-0.03310984312598475,-0.2944642307881847,-0.03305254534348889,-0.2784813106370438,0.009858602985958378,-0.29212176633458764,-0.1323475201132793,-0.2922965374982103,0.009839513897043071,-0.2786294772404559,-0.0329463545763534,-0.29451068364774735,-0.033251212306372964,-0.2775276303238268,0.09575088443136458,-0.2806467094498512,0.01196800933916881,-0.28063348857131654,0.09643222747565992
0.08967412725315042,-0.27813559229574686,0.006839619381610217,-0.2789902289631584,0.08925934452223398,-0.27560736600721797,-0.039119505579021524,-0.2976332959927542,-0.039108646184566206,-0.27616432785848294,0.0039535993279897624,-0.2953631977654956,-0.1386939268201021,-0.2955175445335556,0.003916449515088756,-0.2762606025568888,-0.03902341373788798,-0.29768712222870997,-0.03928119653040362,-0.2752395852484802,0.08887570139212095,-0.2782551070252275,0.006148397190937319,-0.27826643033171317,0.08952571670606145
0.08407413661065057,-0.27658379331078164,0.0014982734254583585,-0.2774133449876354,0.08368291631085803,-0.27408167317362714,-0.04548343388943663,-0.30117585765933297,-0.045509843209626796,-0.27466309349736645,-0.0014421094636342525,-0.29898087868170775,-0.14505807167204807,-0.29910940818054266,-0.001499148022146244,-0.27470296184277204,-0.04544028118517044,-0.3012280355902768,-0.045658438212138504,-0.27375653805532935,0.08332113509063394,-0.27668872633134073,0.0008336981310236585,-0.27671674858823575,0.08392752040774569
0.0801056753637608,-0.27594498652255994,-0.002995759822307306,-0.27676151154900674,0.07975336111539381,-0.27346887807700826,-0.051815087181914556,-0.30488929578651636,-0.0518682376002261,-0.27406845484000164,-0.005976795015467667,-0.30276288946974567,-0.1510422542479559,-0.3028704710876396,-0.006054895246212343,-0.27405560755534797,-0.05180778334701763,-0.30493103585180836,-0.051992477671481296,-0.2731674245653055,0.07941740275313085,-0.2760362277950685,-0.003633900322711825,-0.27608422372264685,0.0799781088114371
0.07803243412979938,-0.2762671733198351,-0.006333930257340384,-0.2770725553447784,0.07772933982691387,-0.27381479221007726,-0.057714217766802065,-0.3085568764820906,-0.057780919012317834,-0.2744219120755576,-0.009338813822229413,-0.30648780167886336,-0.1562531525371226,-0.3065826623951986,-0.00943337315541274,-0.2743628184663248,-0.05773481370626905,-0.30857987863255115,-0.05788105028163217,-0.2735179862706009,0.07741962398764098,-0.27634296319356627,-0.006936402518491088,-0.2764081076431928,0.07793868187807627
0.0780216052228671,-0.2775492229334704,-0.008256106513463165,-0.2783306277499226,0.07777597639527896,-0.2751072218439679,-0.06279249328794577,-0.3119603534453038,-0.06285420538245932,-0.27570818967520383,-0.011272561233358357,-0.30993711504277294,-0.16032887607989818,-0.31001997045948865,-0.011373090924038154,-0.27561087393113,-0.06282665940975098,-0.31195563013180716,-0.06293807340726847,-0.27479941553396775,0.07748951196770117,-0.27760661094775274,-0.008809212547362832,-0.2776706379636832,0.07797082924442178
0.0801282290755739,-0.27972531471830203,-0.008571143870695184,-0.28047464870140704,0.07994852263390491,-0.27727948455169976,-0.06669720849117908,-0.31489265314882187,-0.06673587466114654,-0.27785954489640646,-0.011592911752034913,-0.3129036965852169,-0.16296961143721486,-0.31297469824416313,-0.011688339685940019,-0.27774310902117627,-0.06671564564639239,-0.3148522448262705,-0.06681287163305964,-0.2769468764096737,0.07968122294495703,-0.27976825471303807,-0.009072046962590176,-0.2798118176138156,0.08012314278185721
0.0842859508422625,-0.28267209383302605,-0.007181873114499653,-0.2833972673607704,0.08418129590367417,-0.2802181704354465,-0.06913430842318698,-0.31717039017627163,-0.06913635301892022,-0.2807641346049283,-0.010202908129256802,-0.3152015739132369,-0.16395811465323432,-0.3152675095803115,-0.01028589366854251,-0.28065917825995224,-0.06911548257592104,-0.31708958822495525,-0.06921211753706784,-0.27984774818372676,0.08392856648848948,-0.28270954121528336,-0.007640137290691436,-0.2827294080615216,0.084324594992747
0.09030571229761933,-0.286231372844271,-0.004096077143645849,-0.28694473315014685,0.09028367383319763,-0.2837659413534892,-0.06989184374146096,-0.3186493503785906,-0.06984509136595196,-0.2842692146585661,-0.0071073651171936715,-0.3166806898094422,-0.1631741931804883,-0.31674869355493024,-0.00717246530373437,-0.28420105037695154,-0.06982835146716526,-0.31852770354983023,-0.06992551922480796,-0.28335024070621934,0.09003996519364954,-0.28626790423338927,-0.004520769192716219,-0.28627051991172237,0.09038537523551626
0.09788290366448844,-0.2902200538226108,0.0005789941867997556,-0.2909272150298112,0.09794604982902659,-0.2877247710051428,-0.06885980522165139,-0.319234756911623,-0.06875332674093411,-0.28818491951517516,-0.002416440692170028,-0.3172395735225188,-0.1606078796661834,-0.3173143066862805,-0.0024579034742774953,-0.2881607029133711,-0.06873692706136322,-0.3190762003222374,-0.06884693432798036,-0.2872657653734317,0.0977037077373695,-0.29025382324099913,0.0001824644556779175,-0.29023795323303486,0.09800172840838617
0.1066099449866008,-0.2944230189652899,0.006640685823947984,-0.29513055353245665,0.10675360786948632,-0.29187213046693383,-0.06604083425250389,-0.3188818311608061,-0.06586776232369332,-0.29229429433294024,0.003658262589481472,-0.31683388886091385,-0.15636105999477773,-0.31692190066875137,0.0036441114774735574,-0.29231512224285044,-0.06583771075018781,-0.31869353123642763,-0.06598466522690016,-0.2913756830379645,0.1065026091220744,-0.2944571412634939,0.006260264769059482,-0.29441284639118637,0.1067670092048006
0.11599496808002842,-0.29859995205514034,0.013789185274084768,-0.2993230852472308,0.11620801967187618,-0.2959826751071792,-0.0615540718907777,-0.3176016336906774,-0.061310493131221146,-0.29637021528713836,0.010810578604634082,-0.31547962736946156,-0.15064295297147015,-0.31558809291593665,0.010823720032871648,-0.29644928700226947,-0.06126526061762768,-0.31738797077213043,-0.061461859222134714,-0.29544704129969623,0.11593689102470651,-0.2986460580421767,0.013402348685812717,-0.29856990063348293,0.11618815915530184
0.12548712097310744,-0.3025150925343371,0.02163734489965961,-0.303265370976185,0.12575546519219444,-0.29983846873180375,-0.05563399569718851,-0.3154666875243717,-0.05531735554278931,-0.30019006091556777,0.018652837904513195,-0.31325061387601233,-0.14376317063313027,-0.31338540732697223,0.018693331640179243,-0.3003474753105125,-0.05526271363983409,-0.315228867573287,-0.05550980838833821,-0.29925349501807524,0.12545388056573187,-0.3025825468327547,0.021224711226577847,-0.30248125747393456,0.12571085588961578
0.13450904430144509,-0.3059600180489113,0.029739828695885456,-0.3067316856931042,0.13481876163898507,-0.30322604240818496,-0.04861773620692615,-0.31260086956178146,-0.0482289647665975,-0.3035433935843239,0.0267402478843213,-0.31027610754537255,-0.13611465318146432,-0.3104409661597049,0.02681099030668462,-0.3037832356903122,-0.04815649186932257,-0.31234466400727157,-0.04846278339084429,-0.3025868939499327,0.13447969945258265,-0.30604777152755674,0.029296356628225842,-0.305924085749492,0.13475319076142753
0.14249552617952876,-0.3087514610747504,0.037630210749260984,-0.309533029576083,0.1428328118078058,-0.3059461540823214,-0.04092143926017963,-0.30917196332184244,-0.040466156157814646,-0.30624134846110035,0.03460259737817717,-0.3067361095945617,-0.12814632675314708,-0.30693063148729033,0.034706609220874464,-0.3065454974487933,-0.0403642700573128,-0.3089078745004488,-0.040742794450437804,-0.30526260761442864,0.14245324793589473,-0.30885343879209026,0.037156694405839616,-0.3087029679318771,0.14274508652030946
0.14893282104161432,-0.31072487858920905,0.04484725417725172,-0.31152207115038705,0.14928157085970264,-0.30783765539853675,-0.033015071428916215,-0.30538955980024945,-0.03250608378083732,-0.30812952863470705,0.04177536444110968,-0.3028472378896407,-0.12034356971117095,-0.3030685562080806,0.04190990510486832,-0.30847796096250074,-0.03238179109887096,-0.30512557281671265,-0.03282731682888713,-0.3071275121605407,0.14886293372096027,-0.31084023888196705,0.0443367650351158,-0.3106680391467025,0.14916907092928977
0.15339529498169868,-0.3117535190128979,0.05095688811427482,-0.3125860475202819,0.15373585656684605,-0.3087973824825675,-0.025396059119315417,-0.30149331495637616,-0.0248527028823179,-0.30910010079400857,0.047825937184971246,-0.2988495177699401,-0.11319984711252153,-0.2990960429840103,0.0479834356479826,-0.30948622128777037,-0.024725333516516623,-0.3012338659171387,-0.025215061976698178,-0.3080737028059449,0.15328316491030544,-0.3118842026295095,0.050397967455304823,-0.3117141200002105,0.1535994808465106
0.15557729174920787,-0.31177574479041803,0.05558468247273454,-0.312651637739796,0.1558872951868922,-0.30877742854492846,-0.01855747057065898,-0.29773426024774013,-0.017999206942795228,-0.30909681932541294,0.0523830490071152,-0.2949991933503578,-0.10716974232545334,-0.2952663146890618,0.05255496146401441,-0.30951646571662544,-0.01787478201688114,-0.297485243713713,-0.018397224817394142,-0.30804651560304686,0.1554087658042303,-0.3119164553167324,0.054973768996330476,-0.3117747410493988,0.1557341120385629
0.15531893640085176,-0.31079923073960064,0.058451232348321634,-0.311703292521618,0.15557711122910162,-0.30777578473316586,-0.012949732065337862,-0.29436180818337065,-0.01239340094930347,-0.3081157526182965,0.05516782278188118,-0.29155199844787943,-0.10263709813107617,-0.2918310234147717,0.05534764116862011,-0.3085477518370955,-0.012261050178635453,-0.29412841514718946,-0.012821716422193844,-0.30704493654746146,0.1550827620682343,-0.3109362136788647,0.05779564829677721,-0.31083250893478326,0.15541774189544263
0.15262208223843646,-0.3088822208363637,0.05939679533167355,-0.3097949607732409,0.1528118880549201,-0.30584068242245555,-0.008944940986594967,-0.29160743520200816,-0.008408190274728838,-0.30620695245967827,0.056021043173970726,-0.2887416687416584,-0.09989946445019017,-0.2890235079020414,0.05620232286520477,-0.3066168534769406,-0.008265863096582013,-0.2913909497300649,-0.008858265033364223,-0.3051187353756148,0.1523142266818729,-0.3090024960474011,0.05870438685573026,-0.30893662643967507,0.1526553163925938
0.1476547086353759,-0.3061260723550758,0.058389222636440745,-0.3070413779262159,0.1477697581543211,-0.30308005396203114,-0.006810457706213339,-0.2896630834654805,-0.006310168545286459,-0.30347781133206897,0.054916665142165345,-0.28676364204473825,-0.09914167937726961,-0.2870405218140829,0.05509427054976866,-0.3038357232736184,-0.006172721707069241,-0.28946430281234237,-0.00677070893635236,-0.30237323078039385,0.1472816184455861,-0.3062211762926699,0.057664226050084116,-0.3062033374248258,0.14761851818343363
0.14074539655137086,-0.3026862226444126,0.055527192120438024,-0.30360322026495024,0.14079037876507186,-0.29965969028395395,-0.006689179767567156,-0.2886702124034367,-0.006239216171428073,-0.300088364375691,0.051963322061766425,-0.28576139377874266,-0.10041135417156481,-0.2860246727009741,0.052134275262444144,-0.30038153594881767,-0.006114474917510483,-0.2884894949957816,-0.0066986674322005255,-0.2989705289780531,0.14032386830442076,-0.30274824422377083,0.0547792216868028,-0.302796721849725,0.14063894552825795
0.13236506788796046,-0.2987768406833905,0.05104283831901364,-0.2996831899226726,0.13235382117979394,-0.2957884449398599,-0.008586273330346037,-0.2887109055116516,-0.008199198443210789,-0.2962441255558365,0.047398830023973125,-0.2858126210268373,-0.10361804362529761,-0.2860555783639615,0.04756403920745742,-0.2964684578717006,-0.008085932466674235,-0.28854519394483136,-0.008643384025349247,-0.2951235741170003,0.13191876051930915,-0.29879672049981604,0.05029219281418258,-0.29891824349038637,0.13219266878757455
0.1230984215536429,-0.2946525977797248,0.04529361196301801,-0.29552911930688835,0.12304933527142779,-0.29170715225263655,-0.012365848635188413,-0.28979275379961533,-0.012053313428411599,-0.2921878199072894,0.041579819120204156,-0.2869215788016174,-0.10853421058608836,-0.2871394514140274,0.04174153748628992,-0.29233574248248684,-0.01196246331008681,-0.2896390226120163,-0.012470129640840733,-0.2910781692916695,0.12265265180329757,-0.29462484058239236,0.044559834597849346,-0.29481014071801454,0.12287123138707742
0.11360565366249345,-0.2905853570111436,0.03873483451253241,-0.2914237995631971,0.1135373355414028,-0.2876862595269997,-0.01775940400623611,-0.2918484467164415,-0.01752632760487089,-0.2881904242923453,0.03496042056468595,-0.28901886707280194,-0.11479519628764728,-0.28920650364350087,0.03511938938006597,-0.2882497557748033,-0.017471357738893543,-0.29170456868036565,-0.01791319193871631,-0.28709774808652216,0.11318181488390598,-0.29050968941493976,0.03802383748701547,-0.29075166948799686,0.11334123369332702
0.1045770208561457,-0.28685318508896074,0.03188016595353641,-0.2876561012433196,0.10450506207769988,-0.28401233118882935,-0.024381420497489266,-0.29474234960275486,-0.024223779277857356,-0.28453217095621686,0.02805935464790086,-0.2919624593203238,-0.12192433044018484,-0.29211945670632034,0.028216515080718076,-0.2844977184399483,-0.024196903911511945,-0.29460423881980535,-0.024581726599195008,-0.28345395977034343,0.10418912638608456,-0.2867289729838839,0.031191234943624628,-0.2870318895500526,0.10429574617896858
0.09668231106417834,-0.28373073699105406,0.025269237920325257,-0.2844943626448049,0.09662059058620345,-0.28095717390241665,-0.03174755758136287,-0.2982750027933237,-0.03165425871702205,-0.28147831167252196,0.02142267830134754,-0.29554658267178874,-0.1293663782412955,-0.29568135094148373,0.021582093040867455,-0.28135669126981033,-0.03164642046690242,-0.29813771113093274,-0.0319821143658897,-0.2804132009771286,0.09633823922645923,-0.28355403399704915,0.024609954456983742,-0.28391722751318854,0.09640367192848949
0.0905208062385144,-0.2814621012599428,0.019438550296424,-0.2821702335838826,0.09048313603997284,-0.2787466079210787,-0.039303344194399854,-0.30219300531345916,-0.039258404303513954,-0.27925505458425826,0.015587031244210122,-0.29951694795509975,-0.13651855360488244,-0.2996388103764817,0.01575471391401426,-0.27906179807782455,-0.03927880467379943,-0.30205244236778334,-0.03955688770631602,-0.2782103550909056,0.09022645835059297,-0.28123219419010936,0.01882365087675961,-0.28163342104572503,0.09026013334972964
0.08657547694982387,-0.2802257155584733,0.014883841751984109,-0.28086723473610387,0.08657776520941982,-0.2775482849057361,-0.04646260263756541,-0.30621003582224277,-0.04644672732792728,-0.2780350028172204,0.011043861293295385,-0.30358481609170757,-0.14277982587532786,-0.30369948564353344,0.011223574967078124,-0.2777909086524786,-0.046495330462026294,-0.30606116364832825,-0.0467207679080372,-0.27702169608351324,0.0863381930437199,-0.2799539301814863,0.014319896256205939,-0.280360962829509,0.0863436419867814
0.08517711315514918,-0.28011970931787483,0.012014862648374793,-0.28070212303352904,0.0852356432568126,-0.27746879089139453,-0.052647443320480866,-0.31002579666721064,-0.05264172945581031,-0.2779255359553247,0.008200653528379506,-0.307445330206812,-0.14760580886368102,-0.30755720967106887,0.008392836356191825,-0.27765635020121926,-0.05269939343797386,-0.3098635923479333,-0.05289812289082874,-0.27694880662041627,0.08500558457383055,-0.27982504394225205,0.011494036904403981,-0.2802195325691961,0.08498063743370515
0.08647686674969622,-0.28116624821881214,0.011117452027752113,-0.2817064763206158,0.08660581047257551,-0.27853868931319264,-0.05733253805356775,-0.31334745770238137,-0.05731918316544533,-0.27895635096998384,0.00734492164475492,-0.3108014687743883,-0.15054555279904344,-0.3109163827319386,0.007550138738864389,-0.2786884950038496,-0.057382363524177506,-0.31316767411360696,-0.057566577620971546,-0.2780144348769902,0.08637812927538155,-0.2808626720983577,0.010629658089288457,-0.2812432686731857,0.08631979652591203
0.09043017630718292,-0.2833117846692624,0.01233449346200787,-0.28382111206910177,0.09063897729519134,-0.2806932952545995,-0.06009188264270864,-0.315916914425406,-0.06005212057934089,-0.2810683338457294,0.008617737457861376,-0.31338741919101104,-0.15127638036552576,-0.31351363384525927,0.008839523970274623,-0.28082260621959027,-0.06013249962313712,-0.31571605721849205,-0.060301532924868985,-0.28015760301238246,0.09040550252251169,-0.2830044122579479,0.011876866113008974,-0.28336844923032656,0.09031578878477754
0.09679311066005464,-0.28641589543497653,0.015655999498915676,-0.2869024128936996,0.0970849623781298,-0.28377456051638356,-0.06063773966122089,-0.3175303303365769,-0.060551557808605334,-0.28411368414857824,0.012000127400110814,-0.31499269165803784,-0.14964290076078884,-0.31513944848059605,0.01224315752728268,-0.28390707303434587,-0.06063947720038916,-0.31731003349032727,-0.060815646150354175,-0.2832311063114512,0.09683611870421906,-0.2861109235520149,0.01522438898378612,-0.2864448072138407,0.09672441246402994
0.1051324769478794,-0.2902496638547524,0.020907295038110518,-0.2907316246019202,0.10550432973698146,-0.2875558237732709,-0.058847405628304025,-0.3180537331175408,-0.058696929191471583,-0.2878705842930167,0.01730714340583358,-0.3154851881545067,-0.1456746854584686,-0.31565781453842584,0.017574088903907766,-0.2877231721885096,-0.05877025350912528,-0.3178204467554718,-0.05898959200067011,-0.28700948614538346,0.10522992499164886,-0.2899630371526293,0.020486143708583888,-0.29025353208971644,0.10511118316912009
0.11484993111274838,-0.2945242139987835,0.027747925942071913,-0.29502510299662704,0.11529530834853362,-0.29176652761546823,-0.05478359772856721,-0.3174433050898017,-0.05455700442460965,-0.29206474458889026,0.02419214173587602,-0.31482274593699305,-0.13959112443106025,-0.3150204649911818,0.024482503975631772,-0.29199830638248425,-0.05461317804798604,-0.31719988692929413,-0.054889743513209584,-0.291210443491119,0.11498560063280881,-0.294272865134218,0.027315560936281468,-0.2945190074043311,0.11487470549691879
0.12522192226902848,-0.2989259131635215,0.03569171205077454,-0.2994569538670664,0.12573141460333428,-0.2961031328885547,-0.04870224704850258,-0.3157508826435096,-0.04839423910202297,-0.2963874123491094,0.032168441891049206,-0.313053816450349,-0.13179910720146187,-0.31327601449975223,0.032479587340887885,-0.2964127012567405,-0.048437860283532065,-0.315495991596347,-0.04877190395319931,-0.29552182361802737,0.12537920775001857,-0.2987150795546463,0.035236190610067206,-0.29892120188701293,0.12528564924955132
0.1354522890574734,-0.3031368026310931,0.04415273376986221,-0.30369441286507853,0.1360136185871719,-0.30024108103593294,-0.04103896228246559,-0.3131139914812173,-0.040649497279601175,-0.3005174445153967,0.040646470200923907,-0.31032079083784797,-0.12286417189676278,-0.3105680243453245,0.0409776262587737,-0.30062394120430375,-0.04067084556010877,-0.3128490528346411,-0.04107349471344931,-0.29962567331881323,0.1356156062581518,-0.30296067570610474,0.04367238170235504,-0.3031249414817287,0.13554087804805762
0.14473392620707323,-0.30684357135784246,0.05249416295867357,-0.3074276942481118,0.14533016232060064,-0.30386454409263103,-0.032374702306843195,-0.3097473615266539,-0.031911795824493536,-0.30414638174709163,0.048981139152187936,-0.30685097230811703,-0.1134596107017397,-0.3071183539721385,0.049334511922905784,-0.3043120972498443,-0.03190440024764913,-0.30947717516068507,-0.032384264243892256,-0.30321867398742647,0.14488838345070826,-0.30669827335101196,0.051984106540825706,-0.30681796703086006,0.14482777128691926
0.1523160233015599,-0.30975960606205133,0.06007230068956518,-0.31038551959327576,0.1529242308123885,-0.30670429729738213,-0.023394073902722433,-0.3059316729185398,-0.02287376368256289,-0.3070059288545148,0.05652259038859106,-0.3029293588800172,-0.10431295275205059,-0.3032094418143594,0.056901578061320644,-0.30721488748451053,-0.022854519600595653,-0.305660092832671,-0.023395082150097737,-0.30603478722070315,0.15244628982852768,-0.30964683796721093,0.059519384339884435,-0.30973505462682493,0.15239348714709267
0.15756994427953563,-0.31166218618848474,0.06628574000100398,-0.3123460684535224,0.15816367870439946,-0.3085588268258773,-0.014831769082556087,-0.30198746036341295,-0.014273373325784686,-0.30888822684803324,0.06267055321481194,-0.298878191659375,-0.09614791050557045,-0.2991673559431068,0.06307600855346349,-0.3091332634852674,-0.014265158059071975,-0.3017185980621102,-0.01483971325880559,-0.30786820564538964,0.1576606496171277,-0.31158029001868787,0.06567944626550389,-0.3116641948195383,0.15761108213776082
0.16004959038432406,-0.3124198442709075,0.07063406412627671,-0.313156073216885,0.1606029204471524,-0.3092972234030851,-0.007405582080863847,-0.29824957034634764,-0.006828161481238596,-0.3096574976628529,0.06693084030284845,-0.29504209564395,-0.0896169257567597,-0.2953370881964308,0.06735989351539433,-0.3099262873484761,-0.006834351631799251,-0.29798818295165147,-0.007433596969230813,-0.3085896626343607,0.16008754009111728,-0.3123570544760071,0.06997727388732324,-0.31245755108171247,0.16003874583676203
0.15953826399733254,-0.3119908776143082,0.07277400254505473,-0.3127539411710092,0.16003069414306628,-0.30886335437243906,-0.0017477462823413774,-0.2950437250532042,-0.0011723326555287668,-0.30925811823864885,0.06896625870170983,-0.29175508299127767,-0.08524201349369179,-0.2920508124689214,0.06941333320135532,-0.3095237124779434,-0.0011823808505572555,-0.29479299016758564,-0.0018079039357648604,-0.3081509294358691,0.1595168256904933,-0.3119294851325625,0.07207745308322736,-0.3120522462613846,0.15946463427017155
0.156077103932802,-0.3104108477018279,0.07255350906735313,-0.31117783071401334,0.15649816331165403,-0.3072891441278466,0.0016545076158528582,-0.29265699515054366,0.0022033376936830325,-0.30772131483773096,0.06863201064353872,-0.28930618106393263,-0.08337226078225625,-0.28959790849346456,0.06909033096077588,-0.3079495574024195,0.00219076917237192,-0.29241726270249957,0.0015531578505297266,-0.3065855472440849,0.15599910315842405,-0.3103332635648071,0.07182525960537052,-0.31048470313299337,0.15593429965563127
0.1499707547134421,-0.30779326385444894,0.07002424834039336,-0.30855443082669537,0.15032187008896092,-0.30470075642445726,0.0025062011432086606,-0.29130871416496085,0.0030055561192606473,-0.3051655198513018,0.06599158855938277,-0.28792001937454126,-0.08414863833171364,-0.28819935944165376,0.06645343687253008,-0.305329171886404,0.0029770755759829268,-0.2910775648483512,0.002359159658264348,-0.30401046867851805,0.1498490546505802,-0.3076812969417596,0.0692712015572311,-0.30788279671281193,0.14975560717985903
0.1417663754961569,-0.30433767316078725,0.06544143732080152,-0.3050837860917927,0.14205975922528036,-0.30130497576114385,0.0007362400818261393,-0.2911319250524862,0.0011697456640988807,-0.30178962405992854,0.06131473456115807,-0.28773290276649144,-0.0874791421815955,-0.28798890470159316,0.06177320446865452,-0.30187258561678026,0.0011140929807385844,-0.29090497953906097,0.0005431839133839398,-0.30062682047083555,0.14162197890789388,-0.3041719663672468,0.06467976509093504,-0.30444878754867044,0.14148071612569674
0.13221080300431043,-0.30032575511412585,0.059251562187724816,-0.30103568833622907,0.1324646667203884,-0.29736910179212456,-0.0034904772315375045,-0.2921600707979348,-0.0031360601540634044,-0.29786334402625664,0.05505859261600912,-0.2887695983994045,-0.09304076264276787,-0.2889979215099341,0.05550998680070514,-0.29785460527839086,-0.003218227976071438,-0.29193260914564123,-0.003729712597304071,-0.29670917953007225,0.1320673983437437,-0.30009093733215075,0.05850637238815609,-0.3004504295592793,0.13186267417101397
0.12218448127615038,-0.29609514568072554,0.05205931218362854,-0.29674614894012824,0.12241925634744899,-0.29321029117839875,-0.009787628278831001,-0.2943177369828909,-0.009522161182186614,-0.29371392884829045,0.04783011643473267,-0.29094633559736943,-0.10030113335162237,-0.2911489936589232,0.04827531865875719,-0.2936041943181059,-0.009632226832917996,-0.2940861157178864,-0.010074106658299168,-0.2925834039799084,0.12206318169328713,-0.2957859318874364,0.05134999822591438,-0.2962177895201094,0.12178912484676493
0.11262263139868765,-0.29201050712702326,0.044567687333126244,-0.2925940168054391,0.11285756343810328,-0.28918942015514776,-0.01758138470418303,-0.29742369482303826,-0.017404046816778998,-0.28970432231202176,0.040332473012057946,-0.29408265336576644,-0.10855593085507836,-0.2942617959996033,0.04077481296259681,-0.2894911763491755,-0.017549319884322068,-0.29718474264681594,-0.017912275060244457,-0.288602973356096,0.11253814846479421,-0.29162849536604807,0.043900228479982956,-0.2921250790862496,0.11220155582923234
0.10442872957924883,-0.28843966113596753,0.03750865101523514,-0.2889588438385853,0.10468064401279645,-0.28568352916069384,-0.02615445986708108,-0.30120822301251843,-0.02605283284156058,-0.28620108462328225,0.03330077764221051,-0.29790805718782554,-0.1169856109257318,-0.2980671442356542,0.03374325553749861,-0.28589384020614617,-0.02622931095941386,-0.30095686662476634,-0.02652025248627014,-0.28512603436324985,0.10438954784992001,-0.28798590584033557,0.03688527217057738,-0.2885491732594761,0.10400632603195359
0.09839012925258085,-0.2857265422587079,0.03158035640114697,-0.28618037486093917,0.09867424653553068,-0.28303435632206725,-0.03470350228627077,-0.30533518858922826,-0.034658687759651675,-0.28353619095697224,0.027435240647153154,-0.30208146655943396,-0.12473298808875354,-0.3022254447747015,0.02788055908315081,-0.2831526990598018,-0.03485353769391217,-0.305065110847071,-0.035089873343909186,-0.2824862665805577,0.09840105742590514,-0.28520111337961945,0.031009641779358874,-0.28582437147893286,0.09798931505370409
0.09510375753506813,-0.2841480132151211,0.02739159990718036,-0.2845302390732695,0.09543476612077657,-0.2815028551258138,-0.04240891019218134,-0.30943005596222234,-0.042397552668755126,-0.28197263461298155,0.023338654338173396,-0.3062244977437245,-0.1309822582136472,-0.30635597842450446,0.02379138054266856,-0.2815343092853853,-0.04260773219594757,-0.3091375116425507,-0.04279931235528074,-0.2809548344189827,0.0951684032830029,-0.28356155338720834,0.026883027446719936,-0.2842145606864805,0.0947415835566277
0.09491832548987077,-0.283872607349149,0.02540452921998099,-0.28418690276714464,0.09531000691472086,-0.28124790777547065,-0.048507796657824766,-0.31311500920529534,-0.04850406313521802,-0.28167812093276123,0.021459872823578613,-0.3099536420356867,-0.13503553732951046,-0.31007626586428566,0.02192613775740891,-0.2812109258170061,-0.048729267426602524,-0.3128008577922708,-0.04888715705178887,-0.28070065742672573,0.09504197859517172,-0.28325062702863346,0.02495456362135177,-0.28389370712569323,0.09460399238269829
0.0978990557318577,-0.28493973569666803,0.025879468331396684,-0.285209415285672,0.09836242937871856,-0.28231767860681906,-0.05236553251257023,-0.3160448113914911,-0.05234497936749246,-0.28270611525767014,0.022046152736815827,-0.31291729623085357,-0.13638611758863795,-0.3130419062081692,0.022533539177913908,-0.2822416611290274,-0.05257598748373026,-0.3157125787852632,-0.05272375358387056,-0.281767506778849,0.0980877209540193,-0.2843118381806404,0.025470215576462986,-0.2849218585409869,0.09763474811187033
0.10381690831232739,-0.2872630566286349,0.02884043030758395,-0.28751939581080804,0.10435668805602544,-0.2846370062108241,-0.05354240039733614,-0.317943491786772,-0.0534828147239282,-0.2849820480844903,0.02511336795211984,-0.3148379975345153,-0.13477477714731975,-0.3149743443226384,0.025628648225334873,-0.2845515185770167,-0.05371687278151566,-0.3175961694714455,-0.053873830318440646,-0.28406955425353403,0.10407362786098572,-0.2866498955414803,0.028452889298364623,-0.28722227549165474,0.10359951592599119
0.11216255253527116,-0.29063963467342946,0.03407071264224369,-0.2909063552212766,0.11277566380160982,-0.2879977476289703,-0.05184572575050351,-0.3186349637238999,-0.05172523029646577,-0.2883032516124891,0.030437266384911205,-0.3155343366348067,-0.13022399383838779,-0.3156869927690983,0.030983999740292402,-0.2879282227553049,-0.051969626086425434,-0.31827769822083507,-0.052146046219232516,-0.2874015096030968,0.11248426851361501,-0.29005345786320047,0.0336929868379241,-0.29058265732300537,0.11198616528859665
0.12218615901905684,-0.29475974514127,0.041131004493875745,-0.2950535524874027,0.12286244193002917,-0.2920774948259708,-0.04735923433675292,-0.3180613123162986,-0.047159378273128084,-0.29235858843036505,0.037567263869446164,-0.31493801403524746,-0.12305042818092353,-0.315113642937135,0.038146311564688465,-0.29205225277609315,-0.04740888631123338,-0.31770451702076813,-0.047626632058646375,-0.2914570739686531,0.12256261566952888,-0.29421582462315937,0.040751952163337296,-0.29468506557336227,0.12204451098840147
0.13189986163699177,-0.2988442212448494,0.048565855070621056,-0.2991795729791026,0.13261978119165693,-0.29610600323267056,-0.04115709326361257,-0.3165324464373018,-0.040876357570875016,-0.296385724005665,0.045031626645625905,-0.31336184702341774,-0.11479555650079593,-0.31356600932634,0.04564128405726898,-0.2961523989781031,-0.041116390896413266,-0.3161837876174365,-0.04139684800882422,-0.29547548945374535,0.1323104039944032,-0.29835704287477566,0.04816872913873976,-0.2987598742947968,0.13178346588661888
0.14038260312356482,-0.30246567383551715,0.05558323366945535,-0.30285256745558636,0.14112834626083529,-0.2996762049156087,-0.034136555954513835,-0.31437631426653395,-0.03378280866318058,-0.29996820989446715,0.052040982539908895,-0.31114286339959357,-0.10645922749115226,-0.3113744521183162,0.052680530255370624,-0.2998103228990413,-0.03401314098675867,-0.3140353581376162,-0.03435492436940875,-0.29903901230745056,0.14080732873562757,-0.30204055599705015,0.05515275961745121,-0.30238736136817296,0.14028213838207487
0.1470534176453644,-0.3051995705474808,0.061643712111626156,-0.3056332008292423,0.14781036947152124,-0.3023743394896753,-0.027105133665141914,-0.3118393829899789,-0.026691167790183747,-0.30268057875891574,0.058067341516416675,-0.3085356450967973,-0.09884105003656221,-0.3087890017861805,0.058735201896732335,-0.30258832375559913,-0.026917641598134503,-0.3115065085323275,-0.027307819466923854,-0.30172477284970856,0.14747642315009338,-0.30482648364559617,0.061175780126897006,-0.3051350827770694,0.14695856557672404
0.15169377808160256,-0.3068517970576726,0.06640768440179695,-0.30731584576968207,0.1524506124516778,-0.30400110899788896,-0.02083395417590444,-0.3092948065730384,-0.020377166556108862,-0.30431963488183006,0.0627830183292014,-0.30592194154729196,-0.09259749686358312,-0.30619076973073706,0.06347553064839646,-0.30426770169651146,-0.020596257771358505,-0.3089705255179313,-0.02102845218257076,-0.3033386635600493,0.15210424295227923,-0.3065124473158909,0.06590716822527913,-0.30679656587441856,0.1515939897167551
0.15440072788571227,-0.30753406419906276,0.06970740456625893,-0.30801359591417876,0.1551501738715275,-0.3046619922035226,-0.015860389976994294,-0.3070657836136529,-0.015381111283693467,-0.30499335992223403,0.06602836154748463,-0.30363491530113085,-0.08808556613796066,-0.3039129868565602,0.06673908727691621,-0.3049538949486787,-0.015592118937260216,-0.3067478763482706,-0.016056098111486606,-0.30399511521600536,0.15479326115970357,-0.30721270183574784,0.06917924145397737,-0.3074815099628762,0.1542868774208799
0.1555091894147902,-0.30751382795225163,0.07159115451632392,-0.30800228192387424,0.15624762338013004,-0.3046274782839174,-0.012397175384983394,-0.30531643023982336,-0.011911932817822811,-0.3049736938281087,0.06785873766573501,-0.3018422596509895,-0.08530340177682257,-0.30212510039324475,0.06858084768797336,-0.3049311412007147,-0.012122981446824532,-0.30500289447226575,-0.012600182830710002,-0.30396525393893536,0.15588374480645212,-0.3072014636163568,0.07103980379192507,-0.30746531447314734,0.15537692493073874
0.15551110395972959,-0.3070731351756541,0.07233769239638427,-0.30756657514816627,0.15623863384326533,-0.30418375937393505,-0.010409570608712825,-0.30414580505047906,-0.009927972926003253,-0.30454376438065334,0.06855998092573873,-0.3006433620183193,-0.08400542471465292,-0.3009283216123205,0.06928754027811689,-0.30449493479593204,-0.010144410884169721,-0.30383680138545566,-0.010624739449604972,-0.30352746847250717,0.15587103452119713,-0.3067631289430058,0.07176896434501162,-0.30703301283600914,0.1553609272915859
0.15497663135305959,-0.30650518142983285,0.07237122281115828,-0.30699865549088323,0.1556962531522449,-0.30361773094589595,-0.009613236202026306,-0.3035455449095749,-0.009139012440597689,-0.3039872283145418,0.06856434032454242,-0.3000297134377382,-0.08374432057005926,-0.3003140269186492,0.06929372323486106,-0.30393269591506966,-0.009357879834010568,-0.30324011445754095,-0.009840235733593435,-0.3029651673871985,0.15532771941820772,-0.30619178876283226,0.07179448005260691,-0.30647189655514046,0.1548134584795029
0.15447281681324246,-0.30611218053804545,0.07216289853657454,-0.30660229706766545,0.1551892157585633,-0.30322478967627137,-0.009506307000695177,-0.3033587001891418,-0.009037586189981607,-0.30359861916908454,0.06834384574996835,-0.29983926192102356,-0.08391962268869198,-0.300121576370749,0.06907364497574305,-0.3035390432194033,-0.009255623032571738,-0.30305458397133167,-0.009738398853026816,-0.30257456996500526,0.15482025798797666,-0.3057933680762121,0.07158479836710412,-0.30608094303186467,0.1543031316825614
