0.0,0.0,0.0,0.0,0.0,0.0,0.0,0.0,0.0,0.0,0.0,0.0,0.0,0.0,0.0,0.0,0.0,0.0,0.0,0.0,0.0,0.0,0.0,0.0,0.0,0.0,0.0,0.0,0.0,0.0,0.0,0.0,0.0,0.0,0.0,0.0,0.0,0.0,0.0,0.0,0.0,0.0,0.0,0.0,0.0,0.0,0.0,0.0,0.0
9.67819086150623e-6,9.67810803148561e-6,9.67810803148561e-6,9.678108031596633e-6,9.678108031596633e-6,9.678108031041521e-6,9.678190861395208e-6,9.678108030541921e-6,9.678025201187435e-6,9.678025201298457e-6,9.678025201298457e-6,9.67802520140948e-6,9.678025200576812e-6,9.67810802998681e-6,9.678108030763966e-6,9.678025201298457e-6,9.678025201520501e-6,9.67802520140948e-6,9.67802520140948e-6,9.678025200798857e-6,9.67810802998681e-6,9.678108030652943e-6,9.678025201298457e-6,9.67802520140948e-6,9.678025201298457e-6,9.67802520140948e-6,9.678025200576812e-6,9.678108029764765e-6,9.678108030652943e-6,9.678025201298457e-6,9.678025201187435e-6,9.678025201298457e-6,9.678025201187435e-6,9.678025200354767e-6,9.678108029764765e-6,9.678108029764765e-6,9.678025200410278e-6,9.678025200188234e-6,9.678025200299256e-6,9.678025200188234e-6,9.678025199688634e-6,9.678108028821075e-6,9.678190859396807e-6,9.678108028043919e-6,9.678108028154941e-6,9.678108028043919e-6,9.678108028154941e-6,9.678108027433296e-6,9.678190858952718e-6
8.518393751666409e-5,8.517684957026761e-5,8.517684962661143e-5,8.51768496265004e-5,8.517684962638938e-5,8.517684908670997e-5,8.518393703321747e-5,8.517684860376296e-5,8.516976135442e-5,8.516976141093036e-5,8.51697614111524e-5,8.516976141093036e-5,8.516976087175054e-5,8.517684812103798e-5,8.517684866049535e-5,8.516976141070831e-5,8.516976146732969e-5,8.516976146755173e-5,8.516976146794031e-5,8.516976092837192e-5,8.51768481778814e-5,8.51768486607174e-5,8.516976141081933e-5,8.516976146710764e-5,8.516976146721866e-5,8.516976146760724e-5,8.516976092803885e-5,8.517684817754834e-5,8.517684866055086e-5,8.516976141076382e-5,8.51697614673852e-5,8.51697614673852e-5,8.51697614673852e-5,8.516976092798334e-5,8.517684817749283e-5,8.517684812092696e-5,8.516976087180606e-5,8.516976092853845e-5,8.51697609287605e-5,8.516976092864947e-5,8.51697603891366e-5,8.517684763842404e-5,8.518393606732344e-5,8.517684715525498e-5,8.517684721182084e-5,8.517684721193186e-5,8.517684721232044e-5,8.517684667230796e-5,8.518393558459847e-5
0.00032935121409904955,0.0003292192356001422,0.0003292192490029766,0.0003292192490014223,0.0003292192490139123,0.0003292192077524736,0.00032935118624011217,0.00032921917988865124,0.0003290872784905696,0.0003290872918843557,0.0003290872918828569,0.0003290872918952359,0.0003290872506598319,0.0003292191520468113,0.00032921919330802796,0.0003290872919008425,0.00032908730529440655,0.00032908730529335184,0.0003290873053055088,0.0003290872640702158,0.00032921916546635455,0.00032921919330702876,0.0003290872918997878,0.0003290873052935184,0.00032908730529229713,0.0003290873053045096,0.0003290872640689946,0.0003292191654651333,0.0003292191933186306,0.00032908729191144515,0.0003290873053051202,0.00032908730530378794,0.0003290873053160559,0.0003290872640806519,0.0003292191654769572,0.0003292191520569143,0.00032908725071717493,0.0003290872641113496,0.0003290872641102949,0.00032908726412211875,0.0003290872228868813,0.00032921912421496335,0.0003293511305106911,0.0003292190963428143,0.00032921910976263513,0.0003292191097615249,0.0003292191097733488,0.0003292190684703322,0.0003293511026267737
0.0008745458387581784,0.0008740449455620358,0.0008740450260994459,0.0008740449944779072,0.0008740449878847367,0.000874044803502172,0.0008745457391498013,0.0008740447217847058,0.0008735441711847924,0.0008735440625389224,0.0008735440374023629,0.0008735440564443531,0.0008735442539758997,0.0008740448287625768,0.0008740447776091065,0.0008735442649159819,0.0008735440992113097,0.0008735440747686951,0.0008735440941508577,0.0008735443697470147,0.0008740449442591336,0.0008740447776100502,0.000873544264883952,0.0008735440991782806,0.0008735440747343337,0.0008735440941173289,0.0008735443696932244,0.0008740449442048437,0.0008740447776645621,0.0008735442649056013,0.0008735440991945453,0.000873544074748045,0.0008735440941416983,0.0008735443697228673,0.0008740449442542486,0.0008740445999298463,0.0008735442450434894,0.0008735439950808832,0.0008735438407186935,0.0008735438490581893,0.0008735441315350645,0.0008740447237803872,0.0008745455617441555,0.0008740444290469274,0.0008740444246729817,0.0008740441955253919,0.0008740443677512921,0.0008740446469963636,0.000874545524888859
0.0018576278118118683,0.0018554087812954756,0.0018554084317792818,0.0018554081785883136,0.001855407939982845,0.0018554071915355963,0.0018576264881300375,0.0018554083166666402,0.001853195900059057,0.0018531966556410984,0.0018531965375573889,0.0018531964035370385,0.0018531979961681766,0.001855410438438787,0.0018554102903442504,0.0018531989235021085,0.001853199683709006,0.0018531996600576472,0.0018531996284042451,0.001853199799284111,0.0018554111891750935,0.0018554110175061922,0.0018531996641911186,0.001853200444957126,0.0018532004361814236,0.001853200424203949,0.0018531997800049216,0.0018554111907133075,0.0018554110227377851,0.0018531996820342345,0.0018531979019396072,0.0018531992037958966,0.0018531992029440225,0.001853198578462667,0.0018554099739288565,0.0018554059068874862,0.0018531955580654014,0.001853191304810875,0.0018531907130905356,0.001853192506227952,0.001853192669211079,0.0018554050446746295,0.0018576209095923502,0.0018553995883427432,0.0018553960706299555,0.0018553950432778077,0.001855396744844362,0.0018554009994705134,0.0018576217459070898
0.003398461560141619,0.00339323057996177,0.0033932294883250447,0.0033932280424116,0.0033932267264947247,0.0033932229119984503,0.0033984553441637755,0.0033932235291778134,0.0033880149935682224,0.0033880180932283066,0.0033880173372088374,0.003388016415401651,0.00338802153238571,0.0033932303094684757,0.0033932293230123367,0.0033880222370075153,0.003388025813740536,0.003388025725255761,0.0033880255142585414,0.0033880256920307272,0.003393232855810613,0.003393232363178289,0.0033880254015707933,0.0033880291113470573,0.0033880291337849977,0.00338802905801755,0.003388025565212782,0.003393232861326201,0.0033932323861483593,0.003388025539590389,0.0033880220926848503,0.003388025907093084,0.0033880259289988945,0.003388022494972387,0.0033932298964043373,0.0033932144783895835,0.0033880128584128366,0.003388000380416978,0.0033879996828998227,0.003388003913041948,0.003388004181614057,0.0033932122373458995,0.003398429460783392,0.0033931929532314276,0.003393178769233396,0.003393176706043166,0.0033931804867430304,0.0033932000131028373,0.003398435248279541
0.005564155320919917,0.005550372792837599,0.005550361710555396,0.005550351094431694,0.0055503399881493,0.005550319181239161,0.005564112788658426,0.0055503176382288855,0.005536626693406821,0.005536645812767582,0.00553664190282821,0.005536633969895066,0.005536654626673965,0.0055503468501789666,0.005550338526815801,0.005536660738304222,0.005536685472398162,0.005536686281396974,0.005536683677080989,0.005536675884191933,0.005550352064152053,0.005550352564230976,0.005536675390633017,0.005536701091187812,0.005536702628007484,0.005536701013342915,0.0055366750152727184,0.005550352143096071,0.005550352781207191,0.005536676380836603,0.005536666653387534,0.005536687479627489,0.005536686431021121,0.005536660926364845,0.005550339691049788,0.0055502741479787066,0.005536612332865454,0.005536565520683323,0.005536564653262133,0.005536587647778812,0.00553658103016702,0.0055502746779092504,0.005564000872900765,0.005550177571748027,0.00555011694339691,0.005550112730500989,0.005550128015864519,0.005550219100328879,0.005564025329614419
0.008352267344623687,0.008317854398374347,0.008317842317786317,0.00831777807452655,0.008317711800946426,0.00831759739761262,0.008352074682226596,0.008317462896636485,0.008283343207028171,0.00828342516690267,0.008283393393408334,0.008283343763146322,0.008283245275159445,0.008317371215112612,0.00831738202476967,0.008283252750816705,0.008283375949934002,0.008283377423489058,0.008283364171509766,0.008283257401881516,0.008317371809679286,0.008317379259904834,0.008283256729460453,0.008283386227233958,0.00828339364554348,0.00828338671823492,0.008283250924913443,0.00831737194674631,0.008317379641058054,0.00828326371074034,0.008283345216440585,0.008283384515199554,0.00828338293414449,0.008283252544065867,0.008317379896191468,0.008317235246075139,0.008283157665725904,0.008283173934833465,0.008283205062675991,0.00828326557748682,0.008283189819769055,0.0083173519424653,0.008351753499063586,0.008317179850696077,0.008317152317822485,0.008317199912276418,0.008317276445111377,0.008317425454735516,0.008351974263959061
0.011688228055582062,0.011616983947487225,0.011616984133575481,0.011616739762532247,0.011616485602020998,0.01161604999905802,0.011687532430157854,0.011615411831773614,0.011544808442864207,0.011545085633029528,0.01154496268338201,0.011544773405097797,0.011544191463370934,0.011614807256754955,0.011614917007178482,0.011544266176894469,0.011544696185302239,0.011544699737354669,0.011544655097640133,0.011544185635400939,0.011614774447979648,0.01161480168298129,0.011544181061606484,0.011544633685511618,0.011544659626433251,0.011544637299291005,0.01154416105746775,0.011614775337249361,0.011614802939996671,0.011544207583521426,0.011544635517453161,0.011544701974988414,0.011544700003547681,0.011544244328896391,0.011614883170655788,0.011614615566213515,0.011544017096474735,0.011544471670016876,0.011544613150612448,0.01154476728350684,0.011544462882026041,0.011615214145893726,0.011686865434694937,0.0116150258557004,0.011615332867263128,0.011615586235470488,0.011615805119133404,0.011615961072994285,0.011687651706289603
0.015383490048961335,0.015238687882757729,0.01523886536942104,0.015238177091472405,0.015237581036401604,0.015235871661257616,0.015381185171969847,0.015233432770566935,0.015090739408625209,0.015091567736658595,0.01509091467246293,0.015090597867187971,0.01508871041016474,0.015231424627884294,0.015231784958856687,0.015088849135371563,0.015090132591671024,0.015089804191891765,0.015089921986048194,0.015088513632130984,0.015231370496336216,0.015231394915051433,0.015088505676930042,0.015089848527099325,0.015089600801879266,0.015089748359425392,0.015088425650625126,0.015231351568174234,0.015231385196574354,0.01508859046417288,0.01508996486319053,0.015089803577522432,0.015090023698938138,0.015088768255831386,0.015231767768154214,0.01523106086151127,0.015088297432610975,0.015089875339401149,0.01509014907421996,0.01509063358004381,0.01508963325267243,0.015233137009681319,0.015379796197351248,0.01523353138053668,0.015235027459301331,0.015235870797613238,0.015236627876796915,0.015236490847883921,0.015382450182781504
0.01877560566895775,0.01852464801060355,0.01852508404486819,0.018523489026741335,0.018521987981021837,0.01851835892535697,0.018770244500288746,0.018513714453572694,0.018267748954679364,0.018269731140015788,0.018268727024217835,0.01826831611816243,0.018265300925007,0.01851019211474958,0.01851076205138663,0.018265615120623357,0.018268186639956496,0.018267498806204485,0.018267907730955102,0.018265562202226415,0.018510430788682086,0.018510177345171575,0.018265421588880115,0.01826799533187251,0.018267193938543036,0.01826765095755123,0.018265203179698708,0.018510568809178785,0.018510096278907984,0.018265669030158083,0.01826815702427642,0.018267389414856505,0.018267851055001227,0.018265249861907362,0.018510912012575764,0.018508736438187845,0.018265017941861195,0.01826771739416877,0.01826810572847032,0.01826898607895261,0.018266903264668233,0.018513195427587503,0.018767309643118957,0.01851485871468672,0.018518304530842966,0.018519823880882025,0.01852150223819715,0.01852099924021633,0.01877354922596436
0.021508811243191817,0.02111816305843922,0.02111958457371277,0.02111668295773994,0.02111431229475641,0.02110838595413067,0.021500591659074142,0.021102124507145215,0.020721738348677965,0.020725364450938033,0.020724277482158826,0.020723683315125863,0.020718771958840254,0.02109680136978198,0.021098761690281076,0.020719633213472144,0.020724018440051117,0.020723158516298967,0.020723262240791795,0.020719542460827522,0.021097700863642765,0.021097611108443437,0.020718995149980435,0.02072361240065529,0.02072274681268088,0.020722993096942977,0.020719180621495636,0.021097535331440098,0.02109779415666574,0.020719166403047384,0.02072348363509552,0.020723381948905273,0.020723135902557033,0.020718852778552843,0.021097293360602842,0.021095084249725782,0.020718698823110504,0.020722900459732962,0.02072378345741427,0.020724403600023866,0.02072123877049037,0.021100843030287142,0.021496230390705917,0.021105041147607584,0.0211106604314224,0.021112722117003102,0.021115465516551857,0.021113951043230272,0.021505743007051215
0.023296369568332698,0.022733107764977833,0.02273699152888764,0.02273332545166923,0.02272943712390374,0.022721288260498795,0.023283686252204006,0.022713247760141164,0.022170765188254393,0.02217673416389143,0.022173933840912485,0.02217275041007144,0.022165876001025153,0.022704023765936387,0.02270750045130482,0.022167845044751167,0.02217497225838372,0.02217391891458209,0.02217330118006333,0.022167058885158075,0.022706302390672284,0.022706492619039953,0.02216787234813128,0.022173826361660376,0.022173368930967496,0.0221730539276907,0.02216705163645838,0.02270572166177448,0.022707023632948742,0.02216806801177501,0.02217386947017136,0.022174305873156608,0.022173330495939225,0.022166505684943605,0.022705462461624193,0.022702553252589963,0.022165811913116396,0.022172630575849006,0.022174327417927464,0.022175334573637073,0.022169990306199094,0.022710937366907158,0.023279330795213604,0.022717605692706533,0.022726259575792995,0.0227289518933802,0.022732428347317424,0.022729611736943822,0.02329218752139406
0.023979353945855653,0.023233447756750902,0.02323939808005049,0.023236098106564906,0.02323094005794324,0.023219583419297807,0.023962453222990288,0.023210039141722927,0.02249808569094136,0.022506512450170546,0.02250232123604612,0.02250093989405738,0.022491832495980635,0.023197677140084583,0.023203637395928733,0.022494938139574427,0.022505220679536864,0.022502813853544357,0.02250313161491757,0.022493633142472824,0.02320186308063149,0.023202685514792987,0.022495411194174808,0.022503662471252073,0.02250303319341901,0.022502746934917717,0.022493559374579086,0.023199734876921507,0.02320269630885019,0.022495751271626674,0.022504132060473248,0.022503784771497726,0.022502652372420662,0.022493815096333802,0.023200476984901186,0.023195854434089058,0.022491735067798613,0.022501497384082136,0.022502598858185507,0.02250448920718734,0.022497382084937234,0.023207309717131475,0.023958457584091486,0.023215751915132254,0.023227405335725315,0.023230287015487683,0.023234485195453902,0.023229895005854873,0.023974815018885987
0.023485037881295856,0.022553774690883044,0.022563325334001627,0.022558152121968045,0.022552563772549328,0.02253738007345113,0.023464647112634518,0.02252741517866752,0.021646751246147067,0.021658741502218304,0.021653358688116908,0.021651122094930975,0.021638860095309853,0.022512064785782604,0.022521684422892763,0.021644227926837845,0.021658238637955074,0.021655915967975392,0.02165616070772891,0.02164252946829759,0.022518963186159535,0.022520762804368932,0.021645109608747715,0.021656301935607913,0.0216565132668895,0.02165566049257439,0.021642291362380994,0.022516044138661595,0.02252045309329903,0.02164566081651892,0.021657043201205928,0.021656814969889804,0.021655621323298624,0.02164348780915265,0.02251717530627928,0.022510975574755787,0.021639659977615244,0.021653325957449676,0.02165473916584687,0.02165705768640186,0.021646690796407575,0.022524434392436565,0.023461852540480055,0.022535398182199018,0.022550368655575137,0.02255405371089958,0.022558540019582296,0.02255055501072578,0.02348068295370065
0.021889673884820604,0.020795237385060283,0.020809413288346457,0.020802945200562528,0.020797301819410086,0.020777712829394335,0.021865849209921906,0.020768445801681523,0.019744705650426853,0.01976122645375672,0.01975432644207986,0.01975175967366055,0.01973605204431056,0.020748551170520546,0.020764359274113464,0.019743274896588836,0.01976212868916033,0.019759814775572537,0.019759267814574433,0.019741864123350272,0.020759785005047104,0.020762915057623954,0.019744161088958434,0.01975979544163542,0.01976113095757903,0.019758719035357086,0.019741596942947748,0.02075747404677264,0.02076224252267067,0.019745131339253652,0.01976069865203567,0.01976057798934161,0.01975968902183506,0.019743489150983506,0.02075873402210332,0.020748970712233084,0.019737412443386115,0.019754164809878794,0.019755999577275363,0.019758930461936164,0.019745537004564273,0.020764518036181234,0.0218635820007424,0.020776886552352436,0.020795577830329814,0.020799398998252505,0.020804201823372337,0.020792580495910762,0.021884774625401726
0.01937339505803487,0.018161007917077032,0.018178930449449127,0.018173783017585765,0.018168453079295266,0.018144321650519546,0.019348633864886278,0.01813524640508296,0.017014670857340153,0.017034403843139923,0.017027674493051426,0.017024745905902694,0.017005590856225106,0.018112965684367932,0.01813385639446513,0.017015520246946303,0.01703784438917949,0.017035722082425042,0.017035196548644216,0.01701413163474924,0.018127756942154405,0.01813235972397481,0.017016665324034508,0.017035761889829082,0.017037830930351605,0.01703499686383969,0.017014590613557146,0.018126094685478655,0.01813113583114062,0.01701780015491572,0.017036596032128093,0.01703677916033486,0.017036323396557362,0.017016664452741026,0.018127776636292114,0.018113964489457346,0.01700741958424712,0.01702747138522065,0.017028497916296292,0.01703287900478051,0.0170162615367902,0.018130667988425497,0.01934714418077349,0.01814306344587141,0.018166392086647054,0.01816992065685652,0.01817508387375627,0.018159267757281383,0.01936848956382109
0.016195395327377626,0.014924670779802807,0.014946659172859311,0.014942217405713942,0.014937628141349524,0.014909530186517361,0.01617077757115354,0.014901076155839299,0.013743701732151559,0.013767045086957808,0.013760434768938401,0.013757749583383605,0.013734487736460965,0.014877366835602202,0.014903455578192726,0.013747883560975338,0.013773856554108899,0.01377273424758707,0.013771886041078651,0.013746731590732975,0.014896422330361425,0.014901851906637287,0.013748913658158723,0.01377197989746759,0.013774476538474412,0.013771440802508583,0.013747141965390397,0.014895634405402036,0.0149007648945641,0.013750630610350478,0.013773289386384224,0.01377342033677681,0.013772859902984658,0.01374977827273477,0.01489709768961911,0.014878943539420875,0.013736359290676292,0.013759439163643528,0.013760929106645559,0.013765167800261213,0.013745126221435422,0.014894849074814476,0.016169628590119278,0.014908013886833105,0.014934956026008916,0.014938985881527811,0.014943657371495278,0.014923564846666293,0.016190434925664132
0.012704023720543633,0.011458091795649716,0.011483207290695185,0.011479318706287434,0.011475766804289411,0.01144500533851961,0.012682145333076322,0.011438320351653986,0.010325021754143404,0.010350281150801388,0.010345026341172625,0.01034270391698533,0.010317323504620557,0.0114166938954543,0.011445830978412896,0.01033322451548535,0.010361365265125377,0.01036041201047877,0.010359534364096312,0.01033257956328959,0.011438839818872337,0.011444180106283564,0.010333682063023653,0.010359646817535373,0.01036209453272302,0.010358827044170293,0.010333075105382339,0.011438698662596947,0.011443433953952198,0.010335869551144461,0.010361030053327447,0.010360864891222066,0.010360977348531586,0.010336054709322029,0.011440649999698405,0.011417863715360355,0.010318809410693963,0.010343846666342416,0.010344805018487724,0.010348567370824846,0.010326460122821235,0.011432174043058574,0.01268125224171629,0.011444324723040245,0.011473690843424977,0.011476889086797337,0.011480456173305953,0.01145771335719592,0.012700058498955724
0.009247861473262453,0.008112267159884334,0.00813941165831572,0.008136406981735123,0.008134459974912522,0.0081030758148245,0.009231433699286695,0.00809907069068544,0.0071110270393739405,0.007136530786766737,0.007132422551250683,0.007131250955666524,0.007105267781217672,0.008082562600338905,0.008113213086758997,0.007124341887600971,0.0071520600580036175,0.007151279834356816,0.0071512275901289835,0.007124102231960194,0.008107774987457406,0.008112154296751828,0.007124898467247953,0.007150946240643552,0.007152986342302936,0.0071506657471749335,0.007124590077682513,0.008107645114392437,0.008111488489121355,0.00712662755400173,0.007152323381526382,0.007152342163462222,0.007152489426590691,0.007126974571841638,0.008109410333373923,0.008084020415694837,0.007106663447271178,0.007132200510934439,0.007132785075269155,0.007135832512556561,0.007112444970101384,0.00809458529748891,0.009231892725368174,0.008103785232633276,0.008134123226267442,0.008136236498250515,0.008138771294084468,0.008113269678008184,0.009245338551471916
0.006182715603423428,0.005245717258698712,0.005273324866257145,0.005271741523441786,0.005271256860615914,0.005241411619762881,0.006172057837757816,0.005240375954776333,0.004458944118416741,0.004483505337822324,0.004481018054394104,0.004480486557792984,0.004456279389514761,0.005229591124189525,0.005260096183867524,0.00447646597027751,0.004502502536068209,0.00450215612036392,0.004502075417491258,0.004476753784030674,0.005256281584556488,0.0052595610725139075,0.0044767911050696,0.0045019566488755935,0.004503420254988011,0.004501707651247133,0.00447727759356481,0.005256596429170257,0.005259263899852651,0.004478469423923659,0.004503083924248974,0.004502888380460812,0.004503321883775946,0.004479295872677258,0.005257912877610849,0.00523107655003896,0.004457593330194354,0.004481104970485483,0.00448128287276417,0.00448339199007719,0.004460733256823446,0.0052372686676605,0.006173715432188365,0.005243457542994434,0.00527177745492724,0.005272914701310971,0.005274102915691525,0.005247921007880074,0.006181189741083559
0.0038171373799427144,0.003159274743652074,0.003184542246408739,0.0031841948350981863,0.0031852621808820536,0.0031595962041390813,0.003813404327560388,0.003160712518198938,0.002656597768295743,0.0026770118140668764,0.002676306412769891,0.0026769437405792518,0.0026565356477448177,0.0031568497142543395,0.0031838379146333917,0.002675683696785003,0.002696872238145187,0.0026966087827215435,0.0026971230144652303,0.002676332761907041,0.003181912695699951,0.0031837241827178397,0.0026758546478292122,0.0026968229841724534,0.0026974834538253667,0.0026969082226840357,0.0026765885003899315,0.003182220645036371,0.0031836755786478488,0.0026769461922011573,0.0026976149517891623,0.00269733644021819,0.0026980527561490386,0.002677889460687366,0.003183245825691239,0.0031580223324383927,0.0026575954994975115,0.00267727954169511,0.0026767335328481967,0.002677671564661699,0.0026579231626926436,0.0031597092491773004,0.0038157080782022512,0.003162188951821243,0.003186805128309933,0.003186421738292311,0.0031863958142603344,0.0031619598685078687,0.0038173259007983074
0.002382131486549699,0.002061637415872064,0.002081962033602003,0.002082833242889104,0.0020850141161924407,0.002065987024704785,0.002384368969212125,0.002069094235682023,0.0018896109255553961,0.0019040096198837952,0.0019050809339972719,0.0019062441143886666,0.001892021389650722,0.0020714025183178886,0.002092273573842951,0.0019074132395590082,0.0019218240817521215,0.001921986263337394,0.001922621072364572,0.0019084179484989972,0.0020922548010888775,0.0020922924906824347,0.001907154150476209,0.0019221599663487021,0.0019222374418271237,0.0019226433462993797,0.0019086487447928513,0.0020926643153169056,0.0020926632821489655,0.0019079043156180475,0.0019225488188282513,0.0019223995970005237,0.0019231984756284404,0.0019090174843787167,0.0020930988343296764,0.002072216771545232,0.0018924310824915413,0.0019061747119107908,0.0019054009841022457,0.0019052536230817485,0.0018908075355404952,0.0020696791739711062,0.002387201876638989,0.0020689850039025126,0.002087361524857112,0.0020859968162616482,0.0020848889382054647,0.002064601265537369,0.002383510628543195
0.0020252234136168834,0.002076642305800347,0.0020881102076952818,0.002089723481485395,0.0020923006400143107,0.002082769603934609,0.0020322360778207704,0.002087277705591861,0.0022536005930424707,0.0022590281724726435,0.002261293819254717,0.0022624402315387093,0.002257151275075975,0.0020948722975412393,0.002105908022285885,0.0022652098569583834,0.002270400634205305,0.0022706469305319166,0.0022709521564537316,0.002266142270058391,0.002107538759838712,0.002106000494317861,0.002264554086290338,0.002270792544845135,0.0022701129809006293,0.0022711673316548886,0.002265985645163726,0.0021078086812308383,0.0021065797310551027,0.0022646139231109474,0.0022705340623296877,0.0022702737901819647,0.0022708742924043013,0.0022654043825788284,0.0021076450481203324,0.002094873112740425,0.0022560687567476645,0.002261555464134535,0.002260583239135583,0.002259357269571549,0.0022527646167286863,0.0020887972275845934,0.002034823573969835,0.0020849788038542205,0.0020945338705541383,0.002092137912114045,0.0020905590358921144,0.0020778064381692385,0.002026972279744743
0.0027788219950368176,0.0031994496705586295,0.00319905572353979,0.0032010467957331867,0.0032041186739675265,0.003207152068091912,0.0027894229641199364,0.0032117798444315504,0.0037094656521370895,0.0037028901345774745,0.003705712322632393,0.003706899899762972,0.003712828383286182,0.0032228838798736836,0.0032211031054522055,0.0037117833499957786,0.0037047130823657515,0.0037048902029470643,0.0037058762122185174,0.0037134631151219955,0.003224667683509874,0.003221746125354308,0.003711252141998078,0.0037053255576673383,0.0037041051471488062,0.003706375208102519,0.003713424748899352,0.003224917863557386,0.0032223730225818814,0.0037100962620141287,0.0037042467550035263,0.0037047064312712985,0.0037054566267306077,0.0037120110966146758,0.003224330525779473,0.0032226932595038615,0.003712412388214348,0.00370700320777706,0.003705526388574576,0.003703247052055103,0.003708620572740573,0.003214558826179159,0.0027914640411690894,0.003208690398643521,0.0032069095803788916,0.0032039990782194994,0.0032017063168441884,0.003200290786405491,0.0027810770291318287
0.004581689867946825,0.005335291752368354,0.005320279139553741,0.005322756450704236,0.00532497286793171,0.005342204478942736,0.004593805762273084,0.0053462588061038985,0.006127556552183611,0.006106939812632273,0.006110698059628494,0.006111968392532585,0.006131128354844473,0.005359942954012986,0.0053420364561592715,0.006116820840119608,0.00609559684582478,0.006095749391033023,0.006096255441750853,0.00611695328346179,0.005346367006602071,0.005342073455545049,0.006115943735367613,0.006096913701011508,0.0060944834515226365,0.006097066798672834,0.006116775618603965,0.005346480804016507,0.005343192899457672,0.006114237890705199,0.006095073294141551,0.00609487688533239,0.006095030635470122,0.006114358181365187,0.0053451631314018755,0.005358219819656118,0.006129050175420425,0.006110334559468744,0.006109216606974444,0.006106317284222507,0.006124216946844507,0.005348806837400022,0.00459399938085181,0.005341660588884467,0.00532539187036174,0.005322470560236048,0.005320389543361059,0.0053332442803019076,0.004583195777047022
0.0072624706716738485,0.008272818474108268,0.008240691925828325,0.008241482964585711,0.008242199188149724,0.008276680063835196,0.007274431921174829,0.008279984875240731,0.00925962523034507,0.00922385115208324,0.009226206791115188,0.009225764373607226,0.009259600266733059,0.008294010013425057,0.008257745785621218,0.00923124262807773,0.009195187916634429,0.009195397934339211,0.009195805319236028,0.009232002044264831,0.008263659091945541,0.008258245400730002,0.009230721845422618,0.009196288091431026,0.009193968428198918,0.009196529730461811,0.009231695867142065,0.008263625383035045,0.008258951934888348,0.00922769280403929,0.009193291613959098,0.009194401369835292,0.009194114465659042,0.00922897207637513,0.008261981274090946,0.008291709913821554,0.009258413009150812,0.009226008234197225,0.009225035642469293,0.00922108336818006,0.009254752212572048,0.008283354385338115,0.0072731004554559275,0.008274672392102667,0.008242836740102899,0.008240619205240718,0.008238544096425493,0.008268126854205082,0.007263244234025468
0.010582987441436431,0.011743620717010739,0.01169358384085395,0.011695588441128224,0.011695161748452754,0.011745964107991724,0.010592876439874943,0.011745109980270563,0.01281110422495546,0.012759034721576468,0.012762375726512842,0.012762189063557583,0.012810440302763515,0.011757113197469637,0.011701833763837988,0.012765706901120999,0.01271330559509759,0.01271334022115822,0.012713888247013805,0.01276481844359717,0.011706737396894928,0.011702228430655492,0.012765355071669926,0.012715080329386952,0.012712245003392575,0.012715325467127947,0.012765401042693802,0.011706832403581502,0.011702737785939554,0.012761778456046202,0.012712051724018125,0.012712835657163968,0.012712109371129376,0.012762140004718092,0.011704929696301658,0.011754074535580028,0.012809176378175358,0.012761394741791943,0.012761319203823118,0.012757697729637363,0.012807181421499558,0.011747509751670049,0.010589168087807743,0.011741122951421545,0.011691925708214979,0.011690815484128203,0.011689830206705942,0.011738052219646355,0.010582734209507394
0.01424688558135384,0.015428486708713496,0.01535995219984787,0.0153592391933004,0.01535503703387181,0.01542238006504526,0.014251322246152165,0.01541863339062377,0.016440961478306926,0.016374996348795856,0.016376090917484987,0.01637303272613272,0.016434436047912837,0.015426576305367146,0.015351135864052845,0.01637306507118319,0.016307562247551366,0.016307938701252578,0.01630673928981835,0.01637039519293182,0.015355984973990155,0.015350118431107562,0.01637251585579408,0.016309226800715615,0.016306275092203726,0.01630780388431402,0.016370252523849327,0.015355811184685209,0.015350572721466005,0.01636858490565124,0.016305151629166126,0.016306185535497897,0.016304165179883756,0.016366948663561198,0.015353523902015942,0.015421475686313302,0.01643195894341415,0.016371394837706776,0.01637285962205287,0.01636910823831611,0.016431571609036355,0.015419486675667171,0.014244022548260515,0.015413535889052365,0.015348136985667227,0.015349469854541997,0.015350052176498763,0.015416444270580976,0.014243871403769981
0.01792184414107706,0.018976872996722405,0.01889174061580451,0.01888991546390001,0.018883800581944332,0.018965388861161947,0.017919633806742996,0.0189552993587086,0.019793462666126693,0.019714952225123983,0.019714756237188935,0.0197104341149113,0.019783346677614277,0.018956743198605686,0.01886501032474386,0.01970897789930448,0.01963150778996886,0.01963180863403796,0.019630833202355757,0.019707703416878164,0.01886861465082612,0.018865282313497322,0.019709946834546688,0.019633450509840666,0.019631551448008544,0.01963280461740391,0.019708457414292446,0.018868936778329404,0.018864424239956712,0.019705073520965233,0.01962882259020199,0.019631223761716332,0.019629184541153977,0.019705333594616126,0.01886659646502825,0.01895201175523703,0.01978443276077546,0.019712200414514824,0.01971425150920758,0.01971115720174338,0.01978864040957984,0.018955349226643547,0.01790958279164334,0.018954520899338856,0.018875671622390067,0.01887913242831063,0.0188811765489158,0.01896553840252868,0.01791697957506133
0.02130503217154528,0.022093546373319783,0.02199477168480657,0.021992974590129777,0.021983298555746877,0.022074806853463358,0.021294348861065016,0.022059359716770754,0.022585275538909766,0.022497720844922964,0.02249819767276512,0.02249242151335501,0.02257325178145836,0.02205320993906723,0.021948836161502894,0.022486777520823398,0.02239957076282373,0.022400990418716293,0.02239703807815191,0.022481388487982534,0.021948005458601705,0.021947508494029377,0.02248689650614294,0.022403253777852128,0.02240060698822982,0.022400098845576366,0.02248240505825949,0.021948661886481702,0.02194650209686594,0.022482205633650887,0.02239854800551777,0.02239922145037143,0.02239599747477078,0.022478584813415803,0.02194532195468829,0.02204719005917355,0.022573350624287725,0.022491754181493517,0.022496404112600454,0.022494370412521836,0.022579469205710856,0.02205578096437183,0.021280884739978023,0.022061907712342177,0.02197000119567144,0.021976477514953685,0.0219803331518601,0.02207956923166604,0.021297707447698988
0.02409746138316393,0.024483889212823906,0.024376258776913518,0.02437049200127639,0.02435684730440879,0.024456682936775387,0.024075142266929694,0.024438143629152476,0.024536511874231615,0.02444658632245894,0.024443350281529497,0.024433948497151747,0.024517680904330708,0.024420975095688524,0.024309576322015858,0.02442409376180732,0.024335680489576128,0.024337713465491795,0.02433230054684521,0.024420104124774467,0.024306986378207718,0.024309689242195953,0.02442543435300143,0.024338606577388677,0.0243374882382566,0.024334899268278642,0.02442199102306286,0.024308122587575032,0.0243067699312981,0.024419539415253044,0.024333261214764035,0.024335385921530006,0.024332657214693965,0.024417778718937688,0.024305453286019407,0.024416714390642857,0.024519398890149646,0.024436193910776616,0.02444238382796421,0.02444079669257443,0.02453049449167566,0.02443374274439325,0.024061262760095847,0.024444610270524247,0.024344862264251754,0.02435481778498394,0.02435923223634695,0.024468993562068442,0.024087157419768024
0.026073084256847456,0.02595354461771715,0.025843934791522638,0.025840896243372047,0.025826427059818413,0.025925927016881012,0.026041546477663713,0.025901596295528184,0.02549211629332271,0.025404317012167887,0.025402957408686144,0.02539370559696974,0.025474536279687265,0.02587307467345834,0.02576252271656676,0.025377858319536317,0.02529305502698198,0.025295260989312562,0.025289509240828845,0.025375638029890735,0.0257548950596172,0.025764889861763507,0.025380720052740446,0.025296206170494107,0.025295633882314317,0.02529263203492932,0.025379481044341956,0.025757484234394612,0.025760617895964455,0.025375229596903193,0.02529117169048184,0.02529480474517981,0.02529119989977796,0.02537469022913086,0.025755600689027214,0.025872013179090214,0.02547823251852549,0.025395097670945166,0.025404110199577223,0.025403223383205886,0.025492047949946917,0.02589571712793659,0.02602792421154121,0.025914096408021114,0.02581203098585766,0.025824631050924862,0.025829290461645504,0.025943485833405333,0.02606231888492705
0.027084514969255458,0.026397479109159683,0.026291692412892753,0.026285813575760708,0.026268806749926488,0.02636207118237227,0.02704355507427486,0.02633707222877285,0.02538576214815319,0.02530725405131895,0.025303947784744818,0.025293508052004254,0.025365717825330536,0.026300203199756178,0.026195487313352084,0.025270577103840453,0.025197208748514943,0.025200145834017473,0.025191481632393653,0.0252673166330028,0.026183501655175523,0.026196849216575446,0.025273354020479866,0.02519972843505086,0.0252008877693648,0.025193492706858833,0.025270543581542626,0.026188157988832894,0.026191910261311624,0.025269776561438362,0.025193861815849705,0.025198968164362567,0.025191787330080095,0.025266276489291306,0.026186848618839353,0.026300230725902762,0.025366576490278125,0.025291482598220782,0.02530340340454601,0.02530207059973477,0.025380994678361246,0.02633015796596455,0.027029728618763404,0.02635058139459523,0.026253335398599087,0.026267634697777098,0.026273717091992443,0.026384523762809253,0.02707147754168715
0.02704577753656845,0.02576511208664034,0.025670194280976888,0.025662932152466122,0.02564580371873837,0.025728517959618724,0.02699785826444734,0.025703155372451103,0.024213530948152262,0.02414979302379794,0.02414527741854361,0.024134181688448886,0.02419246931165725,0.02565809279554676,0.02556816765186526,0.024108339915414057,0.024051293936991625,0.024055376805716677,0.02404760062773903,0.024109011113965517,0.025553586216910507,0.025572592564591767,0.024113382772853964,0.024053431419531646,0.024056850261521212,0.02404924952316928,0.024113735629538946,0.025560305034404096,0.025565164825442244,0.02410939870700829,0.024048211088331106,0.02405486362089937,0.024048685249057178,0.02410987036949863,0.02556053771235911,0.02566231033191224,0.024195780939049893,0.02413480191846712,0.02414790961847796,0.0241461263934854,0.024212618851735812,0.025697218512261977,0.026987583304659113,0.02572128495509024,0.02563338814175914,0.025650014542538735,0.0256557543263653,0.025756700909976726,0.02703270294897575
0.02599381150454788,0.024154284800950776,0.02407742980697053,0.024074273035278315,0.024058045934923056,0.024120862108865437,0.025942083936810634,0.02409338802494293,0.022128507992721425,0.02208404305975259,0.022081971825134827,0.02207337512715002,0.022111460323713084,0.024044386317501998,0.02397618738028723,0.022042842026423093,0.022005533101779495,0.022010792009654834,0.022001972004275505,0.022043285970934634,0.023956944451136553,0.023980573572248087,0.02204835621876583,0.02200847597388772,0.022012953638996025,0.022003574821985894,0.022048771653950416,0.023965063413792398,0.02397223482505262,0.02204620834946225,0.02200516097849703,0.02200997322134407,0.022002590176287584,0.02204492080579773,0.023966192476227943,0.02404921692045875,0.022112434368055267,0.022070280402750386,0.022083816017654412,0.022081303148878906,0.022128755207038386,0.02408766300250592,0.025932997625901566,0.024114052960904186,0.024041584119566972,0.024058614628067687,0.02406429003620525,0.024147703857695935,0.025981265425025657
0.024025161636667958,0.021706696330539066,0.021653327322613047,0.02164830358305392,0.02163249642441456,0.021672142516392545,0.023972411980099473,0.021647645990345132,0.019311521590805514,0.019292118606291042,0.01928566306798729,0.019277442407739154,0.019292089300099124,0.021597779474534562,0.021553532256751717,0.01924647117166267,0.019234169938681822,0.019239057452362596,0.019230245577706306,0.019248254279475185,0.021534857066040636,0.021557469358540693,0.0192521093046521,0.019235627886668383,0.019242028310035908,0.0192314294839096,0.019251825854413707,0.021543449733721465,0.021549262774699374,0.01925040976104625,0.019233345675415126,0.019237754553799502,0.01923126708246503,0.019249733186294304,0.021546572207952752,0.021602586541332014,0.019291938010850274,0.019274891006406003,0.01928751400499462,0.01928461334586884,0.019308993742984226,0.021643187507255912,0.023964911741097383,0.021666006856051356,0.021618270136353535,0.021635973920674068,0.0216403361894274,0.021700132356951785,0.024012864392669087
0.021319324697310682,0.01864570439815688,0.01862137127337138,0.018617193212876026,0.01860425912284741,0.018617377521262357,0.021269196127980672,0.018594523989641343,0.016028867900498456,0.016035388357529046,0.01602920512841227,0.016023625734439884,0.01601405526250993,0.01854537227646874,0.018530544968341833,0.015994908282163156,0.016006072281425754,0.016010892065619675,0.016004652772530326,0.01599865250903315,0.018512515712069022,0.018535664169610555,0.016001344602194878,0.016008167275530838,0.01601590919958279,0.01600711107522418,0.016002289931825397,0.018520981686658944,0.018526871082600427,0.01599916547111202,0.016007952505184164,0.016010788989722413,0.016007054902458684,0.01599997459029462,0.0185245342280298,0.01854986630523836,0.016013578075057766,0.01602146666224946,0.016032262820301513,0.016031238699424633,0.016030399109336513,0.018590144900601346,0.02126298321182224,0.01861241193258112,0.018591730155182895,0.018609502715460025,0.018612693941586267,0.01864409105316689,0.021308598400265832
0.01812473200655451,0.015263807619955438,0.015269417292034848,0.015265349339661116,0.015254110676485466,0.015238561537572193,0.01807818204427214,0.015218700537128094,0.012600987700542299,0.012633388824556946,0.012626638591429484,0.012621955268080909,0.012589189081861296,0.015173662424388723,0.015188504163603622,0.01259641619864904,0.012631290552828633,0.012636405861171873,0.0126289748885558,0.012598809835888347,0.015172297116717637,0.015191154640627813,0.0126006580184998,0.012633625378728364,0.012642109885925734,0.01263201997899338,0.012601252801246687,0.015180081482134566,0.015185124307214082,0.012600346461536072,0.012634397824095311,0.012635294232414274,0.01263149333250213,0.012599112631277443,0.015183397659873088,0.015177350527880162,0.012585313204916071,0.012618027734703496,0.012627046893609939,0.012626152056993523,0.012599342444812534,0.015213667154877208,0.018072930880803917,0.01523328762002013,0.015240947772899527,0.015256901759535979,0.015259820181148798,0.015259490545773857,0.018113647322789972
0.01470126735511107,0.011836167953320653,0.011871658000817464,0.011867819880363562,0.01186003020485521,0.01181755981906546,0.014662005587288918,0.011802600468388491,0.009317431440737378,0.009373477844895894,0.009365701927917025,0.009362198402841415,0.009308034496223583,0.01176500802512892,0.011808682165001472,0.009342796837715994,0.009399847558479446,0.009403604795434672,0.009399020098469268,0.009347020531415173,0.01179703880419336,0.011811564266005492,0.009346688043063933,0.00940099153774554,0.009409072258579954,0.009401605313667682,0.009348663037809513,0.011804259286148089,0.011806325373124149,0.009346605708125177,0.009402884983515492,0.009403088308242213,0.009401911889810932,0.009347520669261367,0.011807272122178303,0.011768311322454872,0.009304885185013656,0.009360686475413382,0.009366466234439541,0.009365993408657347,0.009317350740981944,0.011798947901922485,0.014659699304525764,0.011814545025223055,0.011851937549054115,0.011865099455142913,0.011865915198646437,0.011834978432473942,0.014691701354389963
0.011347272093747973,0.008680416003170599,0.008743166816973291,0.008741807065531237,0.008738095535714585,0.00867056274557576,0.01131852791377208,0.008660297237664538,0.006497020259065345,0.006570225544077435,0.006565127106183399,0.006565204787662482,0.0064941081029082914,0.008633396395780313,0.008702737113367276,0.006551188658342366,0.006624253480567721,0.006626893177016535,0.006624695854575036,0.006554880591907342,0.00869431056073805,0.008705430212024301,0.006554025751124071,0.006625727075883381,0.006631685722484737,0.006626791409653221,0.006556155684871223,0.008700204235841169,0.008701949309777579,0.006554996431303528,0.0066286542888446265,0.006626709692000188,0.006626861627054614,0.006555000591390803,0.008702318352003247,0.008635685084360467,0.006490688725379723,0.006562441098207361,0.0065652984736236375,0.0065660113397888464,0.006497961238025984,0.008657616206949936,0.011318542353807526,0.008669318634253909,0.008731620355295733,0.008740783103695915,0.008740653868702597,0.008681503471778207,0.011340750467164762
0.008336475492862372,0.006061353519289769,0.006145021684952012,0.006143259832470993,0.006142381200513913,0.006057350630342628,0.00831899366816552,0.006054048238319176,0.004383240734718297,0.0044671536420117786,0.004461980087256789,0.004462922965806637,0.004382733165416153,0.006039536372386134,0.00612687097814435,0.004456172387301338,0.004538825893709575,0.004540003388759373,0.004539363427165322,0.004459538891775694,0.006123550630915631,0.006128257253920355,0.004457502888893183,0.004539434768255524,0.004543515680759835,0.0045405351664093985,0.004459329306147453,0.0061274037397561765,0.006126866009854071,0.004459084208179642,0.004542372388691485,0.004539760882509292,0.004541033367718383,0.004459413030037218,0.006128896759482916,0.0060407207058204015,0.0043794655166956575,0.004461608504148895,0.004461065476749848,0.004462018881978447,0.004382540645695376,0.0060529273902983904,0.008322105643156053,0.0060590217476361174,0.006140782183654492,0.006145159310331438,0.0061444356416724966,0.006062661220281318,0.00833239302133304
0.005910918453717551,0.004198159210368091,0.004295272277090922,0.004295194024082738,0.004298294107947909,0.00420321025421333,0.005905927573679692,0.0042047631049479395,0.003164052711973231,0.0032492149847987983,0.0032461799895377452,0.0032495505078706244,0.00316838541034814,0.0042028668976988315,0.004300569506922702,0.003249321083890977,0.0033322906991054557,0.0033316122365730227,0.0033342161029948914,0.0032525205923315537,0.004301401499679225,0.004301401277060413,0.003249599694919225,0.003332474441877009,0.003333841793490333,0.0033344526331861024,0.0032518981037406025,0.0043033050321587,0.004301813472075144,0.0032512606458012794,0.003335833793127241,0.0033322077276147777,0.003335411771617558,0.0032525465099487727,0.004304025397991906,0.004203225045796288,0.0031664878492306814,0.003249104853971896,0.003245878300160432,0.003247568727708594,0.0031654839033831705,0.004205571827275878,0.0059112941615149794,0.004207218446786121,0.00430023552558334,0.004300091544256035,0.004298723047840514,0.00420234624770921,0.0059100593688940495
0.004271821428532829,0.0032605113432838118,0.0033595340412557184,0.00335979782944551,0.00336530134364188,0.0032707518445810324,0.004278117269584603,0.003276741373616665,0.0029609397128897985,0.0030363743242757812,0.0030346553375558694,0.003039062498986944,0.002967831591991099,0.0032871986584500634,0.003383322580840842,0.0030441436131194433,0.0031168159527121264,0.0031145861369127337,0.003119031781348036,0.003046000870362442,0.0033881075666088445,0.0033821964682655414,0.003042771607916439,0.0031169872065561766,0.0031155571682404126,0.003118453516102737,0.0030443803217655163,0.003387619804672448,0.003385102566089593,0.0030447880991802956,0.003119664363567143,0.003115272294316629,0.0031191825342247737,0.003045657224270748,0.003387418539488596,0.0032857367607311283,0.0029659768536149933,0.0030385680624890887,0.0030333304049927623,0.0030353451673371667,0.0029607101593857044,0.003278767043984998,0.004284470975572552,0.0032758097161558197,0.0033693917402630724,0.0033648439884363945,0.003363803259165854,0.0032635887351493142,0.004272833024444089
0.0035440390400868216,0.003320213363590341,0.003408356059068085,0.0034088768792856494,0.0034171536024920623,0.003335400818719525,0.0035602498869085064,0.0033435454907749795,0.003790369571631258,0.003844895606155252,0.003844345338191668,0.0038495023474901524,0.003798893569862072,0.0033646912550131525,0.003446486288980921,0.0038584389060527524,0.0039108550526705255,0.00390821906049621,0.003915222371383087,0.003860426536146211,0.003455104574040191,0.003444143206802086,0.003856029549308304,0.003910235735474721,0.003907233028949186,0.003913248720193385,0.0038590079880879147,0.0034525409078740577,0.0034492175514498347,0.0038586498699432203,0.003912492674382262,0.003908734517646673,0.003914191413787349,0.003860096636467192,0.0034512187604044398,0.0033618030513642427,0.0037985468452580995,0.0038498487093382994,0.003842337918210592,0.003845347104043273,0.0037898630018810553,0.003345806412934804,0.003566843825496213,0.0033403081859983974,0.0034227553270584354,0.003414176326456242,0.003413510323377056,0.003322202289440357,0.0035460554484696427
0.003792084154382369,0.004388265465432639,0.004452821502382187,0.004453799681375603,0.004463508508278313,0.004406163023385201,0.0038156440436456496,0.004414348864317574,0.005604042613300553,0.005625440166690643,0.005626951289772253,0.005632857293355387,0.005613991860066392,0.004444227306569293,0.004499028911002068,0.00564299784622152,0.005663150515004212,0.005659264855673363,0.005666799360815211,0.005642780707010409,0.004509967708844209,0.004495788543170176,0.005639739491697493,0.005662716935435297,0.005656498511231234,0.005664180166913613,0.005640831969705717,0.004504964558880498,0.004502552326955012,0.005641756186492541,0.005663861526241876,0.005659612177426776,0.0056646329581994115,0.005642196699005175,0.004503627658355547,0.0044401410081413295,0.005613279155858464,0.005631617312781001,0.005622761674777932,0.00562654760811343,0.005600369268378591,0.004416732505951149,0.0038209185330027595,0.0044092151552727055,0.0044680350186806495,0.004456308047181057,0.004457755285041776,0.004387546298063705,0.00379462276095216
0.0049951033115066545,0.006378347490698655,0.0064052328194235675,0.006405009963810215,0.006414333813076656,0.006395145340326758,0.005022964918732276,0.006404382168627931,0.008251722417013052,0.008228911803113415,0.008230708169157497,0.008234452014699856,0.008257462347041222,0.006438542151547377,0.006453128740435687,0.008246369638020834,0.00822498108011921,0.008221922275463034,0.008230275996397307,0.008245863561076039,0.006466578868530748,0.006448931144690917,0.008242690343555625,0.008223900080209068,0.008217386692890238,0.008226672703634308,0.008243999788000278,0.0064598238795697815,0.006456222751843654,0.008244254363069303,0.008224233935790526,0.008222103879099163,0.008227681592925473,0.008246924580923243,0.006458227358951518,0.006433469449619977,0.00825902190453337,0.00823544202891252,0.008226366635494864,0.008229984859181583,0.008247439287936809,0.0064068142981970055,0.00502716151374738,0.006397138817979986,0.006420386002624623,0.006406911575126406,0.00640857350015106,0.006375623421371546,0.004997640559650407
0.007069263116361635,0.009146637870457552,0.009124657394099123,0.009124963174007406,0.009135213951886767,0.009164613618796613,0.007098511987017886,0.009167943187816607,0.011531934569983027,0.011457437481622756,0.011462056349349714,0.011466405683025815,0.011538787894339875,0.009203669311852902,0.009167958902216777,0.011473756749073805,0.0114025044533686,0.011399477026368399,0.011407178185572187,0.011471405210211116,0.009180247402989283,0.00916342257587377,0.011470112946676991,0.011401312544323305,0.011393342826814201,0.011403110559406238,0.011470493992864872,0.009172256096338982,0.009171438609727411,0.011470789626634947,0.011400368976579311,0.011399419417794099,0.01140310956401508,0.011471706081035538,0.009170636869768434,0.009198840088917415,0.011540665883549406,0.011464586422424039,0.01145563847922676,0.011460125819720335,0.011525539313686717,0.009169182282579902,0.007099446509181595,0.00916156570367943,0.009136513845889038,0.009122000931585328,0.009126721995966924,0.009140571424312016,0.007070502096025999
0.009865906433667138,0.012488058236680644,0.012407218563614597,0.012405115513857479,0.012411155219137382,0.012497444926805656,0.009891897302778008,0.012500002925690645,0.015192638910206002,0.01505913645817697,0.01506324983743168,0.015063308415824428,0.015190017925283905,0.01253186454441152,0.012435772956677638,0.015067706571953221,0.014941182386456642,0.014938892109587154,0.014943943427364048,0.015062109118381906,0.01244712716979346,0.012430164224704887,0.015063770278406052,0.014940373615019376,0.014931865555598778,0.014940159796501873,0.0150613313895136,0.012438254475241717,0.012437215518355083,0.015062695946888138,0.0149378095284175,0.01493897026265767,0.014940519186198875,0.015064842704806902,0.012438178803580224,0.012526773568269034,0.015192573893913153,0.015062164227131247,0.015056667083315711,0.015059422449311521,0.015183123923534159,0.012501205772742163,0.009889522973103249,0.012492459351305163,0.012411730057512282,0.012398836478587305,0.012405130484305471,0.012478553724917296,0.009866339629129584
0.013177932956362659,0.016144362528526468,0.01599731531262144,0.015994435002707807,0.015997755698958338,0.016148041314831996,0.01319762378195366,0.016142610944064106,0.018936340951313635,0.018743741684149273,0.018749286184207792,0.018746121858387976,0.018929032929391965,0.016166668878490942,0.016004757197597363,0.018743783921968182,0.018562098653055747,0.018562862458920415,0.01856653033539496,0.018738780216711493,0.016013161247560692,0.015998878811715078,0.018740672090125476,0.018560775733902635,0.018555338314109326,0.018562890924734954,0.018740570227909814,0.01600559616018571,0.016004855360945258,0.018739062341629753,0.018556895268031004,0.01856273912937556,0.01856260207817545,0.018742212456499485,0.016004588782653928,0.016162313942440387,0.018933430085431968,0.01874548208127841,0.01874310501225318,0.018744959602481515,0.01892833505802982,0.016142243242267762,0.01319160172548095,0.01613749453812796,0.015994606173161896,0.01598531965365446,0.015991842343090035,0.0161320514738168,0.013175690528980488
0.016784544159102743,0.019867161005985512,0.01965222690631635,0.01964902038598415,0.019647552086746567,0.019861718422372054,0.016793977373984526,0.019847332419067554,0.022503982524383848,0.02225423389623654,0.022261938829776784,0.02225642902904834,0.02249379625063791,0.019861869723036496,0.01963329308851336,0.02224533613152535,0.022008620492560083,0.02200975171127545,0.022008103890697128,0.022236290285200577,0.019635614420011105,0.019627644003918532,0.022243763385129067,0.022008732143809773,0.022003270555441157,0.02200625836760106,0.022239425498520482,0.019629019627960487,0.019631903163149056,0.02223963121536454,0.022002263196372884,0.02200946339776233,0.02200349006044866,0.022238896271801034,0.01962880430610664,0.019858146606262728,0.022496841562004932,0.02225235562321204,0.02225443622605594,0.022255403139835428,0.02249363821471495,0.01984513597593618,0.016781727446575856,0.019845786451970382,0.019637402079500932,0.019632249484984765,0.01964233407165411,0.019850570603335838,0.016779310163301364
0.020427353830411832,0.023373907154561224,0.023091108116806647,0.023084499291625704,0.023075315583774236,0.023353150498356068,0.020423601837719352,0.023335649213591325,0.025612006800254772,0.02530969058952509,0.025315416310315864,0.02530181916651547,0.025588392284001837,0.023335693040828775,0.023041623841319248,0.025287934762530273,0.02500287352972086,0.025007586366774415,0.025001654742915103,0.02527841419187893,0.023040750694799328,0.0230373442789662,0.025288493304787996,0.025004122210215918,0.02500278089336999,0.025002206107562264,0.02528330235534737,0.02303633482747014,0.023037782106124005,0.025282174525061374,0.024995086702836566,0.02500825495547515,0.024997957825872108,0.025284592332245726,0.02303618392944423,0.023332108630762793,0.02559431071092788,0.025302269464448468,0.025311663094430115,0.025307570765758625,0.025603447035798532,0.023333239398223127,0.02040796087946639,0.023337789472211712,0.023067242258667242,0.023068505865066813,0.02307654407456816,0.023355719935251262,0.020420025571377787
0.023864303713321267,0.02642405862801389,0.026080919692876403,0.026076077111360618,0.02606358991769364,0.02639832195029279,0.023847039690481242,0.02636832064893746,0.02803850660359758,0.027696004640170524,0.02770580568645381,0.027689970123546515,0.028015798385354673,0.026352734855081328,0.02600307520662476,0.027667284996689134,0.027342565002959396,0.027351658586086236,0.027341055656451563,0.027656981920948287,0.02599403937843453,0.026002060485585066,0.027670202834496282,0.027346416688884045,0.027348796632426065,0.027344272377999967,0.027665157961403508,0.02599416410527572,0.02599914665529718,0.027661695557373633,0.02733465006686353,0.02735256797447211,0.02733667583737953,0.02766126613459058,0.02599203056946736,0.02635119338465014,0.028021107244730614,0.027686958995069344,0.027701364995210476,0.02769567161813341,0.028031334739797187,0.02636361995265124,0.02382737692694681,0.026378113918269774,0.026048043589811887,0.026056493875239395,0.026064657895330412,0.026405280913297413,0.02385448638888582
0.02687733336636078,0.028821140036345894,0.02842997080595222,0.028425287541228028,0.028404361398784828,0.028782888585361266,0.026845376612927574,0.028749987012163136,0.029629967405153,0.02925977127879259,0.029269787799256763,0.02924830758110314,0.029599045919549316,0.028717855945012638,0.028323919608480908,0.029221740625108017,0.02886988423135184,0.028881044609648132,0.02886322346672293,0.029207450992209005,0.028309398447698697,0.028325931807904048,0.02922660243406955,0.028878311301590853,0.028882081028450524,0.02887070184009921,0.02921561708928394,0.028312784943824,0.02831809032272825,0.029213102451185302,0.028862591535027682,0.02888264482614622,0.02886096166557639,0.029212193327347702,0.028310442977035055,0.02871693452534907,0.029602427723887548,0.029244500842096954,0.029266479790356126,0.029256493679619966,0.029620246812597062,0.028745500925264733,0.026822000944184965,0.028763619787046724,0.02838663948950737,0.02840225029710053,0.028409841743098685,0.02880184126750046,0.026867737322289476
0.029259856206344415,0.030385506842458443,0.029957914655263984,0.02995483108895658,0.029926494037996243,0.030337234361198562,0.029214171801587474,0.030302816984917602,0.03025046160512279,0.029871516677889343,0.02988051240835421,0.029852542997581777,0.03021343039090918,0.030253996971549957,0.0298301168468455,0.029823302844624533,0.02946563100610128,0.029481113409038584,0.0294601795768476,0.029813818783751223,0.029811114674381523,0.02983629024695572,0.029832937488351807,0.029475943699808937,0.029486691525702602,0.02947068323243135,0.02982550940441059,0.029821194526529426,0.029823701904030442,0.029818685758200014,0.029458927552683034,0.029484001865345222,0.0294601202176627,0.02982088061980248,0.029816461375550496,0.030255408531442984,0.030219299924973797,0.029854019166504486,0.02988174773854546,0.02986758205047413,0.030246740779078574,0.030297967263465786,0.029191653553503116,0.03032156243110601,0.02991254011849348,0.029935821446474664,0.029938407979337778,0.030369056853120302,0.029249521735410455
0.030881688684031627,0.031043791391914488,0.030599295796626624,0.03060183082068013,0.030570673044213237,0.03099457321043958,0.030824486614163538,0.03095245550536796,0.02989541858481931,0.02952607097131882,0.029539817050437622,0.02951147842005014,0.0298631397123435,0.03089007358080126,0.03045789018379841,0.029476647339595263,0.029126082512382412,0.029142972270745027,0.02911781201912661,0.02946606673513752,0.03042966680054665,0.030469901960150036,0.02948949539739909,0.029141541357321776,0.029153770398916146,0.02913228351355973,0.029479990736684947,0.030445999321308426,0.030452199576595784,0.029472759411380334,0.029121468627742453,0.029147591691123076,0.02911698002893559,0.029470223882369084,0.03044041337009934,0.030894459588464096,0.029865975829724112,0.02950842506294654,0.029540241777288923,0.0295237996477713,0.029890959729033884,0.030946852784818735,0.03080046501805922,0.030975807063598426,0.030550018627695463,0.030580629153418415,0.030582674142698107,0.03102838848892242,0.030870297011994285
0.03164645744554023,0.03075622799253075,0.03031881763410782,0.030321535264179467,0.03028252459849412,0.030698882999764365,0.03157989983156678,0.030662371603033922,0.02859590893535663,0.02825558957648827,0.028265946851621482,0.028232018982011275,0.028556046289499704,0.030589441828749397,0.030165417599630373,0.028201160759265154,0.02787752142981137,0.027897774034403855,0.027867604966960335,0.028190582787114005,0.03013549379256869,0.030181136743779202,0.028216438258441723,0.02789672390975173,0.02791242179507275,0.02788562400701816,0.028205120019386243,0.03015734065522796,0.03015769862744727,0.028197172490599387,0.027874773636591688,0.02790211265200171,0.027870625360407575,0.028197017206565422,0.030150658608379732,0.03059370882085427,0.02856029292227824,0.028233799307036345,0.028271654262763624,0.028250629758222345,0.02859445973334024,0.030658708706438498,0.031557390543295816,0.03068736335997624,0.030266915794107008,0.03030448144732034,0.030300944658844475,0.03074520166127187,0.03163748595292526
0.031516374101840106,0.02955325622029159,0.02914190773136688,0.029149105580719314,0.029108476450594944,0.029497492606858466,0.03144534159457907,0.029459899276874646,0.026448490190707385,0.02615722721796887,0.026168286212209402,0.02613501484994568,0.026414417440292992,0.02938064183512923,0.02898702710756501,0.026102762829317117,0.02582659958027045,0.02584961727700591,0.025819088297689252,0.026097805992436218,0.028954480399752847,0.029008919770700026,0.026122035561699508,0.025846975804554417,0.025868676287380876,0.025839752740359545,0.026115750573177277,0.028982684527192104,0.028982107152827896,0.026103685329633475,0.025824295230634342,0.025854770393473614,0.025821903206328822,0.026103823153231898,0.028971351299114156,0.029387097761194747,0.026419277332930258,0.02613697683888422,0.026176181880593508,0.02615371193480226,0.0264524558954895,0.02945526327937087,0.03142508827378637,0.029489504898238816,0.029093001202102953,0.029135657359953826,0.029127019282635336,0.029546418698763677,0.031508075008439884
0.030538138967732664,0.0275576876494954,0.027191430975634867,0.027203202430081175,0.02716210218118681,0.027504337881189778,0.030464429697976803,0.027467947744802934,0.02365004157658307,0.023421147235353268,0.02343351030772739,0.023402380116343602,0.02362028055547649,0.027386280950476516,0.02704331141743921,0.023369879077420552,0.023153144362314138,0.023174807489916016,0.023142971119006372,0.02336413438824364,0.027007258858130156,0.027069859703402532,0.023391067605401772,0.02317667574791743,0.02319734574550253,0.023166151315131167,0.023382729436618344,0.02704059606303799,0.02703928596173355,0.023372225389472867,0.023153146053427665,0.023181122792743092,0.023146027889705267,0.023368531086862043,0.027028094873137454,0.027393255307106568,0.02362161040334304,0.023400273748297507,0.02344050993124891,0.0234172022069718,0.023650717180765335,0.027464028835033405,0.03044511381606435,0.027495442145646143,0.027143729735264743,0.027189085869840812,0.027179871721123794,0.027550693617699795,0.03053012611311401
0.02877872397551251,0.02489615861098532,0.024595733745407078,0.024608159037731447,0.024564680450605947,0.024843459531287748,0.028705441269675502,0.024815760529939557,0.020383665487145597,0.02023214877610513,0.0202399683452249,0.02020749123613852,0.020352964362794213,0.024735274376550376,0.024458153695246843,0.020180530731414237,0.020039637762883977,0.020063170109654638,0.020031932473500158,0.020180061167608787,0.02442481122592649,0.02448616960718708,0.02020428977179206,0.02006230124984587,0.02008756349721491,0.020054957865698497,0.02019904997350258,0.024462001205699413,0.024452458437332736,0.020186559151707195,0.020040443846737144,0.020068647458503508,0.020036821459990917,0.02018656609381725,0.024447485114697187,0.024741021668933216,0.020355283810214064,0.020211623101660137,0.020251368195900843,0.020226724319772182,0.02038944549933769,0.02481288962449041,0.02869162073606979,0.024840732036161384,0.024554098210006148,0.024601461367647515,0.024585397533784192,0.024893544946529622,0.028772241255212272
0.02637619092564003,0.021774604125788077,0.02155728631242554,0.021573810584424924,0.021534083460470588,0.021733078730342303,0.026308372362459087,0.02170484283642332,0.016906355787748628,0.016839500538445462,0.01684946005022958,0.01682207349968262,0.01688751642568509,0.021631813023134383,0.02143599616205899,0.01679508408596675,0.0167353153812117,0.01675802312888658,0.016730307073876294,0.016798738138311564,0.021404450039774092,0.02146797008887469,0.016819250893465254,0.01675715746572326,0.016783423709523237,0.01675311055274431,0.016817899216479193,0.021442976585566542,0.021433661845352225,0.016803876647852045,0.01673716413951587,0.016762773393791897,0.01673371038830268,0.016801898804874482,0.02142469510085193,0.02163687491441041,0.016887525248926283,0.01682318299048624,0.01685832403996268,0.016836302633425282,0.0169129347106739,0.021701349982831297,0.026296789954663002,0.021730363118131202,0.021521421771811933,0.021568242346810984,0.021549680309448815,0.021774702452985073,0.026369279392569778
0.02350844872178881,0.01842362081492177,0.018299074473897392,0.018315426723235384,0.01827789154263698,0.018387178010759564,0.023446855806791955,0.0183673510810069,0.013481752708232875,0.013501034674148593,0.013508636625543358,0.013483053123101829,0.013465494730334426,0.018303426106442644,0.018197433007030528,0.013463319854612743,0.013484192038358433,0.0135050067080133,0.013479346997943176,0.013466826283083544,0.018171260431066705,0.018228213441351393,0.013483975744422172,0.01350465706223647,0.013527980667349948,0.013500406703392753,0.013482058501182115,0.018207350535798805,0.018193869842835886,0.013468889270219608,0.01348701074022346,0.013507870830760771,0.013483599218935105,0.013468413505846433,0.0181899493534054,0.018305000673298266,0.01346331457132438,0.013485408150939793,0.013516186836828203,0.013496161228607029,0.013486258289537756,0.01836434599788056,0.023437738157118748,0.018386998813085198,0.01826860828114829,0.01831197046514016,0.018292628990310922,0.01842464226518059,0.023501173504124617
0.020357840484973244,0.01505884675204816,0.015031825448888925,0.015048354513221562,0.015015916566426701,0.015032327238387988,0.020305484198503754,0.015017155993900244,0.010338619873433985,0.010441500205047971,0.010446558354868352,0.010425679403191002,0.010329905934015338,0.014965691438351802,0.014954171094157365,0.01041181842330563,0.010514480073916865,0.010533462260100601,0.010513231966295111,0.010420889450839133,0.014936622137638855,0.014982903171508688,0.010430653335854523,0.010530225012525818,0.01055298867607618,0.010530641602914448,0.010433829183730037,0.014969325981417314,0.014951506432357431,0.01041945717697268,0.010516764468380069,0.01053409572527142,0.010517353683583586,0.010420998615512933,0.014950862957470501,0.014965924170240286,0.010327968423770983,0.01043085993974563,0.010454241434171785,0.010437260528769032,0.010346399615932478,0.0150139471239491,0.020300786808300886,0.015033909309977833,0.015012071089724688,0.01505030426197923,0.015028250594694037,0.015062847374101629,0.020349943077343724
0.017147101690921762,0.011931490827682911,0.012002985500531527,0.012019859520490006,0.011995781539504702,0.011917856213436218,0.017107592124911197,0.011903768993657193,0.007727773979712194,0.007903282303319714,0.007907864083880944,0.007896237190783917,0.00772978005278091,0.011869256427783192,0.011952178597223417,0.007884735694267286,0.008056982395952983,0.008070797573650923,0.00805673790122663,0.00789493905087163,0.011940481871373643,0.011979156436218497,0.007899760800126165,0.008069369729733156,0.00808635108482525,0.008070358942687983,0.007904206902986821,0.01196841050994868,0.011952498432184044,0.007892316578035241,0.008059843845134196,0.008070442044940063,0.008058972923242258,0.007892378355962237,0.011950500988570367,0.011867169758208451,0.007724537644003715,0.007896731216524233,0.007911195399122273,0.007899756955893844,0.007732991671385636,0.011902124976321704,0.01710422292693148,0.011917904337741536,0.011990383503179158,0.012021286761159322,0.012001563905481794,0.011934302119225138,0.017139024254544
0.014081019140711803,0.00924326337219139,0.009406640621100748,0.009419983213429961,0.009403049659658325,0.009238290742559108,0.014054831187690242,0.00923383237367581,0.005826710305685379,0.006059846965140059,0.006058229690367012,0.00605341862744313,0.005831126003721543,0.009216180677388552,0.009384289865297768,0.006049275470130067,0.006276725316018306,0.006285728065194007,0.0062792448039212245,0.006060116513399494,0.009381579429010689,0.00940550260346995,0.006058475224391124,0.006283723856663592,0.006295503130027247,0.006286927455032454,0.006064667870177731,0.009403224898385687,0.009384640970886426,0.006054983493539667,0.0062797968971538,0.0062838858277385334,0.006281497935364588,0.006058346556061522,0.009388241711611345,0.009211397302222757,0.005826616794765371,0.006056008863883577,0.006061843640259856,0.006055265988756775,0.005831290317960591,0.009234214665799989,0.014056364550507683,0.009242640041674244,0.009403509466470727,0.00942501620748204,0.00940623360046261,0.009247268853633417,0.01407391058357127
0.011352545658294355,0.007175902340820661,0.0074175210039203465,0.0074287776348901935,0.007422711701096152,0.007184136470927416,0.01134216493114859,0.007181971486276473,0.004774207388681395,0.005044093723320431,0.005039325334569522,0.005044577199175948,0.004786965653919784,0.007183268135650067,0.0074241533038443275,0.005043106175486589,0.005307037577313212,0.005309747381973207,0.005311686892877254,0.005054707938496161,0.007428309668925714,0.007439901200768428,0.005046294809386231,0.005307853849596145,0.005313298751849549,0.005313170032486325,0.005055245279009024,0.007442415966434968,0.007427040791312012,0.005048472300965001,0.0053094888334623835,0.005306770763422897,0.005312044067401711,0.0050517085471816214,0.007429926138980192,0.007177653105444548,0.0047816143804753075,0.005044953619373682,0.00504047809422431,0.00504027206352925,0.004777075012920129,0.00718335129375286,0.011347364149113748,0.0071887433896553055,0.0074242538696304705,0.007435079248833354,0.007419930234670136,0.007180268218798025,0.011346296718523163
0.009140965832509618,0.005877183735628955,0.006178507228469965,0.006184336302440752,0.006187481241291981,0.005893688571653954,0.009145245895622045,0.005897427998572069,0.004661121440812432,0.0049415383280141945,0.004931862006698595,0.004945147381116732,0.004675751123392524,0.005915971060496239,0.006209273135876048,0.004947415635836283,0.005221703088455043,0.005217202076972738,0.005227140762902316,0.004956509466071846,0.006219872108643332,0.0062173506135180245,0.0049422113278468904,0.005216153048956118,0.0052130138423192585,0.005221530399432961,0.004951018380379202,0.006224565120996894,0.006212729193958544,0.0049491156156180605,0.00522337313211485,0.005213103168430211,0.0052260858058186255,0.004953636937377048,0.006218024848572923,0.005907934378989621,0.004669530953301304,0.00494337619203955,0.004930052359162551,0.004936699533466482,0.004660110205636392,0.005900776847474365,0.009152530020566596,0.005899161036425626,0.006191037753707995,0.006190823025454928,0.006181223600442487,0.0058804062600688045,0.00913570479298853
0.007574404647958555,0.005423830303918131,0.005759838451208643,0.005759835387530887,0.005773783457659498,0.005448754082594931,0.007591814472747427,0.005456624430652202,0.005494264343065713,0.005757743694998596,0.0057420335213228535,0.00576331937278135,0.005510318165933947,0.005489597820897196,0.005811633783773362,0.005767840314656991,0.006028019608204094,0.006016877741847504,0.006035652198346453,0.005776823067514925,0.005828513962677473,0.005810469885873637,0.00575494649825925,0.006014893196546467,0.006004876899250444,0.006022295689675938,0.00576621349718176,0.005823362607210114,0.005815574283074332,0.0057679453547169746,0.006028416434021466,0.0060124334259863965,0.0060332594865920575,0.0057749496198333805,0.005822705549549778,0.005480955320157022,0.005505301996711176,0.005762849161854711,0.005739868901031009,0.005753021759219434,0.0054924499645833125,0.005460978621913304,0.007602610586523284,0.005455626670188174,0.005780437068191591,0.005767799157175069,0.005763949171258054,0.005427344202895812,0.007570549337011734
0.00675611679669158,0.005863539410072227,0.006206947362638937,0.006201113921158852,0.00622462864409451,0.0058943724627026906,0.0067856656302096585,0.005902936686872584,0.0072453254404753475,0.007461434448334914,0.007442172109581313,0.00747043486142418,0.007261475898671876,0.0059491303228569326,0.006272511889253041,0.007474731443653904,0.007690748920140433,0.00767132364465728,0.0076971925273633945,0.007479565083565065,0.006292557243293362,0.006262518560504082,0.007453431711455072,0.00767101259930314,0.007651294090440408,0.007676729782442937,0.007463268538460799,0.006277084347715178,0.006277366961004283,0.007471054191025006,0.007689033213197027,0.007666511400837073,0.007692391042315949,0.007477024034164059,0.006283491428321464,0.00593954981216005,0.007254384946869863,0.007464683165520625,0.007434783378061138,0.007455218319753487,0.007238826037211155,0.005908842192336783,0.006796200654353823,0.005898358555572802,0.006227769049214293,0.006204624975138406,0.006210606524683859,0.005865187744965916,0.006753522923415856
0.006733844143973433,0.007170084091763174,0.0074879964821928935,0.007473142437725122,0.0075040271838725525,0.007201264858303635,0.006771574394292712,0.007213418392072901,0.009803959817075214,0.009942517721602928,0.009916521568805348,0.009948220589506618,0.009813597065144453,0.00726742788996354,0.007560126264704092,0.009954205538072414,0.010098446323794252,0.010073478905358813,0.01010535351427988,0.009955855277704817,0.0075832600428505925,0.00753932480001851,0.009924787018358139,0.010071443648796585,0.010045598885915386,0.010077844138972614,0.009934597163122505,0.007558093066850513,0.00756356114945983,0.009946872911688054,0.010094546929619086,0.01006822835737764,0.010100187812870198,0.009956318801470854,0.0075727717744435985,0.007256777313104368,0.00980872319434034,0.009943910688583135,0.009908974304625673,0.009934998277542628,0.009796002012543936,0.007220292223911351,0.006782943831713628,0.0072060774160429,0.007510284976494974,0.007477005610016463,0.007490244693421078,0.007170426822523335,0.0067322697379283425
0.00751042870514107,0.009272873096766443,0.009533049545460137,0.00951221631724014,0.009551883200854705,0.009305705792442054,0.007553810931576921,0.009313854456237891,0.01302225041624433,0.013055788698609905,0.013027785772879552,0.013063628233491498,0.013029578188991364,0.00937233196320697,0.009604766311668456,0.013064271439989783,0.013111642629138498,0.013081344777551629,0.013117713303374745,0.013063007557485351,0.009627177351787974,0.00957501651802617,0.013029226617199463,0.01307956213439232,0.013047345260898013,0.013085093569935924,0.013038897800743743,0.009593495251290385,0.009608575473465997,0.01305500535381432,0.013106170341397105,0.01307727406088055,0.013110640492914827,0.013063584636841985,0.009615051714665812,0.009362749387774594,0.013024355164636736,0.013055928905724323,0.013017172774689334,0.013048172105076361,0.013011495570638631,0.009320360717334886,0.007563728649493229,0.009305788202943421,0.009552823361642426,0.009510943945775119,0.009534386023964225,0.009270824158893076,0.007509609304435894
0.009051241069222948,0.012061551172521945,0.012234168691823422,0.012204777166573089,0.01224682194999227,0.012087524006541617,0.009096122470830359,0.012095278082191518,0.016717393678363668,0.01662162065598133,0.016590418963520703,0.016624370218613183,0.016712671306341798,0.012152744229023571,0.012293489187180873,0.016622128021524962,0.01654908135138289,0.01651443780386108,0.016551689714874307,0.016613357412775587,0.012313415989189946,0.012254117606879833,0.01658076369249445,0.01651324005856558,0.016474781430124263,0.016515379960486132,0.016585958913043874,0.012272345529350193,0.012294845987556757,0.016607214137226156,0.01654112953745185,0.016510717795431118,0.016544297564336397,0.01661595471691507,0.012303178153737715,0.012142784426674824,0.016707711462796593,0.016613630520440736,0.016577406279519313,0.01661098004509337,0.016701842866291283,0.012102170219142228,0.009102794654371416,0.012084739357173635,0.012244423920977243,0.012198040975084812,0.01223106656255779,0.01205608550774595,0.00905083258605055
0.011263104048003958,0.015367317712695394,0.015420230546754898,0.015383240611737958,0.01542758973891234,0.015384997859919536,0.011304457698176229,0.015388322337250626,0.02065548623788649,0.02041278751793152,0.02037954275976067,0.02041080305116788,0.020641194082731462,0.015439057899469477,0.01546017909494296,0.02040292203009042,0.020195619137441057,0.020161175093106443,0.02019850602519424,0.02039251738319442,0.015477609833845829,0.01541264385933383,0.02035990751868605,0.020157236276863277,0.020119286661909375,0.02016038180776486,0.020365933574824246,0.015431680468248832,0.015459320160199741,0.020387649322702317,0.020186432520795217,0.02015914107361888,0.02019162910997302,0.02039891211864364,0.01546845654347112,0.015430732211469678,0.020640036950596574,0.020403143103605248,0.02036893184239741,0.020402788174144648,0.020640749658560775,0.015394072390720104,0.011309459200350258,0.015379989380435555,0.01542568638598929,0.015375650069607893,0.015414735721982209,0.015359106300650738,0.01126236012128573
0.014038617949136578,0.01902296210462301,0.01893417706707401,0.01889326626380816,0.018937552762752885,0.01903118957064781,0.01407405913019455,0.019024486783387473,0.024629617786392666,0.02422941584211319,0.02420050769969795,0.024227520517313084,0.02460878592054261,0.019066917931835625,0.01894629295868494,0.02420983164797741,0.02385627963797865,0.02382114580918082,0.023854428121687365,0.0241937539937625,0.018956783363676233,0.018894909870214638,0.02416779742275027,0.023819936907867267,0.02377964944203137,0.02381810177241861,0.024169303627756544,0.018908042498546773,0.018944918550446,0.02419280545824931,0.0238460413793829,0.02382139332616734,0.02384613382916656,0.02419982041879748,0.018949650770590853,0.019059663470901655,0.024606711982070817,0.024213776361098616,0.024186084398004126,0.02421869734215265,0.02461174729778637,0.01902900093836557,0.014071621495937658,0.019017637025407208,0.018924411316089962,0.01887545317671202,0.01892406830933263,0.01900988075076704,0.01403722178760447
0.017230335230549565,0.022821173767863245,0.02257236156136211,0.02252410535334526,0.02256190478928899,0.02281126959080726,0.017253233613780894,0.022803105607023144,0.028402624397297127,0.02784131148049418,0.027811954153484086,0.02782859791283232,0.028365323377832374,0.022829375958710152,0.022549412792333634,0.02780859660813667,0.02730584120631141,0.027275156628672748,0.027301205563589448,0.027786961421380485,0.022552967936843693,0.02249344587514318,0.0277693535425369,0.02727228126816078,0.02723639984241094,0.027267816537979106,0.027765347644761684,0.02250496693071713,0.022543699261974248,0.02778866658659873,0.02729450898593666,0.02727664614744535,0.02729513863511651,0.027797801591368687,0.022551248221911846,0.022823050119088972,0.02836704343673474,0.027818512624632308,0.027801874878530863,0.027828793237625937,0.028385296139674554,0.022806263528634962,0.017246631245752875,0.022799018719130926,0.022550693592654603,0.022505637677942114,0.022556976923847616,0.022805132558618046,0.017227818114466387
0.020668323742697836,0.026555484481048774,0.026132536673531825,0.026083884228109366,0.02611853492949401,0.026534713614531857,0.02067566284945821,0.026514897580537322,0.03175872695542381,0.031041498506108267,0.031019572782481797,0.031028042394261712,0.03171605441592429,0.026520973558929184,0.026076386072174274,0.030999854402058102,0.030355221701447888,0.03033295175864925,0.030350065293418993,0.03097924216546788,0.026070694801012873,0.02602151829474658,0.030970881266875305,0.03032913180912411,0.03030162924305574,0.030324194366970425,0.030965908180495272,0.026026545924743183,0.02606918785971868,0.030984011214506613,0.03034484811272392,0.030336882671546772,0.030344971952802002,0.03099025664147581,0.026071722806847497,0.026519626584763423,0.031721407421902104,0.031018555235489575,0.031011488178512348,0.03103126009555024,0.03174298178558166,0.02651524694418289,0.02066594664682775,0.02651851018202922,0.026102716225038958,0.02606302071714034,0.026115661763227604,0.026537663609221274,0.020664925834800507
0.024196180119432253,0.030048269278354023,0.029453563804805016,0.02940716491463613,0.02943114205020697,0.030014752069732475,0.024187632168840567,0.029986871156438444,0.03453603477506034,0.03367910749530029,0.03366705820171062,0.03366166426232442,0.03448426997769072,0.029972660413476016,0.029363021320832794,0.033627535653410257,0.032853378010548606,0.0328378084859291,0.03284220316118314,0.03360117012180752,0.02934649629995062,0.029311696661299014,0.03360858321814847,0.03283854423124383,0.03281648552783617,0.03282704864658231,0.03359701224972106,0.029307811998567024,0.029352288863487674,0.03361099495495501,0.03284383710551109,0.03284440268077332,0.03283723341044381,0.033611991833319366,0.029351734681377806,0.02997418057712037,0.03448861653462082,0.03364752636713869,0.03365668887412049,0.03366653197689112,0.034516557546629745,0.029986767117960056,0.0241708752595583,0.029992570689445885,0.029405661888043444,0.029376863175901435,0.02943192403296857,0.030027357551119627,0.024193179651820718
0.027628467583119043,0.033100725069297565,0.03233694492135164,0.032292619566715475,0.03230175056382106,0.03305060352474798,0.02760168011869485,0.03302288732229458,0.036561084760672546,0.035586965559325,0.035581582231530906,0.035559393128135275,0.03649687481017927,0.032987001905095015,0.03221467900966346,0.035526836778372095,0.03464707036090248,0.03464447988744168,0.034635725194425204,0.035499668449931965,0.032191927877639415,0.032168516641071176,0.03551965374471877,0.034643620347881876,0.03463489665228531,0.034631836148763584,0.035507228431492066,0.03216251260353781,0.03220102696117516,0.0355119860035788,0.03463961424254197,0.034653837286212186,0.03463529905984081,0.035516061946512745,0.032203689541819125,0.03299035141735601,0.03650851444424369,0.03555482737227095,0.03558018437391414,0.035576619272543575,0.03654577281903226,0.033021084440855164,0.02758321463461305,0.03303395343556814,0.032284941251556676,0.032267395618532035,0.03231390974097054,0.03308049709806671,0.027625055163233825
0.03080615648375279,0.03557557744595019,0.034656837955801434,0.034623329053412366,0.03462280847617566,0.0355183294248671,0.030762787306011508,0.03548023890419694,0.03774713249129685,0.03668724145000768,0.03669823132554073,0.03666427035079184,0.03768557645511417,0.03542292148807541,0.03451061710892028,0.03662476863658093,0.03566825463103113,0.03567781965872707,0.03565543250714426,0.036599216532779866,0.034476531191072524,0.03447637077401544,0.03663577319635697,0.035680606554780114,0.03568359193838988,0.035665817176331216,0.036621335510097164,0.03446002575207324,0.03449784035903514,0.036617057146268506,0.035663985080771676,0.03569075393489485,0.035655067635515736,0.036613543312662866,0.034490599720765514,0.03543261357986405,0.037698403390033164,0.03665657754998597,0.036696334801467,0.0366806233050449,0.03773267592335788,0.03547498052852288,0.030740874004286267,0.035496347086495905,0.03459670611982174,0.034594006427464685,0.03463511851799639,0.03555368677825638,0.03080257873272879
0.033595227813619954,0.03736222082407342,0.036318406815927906,0.036294079356092024,0.036274451294174836,0.03729447333685537,0.03353625117929665,0.037256399194804,0.03804980891544296,0.03694173105077175,0.03696468432103328,0.03691207908639099,0.03798078052011228,0.03717969217216904,0.03614892851988116,0.036876404891768966,0.0358747381858171,0.03589662062743948,0.03585789777399978,0.03684627245840727,0.03610649414041772,0.036126751271930824,0.03690208465623607,0.03590318019997435,0.03591790419363683,0.03588369600972091,0.036882122928648176,0.036104246159094744,0.036133542225995074,0.03686848809290216,0.03587273624881593,0.03591178770754916,0.03586008618326619,0.03686223476175321,0.036126062041513696,0.03719062110891963,0.03799445096997622,0.03690524593462019,0.036965726096275464,0.036933956229670106,0.03803419327380775,0.037250301277221565,0.033509634460702264,0.037272481427449156,0.03624579601506356,0.036261655747333255,0.03629284656651027,0.03733986989285232,0.03359206444679236
0.03585690817593701,0.0383626696237756,0.03721978188828279,0.03720852940569391,0.03717184725820888,0.03828823817622812,0.03578242865497494,0.03825112009583104,0.03744155189042525,0.03632595885747103,0.03636105197188355,0.036294056214579706,0.03737224844898057,0.0381562296550193,0.03703710746324723,0.03626240162743799,0.03525688699948448,0.035296485819408585,0.03524356630177178,0.03623730749155146,0.03699090260171067,0.03703047470334064,0.03630628438862926,0.0353007023585139,0.035334504301146985,0.03528440679424871,0.03628785572836435,0.037005951846295126,0.03702173270679482,0.036261755202293355,0.035259190919808,0.03531407241078921,0.03525074529571437,0.036255847730851165,0.037014151353425395,0.03817131622822478,0.037393201051474645,0.036296594611332444,0.036371327579742374,0.036323175061631685,0.03743202752122993,0.038242653344378874,0.03575821206237462,0.03827272034978635,0.03715212007301083,0.037184317571284764,0.03719719494201906,0.0383447051643625,0.03585360194223641
0.037515329472046166,0.03857028511345528,0.03736565665882946,0.03737380979145549,0.037322958407978446,0.03849521856792942,0.03743038143486682,0.03845276399748271,0.0359985718378939,0.0349199642026633,0.03497389238674231,0.03489620654900716,0.03593857109318421,0.03834488649075074,0.03717887513575113,0.03486202317953441,0.0338914709729119,0.03394298701551823,0.0338767595626267,0.03483972571515698,0.03712456929302682,0.03719167693747211,0.03492483347707015,0.033952053295935314,0.03399702656305009,0.03393214533339689,0.03490378610352124,0.03715731262211547,0.0371649827814205,0.03486832451539168,0.033897034263247805,0.03396239649020849,0.033882552570615176,0.03485387951530533,0.03714766695112648,0.0383634291052774,0.03595711199616197,0.03489196317368315,0.03498045256964505,0.03491943158615679,0.03598878214291573,0.03844167878615895,0.03740354641151317,0.038474550533323715,0.03729243589058506,0.03734472036899067,0.037345128849612386,0.038551055285091895,0.03751216722999384
0.038510930516685915,0.0379801386492713,0.03676024545559281,0.03678274865487613,0.03671115203689723,0.037901695198042706,0.03841713816627146,0.03786651265195695,0.03380334428070808,0.032805564090655825,0.03286809844447158,0.03277590069544084,0.03374194454838786,0.037748970803826,0.03657090147006076,0.03275239902335808,0.031855644101954406,0.03191902902213317,0.031841316639708184,0.032729829365617025,0.036516692392544514,0.03660094553885457,0.032827820595087154,0.03192918950970275,0.03198741634017577,0.03190982321820801,0.03280563143279941,0.03656812374726903,0.03655659575490594,0.03275852042263122,0.03186324979110522,0.031939302663569924,0.03185009572506714,0.032746548922079344,0.036543215612505675,0.03776702006772331,0.033762246101783244,0.03277816425798197,0.03288152373562092,0.03280493903447895,0.03379682375541293,0.03785559027014529,0.03839077244600103,0.0378870601181559,0.03668697035502072,0.03675837980055513,0.03673922069305685,0.03796352995623903,0.038508041149177
0.038806103444947615,0.036632470878761314,0.035437991909152866,0.035480132450893265,0.03539568722037967,0.036560005930491246,0.038706772184448734,0.03652518526536547,0.030978865654068488,0.030101545611463998,0.030176282328767456,0.030079290041452655,0.03092908881793871,0.036402199720405426,0.03525788488592274,0.030059081850440816,0.02927586742360161,0.029351968494279956,0.02926767863472901,0.030044468806197377,0.03520467400230959,0.03530848430135691,0.030148577068407456,0.02935930380014229,0.02943322468160886,0.029345179230672036,0.030130305703861215,0.035273939696709,0.03524679919177193,0.030071763025882936,0.02928555290425039,0.02937199805507057,0.029275255123664246,0.030059070066468463,0.035230121405600834,0.03642317573197501,0.0309507339146039,0.030084092711603228,0.030193026896132846,0.030105935903684655,0.03097708056093612,0.03651266837953626,0.03868431697490604,0.036549187414384066,0.035375128588864824,0.035462613305081825,0.03542281033451655,0.03662206610521457,0.03880362569708928
0.03843010890082027,0.03464107822742385,0.033517998660266834,0.03357965154179149,0.033481829124944684,0.0345744584903766,0.03833123019302881,0.03454093526881208,0.02771430009148479,0.02699602094340009,0.027081418274703117,0.026979489695434122,0.027676252706842763,0.034420005539661847,0.03335191013034511,0.026962220143493365,0.026324420484040933,0.026405420685294667,0.026315011745971728,0.026950646695905023,0.03329898640602563,0.033421990731688556,0.027061262443950795,0.02641571951563909,0.0264954417568265,0.02639979728118147,0.027042237972570327,0.033383849777538555,0.033342863956405455,0.026976699658275483,0.026334572005425216,0.02642433017750323,0.026320128872578508,0.026960100874965975,0.03332231302879829,0.034438701422417395,0.027691202991655672,0.026978894679150434,0.02709331242340096,0.026999489742174143,0.027712350806397223,0.034528898918795625,0.03830706127458472,0.03456145368545671,0.03345542063871232,0.03355908858152751,0.0335047942048009,0.034630769262929184,0.038428274999755374
0.0374130205242833,0.032097911311468885,0.03109044798038768,0.031165996222408676,0.03105502500985552,0.03203576699988653,0.03731526552799197,0.03201339734659597,0.02417320411042173,0.023642965478078037,0.023729412757727664,0.0236252444514905,0.024139580399475224,0.03189555582953363,0.030942511700892628,0.023618121331958675,0.023152768082944475,0.023241286488899504,0.023149190019783772,0.023610403231099197,0.030895666748279094,0.03102735215035124,0.023720094860758045,0.023246746362015624,0.023335374047555923,0.023236502729183872,0.0237041744892591,0.03099612168924798,0.030932786784544364,0.02363072469053923,0.02316287116435317,0.023256714600347006,0.023153917742033292,0.0236203849263793,0.03092027116502749,0.031911375902414274,0.024154593868807472,0.023630498975686476,0.023747541437531328,0.02364720101731288,0.024176676318323154,0.032002746000332316,0.0372956371941805,0.032031916543486305,0.031039690749111892,0.0311551305132165,0.031080977204407667,0.03209249811246717,0.03741143852333406
0.03582284850797829,0.029153227791783587,0.028299754809131883,0.02839261207276178,0.028277509528090716,0.02910462918778267,0.03573080180554067,0.029081807184192454,0.020560848434221346,0.020239748695617565,0.02033063508601085,0.02023450380898295,0.020543094657631156,0.02897264229499541,0.028176270630659916,0.020225162511060935,0.01995470643210645,0.020044723905963513,0.01995561274310159,0.020225229183719662,0.028134104280028382,0.028276992217041885,0.020329312179489634,0.020047129027765787,0.02013931909379063,0.020041533935485745,0.020318371262288137,0.028245500328524242,0.02816808787658398,0.02024169751548205,0.019963695940659887,0.020057024984342253,0.01995672523140707,0.020230527905070572,0.02815354734706188,0.028987124814124965,0.020553850917512217,0.020234629009301563,0.020345191544429986,0.020246923740309175,0.020566950915518634,0.02907223531926184,0.035715203856882205,0.02910048623710415,0.028261423078072445,0.028384709522387697,0.028296227578778144,0.029152545519577466,0.03582203186158445
0.03376839021688288,0.025980312942147143,0.02531651864124973,0.025419865546834064,0.02529906602048565,0.025940186373488272,0.033686914250967315,0.02592325096443565,0.017088238119263632,0.016990735275286495,0.017077094180626695,0.01698584901249428,0.017077903183267684,0.02582818316668184,0.025216720640542867,0.016979567240934745,0.0169140943658746,0.016998385109065817,0.01691428626480207,0.01698257947155396,0.025182096419672506,0.02532728696642056,0.017077339376874445,0.017000443567493695,0.01708750266644271,0.016995497140075644,0.017070291688719208,0.02529961569108302,0.025207277117429983,0.016994198747625644,0.016920854481875358,0.017006846490923266,0.016914957804596176,0.016986629288434085,0.02519761960625172,0.02583579429603927,0.017082430125921755,0.01698331680444176,0.01708751679088749,0.016995544258226747,0.017094257191114737,0.0259179315776486,0.03367257885357078,0.02593622007063895,0.025283622164001762,0.025412361094342417,0.025314286899013216,0.0259796656277273,0.03376923866908482
0.03134963340595531,0.022722426332960788,0.022274725182152344,0.022383859039828313,0.022263679703352135,0.02269291880905816,0.03127868145171897,0.022683056549843872,0.013926624228272122,0.0140532842054501,0.014128883105136658,0.014049805840591623,0.013924412244733508,0.022603203641248737,0.02219927384109127,0.014047318512125484,0.014189546023710087,0.014268170275449632,0.014195264156005527,0.014057607429789731,0.022176438898978967,0.022314684182729416,0.014134533390823933,0.014263960756942029,0.014347867429807148,0.01426632356700358,0.014135817462850142,0.022297590124181588,0.02219066315235646,0.01406056855624932,0.014194277707275993,0.014271521439956192,0.014194964731983839,0.014060438115579665,0.02218866126009411,0.02260639098819145,0.01392640226023767,0.014050852129990854,0.014141034362705696,0.014058842239105585,0.013937122437908511,0.02267956707942176,0.0312702346257927,0.022695494967231666,0.022256936257284532,0.022384607564026937,0.022276805784208265,0.022725975252017083,0.03135010248614789
0.028702054985080216,0.019567567040293277,0.019355591894848423,0.01946906176112856,0.019355936098014725,0.01955361407812356,0.028644694966653783,0.019541593661749457,0.011267508707202056,0.011609153115589854,0.011674383578602177,0.011613924371123907,0.011279400313620236,0.01948060893216036,0.019304776002992297,0.011608049920075525,0.011948494071456262,0.01201404735855649,0.011955595946231079,0.011624185278239163,0.019290850500919166,0.01942349170839136,0.011682084312367835,0.012009106756392607,0.012080453232840405,0.01201351470176798,0.011689297025839984,0.019410062854305743,0.019299037395861474,0.011620956535505822,0.011950760711146868,0.012013586678149224,0.011951404422796075,0.011621753638149879,0.019295404574401653,0.019479579992412455,0.011273869277643123,0.011607678233421292,0.011678806394980368,0.011612473013789093,0.011276868318877808,0.01953859326395746,0.028637953359349988,0.019552501409340006,0.019345332130135562,0.01946814053748447,0.019359811696747664,0.01957278931204487,0.028701130768665206
0.025962005056646142,0.01667357621364096,0.016706630514510157,0.01681562987176244,0.016709651803492043,0.016669885879461166,0.025921097989719866,0.01666269412923249,0.009253334439681127,0.009790344019495856,0.009835487268561871,0.009791943587272478,0.00927042291944774,0.016623396592424955,0.016678464243823687,0.009790321155457193,0.01030921975188992,0.010358662558480503,0.010317346064599275,0.009809118685575047,0.016676727328038266,0.016792897334594215,0.009843824312350868,0.010350975680143648,0.010406481481287866,0.010358560898757418,0.009856672342584416,0.016788848736450368,0.01667336516957907,0.009798247015467276,0.010308511203569404,0.010353271684942045,0.010312652731941707,0.009806242184241643,0.016677585708911757,0.016614067396826027,0.00925946943656697,0.009786539367869884,0.00983746739439828,0.009789191841558631,0.009262462573061792,0.016663712549918663,0.025915299071171738,0.016669757198924662,0.016703721003570204,0.016816594298326826,0.0167097602765518,0.01667915159836475,0.02596077341552744
0.023255471172199615,0.01417520561754576,0.014450803004300128,0.014551978814176803,0.014462665268373087,0.014184416572312508,0.02323047242455295,0.014179217033938485,0.007990931178136484,0.008691605213286158,0.00871564350243298,0.008698048979336404,0.008017967962864914,0.014161143931143982,0.014447493383434096,0.008694956740726234,0.009365549886783564,0.009396552800166103,0.009377511667786165,0.008718900296824539,0.014457408879430589,0.014553108479287147,0.008726520380747615,0.009385505702980856,0.009423133991475374,0.009397974904392425,0.008746239978561277,0.014558119566528083,0.01444522520733349,0.008701154628027008,0.009362444316735552,0.009387187770827032,0.009370510739988347,0.008713890798523583,0.014452997681545343,0.014147867092399402,0.008003414041296786,0.008691579979961783,0.008715595642496077,0.008689724798740917,0.00800122792613922,0.014179925150404726,0.023228809039732567,0.014185623504304135,0.014459737647051052,0.014555736194788338,0.014455623872831724,0.014182761105331176,0.023252575689647503
0.02072343576718766,0.012216745202486945,0.012724078841509778,0.012811113118593509,0.012740761840041581,0.012236114863326764,0.020716398424089566,0.012231401261952213,0.007572438119910541,0.00839534479055859,0.008395805754773167,0.008404124436789784,0.007605042848936816,0.012235755727571296,0.012743047927342932,0.008398387225512727,0.009181517397006511,0.009188755840251528,0.00919273918464203,0.008422962392623023,0.012761144405149194,0.012835088929398775,0.008403785185200352,0.009178283599270975,0.009190642204444543,0.009190801452463204,0.00842668987543349,0.012844430182017974,0.012742989179507114,0.008400619578893709,0.009176455929602811,0.009176119833486873,0.009184419910074126,0.008416492322298907,0.012751379265475704,0.01221765270757491,0.007584205525250409,0.00839232872141471,0.008389281193584563,0.008389691790695153,0.007579192394126799,0.012234154441859935,0.02071458822638339,0.01223425452495841,0.012735333789245962,0.012811966156862753,0.012727135325103167,0.012221628528127304,0.020719051919408316
0.018477814968995032,0.010880034926558146,0.011596133967586852,0.011662312803324748,0.011614243681893788,0.010907689176024415,0.018488805778056172,0.010908084981690935,0.008018115330425402,0.008913609511642329,0.00888452427225117,0.008919232413427514,0.00805048053534635,0.010934307533362164,0.011635997716136326,0.008914433483933004,0.00976546182801058,0.009749306960025517,0.009778906233119056,0.008939915203992288,0.011664097446742294,0.011706913348036418,0.008890521205187352,0.009735829730497914,0.009724122652676526,0.00975160879596898,0.008918072181627323,0.011725732002107636,0.011636849318865994,0.0089121038364951,0.009758680080672655,0.009733552823539826,0.009771098449884996,0.008934585864672995,0.01165220877814932,0.010911974075342001,0.00802891953354562,0.008910697167864301,0.008879123265959077,0.008906338047502682,0.008025021915374575,0.010914794656108118,0.018490330431044977,0.01090976028736812,0.011616276664506153,0.011667425710404522,0.011599246638161476,0.01088564825050442,0.01847372427635935
0.016622380242241663,0.010240087430680611,0.01113233796123353,0.011175946218280108,0.011156972499145157,0.01027661114745182,0.01664927641603764,0.010276945648023061,0.009329211135300441,0.010240601578484942,0.010184515257764593,0.010249808117528292,0.00936449785882526,0.010322181402929509,0.011190291876614133,0.010239801481776167,0.011107820631507836,0.01106503866432279,0.011121127805578501,0.010264437921388425,0.011224166680759318,0.011236772964279884,0.010186857780344283,0.011052205416530791,0.011012090443716926,0.011067768499429198,0.010216211195224922,0.01125962855715179,0.011193577799093024,0.010234626272406733,0.011099910473073626,0.011047720735600453,0.011111926444940634,0.010257601714155684,0.011208604344964679,0.010299799611943328,0.009340594401710867,0.01023775033338542,0.010175206134742987,0.010231611278965547,0.009332487798562161,0.010283972128720564,0.01665379788143001,0.010277484623701372,0.011157085193798821,0.011179345405828933,0.011136010209924385,0.010245096644647678,0.016617671939681278
0.015247814262271064,0.010341015774292028,0.011368736995736928,0.011382252605629195,0.011390816811785998,0.01037977234632348,0.015289245282338493,0.010383352299260351,0.011462324166489568,0.01232834231328489,0.012241337238865446,0.012332137379505503,0.011490703323194185,0.01044471507946243,0.011437443952581339,0.012321232872503307,0.0131497596942598,0.013079614340048618,0.013160546891851033,0.012340692143568643,0.011475315797002339,0.011453667296635772,0.012235896112131717,0.013067375880858656,0.012997451287390438,0.013081568800806354,0.012265172173147265,0.011480321839430041,0.011440572233267832,0.012309279685113639,0.01314043825087663,0.013060906706945485,0.013153529379319684,0.012336509940924445,0.011458623621150577,0.010420585868725185,0.011465623568934158,0.012320079993402067,0.01223013570283249,0.0123155475803855,0.01146075628869847,0.010393315434335526,0.015294786152355022,0.010380749941587664,0.01139308370720754,0.011385014913261549,0.011369556282940119,0.010343656091742703,0.015243266601390248
0.014406993982540917,0.011171839126704275,0.012284129294647061,0.012265775703139303,0.012307807957542605,0.01121334487820369,0.014459626999848707,0.011218530219068157,0.014321510182988606,0.015079489845211014,0.014962861634028601,0.015080916450042336,0.01434381639979243,0.011291667699891372,0.012359882372378839,0.015066190355829567,0.01580010798646625,0.01570559966001639,0.0158120942138138,0.015082754257459086,0.01240091255353204,0.012341705892796817,0.014951218847163661,0.015691522916612632,0.015596260094481784,0.015707611717041048,0.014982101155336214,0.012373706701247211,0.012363670229146306,0.015050982906391286,0.01579059435299479,0.015686847924345493,0.01580634215659321,0.015081012812322714,0.012384840313210299,0.01126899600276865,0.014322179736332041,0.01507136580689844,0.014953535935645301,0.01506667514296317,0.014318462745137484,0.011229970554237467,0.0144686198612331,0.011216454546709609,0.012313292266929288,0.012270716070252374,0.012285644362935721,0.011175098093119451,0.01440264128452623
0.014147011512485819,0.012722438073365927,0.013866906621736286,0.013814949286811096,0.013890451505141121,0.012763165311997338,0.01420835635349943,0.012765661831044994,0.01780831736500299,0.018396657039411846,0.018254956970651715,0.01839659300384977,0.017822944244157535,0.012846914394440523,0.013941051234055757,0.018375108926122208,0.01895894674880133,0.018838713936258522,0.01896628498420244,0.018384366552326392,0.01398017045354022,0.013886973326795782,0.018232753101343757,0.01882834134878214,0.0187038661495893,0.018839975573110124,0.01826012123853027,0.013918106335204683,0.013944803806008155,0.01835528248469337,0.01894894501713018,0.01882052571818177,0.018960965241680894,0.01838277034357838,0.013964092833142483,0.012826779890903861,0.0178010713554434,0.018383263901878277,0.018241396129443754,0.018380658312864062,0.01779810858243136,0.012776845297725159,0.01421653563213976,0.012761547464232526,0.013889148189041023,0.01381308591053887,0.013865307512756997,0.01272224936655153,0.014142102226766151
0.014481094123491633,0.014927863506538741,0.016045302799765515,0.01595443258400575,0.01605969534300833,0.014961124593788844,0.014547379941672434,0.014966482894037236,0.021769740874808485,0.022129714139937695,0.021962171440727263,0.022119334813819502,0.02176878020634687,0.015051248547714668,0.01611120994879689,0.022097595782607227,0.022478843099160206,0.022339454920636548,0.02248380539649486,0.022099155563514217,0.016148409701007227,0.016017780255366265,0.021928691311874304,0.022327501447456655,0.02218120243119054,0.02233726557619431,0.021954201963473863,0.016051050505712816,0.01611202961942254,0.02207055866960117,0.022468246417876925,0.022321526224041266,0.02248242842257414,0.022102498039126894,0.01613572021409221,0.015031675417656598,0.021751537431806245,0.02211148072774538,0.021951960749909627,0.02211201621781478,0.02175746233368192,0.014979876868718323,0.01455600034297233,0.01496173582157162,0.01606345279644439,0.015953998079885234,0.016040002178681068,0.014925789910440135,0.01447624174879375
0.01539521119716164,0.01770232678541106,0.01873047060822336,0.01860500545038518,0.018744875108658077,0.017730725500802902,0.015461788845823277,0.01773175224757012,0.026046479046564597,0.02612516694054362,0.02594117001705304,0.026114013083748,0.026035607187857746,0.017814377200317866,0.01878384567581376,0.02608384193410701,0.02621928803085688,0.02606473798479131,0.02622305870401348,0.026080677327743884,0.018816153896894894,0.01865285637261932,0.025897526170907514,0.02605261998352504,0.025889543171867535,0.02606077595614381,0.025921155308745725,0.018685073704406696,0.01878411046866829,0.026055269554227323,0.026208351237470784,0.026048697649894315,0.026221139637345958,0.02608475245033126,0.018806004705612778,0.017799716985907654,0.02602350465809411,0.026106229212480347,0.02593129615841472,0.02610897165900883,0.026031045365758343,0.017743546210113648,0.015471426939878019,0.017730009417822823,0.01874493050154069,0.018601631147383557,0.018724869880151707,0.017699244415537496,0.015390009688901696
0.016870437807460004,0.02095897668310376,0.021841707622009265,0.021681425948179456,0.021847860766203986,0.020976092810179425,0.01693408030740373,0.02097332398620061,0.030481692287219142,0.03023572988844153,0.030039494823952184,0.030217068804304692,0.03045425659933315,0.021049847518062825,0.02187335070034696,0.030182186724775573,0.03003185201357833,0.0298646587889711,0.030028709649221497,0.03016840661386566,0.021897626761934463,0.02170588615281832,0.029982150411304476,0.02985664324134396,0.029677329537489916,0.02985828942927171,0.02999902037265989,0.02173286863675572,0.021871311765278345,0.030148841270255022,0.030021433455190982,0.029851606708492795,0.03002898251375108,0.030175350266812173,0.021890969176798836,0.02103897587002468,0.03044499081198171,0.0302081995618535,0.030028315654509086,0.030215904775846347,0.03045845600294267,0.02098496322970933,0.016940878807324367,0.020971148064197698,0.021841668021806315,0.02167012530707413,0.021830815396368886,0.020950732470653655,0.01686474692770651
0.01884629697618978,0.02455714171862816,0.02523631579538871,0.025041539007139346,0.025230805101947973,0.024561420644532372,0.018902519295030618,0.024558449696152174,0.03487836934774008,0.03427485473689934,0.03406977212902618,0.03424579773405445,0.03483404965238396,0.024623455497743973,0.025242913318944626,0.034210876036958104,0.033748147313132415,0.03357891627492188,0.03374469079105291,0.03419076642646163,0.02526055805708527,0.02504073424114267,0.03400457080648117,0.0335681329412546,0.03338522632858121,0.033570443051625876,0.034018231320037895,0.02506739410394171,0.025237694693205748,0.0341742171366719,0.03373776020937175,0.03356708239217454,0.03374857859156255,0.03420293472081709,0.02526065438920244,0.02461639093551471,0.03483293826192352,0.034244629907890234,0.03406543503366527,0.03425616037628054,0.03485661111733235,0.024571226158896953,0.018910026033939265,0.02456075676314945,0.02523209986560221,0.025033823343950767,0.025223565316225993,0.02454959636029136,0.018840905455519863
0.021257109703544774,0.028377985822979512,0.028802488553799965,0.028581776874452403,0.028795555731129907,0.028374266878414434,0.021302773270344022,0.028361138159847643,0.03908109755070166,0.03809993121588684,0.037900398291806026,0.0380722967978136,0.039029182400848184,0.028412084727215348,0.02878417924042037,0.03802780099588071,0.0372384951646933,0.03707101247951805,0.037232043545838145,0.0380026160697286,0.028790997199454382,0.028555665323497847,0.0378275809079599,0.03706414961945187,0.036881041711712026,0.037062335128235924,0.0378355805038334,0.02857369102106372,0.02877899754479024,0.037992646390727525,0.03722958330397941,0.037061955325665585,0.03723429374045839,0.038013739675362035,0.028793601872557972,0.028411867782621558,0.03903123767241862,0.03806708739974812,0.037893328431765405,0.03808180342222878,0.039055494754978326,0.02837068678829313,0.021308736278452478,0.028368722453924355,0.028787436725137394,0.02856692822724083,0.02878855668989516,0.028369025941798354,0.021251923310452503
0.024032208519240206,0.032293088298142814,0.03242245640217112,0.032177217367826416,0.032402207323582344,0.0322742687475554,0.024066577166100056,0.03225853001833462,0.04293463934024139,0.041568880439729616,0.04137808401000853,0.041529804093555334,0.04286392138591866,0.03229178059920912,0.03237486557174435,0.04148510292119695,0.040364615174059426,0.04020558229124083,0.0403522467375213,0.041450649127689254,0.03236967756320147,0.03212274315062891,0.041295227626189035,0.04020270102684004,0.040024899929020474,0.040195235774326654,0.04129535899814363,0.032134844862528045,0.03236557421623509,0.0414474040410478,0.04035754312985279,0.04020022598323458,0.040357836270030534,0.041465515194401226,0.03237939344858487,0.03229515839150543,0.042868854181374594,0.0415272953163624,0.041371948786964374,0.041546585949466586,0.042902910141175865,0.03226696614061819,0.024067518331249926,0.03226504216071835,0.03238973914692811,0.032156408954386706,0.032401108381761745,0.03227896516738732,0.024027168104880925
0.02706458565170311,0.03614208664858032,0.03593869233613628,0.03567657781585526,0.03590884687968826,0.03611110866161521,0.027085319366046356,0.036094156677698275,0.04627293205529048,0.0445305509544926,0.04435761062540605,0.044486346859805015,0.04619003785244824,0.036107083478119084,0.03586399904494747,0.04444089445780236,0.04300171500494476,0.042862620328243284,0.04299117374249406,0.04440357981168974,0.035849762302789745,0.03559563953692252,0.04427279933152306,0.0428581217757531,0.04269992943459855,0.04285161855066438,0.044269880631116476,0.03560492766311457,0.035853156180004786,0.04440573948094495,0.042996956017741894,0.042860600092483436,0.042998611048302826,0.044422771534184946,0.03586693833270277,0.036115534457266896,0.046203070613540065,0.04448951284225228,0.04435737795945166,0.044511235621734424,0.04624423995704546,0.036100551041471696,0.02708612323670745,0.0361046993605717,0.03590209342800682,0.03565910270367578,0.03591637498731909,0.03612891171298982,0.027059344708443456
0.03026641297324323,0.03981824970485637,0.03925980848625843,0.0389918137826355,0.03922799851897585,0.03977841621440048,0.03027344143817534,0.039751067752657354,0.04900137444064856,0.04690575525855456,0.04676524136714355,0.046865750464303524,0.04891421261627721,0.039744784169487235,0.03915863637218425,0.04681227688842654,0.04507694814873531,0.044959933414492226,0.045061972704778686,0.046770169820913976,0.039131065808828636,0.03888437550608698,0.04667691224400905,0.04496297463397747,0.04482464825879223,0.04494899445515371,0.046666090901805124,0.0388824993791706,0.03914741636947794,0.04678208865010819,0.04507602219929424,0.04496310396772141,0.045067903460038916,0.0467880188644762,0.03915138858045003,0.039758839341937524,0.04892804784382987,0.04686231840234839,0.04676064215629855,0.04688600651799868,0.0489677749386116,0.03975353273071036,0.030269636171939784,0.0397640188464628,0.03920798990442442,0.0389635014114485,0.03923444341233062,0.03980136114230892,0.030262460457880946
0.03354209937451996,0.04319462933343604,0.042271328556919285,0.0419995487510898,0.0422252062904116,0.04313983226499907,0.033535170577030426,0.04311306674012161,0.051018799364503375,0.04860722751444585,0.04849848895392922,0.0485558779686634,0.05091447537308713,0.0430855605572153,0.042142575808430394,0.048507921208936045,0.0465109982049714,0.046424434848647333,0.04649279559010283,0.04845930677142107,0.04210452149088956,0.0418672052118545,0.048408223941778405,0.04643096381754824,0.046321936876990266,0.04641293864846385,0.048390288483384836,0.04185991252770743,0.042126780002899766,0.048478490413865205,0.04651347332814837,0.04643158264157149,0.04650342035282318,0.04848230672971626,0.04213230524174355,0.04310050917961167,0.050933268498211504,0.04855812765844675,0.048498479476971834,0.04858437578276337,0.05098322657165638,0.04311500900708504,0.03352580551704193,0.04312421943201755,0.04220537492707799,0.041969858780414704,0.04223899830944988,0.04317382746671422,0.033539064819368636
0.036778769740452744,0.04614879171835273,0.04485668572267132,0.044594601606499085,0.04480707505764092,0.0460856022206686,0.03675544243714729,0.046055554115631614,0.05224755952575166,0.049568928641674226,0.04950418904169479,0.049521544557663444,0.05213989947749437,0.0460047745896251,0.04470586846241836,0.049473488404177646,0.047263616449913004,0.0472154915640296,0.04724903421467669,0.04942564042096492,0.04465926667530579,0.04444132550729063,0.04942156153799654,0.047223520531273266,0.04715314998511877,0.04720570374593752,0.04940026652521268,0.04442864197148627,0.04469029699293786,0.04945156934637984,0.047270856792724414,0.04722671341947027,0.04725975976554109,0.04945072089513952,0.04469198500166505,0.046025521165434014,0.05216560685002375,0.04952582245644921,0.049508721544084366,0.0495516510327767,0.05221573679811997,0.0460532174962377,0.0367457823872262,0.0460711483869235,0.04478939790767622,0.044568408584671315,0.044825126378472524,0.04612868797746361,0.036775426357346874
0.03989922632660331,0.04862241506748749,0.04697765454697894,0.0467351858310488,0.046925569044754256,0.04855083425668527,0.03986124877674124,0.0485125917456547,0.052685383382415296,0.04980167558594445,0.049789695348614105,0.04976052593087377,0.052576664088017255,0.048441979409310554,0.046805647676216755,0.049711310040486345,0.047342169035640536,0.047331126674366564,0.04732395538730755,0.04965881004687683,0.04674759903861225,0.04656240145157692,0.04971155024346274,0.047349865572162975,0.0473150858402408,0.047323288289389476,0.04968111057819796,0.04653722260550486,0.04679057010128573,0.049695451045788985,0.04735482970798438,0.047349201375893324,0.04733364120266431,0.04968217521112828,0.04678152996650842,0.048465640570604984,0.052600517312464845,0.04975725872109715,0.04978885976037689,0.049783899194429326,0.05264753508495473,0.04850658093633997,0.03984477161250566,0.04852771521695404,0.046894877096724685,0.04669797364580003,0.04694150387572038,0.048596614829404694,0.039897282418090374
0.042813785283358996,0.05052627570819512,0.04855512590691774,0.04833540083629556,0.04849219103919811,0.050444263433671754,0.04276155830375755,0.05041028253609009,0.05231114253484781,0.04929360285063544,0.04933153133463469,0.04924610615132441,0.052191723792073264,0.0503185079849825,0.04836556343602344,0.04920939688817755,0.046744739858007256,0.04677948889758243,0.046729002395777375,0.04915384483497315,0.04830167050365847,0.0481488656653839,0.04926275583465295,0.04680080048527774,0.04681068004912964,0.046772663016490024,0.04922617649797617,0.048120828608737065,0.04834792232084051,0.049197290445269826,0.04676247753076679,0.046801574632813925,0.0467424338520247,0.04918250302850857,0.04834108610641463,0.05034219687963998,0.05222166208194495,0.04925072995781127,0.04933654398595022,0.049276647175791666,0.0522739427166623,0.050403022038426615,0.042741214761987556,0.050423718594587386,0.04846726026965781,0.04830246426106777,0.048515415568329945,0.05049923360269437,0.04281277937326089
0.045438275670934114,0.05181314293043554,0.049548226507807935,0.04936599272858466,0.049489383235263085,0.05172865335755772,0.045370657252866486,0.05169073489994436,0.051154378889662344,0.048080822212144936,0.04817874107250403,0.048046312604236974,0.05104205399088585,0.05157886064547562,0.04934957418062941,0.04801156678268559,0.045522436898437435,0.04560446446603755,0.04551196077673042,0.04796015300759515,0.04927997416495844,0.04917166063635442,0.048125473572565136,0.04562944637881078,0.045686387381798865,0.04560071300555968,0.048085540547257666,0.04913678685227041,0.0493344381462586,0.04800968427577962,0.04554575594149224,0.04563012146326806,0.0455233254280058,0.04798697673481789,0.049319445849589805,0.051608052049558095,0.05107511739100412,0.04804751248630407,0.048183521649290295,0.04807183315601876,0.05111863942723377,0.05167830753841257,0.045350365676305016,0.05170809059033116,0.04946228475388981,0.04933593445991902,0.049511750423678724,0.05178676846973285,0.04543685712991341
0.04772826850816314,0.05248511921686372,0.049979052537208635,0.049840303178418366,0.04991877906954967,0.05239671316621358,0.04764924209496546,0.05235602644610626,0.04929802137825229,0.046253225515859364,0.04640959942173628,0.04622494276529532,0.049189422801078186,0.05222972671777437,0.049773611314396005,0.04619635451269599,0.043752239145445015,0.043876657338855984,0.04373974465166386,0.04614331684916834,0.04969756504096562,0.04964205972062413,0.04636706513302408,0.043911254981144954,0.04400926456871551,0.043875004441290444,0.04632059311756909,0.04959675444470918,0.04975914891900041,0.04619991407709734,0.04378089374039451,0.043907640273584625,0.043750466576619074,0.04616677284789128,0.04973548801783845,0.052258891136985064,0.049218712258262465,0.04621997343912815,0.046409857403718335,0.04624444475299372,0.04925746190167152,0.05234118869092336,0.047623023706289125,0.05237083343858645,0.04988375347416424,0.049803798085832685,0.04994011439342255,0.05245562908037443,0.04772902741952101
0.04962497809104549,0.05251365741506081,0.0498223288714808,0.04972993695000655,0.04975693035800116,0.05242183753704838,0.049535052525841894,0.05238973425768184,0.046799006772546226,0.043868106657056816,0.0440760437024576,0.04383906176658464,0.046689959808007664,0.05224899388899379,0.049617208190922135,0.04382644661217139,0.04150216235967091,0.04167307022686789,0.04149532699346592,0.0437761773352357,0.04954162757616326,0.0495358119678046,0.04405188300208285,0.04170742372919778,0.041853315209778974,0.04167322583813032,0.044003386199164995,0.049490440535188474,0.04960248055159089,0.043835470485557304,0.04153450198015379,0.0417060130381704,0.0415084669674905,0.04380122171661355,0.04958122414435778,0.05227775244819344,0.046724879321378365,0.043842565576330594,0.04408347129696555,0.043863858585068305,0.0467642574894912,0.052373808934256916,0.04950883074551998,0.0524038053777901,0.04973379722952803,0.04970386609525551,0.049785992477418606,0.052488007130079395,0.049626276190928686
0.05109211873850572,0.051932248159345995,0.04911636664490271,0.04908365616651672,0.04906250614376312,0.05184571139582517,0.05099262161906204,0.05181176321755859,0.04377650788051468,0.0410429948792943,0.0413080215290218,0.041031672998029456,0.043683734689552445,0.051660264829007985,0.048921372890202874,0.041022364110852916,0.03889078089013914,0.03910192241072308,0.038887563587179486,0.04097880747063526,0.04884464099543001,0.0488992180428936,0.04130323012613063,0.03913947669412887,0.03932821431972916,0.03910506931029811,0.0412528769638415,0.048847237376424435,0.04891161493821111,0.04104075128081175,0.03892592718999571,0.03913627843314482,0.038897672492984425,0.040997967296277416,0.048879030161555315,0.05169303252219787,0.043717846047889475,0.04102779809037205,0.04131215366050234,0.04104653991466922,0.043743886411608424,0.051790937670669446,0.050967572546414375,0.05182765101203868,0.04903539029777998,0.04906009196668448,0.049087230923909486,0.05190923960959626,0.05109340841903215
0.052127642552737274,0.050799052815638845,0.04793323259027915,0.04795965337025965,0.04787990793631175,0.05071372181176159,0.05202361496615798,0.050685044814673286,0.04036755554608801,0.03791316736442918,0.03822390517912233,0.0379064223412916,0.040282310739958804,0.05052871402114406,0.04775080933385384,0.03790801546297451,0.03603376325804902,0.03627704934963771,0.03602914814860653,0.03786624518002174,0.047673875286454004,0.04778872727436423,0.0382332110878722,0.03631900056504528,0.03654291576697982,0.036282236621410946,0.038179844975871124,0.04773172743732673,0.04774140883508393,0.03792871301694761,0.03607071586276611,0.03631312999696551,0.03603983774366065,0.03788072341713444,0.047704731820482016,0.05055788735413563,0.04031180104477222,0.037898811743190375,0.03822663181015151,0.0379167251246163,0.04033327951127208,0.050662843339111585,0.05199484743011673,0.050695110436234536,0.04785177925523604,0.047934771711110546,0.0479046180053056,0.05077508450324947,0.052131024459528774
0.05271312933718314,0.049142964520001164,0.04629872740176916,0.04638544244449677,0.04624898319349463,0.04906315632072755,0.0526056681417742,0.049046204808426586,0.03668105152089024,0.03457909107937063,0.034925889987436454,0.03457822058816412,0.036605622537450255,0.04888636294301618,0.046137041452606165,0.034593529427510206,0.033040247674958556,0.03331368297214987,0.033042032494205564,0.03455959451255719,0.04606679525005419,0.04623613689936801,0.03495655726264674,0.03335099299918165,0.03361146092321521,0.033321678380390185,0.03490597254522143,0.04618311832763622,0.04612941006973098,0.03461772543365266,0.033077002293605606,0.033348572420603184,0.03305366707893709,0.034572032292015775,0.046095698940035346,0.04891424128463906,0.03663781230581126,0.034575472586313105,0.03493643677029551,0.03458876511600306,0.03665560412331248,0.04902256862093152,0.05258023698874792,0.049054503224442825,0.04623436500782546,0.04637369577909817,0.04627850111699938,0.04912622677627321,0.05271696379128582
0.05286443764658577,0.04706312386141698,0.04431334763078876,0.04446737449835281,0.04428003027389421,0.04699474958674743,0.0527567548363716,0.04697890674514327,0.03288281701202239,0.031198324453426407,0.03157917760884976,0.031215526019514772,0.032827628243895624,0.04682092392838899,0.04417905502483793,0.0312327444565067,0.030052827446678088,0.03034434865221508,0.03005641573315654,0.031206619672131508,0.04411245343001308,0.04434275473008398,0.03162626004107155,0.030382218088017887,0.030667455833854107,0.03035529619583649,0.03157671526571393,0.044285938411114945,0.04417622549551564,0.03126114693391219,0.030088327104902057,0.030377761688692495,0.03006487756427756,0.031211446228472717,0.044133403685453376,0.046849429725436764,0.032854292170002075,0.03120124629776949,0.03158525904619924,0.031212654720035427,0.03285915830954855,0.046952232813422756,0.052733081791613456,0.0469854370463097,0.04425960190874656,0.04445656286461708,0.0443020953368885,0.04704929078100334,0.052869494391319716
0.052617509467376256,0.04464979366376509,0.04207299731549896,0.042286374432146556,0.042041811418273345,0.04458735792896934,0.05251378564613307,0.044583145013911085,0.029118102576908445,0.027906761213833453,0.028302649952098746,0.02792566128831314,0.029071271311892133,0.044431333630117475,0.04196554285129417,0.02795291206014988,0.02718693933606281,0.027487569019109648,0.027191050911985648,0.027931314311042676,0.0419053602344317,0.04218795052172436,0.028360407251401487,0.027522480806550287,0.02782391780879173,0.02750041309397111,0.02831403037595004,0.04213378613907576,0.041962772883330224,0.027978206216209944,0.027220425702472018,0.027518611060747544,0.027201268714565907,0.02793297876397982,0.04192309516517023,0.04445392276217808,0.02909330397394655,0.027909827169116164,0.02831148446152182,0.02792057547032506,0.029097142546502197,0.044557852272391785,0.05248957440306279,0.04458180311585569,0.04202667722005449,0.04227858559194386,0.04206489591220003,0.04463745922942852,0.05262481058374152
0.0519925210801267,0.041974406003295384,0.039639758118518165,0.03991141083593375,0.03961862849553782,0.04192360941952622,0.05189351134068648,0.041931548221684434,0.02551134340693667,0.024813841734623143,0.025213774430277114,0.024841730773182524,0.02548024001746807,0.041787429350981065,0.03956466061745395,0.02487466882522915,0.024556079265877107,0.024857820087186844,0.024565965878333984,0.024863055323127548,0.03951550970686185,0.03984290164269638,0.02528593711382293,0.0248845604114451,0.02519701472488972,0.024874108704843523,0.02524842295071139,0.03979721431489569,0.039564629563150266,0.024899695537483058,0.024586479594254973,0.024884655897706442,0.024576034374736933,0.0248616323591071,0.039529420767623225,0.041808287366761676,0.0255018705586611,0.024826163598001938,0.025229037926899234,0.024832712039487337,0.025500480926246294,0.04190532404063435,0.051875216329829,0.041927702449643556,0.039615048663096564,0.039914413110337665,0.03964308874349448,0.04197009575915772,0.05200016770494792
0.05104585066961864,0.039167498694685166,0.037141973161618824,0.03746966351769182,0.037136637896690694,0.0391307484816818,0.05095533530419505,0.03914129425793278,0.022223947940147037,0.02206715645672025,0.022461781122241953,0.02210735021697746,0.022211421069343706,0.03900990598373777,0.03709973375279951,0.022137767745272763,0.022282605479044926,0.022569954528519787,0.022292261272852942,0.022132821694057003,0.03705816842029164,0.037430608425410905,0.022539284855548403,0.022594325774470292,0.022901137744342714,0.02258927668528904,0.022507677882612986,0.03738577860853304,0.03710326519233015,0.02216068483521655,0.022309442805264312,0.02259208559862852,0.022301130532280666,0.022125534604937602,0.03706378781553188,0.03902824782127151,0.02222428600089993,0.022079606102886673,0.02247195699524196,0.02208658259135704,0.022214584316947728,0.039115126580782644,0.05093906920944535,0.039132946354817844,0.037127307013702204,0.03747101334556674,0.03715317605556051,0.039165097484723355,0.05105526806508448
0.04983733628074011,0.036323598008597746,0.03466979355010591,0.035040975266187935,0.0346670978501426,0.03629556966405473,0.049757438950008614,0.03631937029479709,0.019367430805095343,0.01976400179945742,0.020131368175237918,0.019801775618084938,0.019362184548398886,0.03620240904542893,0.034657195767903604,0.019835894297862033,0.020447263116100123,0.020711483202357883,0.0204589906020598,0.019837625678866877,0.034626836171693154,0.03502929182535103,0.02021032586825522,0.020727629009553272,0.02102037018602937,0.02073306706569561,0.02018815218584885,0.034993547415710646,0.03466008955895844,0.019852068493108943,0.020470411070812877,0.02072754194874532,0.02047097987899421,0.019829807922264464,0.03462988698255082,0.036213670851134305,0.01937109019895117,0.019774450371691676,0.020146143231923264,0.019781960245971286,0.01936406967183618,0.03629644299082391,0.049743580085887196,0.03630375776531791,0.034667371166914374,0.03504648920911113,0.03468542070612013,0.0363237638367403,0.04984802901746971
0.04841326047778982,0.033531045729234044,0.03229920947571868,0.0327094668979529,0.03230927610283729,0.03351707979296853,0.0483443351315353,0.033549519547015016,0.017044631023534096,0.01798830823161557,0.0183180916698088,0.018034718640847325,0.01705572307653247,0.03344747207761595,0.03231796517218272,0.018064394938544004,0.01913293023205498,0.019362761995855737,0.01914860782510941,0.018076028402487787,0.03230008310163962,0.03272410734319542,0.018400000521103244,0.01936971478566374,0.019638087272654037,0.01938709919294379,0.018389780035650782,0.032699614974017466,0.03232333756620365,0.018076727182957386,0.019151336564633914,0.019372350909096003,0.019160321419984416,0.018065039155427343,0.03229878280452708,0.03345695980677982,0.017060667236263538,0.01800219230768707,0.01833530913950948,0.018008489127776472,0.017049771824345195,0.033526439560709664,0.04833801562422568,0.03353147948903146,0.032316761377369274,0.03272014424882719,0.03232588668854769,0.03353770229232844,0.04842428104544794
0.04685176926968382,0.03091537865471483,0.03014957194504142,0.030588017743274798,0.030170065409826807,0.03091381535445281,0.04679706081601398,0.03094872043123631,0.015367519148020148,0.016835978422713394,0.017113598727437285,0.016885547784107502,0.01539000957407094,0.030864759688300214,0.03019483971083753,0.016908776084604504,0.018406311337770986,0.018587979609168137,0.01842025856659152,0.016925361735521394,0.03018534196835926,0.03062558152755318,0.01718895165655382,0.01858909524297414,0.018818214480867845,0.01861308456984556,0.017188118567067312,0.03060602191751266,0.030201356785620304,0.01691378443119884,0.01841996435395421,0.018591379074001768,0.018433200723739385,0.016912111070883973,0.03017820625208778,0.030869807680003303,0.015385628514513638,0.016842195529100434,0.017126087794044287,0.01685160496911975,0.015373500032931753,0.03092809388276546,0.046793244004410706,0.030924924307143498,0.030173940760191087,0.030594104054904314,0.030180673774867273,0.030921658758983395,0.04686437805887583
0.045217907710309035,0.028550273046178076,0.028282187099310685,0.028733769772112283,0.028304147633444465,0.028556936555015733,0.045177252372695265,0.02860250509583312,0.014386323927138733,0.016342135385582546,0.01654745096040522,0.016385245541353177,0.014412862696882245,0.02853581295110258,0.0283495668860117,0.016406513022131808,0.01829422109646678,0.018419477556955777,0.018310055158220373,0.016428636758217985,0.02835197591138655,0.028789665810934784,0.016616297842723893,0.01840910166983023,0.018591958056478897,0.01844527898763776,0.01662778943181531,0.02878353922308602,0.02835461811180129,0.01640260023810247,0.018302589024002114,0.018415775843734217,0.018326498346246722,0.01641787804096101,0.028343850179320618,0.02853458380561974,0.014406127062944085,0.01634297561047532,0.01656553960666085,0.016354046843517878,0.014399470414506843,0.02858545119075201,0.04517856556884198,0.028573544920303062,0.028319488613605337,0.028742683359068266,0.02831657898037282,0.028558006892590637,0.04523078035994588
0.04356845563028844,0.026515122576292904,0.026764070162225373,0.027221263268562113,0.026796758673798937,0.026533156681224523,0.043541848165302266,0.02658208591244232,0.014153857303292217,0.016541029738839808,0.016667064725599923,0.01658913010175278,0.014192829829275166,0.0265327459090563,0.026852224894508392,0.016599410373209667,0.018824634761006653,0.018881817703641723,0.01884078316735982,0.016626722294387608,0.02686499681900767,0.027291916858226073,0.016728340934650254,0.018863794174555915,0.018986807254835147,0.018907692818775912,0.016750396100230103,0.027296151231223587,0.02685883877624934,0.016589142359933695,0.018827785350880977,0.01887185005535419,0.01885663238051305,0.0166148886757001,0.026853701055985835,0.026529982418676268,0.014180988388490412,0.016539505701894774,0.016684545932388217,0.016551015035510874,0.014171970091445663,0.026565312943223285,0.04355085382659274,0.026551896010349407,0.026814816581879897,0.027228397394054416,0.026805668936238758,0.02652596244990335,0.04358136913534
0.04198183669297073,0.024900444178270975,0.025675113342155997,0.02612133184245502,0.025710575534839353,0.024925111214715023,0.04197198860451279,0.024974989365000866,0.014705975522952275,0.01745463940995451,0.017486532264154253,0.017496378293158255,0.01474750000355668,0.024945088330577403,0.025777498457647596,0.01749870554211924,0.019993736864608425,0.019973485873277352,0.02000640042838231,0.01752667012764031,0.02579844707031337,0.026203431618556094,0.017532223345824827,0.019949338289956875,0.02000078690015178,0.0199970145593919,0.017562026703886346,0.02621505207073932,0.02578319743165891,0.01747911235286581,0.019992198261917116,0.019957559734475827,0.02002444295278949,0.0175172459039154,0.02578428980510289,0.02493631066158475,0.01472885628573023,0.017441380561662112,0.017500862302675224,0.017457011894568608,0.014724464369544443,0.02496245650860357,0.04198233969970988,0.024940476702513037,0.025728991345738306,0.026122654908345866,0.025716556048800854,0.024908058220784735,0.041995777522066735
0.040511819252894155,0.02374072404559363,0.025035507247752553,0.025455866604526978,0.025071177612284445,0.02377060057161151,0.040516890698392705,0.023826785377801918,0.016023469973218185,0.019051071043243606,0.01897536840427183,0.01908332245007005,0.01606435390312655,0.02381307113538378,0.025147979641833074,0.01907966873893624,0.021770136348339186,0.021668280315248867,0.021783986928057608,0.01911001781460414,0.025179336924362583,0.025544937117177147,0.019007883944712756,0.021632781969708303,0.021609187087683,0.02168920584348938,0.019047649419812962,0.025569476893307963,0.025152295253449697,0.019051674820746767,0.02176354303461836,0.021644904702160295,0.021803596401422876,0.019104767679993362,0.025166526360541897,0.02379980039223556,0.01604578819987107,0.019031521590906708,0.0189937854231228,0.019048967144509932,0.01604799484769709,0.02381665072862893,0.04053195948762811,0.023790027618066756,0.025099187626796193,0.02545769611424553,0.025077847133633202,0.023748290735120692,0.040524315513541354
0.039211284990263384,0.02308879527770885,0.024887747599289467,0.02527227674350141,0.024930135687049826,0.023125016734652726,0.03923073463277943,0.023178615252977985,0.01809936264616835,0.02130955716222188,0.021123666964950105,0.021340766140090006,0.018143737488298894,0.023180649610524406,0.02500616532199912,0.02132398956891346,0.024124476195098776,0.023932060587878168,0.024135000413502417,0.021352686219765327,0.02504382351340595,0.0253632052284401,0.021139102320925862,0.023892797682670275,0.02378170753031933,0.023949663413482702,0.021184592509605638,0.02539448079027623,0.025011706362363273,0.021287869125658998,0.02411384394330851,0.023903581312916977,0.024153077823238944,0.021348547720517586,0.025028661631669724,0.023167207407955803,0.018120243157044247,0.021282509680017603,0.02113732786763134,0.02130217848594773,0.018123042501183573,0.02316763009824213,0.03925011338518131,0.023141172256803233,0.024954292603719952,0.025266429790510248,0.024931355000249178,0.0230950851412538,0.03922268176103244
0.038140738033881016,0.02298172533275189,0.025256673409494557,0.025585763048946053,0.025294028106357447,0.02301793504898575,0.038175236208697894,0.023071102283611977,0.020889192333937212,0.02417869283385682,0.023869719424883085,0.024195044711290026,0.020925284862563676,0.02308830292951708,0.025373851892827926,0.02417088958972108,0.02698944028795336,0.02670420247617311,0.02699576646856272,0.024195202538452365,0.02541659706025562,0.025675343794820116,0.02386298110573304,0.026659407844243532,0.026457083232531264,0.026716803300522007,0.023913817276609628,0.02571389027473725,0.025376377395380123,0.02412333488047963,0.026975142798616458,0.026670966624694814,0.02701649383726068,0.024197033098029452,0.025401918413061664,0.023070287830806946,0.020898531926524244,0.02413865369029139,0.02388202577635401,0.02416222127300427,0.02091117478356641,0.02306476975496835,0.038194792587667226,0.023030990615720837,0.025320796031860493,0.025575124009524886,0.025295745091092725,0.022983684007189864,0.038152190803726005
0.037330737005410286,0.023411462575541164,0.02611982540939073,0.026382213601167936,0.02615653286279518,0.023449542727838224,0.03737789752702558,0.023503143362355983,0.024314806126873756,0.027574265663142583,0.027138964103317564,0.027580291031997384,0.024345799825632397,0.023532271373055136,0.026233622349782548,0.027545872053178544,0.030290359629387253,0.029913364161778477,0.03029714774330683,0.027568289173386995,0.0262825665004911,0.026466327167961434,0.027114441040736514,0.02986128723817294,0.02956782803437963,0.029921543293111696,0.027171409072952624,0.026514589403102473,0.026234737161185184,0.02749113624378663,0.030272865666089832,0.02987475451075139,0.030316596964509834,0.027574860887779162,0.026270289928113977,0.02351248641056375,0.0243206272629089,0.027528643387293605,0.027153433735108812,0.02755282931477554,0.02433953231639535,0.023498119256346706,0.03740177205725631,0.023464887322682926,0.026189091632759787,0.026370830047757754,0.026158142871514523,0.023413326259406564,0.03734077699479499
0.03681979515906392,0.024395867164087426,0.027489281597248783,0.0276744938789541,0.02752684462884475,0.024433695247807696,0.036878622538974004,0.02448073236421422,0.028317431866474174,0.031430950746892006,0.030873129438788838,0.03142958361565856,0.028342669563433065,0.024520162257450462,0.027594252847644107,0.031382122751243136,0.033954049873255954,0.033483011337066715,0.03395464917670349,0.031396699827518304,0.027643903197989927,0.02774812225111095,0.03082555030304618,0.03343290636917551,0.03304079891467304,0.03348516983752453,0.030883293484885166,0.02779856585351076,0.027595096855818013,0.031319492925859005,0.03393554976168528,0.03344272587604574,0.03397247850554452,0.03140628777150978,0.02763158455595055,0.02450177016252969,0.028314298906360835,0.0313746644732224,0.030880053358857518,0.031401697324866584,0.028335830789344763,0.024475631648246343,0.03690412075730043,0.024443192280116266,0.027551636876427088,0.027652582678209303,0.027523037709830278,0.024393377365789892,0.036828694505070425
0.03663968599941492,0.02591519313237256,0.02933361862277717,0.02942343411245274,0.029360460628897356,0.025946873698385775,0.03670907342982871,0.02599341084832052,0.03279010183688824,0.03564190969204051,0.03495709172243894,0.035620293406513015,0.03279876917861746,0.02604161934336474,0.029424549377450482,0.03556850051176069,0.0378716547482531,0.037314419767642326,0.03787006473056165,0.03557535099952047,0.02947610342213447,0.02948618115993079,0.03488738707864808,0.037262183339007826,0.03677763537912482,0.03731122552787575,0.03494728843685335,0.029542390993220424,0.02942131438627249,0.03549737847868517,0.03785333432738652,0.0372722374713092,0.03789030492593687,0.03559267678813283,0.029466771612865816,0.02601972527429225,0.032772273694598786,0.0355744411663218,0.034962672077884616,0.035604166471157994,0.032805018431364186,0.025992298406785075,0.036734109619019684,0.02595563838744608,0.02939007514572267,0.029400147052794756,0.029359944517398207,0.025909387069006806,0.036647529044877
0.036794159876216204,0.02792627831068578,0.0315980157032969,0.031587526370007,0.03162506610440441,0.027956285632092293,0.0368714952406371,0.027998441646137573,0.03762027868725759,0.040096958938669935,0.039295170447362304,0.04006669666180729,0.03762074491372419,0.02805321197278332,0.031675772443489014,0.04000466695597926,0.041950483994481313,0.041314513989810675,0.04195105787929737,0.04000636634595822,0.03172873236677337,0.03163635478909416,0.03920944200467563,0.04126197001654508,0.040689490081971424,0.04130824384223469,0.039270049174609634,0.031698316406690685,0.031671898015801,0.039931369211037626,0.04193355624920525,0.04127122752451534,0.04196748781990456,0.04002772802392729,0.03172297462332174,0.028032971407226603,0.03759879418687945,0.04002777957633996,0.03929802916951863,0.04005665716233131,0.03763406306132039,0.027997682632903254,0.03689989557765122,0.027965811737918234,0.03165552917316167,0.03156253753917171,0.03162247133418672,0.027919987046281736,0.03679995024194993
0.037301471781883866,0.030413205560403778,0.03426775460143011,0.03414868266599397,0.034290303997543736,0.030436850206558674,0.037386178125222935,0.030469854042255495,0.04271651447218566,0.044708915369885416,0.04380139429565916,0.04466727966944817,0.042703229926328246,0.030530362113957987,0.034326446426285906,0.044596657161929176,0.046098318578394026,0.045390145759292566,0.046094260288452704,0.04458514629590915,0.03437518127949468,0.0341780076651102,0.04369230065582591,0.04534577005587026,0.044685220101795986,0.04537762723337496,0.04374783071927024,0.034238632289760096,0.03431987317180568,0.04451690831442345,0.0460847655072994,0.04534809620896052,0.046107521947386876,0.0446110343699479,0.03437132591194103,0.03051169229329198,0.04268040990536964,0.044630210688296534,0.04379232088726864,0.04466081733879651,0.04271932110061999,0.03046983714046797,0.03741267564059875,0.030438557930717425,0.03431058904549983,0.03411148215378207,0.03428374632239839,0.03040127821112265,0.03730655421218332
0.03816263941369541,0.03330930046996694,0.037267023614500905,0.037026124644429836,0.03727574976190878,0.03332352346843259,0.038252572413241204,0.03335429620275754,0.04793866050660922,0.0493470656790973,0.04833827672856561,0.04928432270408728,0.04790488457503378,0.03341839033669863,0.037303983369732785,0.049213578437586614,0.050196793873650114,0.04943360974718092,0.050195111629404154,0.04919187387674767,0.03735014249737112,0.03703750638426173,0.04821055918587408,0.04939114342720308,0.04865806402951467,0.04941680056804476,0.04826525347120131,0.03710200444717904,0.03729089303331046,0.04912742260935021,0.05018800861796957,0.04939230976297415,0.05020923606522498,0.0492269053311466,0.037353017602001215,0.033397339361069256,0.04788762452859091,0.04926310610393586,0.04832667553458425,0.04929371013372347,0.0479383512698206,0.03335912276594627,0.038277512725431895,0.033326195577973006,0.037302607117975506,0.03699155339118998,0.03727469345127793,0.033296914630737806,0.03816636163356546
0.03935820471997542,0.036551230358325804,0.040526468322835796,0.04016643003368364,0.04053774209586619,0.03656263711664903,0.03945036189855483,0.036582960388781394,0.05317254224710738,0.053907740004663085,0.05281926746796106,0.053839471802710925,0.05312967385435319,0.036648658120932764,0.04054354038718988,0.053759863041233424,0.05416502813232188,0.05335950906550879,0.05416651104541986,0.05372980429276214,0.04058525484095277,0.04015756256393016,0.0526780827772958,0.05332252632625739,0.0525266247119921,0.05333972894157596,0.052729882955245555,0.04022167033455215,0.04052904389176348,0.05367306614059453,0.05416054153129651,0.05332001777594325,0.05417379559431368,0.053767970390234066,0.04059295775551269,0.0366307604135333,0.053116601822945975,0.05382498457209545,0.052798860534048364,0.05385312295982597,0.053168983807088344,0.036588548634204465,0.03947620321224926,0.03656296534672793,0.040558707334176713,0.04012946062219991,0.04053146959077547,0.036539637395545665,0.03935989154317393
0.040888237026778795,0.040101050948460726,0.04401482652515637,0.043531196127999994,0.04401747802400702,0.040101370894727095,0.04098130141225076,0.040110664861915946,0.05832229004323625,0.05830643578382627,0.057156004390698345,0.05822331831609395,0.05825968743025284,0.040175345007840924,0.04400469300690907,0.05814228618644607,0.05791779216144666,0.057082637902314326,0.05791488665484773,0.05809602725480151,0.04403790590643131,0.04349664126560526,0.056994394775468415,0.057057148359985044,0.056208109699628916,0.05705729724202341,0.057038916011587726,0.04355535657252074,0.043986507869992364,0.058049745238905326,0.057917250797756725,0.05704786364276754,0.05791930356881081,0.05814016250955584,0.04404975366475178,0.04015910093152342,0.058246782390244556,0.05821544403577805,0.05712087282025963,0.05824476377635546,0.05830569328279478,0.04011777042280146,0.04100144348321577,0.04009207728545544,0.04402667941713129,0.04348259107548813,0.04400806637402965,0.040083021259907925,0.04088854279680565
0.04272666458335184,0.043863154174228536,0.04763247353314903,0.04701965323130125,0.04761986461039236,0.04385182871424409,0.042816898176499585,0.04385776951611192,0.0632486447347228,0.06242044675128261,0.06122288840060214,0.06231910808971103,0.06316398556801811,0.04391799139190572,0.04759478489646052,0.06224250927030095,0.06135513470202275,0.06051365229182193,0.06135801786356876,0.06218724776635526,0.047622246387091005,0.046962459882407825,0.0610498040135537,0.0604925135282417,0.05961442968210273,0.060486287885796186,0.061093261304400626,0.04702203788011239,0.04757043181752524,0.062147148273389186,0.061360612587039454,0.06048317529778402,0.06136119181377542,0.06223972360944241,0.047641475024335134,0.043901186960252414,0.06315946504357117,0.06233045079156757,0.0611849158743446,0.06235779822552007,0.063228652362262,0.04386815183896681,0.04283486047760565,0.04384486242666252,0.047636674575101956,0.04697698437093922,0.04761642379681352,0.04384617551098818,0.04272433653284591
0.04483637570555604,0.047769704640860944,0.05131164371220298,0.05058137587987488,0.05130441938415181,0.047755649935685096,0.04492232114987621,0.04774571481541556,0.06786266737105878,0.06617814621501206,0.06496528119363204,0.06607713358628542,0.06777026233858663,0.047801534904927445,0.05124989188043366,0.06599437559584298,0.06442823776798584,0.06359536892407297,0.0644359860713194,0.06593167499327068,0.051269653425485784,0.0504998312871483,0.06478449371325357,0.06358537187482688,0.06269053377262135,0.06356830318062662,0.06482403577256812,0.05055387326688615,0.05122539544402738,0.06590158520558725,0.06443976440728583,0.06357134741569032,0.06442985232128984,0.06598515672799743,0.051291378480361804,0.04778987012046332,0.0677691776110072,0.06609375113618138,0.06491590307505496,0.0661183005561809,0.0678370464828757,0.04775568437198047,0.04493929801720986,0.04774333310346646,0.051309549301843504,0.05053616357590224,0.05129403018879597,0.0477542870852799,0.04483253622626704
0.04720467009384621,0.05177432824440187,0.05501904743940117,0.054170961714911814,0.054999955898256736,0.051747270331183204,0.04728517975586294,0.05172405713274786,0.07208666341185999,0.0695196754508357,0.06831295425314043,0.06940430413997012,0.071972875968695,0.05177323548515422,0.054924862567249266,0.06932761372950863,0.06707766116407599,0.06627212353615558,0.06708464299983041,0.06925012102261496,0.05493374348639002,0.054060152893646574,0.06811861286870047,0.06627516976041808,0.0653796287562739,0.06624251255999536,0.06815077718256735,0.05410649477680901,0.05489615718200597,0.06923123026269723,0.06709516749797145,0.06625602316473467,0.06707544160476381,0.06930974960643976,0.054959663515743606,0.05176329820207354,0.07197322013474744,0.06943048804769592,0.06824929383207712,0.06945592632118308,0.07204803105079666,0.05173569301369224,0.04729426196516123,0.0517242245552752,0.054992558240572254,0.054114669156311856,0.05498741037158439,0.05175234649170074,0.04719919159281438
0.04978675385427134,0.05577246542884545,0.05864888402308144,0.05768554238594659,0.0586155413285695,0.05573485979201459,0.04985767055300083,0.055705343753524816,0.07580987926923843,0.072353690725799,0.07117527018088471,0.07222627865472675,0.0756787648391985,0.0557447873371531,0.0585239547694435,0.0721591042439298,0.06924187130957066,0.06848907259519454,0.06925953958012626,0.07207632491465693,0.05852685283691916,0.057550558451206935,0.07097875429610534,0.06849727774554598,0.06762885858478307,0.06846097583971766,0.0710103046369116,0.05759642194115189,0.058490689408067564,0.0720633027667979,0.0692673411765452,0.06848026420329828,0.06924769096072997,0.0721422252668531,0.05855951997197267,0.05573497819338341,0.07568715420642413,0.0722718559407613,0.07110849413176429,0.07229426559090374,0.07576852486061675,0.05571814496677224,0.04986397987135749,0.05571381117880303,0.05861515847871612,0.05763764402108462,0.058608074166183965,0.055752909027186104,0.04977765235635623
0.0525393809904805,0.059709329414232515,0.06215311697203901,0.0610931228828987,0.06212692716292528,0.05967065355258072,0.05259991674990072,0.05961996575536649,0.07898852071869233,0.07465647403493675,0.0735412382184556,0.07453510298929844,0.07885494459054165,0.05965110423184394,0.06200183489713251,0.07446614266509372,0.07091468068692047,0.07022902125456065,0.07093885644649611,0.0743784727939919,0.06199609350067803,0.060933492826817204,0.07334419029101791,0.07024990440631851,0.0694205274756638,0.07020297542480192,0.07337192915066065,0.060970802396085266,0.06196984984907944,0.07437591664159043,0.07094728836805936,0.07022940571843778,0.07091713749124978,0.07444264913974746,0.062029722162365575,0.059646547310195974,0.07886291121158057,0.07458252419732836,0.07346069787544501,0.07460133259254081,0.07893976765041572,0.059631841543020425,0.05260337119895858,0.05964024909057175,0.06210893055324507,0.06104149223941374,0.062108464961416976,0.05969080198653526,0.052527938790440654
0.05544314475839868,0.06354222774278884,0.06550529838493169,0.06435294996367363,0.06546616971816932,0.06349193487668664,0.055493414965199606,0.06342535636389929,0.08157802539962333,0.07640237771978886,0.0753706243709103,0.07626902609509162,0.08142681142983033,0.06344685948438394,0.0653198859117054,0.07621195481196497,0.07207154543273941,0.07147103462782634,0.07209752906045541,0.07611394014691852,0.06530419616681998,0.0641645567362864,0.07516777533038649,0.07150419424976362,0.07073174103755225,0.07144449199420483,0.07518992612086628,0.06419399768421169,0.06528389534259471,0.0761214470661064,0.07211099707556484,0.07148172884369214,0.07207402724432588,0.07618322428803775,0.06534124561263249,0.06344146782996557,0.08143422828869273,0.07632723456458407,0.07527829509894612,0.07634499370025755,0.0815174108554314,0.06343929647136037,0.055487081845704445,0.06344959440116604,0.06543513326818556,0.0642928129037938,0.06544366157242737,0.0635164493159282,0.05542924268643362
0.0584450280990656,0.0671749291425276,0.06861179682993851,0.06737745240704024,0.0685609388321669,0.06711806017055438,0.05848137476579851,0.06704118906624273,0.08351267118157696,0.0775443946877708,0.07661996684526462,0.07740623887579468,0.08335238321364574,0.06705156797244222,0.06839627993495434,0.07736053100529611,0.07269655745867876,0.07220253420959233,0.07273473444979905,0.077262394613967,0.06837626635773897,0.06716728930965415,0.07642347603986072,0.07224093719201741,0.07155080042446227,0.07217958872364105,0.07644582054461402,0.06719514922767006,0.06835784715363996,0.07727560368027575,0.07274385186013882,0.07222270533633363,0.07270853330065485,0.07733534454431878,0.0684181337007913,0.06704530399910374,0.08336572877192683,0.07748137325646776,0.07652598573016944,0.07749411580525933,0.08345045252544675,0.06705613034835184,0.05847229925496972,0.06707770182741551,0.06853557247493447,0.06732857230073419,0.06854045725971952,0.06715251972531094,0.05842713356688456
0.061504728932401886,0.07057680663704563,0.07145268090181678,0.07015983408732862,0.07141114371545182,0.07052280061763905,0.06152778887100552,0.07042062847110703,0.0848000791600857,0.07810891487786731,0.07732422939573125,0.0779821876829776,0.08464450189240863,0.07042283790589349,0.07121358850511589,0.07793561322875558,0.07282469377709355,0.07244669979655088,0.0728690519637058,0.07783690929618725,0.07118580631809651,0.0699296324363533,0.07713277719055717,0.07249821616815705,0.07189901643060514,0.07242678800964203,0.07715109168370043,0.06994658827376415,0.07117882921526425,0.07785982560006616,0.07287914274822344,0.07247819336041639,0.07283405353459793,0.07790565674087596,0.07122622642298038,0.0704202003783575,0.08465332271010273,0.07805399840500676,0.07721596771295619,0.07806320025302621,0.08472931971884712,0.07043542227387217,0.061513854904202525,0.0704706716895423,0.07136430483416983,0.07010767095419979,0.07137650051685163,0.0705544511891873,0.06148445110280759
0.06460310490855442,0.07371870216512999,0.07401573733972622,0.07267233371119947,0.07396145508530572,0.0736563092370679,0.06461441404130142,0.07353912749367736,0.08543390409786311,0.07810532657949121,0.07747540858495355,0.07797009599525145,0.08526702871165909,0.07353138213431981,0.07374820369721202,0.0779380800617383,0.07246503979681479,0.07221775077165749,0.0725133145210331,0.07783469159105944,0.07371271887815484,0.07242146230124641,0.07728511531690313,0.0722785655662379,0.07178686808996637,0.07219879367259652,0.07729873574382767,0.07243067855200014,0.07371153890172716,0.07786607152621483,0.07252696459388452,0.07226068479647235,0.07247892495517727,0.07790744941793787,0.07375584227995713,0.07352578416976824,0.08527453171922317,0.07805180370556114,0.07735908034087097,0.07805942896919027,0.08535414071029407,0.07355727921832567,0.06458982233526506,0.07359308573105705,0.07390378213741877,0.07261532405608123,0.07392266865048441,0.07368897888510267,0.06458124991281267
0.06768870765444157,0.07652483270187133,0.07623058609882927,0.07485217257594362,0.07616870066138343,0.07646167982898366,0.06768523834779222,0.07633424708545966,0.08539810665437919,0.07753156774227998,0.07707748410140047,0.07740073898879574,0.08523324262704807,0.07631619445003851,0.07594125164112281,0.07737854091903512,0.07164380634127337,0.07154098997108987,0.07170538283242545,0.0772806588929188,0.07590356927291297,0.0745890738117535,0.07690021732137847,0.071604887629105,0.07124009674017173,0.07152702168083414,0.07691406140299223,0.07459580654072412,0.07590483010060778,0.07731686336645527,0.07171328418080403,0.07159405269622354,0.07166931810194799,0.07735423448376555,0.07594972887989337,0.07630885229676626,0.0852441477947185,0.07749327144465046,0.07696129871911167,0.07749575599287334,0.08531908004914002,0.07635292355228424,0.06765813177147334,0.0764003290584217,0.0761155745079114,0.07480884479295336,0.07612956717963909,0.0764993670835854,0.06766303898776227
0.07073014936558691,0.07899507794430227,0.0781082277769426,0.07672076271147898,0.07805704167695421,0.07893844829093127,0.07071381497256529,0.0787868586167228,0.08474794572582273,0.07645650701102125,0.07620249183667277,0.07634318971607695,0.084595547938425,0.07876223748184569,0.0778047145920881,0.07631928109062469,0.07042824798765407,0.07047102487221829,0.07049543481884574,0.07622506503811932,0.07776071415883534,0.07644786600183523,0.0760348591705372,0.07054710503668449,0.07031078600801832,0.07046153520358994,0.07604393069259607,0.07644249759859811,0.07777361961991897,0.0762703355249183,0.07050453275409752,0.07053679085880271,0.07045339628687386,0.07629278095015068,0.07780333700058217,0.07875680741918606,0.08459827595017655,0.07642649598949258,0.07607370186425133,0.07642630882303952,0.08466126694851961,0.0788058515086934,0.07068091708891472,0.07886403383407964,0.07798162457176411,0.07667464829820914,0.07800218006297782,0.07896815395528028,0.07070302199653161
0.07371525048341343,0.08111729920121014,0.07965360193435767,0.07826613421441897,0.07959030946793988,0.08105590262119072,0.07368800864594682,0.08089313113605573,0.08351161749721658,0.0749188080998659,0.07487058883983949,0.07480230334416738,0.08335485740814991,0.08086040529886318,0.0793318585832351,0.07479224620898389,0.06885469208161815,0.06905040509360838,0.06892681009272317,0.07469941022789145,0.07928256064140143,0.07798372413022475,0.07471008998576828,0.06913256562688408,0.06903603780207729,0.06904394850923623,0.07471456699625129,0.07797099569099347,0.07929979579309848,0.07475099849508415,0.06893746848819732,0.06912800905962813,0.0688889040782526,0.07476938730673943,0.0793269394113516,0.08085034837070304,0.08335514830464086,0.07489218877667503,0.07473868025019115,0.07489046579282865,0.08341919777640194,0.08091633839619394,0.07364506436229196,0.08097293374156583,0.07950745270504633,0.0782189294515383,0.07953156309619303,0.08108287678493176,0.07368727083314025
0.07660020251164618,0.0828423058603347,0.08082240548745451,0.07945398224327987,0.08075577043549209,0.08278509306131199,0.07655905447110073,0.08261448410013045,0.0817160762949225,0.07295342154716572,0.07312465410476682,0.07284999129230701,0.08157061179731212,0.08257366354978579,0.08048999526414197,0.07284566801280773,0.06698025819782533,0.06733285314237497,0.06706514964366728,0.07276372135537229,0.08044097055549787,0.0791702212645678,0.07298241405018319,0.06741654962571592,0.06746965179877756,0.06733284262145289,0.07298553884072473,0.0791544152740733,0.08046121684854962,0.07281880574191535,0.06707002225411735,0.06742044577469541,0.06702743323508364,0.07283167103446475,0.08048598046506211,0.08256228109752639,0.08157140969538246,0.0729433679086976,0.07299518741392536,0.07293646005577986,0.08162664912143192,0.08263734427191077,0.0765150253644693,0.0827041796194436,0.08067713464816317,0.07942158962544449,0.08069432353801204,0.08281226158645566,0.07656859528021331
0.07936720746289833,0.0841986497876217,0.08165542065882692,0.08033095481320157,0.08160094727619255,0.08415222928779204,0.0793155895412993,0.08396093519974496,0.07945228591840386,0.07065720742773596,0.07106110175528574,0.07057690050377624,0.07932539152944301,0.08391611638702823,0.08131987901093962,0.0705683244462153,0.06489077573547841,0.0653922469741482,0.06498027905883791,0.07049435515036073,0.08126629967073984,0.08004817190666708,0.0709315571113402,0.06548654687634742,0.06568257005125244,0.06539812419634089,0.07092893757542235,0.08001972279538666,0.08129765846143222,0.07055669132751785,0.0649868127872687,0.06549227925182388,0.06494063926334204,0.07055483244262867,0.08130543152413555,0.0839057997796086,0.0793151474180201,0.07065497719756492,0.07092176275034606,0.07064657730645107,0.07935702118630128,0.08398410709648091,0.07926612555305063,0.08405859222570522,0.08150038848481506,0.0802963101406245,0.0815234889365209,0.08416754299350093,0.07933534848706114
0.08201499997375505,0.08519345660704986,0.08217217846279301,0.08090008670659954,0.08210768561410792,0.08514610527195016,0.08195414215161473,0.08494966478568561,0.07677260109746531,0.06808696433324174,0.06871805692903477,0.06800988152075876,0.07664781637799911,0.08489928674070085,0.08183104924647672,0.06801217898432277,0.06263816453211374,0.06328682675285463,0.062733335816475,0.06794474013292462,0.0817748659797512,0.08061928829095072,0.06860001802694343,0.06338415867823155,0.0637271152900854,0.06329796731631526,0.06859293220082996,0.08058467142530762,0.0818082904375203,0.0680108477940361,0.06273996076844335,0.06339728638833242,0.06270164685843321,0.06800616827478079,0.08181410549616935,0.0848826725048879,0.07663444949969478,0.06809007172631532,0.06858007178909581,0.06808035633311782,0.07667567519094215,0.08497668009954329,0.08189571050713734,0.0850467832486812,0.08200333764942902,0.08086744506733629,0.08202683235544633,0.08515620699198068,0.08198240472629509
0.08451053590602414,0.08580354997912532,0.0823538393178308,0.08115394575801671,0.08229123776323921,0.0857647562881011,0.0844375444054205,0.08556449097334895,0.07373537860297441,0.06530192333658547,0.06616381367554064,0.06524703227132167,0.07362986573667779,0.08550949602434577,0.08201525296708206,0.06524937754669258,0.060296791145788564,0.06108502305508989,0.06040361699608526,0.06519657681455443,0.08196120401087048,0.08088194825304318,0.06606726389058543,0.06118337736086593,0.06167218692300447,0.0611052191530872,0.06605788378571958,0.08084436177163046,0.08199697846240867,0.06526464862474807,0.06040435317740589,0.061204128668313984,0.06037483464466592,0.06525389473433396,0.08199868307004193,0.0854912237926192,0.07361451466449198,0.06532237634382393,0.06602994634209486,0.06530805751551572,0.07364364766482445,0.08559040308010851,0.0843798147242873,0.08566899692157065,0.08219031035252644,0.08113540363656674,0.08220632638482783,0.08577137613574282,0.08447413703412149
0.08685058550977165,0.0860808947656459,0.08226468736052689,0.08115733459775121,0.08221483531301382,0.0860560954391314,0.08677009292896087,0.08584103873608495,0.07045149786975458,0.06241185428353313,0.0635044680658059,0.06238430721438604,0.07036782169574285,0.08578513373939789,0.08193419714109029,0.06237895539829391,0.05795587273327302,0.05886659373255948,0.058066068311991736,0.06233667040160701,0.08187747101915249,0.08089629090715822,0.06342124885098366,0.05897436152319668,0.05959397511091008,0.058895262255349634,0.06340588075342707,0.08084671795304238,0.0819225906375593,0.06240956356955596,0.05806854654315091,0.058996470675511226,0.05803978566998802,0.062386219213753535,0.0819069175917313,0.08576700908124579,0.07033933405682674,0.0624387227046897,0.06336247988599336,0.062424261093970757,0.07035565911620345,0.08586718720578668,0.08670793196406867,0.08594922232266161,0.08209377833745674,0.08113668359898613,0.08211476918174943,0.086048779057742,0.08681509734272563
0.08904645279287476,0.0860495070011727,0.0819326295181857,0.08092426187775731,0.08187498178345537,0.08602550144938487,0.08895820205759397,0.08581252886262636,0.06698324965113522,0.05947737067170161,0.06078285174052517,0.059458218195597934,0.06690556319567875,0.08575390414328182,0.081609116340158,0.05945932048474156,0.05566984046736334,0.05669229075434323,0.05578605108236334,0.05942686069318687,0.08155249390100416,0.08067552357758057,0.06071334649493493,0.05680088578754805,0.05754768609416383,0.05672962075975341,0.060693847504468657,0.08062158414387727,0.08159712464296937,0.05950057644719314,0.05578646220689548,0.056829995051881854,0.05577028502181486,0.05947655760104559,0.08158018873185785,0.0857288940113588,0.06687352968844279,0.05951040041482797,0.06064563905400189,0.05949476426840994,0.06688933050759227,0.08584175482548051,0.08888953925828169,0.0859170522543724,0.08175473181523463,0.08090741868396534,0.08177336165978011,0.0860117050418947,0.08901011872747089
0.09107438759912762,0.08570436968227879,0.0813596475174359,0.0804683100595831,0.081308562106848,0.08569280965545678,0.09097758157146663,0.08548191547108164,0.06340585995029824,0.05656707926863036,0.05807856793794852,0.0565761697813949,0.06335100236565294,0.08542125484047847,0.08105108209715467,0.05657149747925094,0.05351499527916537,0.05463130052850401,0.053640916181822706,0.05655476491006123,0.08099832830632764,0.08023729887067188,0.05803041968895173,0.05474070650563034,0.05560324236329389,0.05468037529395231,0.0580079376692908,0.0801805956911833,0.08104409382815009,0.05662843801038958,0.05363515845214356,0.05477506209791905,0.05362967101722821,0.05659904196618287,0.08102168021788014,0.08539530895470171,0.06331490798574546,0.05661614225185313,0.05794564463503987,0.056596647264510025,0.06331803395196689,0.08550859115813225,0.090911776994129,0.08558957949699475,0.08119194038804567,0.08046427915993509,0.08120239129332402,0.08567376608483729,0.09103582498447693
0.09294884597961245,0.08511791961133447,0.08062472030186385,0.07986410896917484,0.08058634533519132,0.08512017113136755,0.09284687848993128,0.08490247732604739,0.05983279569055783,0.0537871750706706,0.05549091960141267,0.05382486781517526,0.059798620743629904,0.08484276966167026,0.08033474236668597,0.053809194120145454,0.05156960319044074,0.05275493817214666,0.05169720627369906,0.05380319829221314,0.08028035620384194,0.07965272036931315,0.05545440357387471,0.05287212870003327,0.05382857118221679,0.052815044980649595,0.05542626494119973,0.07958482658591837,0.08033354527698239,0.053878663336719645,0.05169270384105984,0.052906449391397325,0.05169131985700742,0.05383989524471472,0.08029429144881817,0.08481692708011135,0.05974878230282887,0.05383960793567383,0.05535113252450008,0.05382139679501663,0.05974209607133307,0.08492847792865515,0.0927782434279627,0.0850082505702785,0.08045289551909474,0.0798578120003336,0.08046729372474004,0.08508725155748009,0.09291132827186921
0.09468723540719531,0.08431878718423141,0.07975804559299937,0.07913110119898298,0.0797144461831309,0.08432440234119176,0.09458083743985574,0.08411734734082638,0.05632344222111246,0.05118947716461919,0.05305658204433089,0.05123845184426418,0.05629560305157,0.08405601179325384,0.0794864552752988,0.051224747669791404,0.0498783315413493,0.05111439684158997,0.050011411158054686,0.05122990365362651,0.07943363009036808,0.07894036433058838,0.05303312443206132,0.051229951943215224,0.052269726950375184,0.05118616258166181,0.0530023939738089,0.07886989085507035,0.07948395696340915,0.05130243322010253,0.050002870349469764,0.05126994929814965,0.05001722994911273,0.05126620236593754,0.0794448155408497,0.08402394760321064,0.056242516696671685,0.051247183641409955,0.05292336752040716,0.05122808558585584,0.056236927868638265,0.08414492367210669,0.09450892283874557,0.08421495939634127,0.07958599444812603,0.0791298190015679,0.07959519878431742,0.08428510402007061,0.09464974397138914
0.09628013332896779,0.08332060062004354,0.07877499241523767,0.07829589449878183,0.07874156322407233,0.08333905096476668,0.09616645307211191,0.08314142844828176,0.052954868106507846,0.04883826304915445,0.05085216312646118,0.04891842542914654,0.052949483459930224,0.08307917220890337,0.07852934027094532,0.04889419838592107,0.04850703840519405,0.04976773981010418,0.04864672228563205,0.04891442365711207,0.07848082164863501,0.07812993370551857,0.050847491526938904,0.04988303481660694,0.05098609451364844,0.04985299434146084,0.05081445828772646,0.07805732796320192,0.07853120779219097,0.04898380656626905,0.04863200529377165,0.049925446902008064,0.04865786425463625,0.048944419798288286,0.07848606163132349,0.08304758797421741,0.052891082758875385,0.048909039773218255,0.05072231029615892,0.048887026881284434,0.052874530048661605,0.08316423892897162,0.0961003747411599,0.08323683482130356,0.07861760110736116,0.07830552578026989,0.07861864314725198,0.08329432823141569,0.09623949242637692
0.09774895516205234,0.0822003368304196,0.07775965545136276,0.07743508744873351,0.07773892016584377,0.08223291519754822,0.09763400014842755,0.08203734799751583,0.04982891989614929,0.0468230314449537,0.048957712340104986,0.04693021932738822,0.0498398645783924,0.08197677044182355,0.07754178543024265,0.04689311297547344,0.047511638520960964,0.04876683015866462,0.04765050205656157,0.046923140541313524,0.07749215456322556,0.07729499099140785,0.04896130071352811,0.0488872344781528,0.05002652238378247,0.048864298373143655,0.04892440794222125,0.07721293434664356,0.07754769980173937,0.0469901792451084,0.04763684001575147,0.04892816261994648,0.04766916430821344,0.04694635602118796,0.07748723080866549,0.08194593738179695,0.049768469148828154,0.04689365921334426,0.04882199861854075,0.04687429904728391,0.049746499942415034,0.08205845416666535,0.09756774545330643,0.08212544846899789,0.07760200134016443,0.07744188697858723,0.07760627401147546,0.08217622833323174,0.09771148228613402
0.09912105340458222,0.08099084892882147,0.0767386630211842,0.07656624076174101,0.07671495229545855,0.08102719105491596,0.09900364102552972,0.08085096092006944,0.046990483328919364,0.045177470439502376,0.04739462283267176,0.04529582515640984,0.04700539445286961,0.0807891427786509,0.07654831707331017,0.04525736546074921,0.04691840654296581,0.04814410712131767,0.04706097101446943,0.0452983090011887,0.07650141261772558,0.0764529007887157,0.047408781068573325,0.04825983924098759,0.04941958960474835,0.0482544388751901,0.04737168412978138,0.07637085979420977,0.07655203025160179,0.04535821868186901,0.047042328380638765,0.04830520018502227,0.04709186412188354,0.045321263074734386,0.07649335345438146,0.0807535705983432,0.04693237722222815,0.045251451146078925,0.04726653515301327,0.04523138911282476,0.046914201043279424,0.0808719667510252,0.09893810631582761,0.08092699013276711,0.07658723275358365,0.07657836066221002,0.07658443656230679,0.08096550027223437,0.09908387743355457
0.10039519913436135,0.07971356960621584,0.07573383893026009,0.07572270402816283,0.07572297026402819,0.0797621742753038,0.10027178565004835,0.07960221223758657,0.044506981452616334,0.043951463175665006,0.046226203064652416,0.04409922174442055,0.04454088562679054,0.07953987180589539,0.07557693112138086,0.04404735031604878,0.04677389942248178,0.047938009337543,0.046918503719835136,0.0441009144935301,0.07553467454158769,0.0756381123713708,0.046253935041666305,0.0480519104310686,0.04920586228301954,0.048061434791762225,0.04621612349095644,0.07555563499241963,0.0755845167976602,0.04415435284227537,0.04689505831829599,0.04809741646875271,0.04695513566294013,0.04411791072178872,0.07551987374583641,0.07950709631806807,0.04446272960110198,0.04403390413232411,0.04609981050053785,0.044011590234698916,0.044436442397782716,0.07961673118878165,0.10021491905754548,0.07967156934416258,0.0756002495460541,0.075742852879157,0.0755901650348954,0.07969610704701957,0.10035418712824584
0.10159683205532172,0.07844293223883647,0.07482615460095732,0.07497496723985192,0.07482640074452312,0.07850428997807851,0.10147528107785492,0.07835509739599406,0.04245738916702374,0.04320797817678579,0.04550446961360877,0.04337672860508485,0.04250113723405646,0.07829433887846282,0.07470196494070441,0.04331171331305167,0.04710472095251711,0.048174462194005174,0.04724463793320072,0.04337241445809081,0.07465914706689014,0.07491894180732195,0.04553472627399929,0.04828992031502738,0.04940893920190831,0.04830900953744488,0.045495576647271,0.07482994100997015,0.07471191811691374,0.043419560139406566,0.047223038498309555,0.04833344471157869,0.04729039349531294,0.043384745447097806,0.07463433391040614,0.07826354417072134,0.04241201785002069,0.043284975310871054,0.04537225300473596,0.043266004126076285,0.04238478659866629,0.07836711612908409,0.10142105490206643,0.07841253385523733,0.07469421642549073,0.07499015969154993,0.07468674357114186,0.0784290246506597,0.10156067099270832
0.10276103341603626,0.07721025219567107,0.07403227692642117,0.07433348222413594,0.07403046704123123,0.07727412725557292,0.10263742211792998,0.0771511881614455,0.040864459265445296,0.04295559434987767,0.045229668596979355,0.043131403262890056,0.04090785890635795,0.07708929268730186,0.073940230723819,0.04306307064414827,0.04791336491616627,0.04886248541439425,0.04805374245667998,0.04313298622706002,0.07390107774494176,0.07430595052512817,0.04526529014012404,0.04896934207362991,0.05003544742392746,0.04900844238872676,0.04522893432496733,0.07422034896668972,0.07394694118663919,0.043169282293177735,0.04802726847863453,0.049017124261205025,0.0481117371303188,0.04314620547857628,0.07387349171419777,0.07705510880977717,0.04081940718527788,0.04303223265536826,0.04510470347682505,0.04301272809294332,0.04079850758122805,0.07716186883855797,0.1025870182305591,0.07719377048791332,0.07391052146172711,0.07435250932140058,0.07389501653838015,0.07719582526325092,0.102724021124455
0.10388715873137255,0.07603473565185748,0.0733733696159175,0.07383066412433664,0.07338594085462513,0.07611078403191751,0.10375974678907779,0.07600912605621873,0.039777325555823084,0.0432232124038569,0.04544510884537445,0.04342306939910251,0.03983427553080693,0.07594686316758409,0.07331816505994099,0.043339788979004645,0.04922259559589198,0.05001690093685074,0.04935957773423,0.043418815787536924,0.07328368830360382,0.07383182424979784,0.04548666765402237,0.050119044636972476,0.051103274137965726,0.05017272355785912,0.04545158970704438,0.0737482556594225,0.07332779738708584,0.04344586736967421,0.049330584323350524,0.05016644651757518,0.04942355654881225,0.043427619426058495,0.07324959751670229,0.07591723674394046,0.03974186742188612,0.04330270904950573,0.04531947021928362,0.043281573892613,0.03971555560697798,0.07601196550991857,0.10372038178667847,0.07604158153662643,0.0732705664089291,0.07385323457706094,0.0732489593257501,0.07602911871548862,0.10384700200288338
0.10500592689541444,0.07498586065274876,0.07292126746335059,0.07352587587075804,0.07294312832381716,0.07507254603679592,0.10488229467933657,0.07498757931152339,0.03924611443485665,0.04404321309564918,0.04617128567340989,0.04425534739093989,0.03930513688461257,0.0749266887286647,0.07290000428769722,0.04415982839544874,0.05102831531484947,0.05163616205808791,0.05115599617043892,0.04424257369250362,0.07286492749304291,0.07355400977795512,0.046207481157083286,0.05173542889377353,0.05260953609028801,0.051799387764041804,0.04617388019377572,0.07346734081264283,0.07290999469093556,0.04426012972286486,0.05113092642046818,0.05178234702788903,0.05123063251102489,0.04424963754953187,0.07282234582620423,0.07489995865197963,0.039204501918309265,0.04411196521414168,0.04603947380111023,0.04409459783024233,0.039181490151959875,0.07498742235160666,0.10484730618951826,0.07500501330070874,0.07282114114441668,0.07354043933376231,0.07280158748748422,0.07498395391275636,0.10497092645643874
0.10615238750595923,0.07408561066209851,0.07267978344993775,0.07341826323760492,0.07269953157589976,0.0741734933935434,0.10602757524530265,0.07411845249602317,0.03926709918932053,0.04539729773792667,0.04738524892669904,0.04561031161708162,0.03932080486513445,0.07405675170340292,0.0726903712485717,0.045510303997099655,0.05330920294196212,0.05370601706005029,0.05343393794293044,0.045599928742451445,0.07265960271426464,0.07347219652191272,0.047419789657640765,0.053792342006377836,0.05453941622434294,0.053876985836398716,0.047392012105443915,0.07339280632658662,0.07269604484042952,0.04560387220930845,0.053405442790667,0.05384545010648495,0.053520527571204846,0.04560983027023735,0.07261582636255459,0.0740277727553198,0.03922374673119389,0.04546237197487729,0.04726036723184096,0.04544402648915624,0.03920921633293217,0.07411657182903053,0.10599875360155464,0.07411988638601213,0.07259150789833757,0.07343390693336876,0.07256267029052454,0.07408305236575607,0.10611549600998516
0.10732586846558295,0.07334703262535924,0.07266382723115872,0.07353378177950615,0.07269756697961827,0.07344627083149402,0.10719911304873792,0.07341412526338364,0.039867855079152414,0.04729188568701276,0.04910888824608994,0.04752177638489402,0.03992903537968712,0.07335280283469692,0.07270955403819573,0.047406119899878196,0.0560654528338545,0.05621911810546759,0.05618189848394395,0.04750079188683187,0.07268343407547051,0.07361261404377933,0.04914041144840137,0.05629788759133891,0.056889474318076894,0.05639513586098116,0.04911568235464542,0.07353823161686723,0.07271718716971043,0.047493757138805826,0.05615411369475287,0.05635173428746709,0.05627417585954264,0.0475083933132559,0.07263444580080614,0.07332948497542024,0.03982979237899742,0.047355346446834534,0.04898154188005077,0.047335029550292784,0.03981249322721825,0.07340433590872714,0.10718252891690178,0.07340447823323093,0.07259377119381755,0.07354872737259172,0.07255907847409587,0.07335372850978639,0.10728635080684501
0.10855740188345764,0.07282929703842372,0.07293243553951356,0.07391900225114995,0.07297243239509299,0.07293709551922467,0.1084367112664969,0.07292338382450347,0.04106762719231716,0.04972891227534254,0.05133227831787113,0.04996197426478716,0.04112340299339362,0.07286394700116872,0.0730077537911536,0.04983512844165622,0.059265486133799616,0.05914933627217134,0.05936920356369868,0.049929876688038166,0.07298160261630904,0.07401864402255903,0.05134993510114849,0.05922172326409264,0.05963372976597303,0.05932850237778642,0.05132897292243627,0.07394506226034314,0.07301448728181609,0.049911195500772665,0.059348125296111776,0.059277446487582874,0.05947259910515457,0.049939210114684496,0.07292605921372042,0.0728438621153506,0.04101892249096345,0.04977824318961016,0.05119922005063665,0.04976130301610887,0.04100910563957688,0.07291117591199353,0.10842517489425363,0.07289802893254038,0.07286389461369852,0.0739224563114565,0.07283057260957371,0.07283899916075304,0.10852318119852383
0.1098796852911399,0.0725420438746498,0.07347263914872904,0.07455763680016059,0.07350989271750907,0.07264946130336036,0.10975896960394949,0.07266508472173594,0.04283631665719878,0.05266571135373688,0.054011886787318664,0.052893676635204834,0.04288235373886651,0.07260593687149391,0.07357545285170874,0.05276114065533577,0.06286853137483539,0.06246384930565507,0.06296711637696095,0.0528600586747463,0.07355438976996398,0.07467669228038687,0.05401985909109541,0.06252013237539711,0.06274007915933327,0.06264699311880412,0.054006975284573266,0.07461417220504835,0.0735773238441837,0.05282617005818763,0.06294480978241435,0.06258430397707437,0.06308125895547295,0.05287456391346207,0.07349979176193938,0.0725841631216177,0.04278402874735299,0.05271011572876089,0.05388565705876697,0.05269112069274251,0.042784978567091125,0.0726516523070243,0.10975462793132634,0.07262545006865367,0.07341769176723778,0.07456018955433219,0.07337278068618996,0.07255018592954654,0.10984273220251772
0.11128830346378132,0.07248883711361098,0.07429365584066383,0.07546966125911764,0.07434291638994889,0.07260651579015998,0.11116839955595437,0.07264215694593695,0.04517971040843127,0.056088365619323954,0.05715024173905159,0.05632705109835734,0.04522811135847521,0.07258484517788683,0.07442397573486009,0.056177720163608225,0.06685640473452598,0.06613787489755385,0.06694347667099904,0.056277626384913626,0.07440754552721224,0.07560419220878178,0.05714562322365896,0.06618463505658223,0.06618883054249508,0.06632113775199061,0.05713704036309736,0.0755493067236585,0.07442736892657498,0.0562320503899546,0.0669254729933933,0.0662514161535851,0.06706211601009016,0.0562923669205212,0.07435002784562589,0.07256952677425177,0.04512908231922563,0.05612906032233633,0.057020412651902275,0.056107937475180114,0.045129936087630274,0.07262131830028878,0.11117629787295369,0.07259244308740276,0.07425480878091556,0.07546630743880067,0.07420410504246927,0.07250536597902868,0.11124943623927486
0.11281289994366012,0.0727159230352793,0.07543641564871106,0.07668277110537852,0.07548897212369382,0.07283958343834657,0.11270161499220605,0.07289070605660747,0.04808855008193197,0.05997361980442811,0.06071203094893457,0.06020750303340755,0.048125858236611974,0.07283656847755715,0.07558855958470406,0.060047382385608306,0.07117678013901663,0.07012732887960871,0.07124910333749707,0.06014362092046205,0.07557210068677372,0.07682893061700341,0.06068418043418389,0.07016454103863823,0.06993634535403559,0.0703085233682269,0.060680976054948765,0.07677806765299305,0.07558967460253346,0.06008553871423289,0.07124060722679831,0.07023626553050605,0.07137848106767147,0.06016344048369271,0.07551089806898004,0.07282443382236214,0.04802376306777656,0.059998529461865124,0.06057733997716008,0.059980702206024916,0.048036162504427604,0.07286884673085042,0.11271409849952518,0.07282764538085629,0.0753989289990622,0.0766665094793707,0.07534906087242926,0.0727342956078289,0.11277985124930767
0.1144815732087171,0.07321937719922961,0.0768759381285346,0.07816968452015433,0.0769223257270773,0.07334033102601412,0.11437157694467703,0.07341563754235608,0.05150913137377927,0.06425873288251432,0.06463728661183837,0.06448225093007709,0.05153396944171629,0.07336287585632612,0.07704439952538134,0.0643148516890828,0.07577485862804656,0.07438601214570523,0.07584155416265204,0.06441244850350675,0.07703298975321454,0.07832349000936106,0.06459111794058608,0.07440417362335777,0.07393914135623031,0.07456611292728316,0.06459725706560171,0.07828651483801224,0.07703984941723685,0.06433916436243359,0.07583356031621474,0.074487275471672,0.07597995493690712,0.06443984444698236,0.07697586751194951,0.07334916754902099,0.05143976927753596,0.06427838483408638,0.06450993414939388,0.06425843363897887,0.05146538381076171,0.07339380173767146,0.1143908501661422,0.07334205411381206,0.07685097513536299,0.07815070001690094,0.07678789083636989,0.07323373369710845,0.1144447388033073
0.1162828726378376,0.0739897767196403,0.07860875532220285,0.07993980270687373,0.07866548792652217,0.0741203447985862,0.11617713468532975,0.07420879734329716,0.05542878689912678,0.0689149577374521,0.06891472621076294,0.06914404399083701,0.05545350626003248,0.07415890490388716,0.0787933301215114,0.06895786087898276,0.08062166992802072,0.0788785403930628,0.08067540942198437,0.06905286953906048,0.07878577109360968,0.08009569413500606,0.06884581310078813,0.07888510281195621,0.07816719878390416,0.07905274373969656,0.06885644025968823,0.08006815932152389,0.07878946592823266,0.0689686693455574,0.08067450008171573,0.07897341578723216,0.08081698594763381,0.06908273262055836,0.0787287227204636,0.07415166469582163,0.05535942929038762,0.06892955250896238,0.0687837458902067,0.06890865256884188,0.05538742755374426,0.07418027873980648,0.11620762706366666,0.07412966482785988,0.07859823707187541,0.07991256544885905,0.07853098242485312,0.0740114986242647,0.11624510090283474
0.11824578065856056,0.07506319713333104,0.08066553423393719,0.08200742236979208,0.08072078830066115,0.0751966633465122,0.11815026293173997,0.07529368483946519,0.05981539185248963,0.07390091703364504,0.07348970617662393,0.0741184974493096,0.059826037992979975,0.07524699318260514,0.08085676684380749,0.07392092138271372,0.08565241649648175,0.08354989704245375,0.08569092417103485,0.07400881582540303,0.0808480817457643,0.08215978991560108,0.07338845897684332,0.0835443916500388,0.08256660857946235,0.0837163169824805,0.07340476881794278,0.0821382163381138,0.08084923617911599,0.07391302584530657,0.0857015142186725,0.08364051000675604,0.08584274135923159,0.07404697900850621,0.08079131613193902,0.0752427805782121,0.05973099197062698,0.0738988888749545,0.07335639887566658,0.07388233016760776,0.059774133839101184,0.07526535116899702,0.11818419077654863,0.07520671645189947,0.0806531200360765,0.08196694805148746,0.08058795863660684,0.07508440107709463,0.11821308214278764
0.12038985787221518,0.07641849347689522,0.08300355190209574,0.08433218188186348,0.08304911034530676,0.07654837463430758,0.1202972403714132,0.07666132265239112,0.0645973965299469,0.0791413787403219,0.07829271831937834,0.07934366117238761,0.0645949671588833,0.07661557065053237,0.08319649772884224,0.07913627091893904,0.09080659225695503,0.08834808702819896,0.09083955711065006,0.0792230412441608,0.08319182135677922,0.0844762377206641,0.07816477689278722,0.08832143871770265,0.08708869697761706,0.0885083073735552,0.0781904683629307,0.08446996783022936,0.08318215093793324,0.07911365898413347,0.09085199594157661,0.08843072625221376,0.09099914954775767,0.07927119741725464,0.0831432808760948,0.07660956448519979,0.06450958876705082,0.07913359078858495,0.07816897270161549,0.07911616683952488,0.06456835503063091,0.0766345679179472,0.12033702309735506,0.07657098496748205,0.08300377441198037,0.08428986474016392,0.08292612345744738,0.07643609047770811,0.12035356182693879
0.12269833108013711,0.07803898437648021,0.0856138948562985,0.08691604915552137,0.08566713932226272,0.07817688474052287,0.12261221884142004,0.07829339877555969,0.06974921752366603,0.08459912131217623,0.08330410974465269,0.08480215465508167,0.06974650680649352,0.0782500122073137,0.08580628717860572,0.08457299233510135,0.09605132893821411,0.09323308913356415,0.09607034629776906,0.08465415611287302,0.08580385359812459,0.08704484078933555,0.0831454610316017,0.0931944497616673,0.09170010535835216,0.09338254904918714,0.08317476211782515,0.08704828914605345,0.08579156938898702,0.08453595276122172,0.09609217382915719,0.09330882231607429,0.09623210860392956,0.08470677765795898,0.0857591592428209,0.07824995087222197,0.06966199382719562,0.08458527313334535,0.08317935313401675,0.0845677198254054,0.06972578965743792,0.07826108001999604,0.12266172015812554,0.07820556372341148,0.08562665037633016,0.08686665549775408,0.0855467056467406,0.07806263457657864,0.12266201368409335
0.12519696258044832,0.07994701869725462,0.08851465802897468,0.08976304007979596,0.08856350725300949,0.08008646337372477,0.12512192887805595,0.08020182489160183,0.07522381837397524,0.09022246041279403,0.08845913929182386,0.09040787962958796,0.07520617635924143,0.08016049299579814,0.08869697451458075,0.09016574527398791,0.1013179566173143,0.09814706668758272,0.1013201895719284,0.0902370710391811,0.08869160106740381,0.08986961946982885,0.08826181864945443,0.09809584697005225,0.09634328221315142,0.09828432625441019,0.08829580097988543,0.08987895496147691,0.08867685326755242,0.09010966853874658,0.10135561032165269,0.09821719243851473,0.10149208459015785,0.09030046333943897,0.08865130729139215,0.0801627892532143,0.0751221773942789,0.09019138302633156,0.08833671212948546,0.09017859557633873,0.07520471670477696,0.0801724949205121,0.12517293713845262,0.08011453979579508,0.08852503503796139,0.08970175385791679,0.08844937512851914,0.07997009587187076,0.12516559076853168
0.12789872024256277,0.08211259160441947,0.0916551699673433,0.09282294030985883,0.0916897269637687,0.08224575739065787,0.12782686849229113,0.08236743355547321,0.08093941650305897,0.0959313209353641,0.09368517815520877,0.09609634043089049,0.08090896617969334,0.08232495727995315,0.09182056488166135,0.09584186806278328,0.10654652277789328,0.10303860912766138,0.10654120262719441,0.09591007628404308,0.09181741222795692,0.09290220919065195,0.09345692606069528,0.10296613803993049,0.10097142877887488,0.10316591266294106,0.09349847570163206,0.09292662327350559,0.09179213127223962,0.09577249012165573,0.10658047343067495,0.10309846908196502,0.1067207378508297,0.09598536945372427,0.09178968863781456,0.08232483270811752,0.08083647678912853,0.09589386343731254,0.0935773793813478,0.09588098343689117,0.08093737584443522,0.08234209169359907,0.12788149602812188,0.08228650182308811,0.09167788920795489,0.09276298557303297,0.09159093818919894,0.0821320395968736,0.12786338583355
0.1307801737814206,0.08450726659174324,0.09501794794361518,0.09609283004170716,0.09505923605388228,0.08464890237495237,0.1307160070067575,0.08476361017847833,0.08686480874584346,0.10168683075783669,0.09896222574808428,0.10184873950466095,0.08683457022324031,0.0847214079880641,0.0951658087653014,0.10156921274929581,0.11170728666133045,0.1078703440262318,0.1116848438744848,0.10163012531853205,0.09516259044247716,0.09613727246028858,0.09870014667930871,0.10778646591767943,0.10555401305713163,0.10798352715749293,0.09874283938697681,0.09617084896143707,0.09513522812123798,0.10148748345437719,0.11173609524151723,0.1079205447143477,0.11186625929549504,0.10171054153041331,0.09514285074622175,0.08472614224800856,0.08676439572729239,0.10164257933492715,0.09885886283617312,0.10163071734368184,0.08687227235894168,0.0847351948554359,0.13077791774883957,0.08469508925198882,0.09505343991413956,0.09602813433365737,0.09496678283154197,0.08453453494213281,0.13074569691892457
0.1338653916126315,0.08715073679859625,0.09861911781257399,0.0995716517605793,0.09865258058958115,0.08729114527100912,0.13381174996550937,0.08739517810256087,0.09294782578945088,0.10743682401570731,0.10422430249111475,0.10757600966622993,0.09290196618188812,0.08735191095360201,0.09873797526875805,0.10728241746592554,0.11673655679002504,0.11258946689391858,0.11669300031749091,0.10733218893695795,0.09872956771326707,0.09957438530074614,0.10392341608835637,0.11249342409650442,0.11003787664161657,0.11268754617065885,0.10396775277109899,0.09961299045897265,0.09870041452535228,0.10718440022877096,0.11676015387027172,0.11263045378456227,0.11688453306774527,0.10742409393252234,0.09871844187826417,0.08735780045098868,0.09283425329007239,0.10737454445691941,0.10413050827577763,0.10736819898738564,0.0929636447417227,0.08737232516241411,0.13387227814587954,0.08733622184568124,0.09864999228704424,0.09949706597946717,0.09857048497860083,0.0871773601191182,0.13383524810821984
0.13716147979692284,0.09000212613562525,0.10239898926552538,0.10320357214219322,0.10241533732807007,0.0901352353523639,0.1371099614280396,0.09023633774808315,0.09910467695036118,0.11310408506963598,0.10940339634148438,0.11321902446527704,0.09904588155432009,0.09018833644769003,0.1024843787757021,0.11291186123143115,0.12158207231938672,0.11715198877180094,0.12152603765548209,0.11295827987271961,0.10247608899139676,0.10316104446269253,0.10907473996398304,0.11703559632872862,0.1143846522453777,0.11723823135290062,0.10912276791295944,0.1032141583460599,0.10243737547755383,0.11280508071674117,0.12159898364848343,0.11717894249768146,0.12172512917473638,0.11306222310256869,0.10248173605719108,0.09019091564522558,0.09899192610066687,0.11303550159034964,0.10933217098543319,0.11302991209155838,0.0991415199303835,0.09022039025954531,0.1371712388461866,0.09019290003384328,0.10244244006094833,0.10313316040708648,0.10235425786429836,0.09002676300289147,0.13712688998988287
0.14063976967042185,0.0930306464415096,0.10634009670652889,0.1069834558926131,0.10636198765783667,0.09317163945534485,0.14059519670176313,0.09325644422430424,0.10530767640593902,0.1186570695501627,0.11448733828239255,0.11876673098712037,0.10524939035264164,0.09320576012873,0.1063925052894214,0.11843345545263273,0.12622499309660384,0.12153115524821256,0.1261464375766368,0.11847275901431997,0.10638236580137417,0.10689115430412116,0.11413137324414713,0.12140551010841644,0.11857455180954718,0.12160244055380348,0.11417620414503499,0.10695262685106943,0.10634301151215536,0.11831969261995823,0.12623362571153446,0.12154523161790015,0.1263469591196829,0.11858054752865249,0.10639970324268172,0.09321229526892127,0.10519975488583755,0.1185827424330152,0.1144293870984196,0.11857841216362369,0.10535693182041,0.09324004099823135,0.14066126642751392,0.09323439199300504,0.10639614058440322,0.10691190397025696,0.1063115325892876,0.09306500480039132,0.14060653141400314
0.14432295650783344,0.09625577998151064,0.11045933963259164,0.11091330598911497,0.11047077171854341,0.09639243140012699,0.1442868243201978,0.09645762616498504,0.11151015712247792,0.12405250262041179,0.11942039542340965,0.12413786545155109,0.11143525103276303,0.09640292847579468,0.11046842225202069,0.12379149209307794,0.13061596655939772,0.1256891200911942,0.13051008704194084,0.1238203367726059,0.11045150669801745,0.11076593866931184,0.11903558236358386,0.12555341392624397,0.12256820830142595,0.12574500699938845,0.11907724689406168,0.1108310682297356,0.11041197180602202,0.12366800116434357,0.1306155776429372,0.12569027543058814,0.13072064382502147,0.12393810257553689,0.11048079217250517,0.09641037257280127,0.11139064349908628,0.12396223815798013,0.119381524227269,0.12396324267139336,0.11156968081901214,0.09644986819286233,0.14434898088073972,0.09645269074117457,0.11050884650180282,0.11083269946211105,0.11043485810117598,0.09628861859406773,0.14429330065242613
0.14821356789602524,0.0996311609766985,0.11469626385803483,0.11493546575174579,0.11468739032114122,0.09975902931208541,0.14817847325349326,0.0998134866041156,0.11763584841975189,0.1292264479833488,0.12414768649555147,0.12928721365040052,0.11754734787634613,0.09975180217355434,0.11466028737230993,0.12892941424158766,0.13471803737549543,0.12959772428230654,0.13459404999878977,0.128956216803723,0.11464258986975528,0.11473377435536442,0.12374891801703569,0.12944461843732008,0.12634239177581164,0.12964250675829625,0.12378878359217915,0.11481256758823893,0.11459483465178216,0.12880437771634573,0.13470781896761697,0.12958136136216647,0.13481181084598132,0.1290837088560129,0.11469119305220965,0.09975558728586442,0.11751896348827684,0.12913248023539342,0.12414078061735517,0.12913452340353548,0.11771730538427377,0.09981515453283107,0.14823842889532057,0.09983011785943113,0.11475645046865446,0.11486029713844764,0.11467705802704481,0.09966271476861249,0.14817963344327562
0.152282256790148,0.10313128077667283,0.11903558129220865,0.11904691029297532,0.11903017915967362,0.1032629346005266,0.15225098294729833,0.10329353956374754,0.12367001870474204,0.13416433787545995,0.12867498718003223,0.13422158397995565,0.12358229931944087,0.10322879752725306,0.1189577251260755,0.133840193543667,0.13853232050841163,0.13324927163045924,0.13838164165301875,0.13386229928572718,0.11893829046088772,0.11879124102680594,0.1282658835920742,0.133091095731033,0.12989593793307236,0.1332814232594794,0.12829706830914445,0.11887744201254646,0.1188911895279714,0.13371595712313006,0.13851131778422154,0.13321768183111293,0.13859913512891503,0.13398958582618642,0.11899951699018158,0.1032361754457205,0.12356007153048232,0.1340679703938475,0.1286896216283921,0.13407073485101667,0.12376292928273985,0.10329718984014347,0.15231353725588526,0.10333619753152751,0.11910620734856658,0.11897177576732682,0.11903393305922838,0.10316942082372227,0.15224825105621714
0.15654502778113333,0.10677423042268042,0.12350039997993872,0.12325902588372611,0.12348272326318471,0.10689919763866995,0.1565220670121601,0.10690315986726834,0.1295821646750081,0.1388428642686383,0.13296790821214638,0.13887888904520967,0.12947715518141006,0.10683490227777775,0.12337289498013815,0.1384888889139323,0.1420324343233031,0.13662928709796335,0.14185200634098638,0.13850312567121992,0.12334705675186025,0.12294629786650207,0.13254817606375624,0.13646592517077943,0.13321109885772148,0.13664911420922599,0.13257071624502076,0.12303360801281388,0.1233016771676606,0.13836194774095328,0.1420007496286429,0.13658277935715746,0.14207703492622042,0.13863552983330268,0.12341964816578932,0.10684304205169581,0.1294614723642279,0.13873365853263087,0.13300709281875184,0.13874109683916397,0.12968190026301324,0.1069163673813508,0.1565780488228563,0.106964165130848,0.12355985377452455,0.12317082007937002,0.12350202086567458,0.10680801351850328,0.15651558863368953
0.16100900718408678,0.11052128910701275,0.1280355072576302,0.12751583852999587,0.12799357482797352,0.11063127444518472,0.16098486909745646,0.11061944321312855,0.13531273952947143,0.14322008590308072,0.1369926945001383,0.1432354832466025,0.13519381551198212,0.11054718800398938,0.1278595308828382,0.14284002446847233,0.14520450269049595,0.1397323691354016,0.14500578565721467,0.1428546660269872,0.12783350998233745,0.1271519048025811,0.13657822426764882,0.1395577740522021,0.13628605701218305,0.13974475991816565,0.1365937132593748,0.12724975564093544,0.1277814167542642,0.1427174192648284,0.14516369013847663,0.13966787164041639,0.14523540357269754,0.1429915106446114,0.12792291920974885,0.11055013136432251,0.13519458095817383,0.1431098057761549,0.13706687371069792,0.14311761890168573,0.13542887280437593,0.11064176870963788,0.16103499099161533,0.11070058176365694,0.128098579896613,0.12742870438024018,0.12803924673950712,0.11054680494927627,0.16097342950499205
0.16563752043253166,0.11434667118406122,0.1326280356136853,0.13181965610351637,0.13258769457507624,0.11445546832759251,0.16561659039701643,0.11441600376963823,0.1408669077794859,0.1473060069181551,0.1407797057981714,0.14732353485943317,0.14074919048644519,0.11434499328375192,0.1324109121327618,0.1469110808132082,0.14807586586375893,0.1425758764976135,0.14785400978016427,0.14692381334844767,0.1323845932685565,0.13140894727061653,0.14037478279077836,0.14240384720452032,0.13914216871788188,0.1425806381531604,0.14037690703264877,0.1315108012691139,0.1323347248894724,0.1467946085782041,0.1480275499928826,0.14249826423166023,0.14807912402947798,0.14705393691682217,0.1324826752756174,0.11434983375660124,0.1407553509871451,0.14719600488440276,0.1408748733403405,0.14720275231683372,0.14098699768978,0.11443824589951657,0.16566654482470655,0.11451910650913716,0.1326949081882619,0.131726641030867,0.13264594124755968,0.1143706597173837,0.1656013237688001
0.17044676128136682,0.11827638588118389,0.1373117369218479,0.13619245953777387,0.13725643737170962,0.11837258777567411,0.17043361153796255,0.1183026873014758,0.14623670004072725,0.15110429825715005,0.14432161680721717,0.1511065922027462,0.14610106595078282,0.1182334012032134,0.13704737484955232,0.15069389546430018,0.15064854870795402,0.1451716062670096,0.1504031434794934,0.15070014463446185,0.13701546493802286,0.13573428038931545,0.14392441652960303,0.1450034754213505,0.14178628072381366,0.14516939539267937,0.14391301243089893,0.13583157177062022,0.1369704472084744,0.15057858684090103,0.15059494719643113,0.14508325497106755,0.150630982441055,0.1508293674377047,0.1371199695248536,0.11823863203852614,0.1461124477635075,0.1509830242905032,0.144435633353862,0.15099277117159987,0.1463529034280771,0.11833025878845199,0.17047389279780206,0.1184162087713666,0.13735692708487185,0.13607567225882627,0.13732578838905624,0.11828442508197295,0.1704141389853739
0.17544424506639023,0.12227501030975069,0.14203661727861994,0.1405815358085452,0.14195311442762132,0.12235022564621872,0.17542968942013693,0.12226342141152496,0.15138310817408956,0.15459746020164555,0.14760722190785625,0.1545857590358869,0.1512326379808882,0.12219578358048339,0.14172984420327123,0.1541770987978176,0.15293200078607116,0.14753705559312053,0.15267825699008347,0.1541841206539175,0.14169760152812533,0.14008703714360182,0.14723125798986142,0.14736766619281721,0.1442366307817568,0.14753325408708146,0.1472091467842917,0.1401883056768276,0.14164944358238807,0.15406760843067457,0.1528790887097018,0.1474367832856741,0.15290660887287544,0.15431239064446683,0.14181310831810123,0.12219493854257207,0.15125787307910676,0.15447647788746155,0.14774666884148946,0.15448512061546382,0.15150265674571856,0.12229424814453355,0.17546016759026706,0.12238550274087157,0.14207311474660317,0.14045498046168559,0.14204388457708134,0.12226214696383836,0.17540429451781997
0.18058967891878536,0.1263217620947194,0.14679278624757564,0.14499318318693855,0.14670734761044307,0.12638834550816364,0.1805784882636447,0.12627428065126628,0.1563305176338307,0.15782014603071526,0.15068867243953,0.15781732667524945,0.1561815413622994,0.12621314771917308,0.14645253110625467,0.15740115572994312,0.15497733596356988,0.14971087682915962,0.15471584496749163,0.15740646774566713,0.1464201370555689,0.14446874860322328,0.15033679152572837,0.14955429726312686,0.1465320378858243,0.149706781708568,0.15029930119515866,0.1445680728141973,0.1463774415996204,0.15729880033351085,0.15493030611808933,0.14960558532409807,0.15493486562384823,0.15752331317756674,0.14653874080677332,0.1262132683102068,0.15620877919600767,0.15770043264996453,0.1508359688137264,0.1577059554069261,0.1564411386556963,0.1262987228261948,0.18060603016166443,0.12640400262059326,0.14682124505078586,0.1448500742397461,0.14680409883686263,0.12629120696115498,0.1805484841204545
0.18589734904647914,0.13044024943925914,0.15161871250092246,0.14945611549539572,0.15151728577059592,0.13049145332038192,0.18589427248317697,0.13034757010935105,0.16109197778665163,0.1607995378373434,0.1535813023262036,0.16078775044888705,0.160924698508343,0.13029265145780322,0.15124101287392383,0.16038090748398037,0.15680930797789794,0.15172259386288123,0.15654232697288323,0.16037781654090355,0.15120236291336853,0.1489008129123887,0.15324710927624136,0.151581374417605,0.1486954890214553,0.15171851740657077,0.15319411587706133,0.14898940908763436,0.15116826305959646,0.1602785672444082,0.1567723636494559,0.151616916524477,0.15675935800821417,0.16049092250987268,0.15132154930503222,0.13029244272592266,0.1609532229750289,0.16066832839554396,0.15372879158892022,0.16067596405620022,0.1611847553453693,0.13036824965824,0.18590999773895145,0.1304722577573173,0.15161437913271653,0.14927706536420715,0.15161613298273363,0.13038214587817037,0.18586007755526684
0.19137541830498023,0.13460411821647233,0.15647027223575216,0.15391774527255314,0.1563385460097042,0.1346298567818986,0.19137210096566537,0.1344698760983391,0.16564336647317401,0.16353375731653635,0.15628522728720762,0.16351422528777848,0.16546054113168762,0.13442013284572452,0.15605969946103443,0.16311990908307872,0.1584499929809139,0.15359947003729352,0.15819493751862512,0.16311473320602898,0.1560187108344792,0.1533427800987598,0.15597799679295327,0.15346852714769732,0.15075371883199967,0.15360067638846014,0.15591460162334386,0.15343081239263778,0.1559834725049749,0.1630197588645807,0.1584317997808396,0.15349460613324084,0.15840965203435742,0.16322515971576557,0.1561435284035167,0.13441051257956022,0.16549796298919695,0.16340205138103647,0.156438097418574,0.16340803842277846,0.1657252158733853,0.13448566196481093,0.19137498614671938,0.13458750498333527,0.15644473639347178,0.1537216715453556,0.15645069601531963,0.13451116905929222,0.19133241329433642
0.19698201078281047,0.13878625377538262,0.16133469740224976,0.15838749262197355,0.16120035731299237,0.1388021641276624,0.19698185681332725,0.13861703017376897,0.17001905102318504,0.16606971866275877,0.15886163392137265,0.1660645713839971,0.16983805919406497,0.13857268645324072,0.16089637493529857,0.1656688876799921,0.15995977495554042,0.15538772166900655,0.15972004232296605,0.1656592364190554,0.160853461665251,0.15779145693300878,0.15857992713431723,0.15527862599307607,0.15274889865695068,0.15539533689790686,0.15850382037564859,0.15787478853448972,0.1608246251444777,0.16557137660594662,0.15996647095903027,0.1552903572152931,0.1599226789564232,0.1657586058723287,0.16097886854336813,0.138560402907283,0.16987223998078949,0.16593824846536465,0.15900211023150806,0.1659405674394046,0.17008078186821074,0.13861952871693056,0.19698070840713805,0.13872884072685965,0.16129307228323386,0.15816866945467828,0.16130923355375015,0.1386659654124031,0.19693967212530922
0.20272880541383398,0.14300820789515883,0.16625180750556517,0.16289412544044662,0.16610303470669058,0.14301146527883313,0.20273418905367013,0.14279832092035777,0.1742417538855513,0.16844413084171528,0.16133277304416088,0.1684340026857155,0.1740425476757212,0.14275541810351067,0.16577885836067274,0.1680507530635078,0.16136894838149962,0.15711751363010878,0.16114568972928262,0.16802749151085294,0.16572550766101984,0.16226973838568515,0.1610632976013271,0.15703139591036475,0.15470328577215853,0.15712955059211553,0.1609741813504943,0.16233917390361785,0.16570800266665991,0.16794607123162064,0.16140434710936602,0.15703249021459326,0.1613447158793277,0.16812620445525756,0.16585075889099432,0.14274085945066783,0.17407182236598961,0.16829807620014514,0.16145175367534614,0.16830331968147005,0.174275962249885,0.1427909601310477,0.20272233970742426,0.14289598149138572,0.16617096851279883,0.1626352512129925,0.16620501602568305,0.1428578748725371,0.20269301362638353
0.20862482105443858,0.14724597412553325,0.171177272588037,0.16738312645272946,0.17100177706110398,0.1472267988316736,0.20862733108611353,0.1469996639350996,0.1782897212795414,0.1706532119592074,0.16369266385226083,0.17063717719122534,0.1780732748068169,0.14695389935134862,0.1706724898909468,0.170266283758436,0.16269472836721544,0.1588074587469091,0.16250415098248977,0.17023471131383433,0.1706112876408276,0.16673595391831708,0.16343781677008284,0.1587378761507683,0.15663553346671683,0.158827817887153,0.16334301736644674,0.16680287435181268,0.17059431613525505,0.17015476716244454,0.16276634408505614,0.15873589488457407,0.1627007178781668,0.17033585768166382,0.17074285715452475,0.14692786692458748,0.1781042135586623,0.17050300721565742,0.16379767241053245,0.17050754325594158,0.17830555620995786,0.14698688024454898,0.20860392222595903,0.14708464299814122,0.17107280563248578,0.1671075191308497,0.17111067226021442,0.14706264055460355,0.2085883460694255
0.21462984213531305,0.1514640358416363,0.17609062708123308,0.1718584230310526,0.17591654810052632,0.1514404331437707,0.2146292293792164,0.15119188071781609,0.1821912410797092,0.17273598456043016,0.16599252205384474,0.17273516043432158,0.18197502125396647,0.15113859241114663,0.17555559877757476,0.1723568837877708,0.16398835339089635,0.16049342345770629,0.16383267745831653,0.1723165094706693,0.17548650455717174,0.17117858242286538,0.1657463419420242,0.1604484906166534,0.15857685976692604,0.1605235853703713,0.1656456126678219,0.17124100445907753,0.17547712220138523,0.1722407983688981,0.16410002030334053,0.16043929646573302,0.1640181690724407,0.1724141444467709,0.1756247077571239,0.15110975571190288,0.18199739580349517,0.17258394596043808,0.1660711257710391,0.17258642050489176,0.1821863015914189,0.15117011037201922,0.21460562490224172,0.15127046039119196,0.17597656284508817,0.17156450204805063,0.17601969184129368,0.1512623698490454,0.21459680615304505
0.2207502809221411,0.15567835917367628,0.1810297946546981,0.17634316596261773,0.18084861974700495,0.15565078059710868,0.22074791630409651,0.15537742323696574,0.18596459371881863,0.17472040284673318,0.16824484344249974,0.17471620490131468,0.18572995790264413,0.1553093332690345,0.18045557209385654,0.1743381810103884,0.1652681207261103,0.16219114813979557,0.16514363554455913,0.17427956306716874,0.18036795826135127,0.17561901176438677,0.1679894901597631,0.16217008231701696,0.16053499559147266,0.16222725422118478,0.16788266694939402,0.1756669237824111,0.18037283626856465,0.17420835550931574,0.16541945611692987,0.16215663082705428,0.16532729143249836,0.17438496387142438,0.18051324927375123,0.1552816537918707,0.18574233357578057,0.1745523305475356,0.16829198193708766,0.17456107370546858,0.18593665074776566,0.15535160213572563,0.2207200372402382,0.1554475751220813,0.18088817221811115,0.1760191381888186,0.1809454008784505,0.1554649597453337,0.22072756293013213
0.2269973313609876,0.1598659140241413,0.18594916401407324,0.1807801894139925,0.18575018768124207,0.15982451022562638,0.22698649032798196,0.15954084550384812,0.1895779078491474,0.17658533900886703,0.17042280257688996,0.1765731019086137,0.18932262446137482,0.15945056188026613,0.18533854646727022,0.17619448374565105,0.16653170818904883,0.16389788814996264,0.1664484757115577,0.1761227337360654,0.18523364057283048,0.18001435993651527,0.17015928540010955,0.16389208508180797,0.1625089263000532,0.16394205576564824,0.17005321517805816,0.18005911934567442,0.18524163036421215,0.17605130598710528,0.16672445847024492,0.1638825799962072,0.16663347929245353,0.17624105025000447,0.1853938301583576,0.15941608460582823,0.18933362202455534,0.17641222155839337,0.17045398278396012,0.1764240299169928,0.1895420038737175,0.1595199380757884,0.22695241689544382,0.15960633646504335,0.18579948412727382,0.18045299942388893,0.1858575469928201,0.1596414047788427,0.22697980236043752
0.2333361132245872,0.16398402795366007,0.19082041970671998,0.18516610204575257,0.1906295717298151,0.16394573242059118,0.2333115897865825,0.16364685577368515,0.19304227254177192,0.17834753613790466,0.1725555876811426,0.17834571355125978,0.19278227374860735,0.1635268375336913,0.19017385388904717,0.1779458394858653,0.1678081760275082,0.1656284261390965,0.167762874750216,0.17786145724911356,0.1900534843224856,0.18434459035525658,0.1722784075385021,0.1656419895264406,0.16451029172657533,0.16568069831005544,0.17217354952741815,0.18438676499707934,0.1900690380803648,0.17779382851663644,0.16803911191257354,0.16563091572850708,0.16794131263362055,0.17798898051609363,0.19023119127637117,0.1634953245969124,0.1927859235704122,0.1781731688211856,0.17256682906921955,0.1781879425170475,0.19300258626814704,0.16363080597524998,0.23328503638319187,0.1637196262112668,0.19068428999019865,0.18483832412813717,0.19074178480652132,0.16376824029202885,0.23332453636416167
0.23976880466170408,0.1680449569532036,0.1956794694351885,0.1895193479309733,0.19549255538398808,0.168010836062153,0.23973055165787777,0.16769261738372093,0.19636566341905592,0.1800167613886275,0.1746410135083057,0.1800086947004279,0.19608630326125093,0.16753640773369743,0.1949900727812628,0.17959288574973786,0.1690966392862357,0.16737973753487967,0.16907720243280133,0.179487373490839,0.19484509216166895,0.1886324570185932,0.17433368011852507,0.1674099647274358,0.16653103847049866,0.16743352641435233,0.17422961292008682,0.1886619405345688,0.1948756508537965,0.179424565499248,0.16936029649348155,0.16739804076507248,0.16925882395139596,0.17963369874926083,0.19503927897126744,0.16751498069528764,0.19608095221219557,0.17982916593942833,0.1746336636617551,0.1798557117163327,0.19632282008589508,0.16768642954878632,0.23970879234446435,0.16777584207763008,0.19554382599768672,0.189183465688259,0.19561215058373788,0.1678504709116444,0.23976911055358763
0.24630873128766867,0.1720341072415622,0.20048782579306434,0.19379066938521988,0.20029625041397542,0.17199442160482675,0.24625353166140096,0.17167096892717604,0.19950876917628502,0.18155720556653077,0.17663678653849785,0.18153534316018394,0.199208538851669,0.17147398790221186,0.1997628653847066,0.18110741100188832,0.1703783951438918,0.16913579102215998,0.1703873704169307,0.18098789067408355,0.19959554741234242,0.19284486110141996,0.17630517718661504,0.1691702757480691,0.16855648615979063,0.1691897243363426,0.17620807119608567,0.19287160382680407,0.19962952866139994,0.18092555037697855,0.1706702676094366,0.16916531215802788,0.17057562488496691,0.181156288304628,0.19981236856744672,0.17145459112398626,0.19920374159615595,0.1813677565331367,0.1766344318691382,0.18140210985177335,0.19948105034239777,0.17168581967509955,0.24623246519265912,0.17176751875675483,0.20037253595230298,0.19347118451735534,0.20044027640116513,0.17186192902640796,0.24631855224656396
0.25293394929555935,0.17591681457482122,0.20522217395139725,0.1979750647894511,0.2050451933727676,0.1758830103260543,0.2528525959140622,0.17555547258937687,0.2024766506313072,0.18297585994448873,0.17856444160998247,0.18295620140184926,0.20217259261695125,0.17531483686248256,0.20446746111504432,0.1825032214087478,0.17167411059669457,0.17090574409414655,0.17170439971467427,0.18237403216029208,0.2042830627198029,0.19696842965167194,0.17821330995816898,0.170943330638207,0.17059555211397376,0.17095647722755414,0.17812156390657075,0.1969947289455053,0.2043226129803029,0.1823165505792661,0.17198403376859533,0.17094057997929452,0.17188927908503288,0.18255759688694623,0.20452373849540534,0.1753047507465076,0.20216685627812186,0.1827885067100809,0.17856825549656236,0.18283044805613158,0.2024705013403269,0.17558755127780462,0.2528442685347311,0.17567360685552397,0.2051485689559469,0.1976757687329327,0.20521139039500869,0.17578232658678372,0.2529466916088651
0.259637278935941,0.17971115077183075,0.20991991782851438,0.20209768526241484,0.20975949952794143,0.17968535073738412,0.25953461626833857,0.17935227450821267,0.20528285614401304,0.1842816714536537,0.18042746300821672,0.1842540781868897,0.2049686256358903,0.17907129152819024,0.2091456021264,0.18378505076081691,0.17298497320026052,0.17268911686053495,0.1730201245286433,0.18364206490618934,0.2089380133967072,0.20104021180317977,0.18005215181832263,0.17272567439074693,0.17264686613512303,0.1727272168419649,0.17996376790962226,0.20105457412135735,0.20899106249043164,0.1835904290341855,0.1733045887639657,0.17272497171462908,0.1732085101925414,0.18384252801069006,0.20919432642754937,0.1790763630036285,0.20495927564653005,0.18408603107671234,0.18043934418477625,0.18414188509284152,0.20529477405695568,0.17939950546618133,0.25953647403118485,0.1794883991052385,0.2098770775534815,0.20181066495185485,0.2099483127277762,0.17962450841149258,0.25965969242740106
0.26643783440839086,0.18342651551311928,0.21456768008216015,0.20613137566849965,0.2144121480050344,0.18339645887738631,0.2663176620815746,0.18307428695019984,0.2078997611993031,0.18544643582996373,0.1821923074054873,0.1854044291400352,0.20757902931543842,0.18275960563712934,0.21379465772599304,0.1849342602744506,0.1742972300381999,0.17447903256645475,0.17433867057215569,0.18478776908147498,0.21356801666558017,0.20505020828678483,0.18181123227089496,0.17449996028507203,0.1747025360655749,0.17450228834709824,0.18173159177096931,0.20505895626633802,0.21362397898339763,0.1847369904964959,0.1746217680878519,0.17450831520756754,0.1745311962645244,0.18500201970728786,0.2138400963144672,0.18276917967767242,0.20757438479582152,0.1852530140519003,0.18223685941438145,0.18531664896557198,0.20794270996483183,0.18314388107258084,0.26632230401994444,0.18321988139007295,0.21456442267970727,0.2058727996598977,0.21463505796412236,0.18337738240047585,0.26646867654405704
0.2733248300124756,0.18704505967135593,0.21915268438490088,0.2100788261434684,0.2190130796751834,0.18701611625141856,0.27317879895217434,0.18671330747656806,0.21034351247216054,0.18648814766312727,0.18389182630242296,0.18644809745684848,0.21003796665129187,0.18637196586156368,0.21839915224333578,0.18597624821957437,0.17564134376751434,0.17629424813718403,0.17568346970954363,0.1858339994425317,0.21816208091816314,0.2089936007453111,0.18352545736079962,0.17629781201312233,0.1767809300419274,0.17629982567484248,0.18345062574347304,0.20899949193314438,0.21822308370892868,0.1857878981317611,0.17596098087321138,0.17630977470536985,0.1758674254275362,0.18605011053754844,0.21844691073047895,0.18638965966704285,0.2100389858568465,0.18630257730451916,0.1839698178109601,0.18637047980554688,0.21041977730772088,0.18679425138967298,0.273195901503862,0.1868647547339306,0.2192017697503757,0.2098472604005518,0.21926665154249236,0.1870361072723789,0.2733523805043982
0.28028020440323753,0.19059893897348695,0.22372155960550005,0.21397969269055694,0.22360477509598053,0.19057352181933923,0.2801199939255379,0.19028825714498843,0.21265198813643377,0.18743734457228783,0.18555407388901396,0.18739539340109673,0.21236049348185526,0.1899331299501275,0.22300867018332615,0.1869355187211284,0.17703499807293482,0.178147125655785,0.1770621985132551,0.18679590745280095,0.22275881108676354,0.21291513659851652,0.18520765751403895,0.17813368133829527,0.17889483910260706,0.1781273180642418,0.18513332147546113,0.21290793306787997,0.22283342904164483,0.18675493976979496,0.17734228135602675,0.17814654824981946,0.17723971422772855,0.1870079323734276,0.2230416119085359,0.18996423779787402,0.21236323174144317,0.187249013126159,0.18565918220375083,0.18732430305974468,0.21274820211602707,0.19037189497063745,0.2801485686156041,0.19043239090613223,0.2238076778935743,0.2137635864344365,0.223881721689295,0.1906289209542652,0.28031396140536097
0.28732734093559087,0.19412241129788327,0.22829057522040452,0.21783533914214437,0.22817915849131226,0.1940866421751415,0.28716240438654633,0.19383282074357916,0.21482482385076507,0.18829130744400202,0.18716883309766968,0.1882408153898636,0.2145481604512542,0.1934749074486949,0.22763644960217755,0.18781370412269455,0.17847895881601322,0.1800467244789099,0.17849575276385904,0.18768834122286815,0.22737945398428677,0.21682192532343852,0.18686302077715294,0.18000389058741756,0.1810496735825297,0.1800009692189305,0.18679503106353412,0.2168063978000006,0.22745801858484638,0.1876464213732812,0.1787714493308038,0.18002378237090505,0.1786658050631436,0.18788921777227496,0.22765744693603268,0.19350735904050953,0.2145596459928989,0.18810664578313185,0.18731745952869283,0.18818228348206578,0.2149432877452761,0.19392256109017109,0.28719294677992835,0.19395053707615256,0.22840388863061517,0.21763618764424725,0.22848133561574174,0.1941674864157228,0.28736818218434945
0.29446627120860147,0.19761329819022722,0.23285221477614643,0.22165316399458918,0.23275046993096465,0.1975661710727662,0.2942856430499641,0.19735328436024369,0.21690056995495366,0.1890908804428057,0.1887893659411265,0.1890468275713275,0.2166576465694789,0.19699957078150093,0.23227156300852275,0.18865513490905467,0.1800172713752023,0.18202698130751965,0.18002426212263534,0.18855120926020896,0.23201674172735776,0.22071044763762215,0.18854426362511345,0.1819528399005641,0.18327444160675538,0.18195395774856848,0.18847826505638765,0.22069190486447332,0.23209950447405403,0.18851145829487442,0.1802897476868116,0.18197521092190022,0.18017419889623026,0.18872855658822602,0.23228750152989502,0.19703296691144956,0.21667732658798455,0.1889146723790111,0.18897618278031503,0.18898746645962256,0.21703777168236482,0.19743435974007206,0.2943255900745659,0.1974344644295581,0.23299841914593844,0.22146759189026255,0.23307327650891219,0.19766344365442257,0.29449662526780707
0.301660852033797,0.20110619414140513,0.23746071761716364,0.2254845819685315,0.23737688835438692,0.20105210473641066,0.30148214894469205,0.20087156422772662,0.21894708485602798,0.18989587504443317,0.19047274156131738,0.18985663460927915,0.21873295126177328,0.20053070974663734,0.23696004044598595,0.18951115335957613,0.18168660553058308,0.18411400172693948,0.18167379886833696,0.1894234143844506,0.23670412582386485,0.22462348343146116,0.19028802338954787,0.1840141787550008,0.1855955443706187,0.18400821967887093,0.19021840140289537,0.22459100406643712,0.23680173240281305,0.1893871887210724,0.1819373073645152,0.18403735430835916,0.18180476215563202,0.18957125740722686,0.23695456384960006,0.20057081233483676,0.21875421379746685,0.18971706658100018,0.19068100285898693,0.18979030270062802,0.21908381769418123,0.20093388824679104,0.30153344420938455,0.2009037945254215,0.2376169185287414,0.225297224232,0.23770531338420414,0.2011544419587225,0.30169563772749364
0.3089401884995012,0.20464482215661461,0.2421464873324573,0.22934717727412846,0.24206017116191209,0.2045703975544934,0.30877221151730094,0.20442723417807485,0.22099407527658954,0.19073465366901982,0.19223567027292277,0.1906883292077849,0.22079658264812657,0.20410079358142014,0.2417236965141093,0.19040877158776975,0.1835052687493398,0.1863319952941605,0.18348199890261307,0.19034142273540972,0.24146835687961937,0.22857580386146364,0.19211882803025343,0.1861997366015833,0.18803354478684875,0.18619616935974392,0.1920504654737168,0.22853065366133002,0.24157342259324,0.19030392851478534,0.18373814785802212,0.18623150853791642,0.18359641446483804,0.190459121011115,0.2416977582973036,0.20413686441690038,0.22082809607828374,0.1905561439115102,0.19247217774651,0.19062592068146272,0.22112688425357974,0.2044746565940424,0.3088249853678125,0.20439560891633785,0.24229350825983798,0.2291519431888941,0.24239095951823753,0.2046645267570366,0.30898061867120086
0.31630708140204233,0.20822643662548151,0.24689892446219108,0.23324050869159707,0.24680802648531414,0.20812626701997577,0.31613568948497045,0.2080259278881093,0.22309614953790052,0.1916665626894118,0.19414472699919594,0.19162509161243918,0.22292569220940162,0.20770900782685559,0.24654724578502607,0.1914095087016735,0.18552977274681226,0.18872853393519268,0.18550375478278935,0.19136439863794497,0.24629848949334027,0.232553703193013,0.19410223959545087,0.18856493507275301,0.19062969659292184,0.18856507872712636,0.19403320679550418,0.2325042887543476,0.24640848327526554,0.1913275960469339,0.18574757934774766,0.18860307678558136,0.18559339046963302,0.19144556636824678,0.24650948416459562,0.20773834198477403,0.22296886346400285,0.19149466892491473,0.1944011054819274,0.19155937036482118,0.22322024669911278,0.2080472561069816,0.3161966056496751,0.20792784308640955,0.24704146285214507,0.23303937766404892,0.24714058636529684,0.20820588151682956,0.31633442827025854
0.3237086532892259,0.21186323686498681,0.25175663523749914,0.23720906163709882,0.25167545030943983,0.2117473226995818,0.32355492711438777,0.21167425187146865,0.22533631707420226,0.19277047890047994,0.19627337539561607,0.1927343721927124,0.22518707641134716,0.21136248216926334,0.25146156019964216,0.19258067123521394,0.18781000330545716,0.1913413376123977,0.18777865513544778,0.19254783149282367,0.25121451876470424,0.23658801295729343,0.19629120945547962,0.1911575644807902,0.19342035135038954,0.19114935318973936,0.19621720357639544,0.23652507425465819,0.25133954510858986,0.19251319405123152,0.18801872638104716,0.19120227526398115,0.18784633709824966,0.19259233789358166,0.2514004216457338,0.2113936836240295,0.22523251631076685,0.1925946541837359,0.1965292651419011,0.19265902887151776,0.2254357165534125,0.21166450597939046,0.3236301419330362,0.21151065399080504,0.25187952324709606,0.23699057370334736,0.25199340605120635,0.21180576051945366,0.3237448114193054
0.3311826523266007,0.21558669823731735,0.2567487607179915,0.24126481542436867,0.25665609212098084,0.21544323295475165,0.3310463083854763,0.21539543160362773,0.2277563993283242,0.19409112483794266,0.19864955350598057,0.19404158347437328,0.22760729548820108,0.21507987738225487,0.25648713595124517,0.19395927063324764,0.19037331534431057,0.19420251640968927,0.19034989966469584,0.1939357569903032,0.2562385678434096,0.2406916844103894,0.1987155337433963,0.193996168475898,0.19643192109996166,0.19398604816137338,0.19864123940598954,0.24061465951529587,0.25637469891717213,0.19389835153725465,0.1905811765057519,0.19405659573542838,0.1904025761691449,0.1939528505161643,0.25640437772690916,0.21510806364304697,0.22766418713129788,0.1939086944785311,0.19890593206283536,0.1939729932113965,0.22783106335283354,0.21536604077100618,0.3311276314543091,0.21516762835159842,0.25683466636673924,0.24102479084182338,0.25695873829710947,0.21547863380762666,0.33122398353675475
0.3387221473407345,0.21936991493750696,0.2618389359013549,0.24537964325594158,0.26173685574986527,0.2191971724851765,0.33859403665936116,0.21917973703325966,0.2304037905582818,0.1956799128687231,0.20132974800827752,0.19562605931008897,0.23026002423767233,0.2188498177552345,0.26159784147561344,0.19560005713101314,0.1932727998214741,0.19735700883127533,0.19326860003993235,0.1955843550301284,0.2613516412178236,0.24483746870198947,0.20143360256101445,0.19712951756260366,0.19970649725258105,0.19711844930763128,0.20136007685204171,0.24475727155757454,0.2614936734826592,0.19554466996334924,0.19348617138128565,0.1972062398390763,0.19330369880250126,0.19557684408662535,0.2615064782912514,0.21887309817653267,0.23033048016592644,0.19549867732577603,0.20157774601108625,0.19556094955124997,0.23045377891819108,0.21913074520207226,0.33868636233812777,0.21889783293095905,0.2619059742750088,0.24513194262186155,0.2620304386820773,0.21921420768248456,0.33875572648653307
0.3462766766310182,0.2231952980884374,0.2670409702188737,0.24957609021953192,0.26694960282244895,0.22301001248928315,0.34617345081764,0.22300814939337688,0.23334635753741928,0.19760040075634694,0.20437483327501665,0.197548068267566,0.23320474506363326,0.22265591596593287,0.26680237765150894,0.19755931094255091,0.19655150181166325,0.2008365824510021,0.1965669249107294,0.19754139169262358,0.2665548484822762,0.24903768764222955,0.2044885823226677,0.20059844445503344,0.20327512625294547,0.20057711538760375,0.20441541842956173,0.2489481392497641,0.26671261680625424,0.19749871538269775,0.1967781949480018,0.20069246795145235,0.196587123119148,0.19751269354452416,0.26669823263758796,0.22268756613766327,0.23327612381294105,0.19741292488534873,0.20459446317957353,0.19747696443793372,0.2333616874706702,0.22294359578298684,0.3462859256673259,0.22268611757810003,0.267089248832559,0.24931680199531908,0.26722120650109504,0.22301409715978782,0.346320938777771
0.3538803097910773,0.22706658092313953,0.2723665987117506,0.25384540112512255,0.27227013310193937,0.22686630942533353,0.3537985514046167,0.22687932834486502,0.23660288392039963,0.19987621176849651,0.20778745969772677,0.1998052321115032,0.2364416275295902,0.22649803731649953,0.2721156338508385,0.1998530878383602,0.20021971344217437,0.20465353709326123,0.20026527634647767,0.19982665775395186,0.2718613603987684,0.25329920916126203,0.2078888835984855,0.20440312899061708,0.20714639460949646,0.20437860551640163,0.2078213379323564,0.25319691552998996,0.2720330929341916,0.19977646553560702,0.20046533396284255,0.2045214566640185,0.20027932935891996,0.19979244175841604,0.27199801770134235,0.22653803398178735,0.23651787147837317,0.1996748711200056,0.20798072398468842,0.19974538646271506,0.23659055322671718,0.22681510485756068,0.35392290811494476,0.2265283409578081,0.27239247352411333,0.253577040949363,0.2725268574800865,0.22686660084656785,0.3539293546537132
0.3615204235849958,0.2309369613505864,0.2777571066735468,0.2581331447605788,0.27766143615600436,0.23072885981272562,0.36145886063860444,0.23076593192457762,0.2401793242785032,0.20251207106606217,0.21157287225798654,0.20242825525568325,0.2400013884100501,0.23035147302106046,0.27749812567280496,0.2024949106991632,0.20429376543383193,0.20881382760771372,0.204377220867544,0.20245853126478314,0.27724177066002353,0.2575780825022588,0.2116540820632925,0.20855544586291502,0.21132873411350456,0.20852931195409669,0.2115946472655122,0.2574742648371646,0.2774197596343731,0.2023998926659415,0.2045602850298478,0.20869458473773894,0.20438510301784601,0.20242648689215076,0.2773809848929143,0.2303956318494776,0.24008317173577898,0.2023043289763582,0.21174048488272312,0.20237917173525943,0.24014925803270026,0.2307088221193644,0.36159601577830464,0.2303997344902931,0.27779363765760423,0.2578797255698851,0.27791666587234326,0.2307356723262271,0.36156777397871703
0.3691599972637967,0.2347732760361227,0.28319971852058434,0.2624380120064672,0.283129833499627,0.23457562226495215,0.3691247907733187,0.23462932506723405,0.24409851057040127,0.2055200375610859,0.21574668984276696,0.20543193370186935,0.2439059725113567,0.2341792431459353,0.28293397607540494,0.20549577519646084,0.2087764288460373,0.21330998130604922,0.2088924682189377,0.20544327205034796,0.2826752918146296,0.26186338963056566,0.2157892465475048,0.2130560208791985,0.21581811565683717,0.2130203788060656,0.21573889567074145,0.2617524888199565,0.2828682446519464,0.2053759247145126,0.2090647121143558,0.21320991725287758,0.20889630805488146,0.2054184136281858,0.2828172422302928,0.2342416998653764,0.24398237666849593,0.2053009358826955,0.21587789496888887,0.20538494283028308,0.24404832893203166,0.2345849010358933,0.3692855040285916,0.23426399520887342,0.2832644383093698,0.2622010883129838,0.28337853188989653,0.23460014862710193,0.36921459028798176
0.3768209742196164,0.23857223700405877,0.2887026000477123,0.26674055263313834,0.28864569009747204,0.2383847425573079,0.3768081949362822,0.2384595892895527,0.24834071005746022,0.20887956180486345,0.2202732405398249,0.20876920934133708,0.24812007351463095,0.23797551085591712,0.2884362528360077,0.20882936401751923,0.21363940507309387,0.21812086070928532,0.21378655149103587,0.20875730489337868,0.28816921209139834,0.2661592950372395,0.22026315317995482,0.21786750808221306,0.22058995161607137,0.21782753099382712,0.2202270135731606,0.2660341440531757,0.2883795917248176,0.208676939471429,0.2139484774026466,0.2180395113626759,0.21379608573060094,0.20875537798545446,0.28831541580424297,0.23805967613291568,0.24819324553027006,0.20864432084464568,0.2203772889557728,0.20874374897112502,0.2482821422865079,0.23844066584796486,0.37698463405362886,0.23810283640677693,0.2887985620525685,0.2665261386280684,0.2889002208050596,0.23844226168194532,0.3768766739494563
0.3844901484983158,0.24230607006686006,0.29420842050937857,0.2709896770137936,0.29417029707094977,0.24213262900422805,0.38450720313729336,0.242243715728148,0.25286699131907375,0.21254525675134572,0.22511066893094256,0.21241568506618785,0.2526304748249103,0.24173257405566295,0.29397271648954193,0.21246393008946501,0.21885778711643972,0.223216310811915,0.21903763696434114,0.2123753980348771,0.29370352479170314,0.2704300521066869,0.22505423929621943,0.22296241194065203,0.22562055204038106,0.2229221190339727,0.2250353798784716,0.2703002856226775,0.29392250648192875,0.21228275602702318,0.21918470823110514,0.22314973786185766,0.21905442437464934,0.21240319689313591,0.29385855224774293,0.2418324953293039,0.25270267369664284,0.21230719221370709,0.2252038551650301,0.21241689309872502,0.25281999679951883,0.24225612666107788,0.3846968166094178,0.24189706271694528,0.29436823027124803,0.2708188564954156,0.29444571579896894,0.24222839933230556,0.38454744655189776
0.39215356552905933,0.24596261997557428,0.2997075778029764,0.27518831983811265,0.29970922289900337,0.2458132344952635,0.3921928830404656,0.24596186913175588,0.2576661355372447,0.21648820210529957,0.23023949196960802,0.21635033370611917,0.25742722469903817,0.24543329018538074,0.29952765929024516,0.21637602706051878,0.22440654022798956,0.22855901645465615,0.22460794866514716,0.21627059453502995,0.2992628799494166,0.27467128386875306,0.23014192571839348,0.22831443366022647,0.23087924621973033,0.22826655255918743,0.23013954634276673,0.2745336220400827,0.2994960964970154,0.21616954268097993,0.22474441736623563,0.228506711424932,0.2246306545931766,0.21632795860762644,0.2994229516665401,0.24555877477549265,0.25749280220901194,0.2162470793002415,0.2303258913695902,0.21636739212112366,0.2576353684854542,0.24600287738308635,0.39240544604608796,0.24562639431607325,0.2999476117707742,0.27505585365097796,0.3000016057224362,0.24595030743000185,0.39220549112026065
0.3998051592587962,0.2495668399628927,0.30522904309557375,0.2793401162134398,0.305257374842272,0.24943880671093732,0.3998724650114948,0.24963062422269794,0.26270111557565046,0.22066081749102484,0.2356065156443493,0.22050210490891897,0.2624600024831552,0.24909991650638874,0.30513203052445526,0.22051739317650343,0.230234072128647,0.23410583472695085,0.23044772762514354,0.22039652976520202,0.30487260579582076,0.27890922319649264,0.23547681588361513,0.2338643854467813,0.23632444397063268,0.23381359370198496,0.23549371148788084,0.27875399848706517,0.30512130741081644,0.22028620849539376,0.23057679103777895,0.23405987793500904,0.2304829443134484,0.2204876446688745,0.30502613693768676,0.24925206558275875,0.2625224147700627,0.2204117319430487,0.23570067874397305,0.2205456491430281,0.2626934440313403,0.24969816902378017,0.40010003744457784,0.24929700062860838,0.30553952788410876,0.27924338643012075,0.3055740924402352,0.24961990443026572,0.39985350265339215
0.4074442191481731,0.25314163201077833,0.31075209163284145,0.2834306073082211,0.3108059207138367,0.2530310735830664,0.40755084707795897,0.2532798776435087,0.26792270759956427,0.2249951970578632,0.24115512518530063,0.22482086691539455,0.2677047502550072,0.252765077045342,0.3107794980934345,0.22484029214980267,0.2362951939189321,0.2398122953907646,0.23652045489431167,0.22471651793257413,0.3105392065110045,0.2831389870844252,0.24102452940697966,0.23956404319303604,0.24192191172300193,0.2395199987322294,0.24106330913135038,0.2829732290230157,0.31079113396147867,0.22459554989893382,0.23663545897439536,0.2397621541415903,0.23656473435878728,0.22483381595180402,0.31067958952639585,0.2529292526343687,0.2677668981674028,0.22475559711138637,0.2412794236673812,0.224892946398759,0.2679517813501924,0.25337034316226503,0.407785296981398,0.25293011253534914,0.31113995111550286,0.28337664216943736,0.31114849219764207,0.253239275244859,0.4074910370737414
0.4150678209341372,0.2567141262564868,0.316289733457747,0.28748982865383055,0.31638024123532676,0.25661844324914285,0.4151992601729695,0.2569290392579303,0.27332188964340043,0.22946763563703731,0.24687249287376867,0.22928945266068274,0.27315243122402055,0.2564440045745968,0.3164668723768929,0.22932565958708573,0.24256402972383156,0.24564314902819007,0.24279041778684113,0.22920648590944037,0.31626011074503524,0.28737189490313586,0.24677268338132963,0.24539094322041755,0.24764158584654228,0.24534991685558172,0.2468276480754808,0.2871971087674067,0.3165170087487067,0.22908186364975275,0.24289151271941362,0.24558479323525073,0.24283240182615812,0.229335843521836,0.3163770892773847,0.25662109022892193,0.27321305033609167,0.22923937354755303,0.2470286307957541,0.2293778202403295,0.27338845608074125,0.25702632699849626,0.41544617226912967,0.25654600820851636,0.31675042752539845,0.28746360633945744,0.31673457357220053,0.256840041444678,0.4150949715033796
0.4226345601841909,0.26033361144251915,0.3218958124844522,0.2915595507104507,0.32201123444335,0.2602473028366376,0.42281084214619924,0.2606186904886676,0.27888779797486096,0.23405401798086078,0.2527305119425589,0.23386311281800404,0.2787704498787449,0.26017774236660685,0.3222374214228054,0.23394414596111796,0.2490021274215588,0.25156002952431067,0.2492155444677815,0.23383507201464637,0.32206670448120805,0.2916508565058994,0.25268859582009423,0.2513013931169933,0.25345082829308335,0.2512638107227393,0.2527545230916083,0.2914583113062692,0.3223342030847007,0.2337091750940994,0.24930796347240197,0.25148729455929764,0.2492556703012384,0.23396614398528803,0.3221428570131204,0.260366469278881,0.2788346562359606,0.23382644392584145,0.25292231912077723,0.2339676097423632,0.27898638523996877,0.26071165352398357,0.42306606639510336,0.26018277667036027,0.32239772082632734,0.291547572646213,0.32236913811012013,0.26046997742236866,0.4226598406879147
0.4301645443479195,0.26405520272096283,0.32758202994903607,0.2956622384161114,0.3277123515872302,0.26396540813033936,0.43038847505729977,0.26440113628862066,0.28459780711652594,0.23871397045035647,0.258695546494249,0.2385141963157087,0.28455040040977864,0.26401159602340457,0.32810278497551637,0.23866683590607485,0.25557034979171667,0.25753118318969115,0.255770701051068,0.23858552440924508,0.32797599971976665,0.2959886150166996,0.258750728917966,0.2572590839863621,0.2593276600415694,0.2572338717336751,0.258827421549814,0.2957837595357966,0.3282464494637133,0.2384574515548598,0.2558505795783169,0.2574343833547048,0.25580379110934015,0.23869883924035035,0.3280043643764282,0.26419653795267417,0.2846257490676293,0.2384985640532747,0.25893931065804077,0.23863189110059208,0.2847268630567008,0.26448555327462114,0.43064420471564846,0.26389170221396535,0.3281072684898005,0.29565703724654524,0.3280623642892758,0.2641617678949553,0.4301848004903572
0.4376467004126832,0.2679019708372574,0.33336815877680176,0.2998332305670961,0.3335113397590085,0.267798546212931,0.43790142847751606,0.26829890887755015,0.290469840551491,0.24345990945549284,0.2647888973148822,0.24326361790005402,0.29051357539582945,0.2679535464259682,0.33405482012856386,0.24350549513823821,0.26226067203188164,0.2635495425688832,0.2624447567801668,0.24346037853598773,0.3339794681080295,0.30038715328014326,0.2649705208735778,0.2632626369696392,0.26526752832801737,0.2632488951244999,0.2650512765297656,0.3001743175293283,0.3342540721672771,0.2433382523086013,0.26251097852391014,0.26342338662528303,0.2624579600530813,0.2435358107327018,0.3339591482623059,0.2681335481070212,0.29059981036574645,0.24326018832815693,0.265079385877961,0.24338243744964178,0.29062164743275576,0.26836152832331883,0.43816384330633434,0.26770451325314387,0.3339000708540447,0.29981693455971525,0.33383983253520044,0.26795690407194256,0.4376432755255837
0.44501936871199876,0.2718981096280727,0.3392978177615128,0.30411435225951544,0.33944599086188787,0.2717760424921334,0.4453289312094666,0.2723287115460139,0.2965369734771329,0.24832264226386624,0.2710299117299727,0.24812247692056755,0.29666468872002516,0.272015488713105,0.34012016304459564,0.24847588119340136,0.2690665741239139,0.26960949728449957,0.26922761384783467,0.24846389121722579,0.3400912331767906,0.3048746855373965,0.27134946984699626,0.26931132371932165,0.2712710515485342,0.2693036766681708,0.2714262521617638,0.30464440655124136,0.3403781799513985,0.24835316377519906,0.269287742730858,0.26945809033747753,0.26922220674261765,0.24849358241488156,0.3400168905259131,0.27219595258094453,0.2967648731971484,0.24812709136697086,0.27135758736683885,0.24824295763806348,0.29669862128934604,0.27236686304001584,0.445599631934022,0.2716479821189116,0.3398036816249174,0.3040750386396976,0.3397398116248225,0.2718939377056563,0.4450184202157177
0.4523153509119292,0.2760663063017412,0.3453755702119575,0.3085170529497113,0.3455151943759772,0.27591248199107815,0.452672620332244,0.27651202527160496,0.30281542568076736,0.2533195007760063,0.2774263070089532,0.25310927872001254,0.3030196814216569,0.2762126435568917,0.34630482793340833,0.2535919920123488,0.27598226366567835,0.27571646599051003,0.27612944982540727,0.2536151850167131,0.34631971151975827,0.30945429681079073,0.2778960232949575,0.2754059635381746,0.2773491509399144,0.2754094521436309,0.2779692846398385,0.3092079411679298,0.3466137097368166,0.2535172403256821,0.2761810332688817,0.27554189771903975,0.2761057486076521,0.25359399099674945,0.34619731364281797,0.27638833846939925,0.30314404294038716,0.2531306957868709,0.2777963560083946,0.25323783900767677,0.30298248303305503,0.27653445992964537,0.452942169618072,0.2757480239754193,0.3458397652184971,0.3084491075177547,0.34576706625224984,0.27598250372997857,0.4523058121407281
0.4595067465706162,0.2803740864388876,0.35158249550966836,0.3130299369275755,0.35170998804525794,0.2801857239324499,0.45990285774587625,0.2808317056777194,0.309346864923871,0.2585009018517491,0.2840283007265652,0.2582891943383193,0.3096311402294053,0.28052342187768475,0.35257991674583333,0.2588985000743425,0.2830328599621442,0.28190012390100705,0.28317389107947666,0.2589547762547715,0.3526384478875939,0.31410143655464867,0.2846486255427121,0.2815782625232264,0.2835294732394512,0.2815923834587498,0.2847181487352525,0.3138445893640688,0.3529381881203669,0.258873743033302,0.28321469297966084,0.28170421538192414,0.28312543201232604,0.2588765392579457,0.35248088741486416,0.28069720739640047,0.3097788933263609,0.25832066712332125,0.2844287513714428,0.2584194599162154,0.30951092104478306,0.28083936354351136,0.4601743669928041,0.27999432363955756,0.35200642905889723,0.3129321618011922,0.35192068409778565,0.280217503207153,0.45947852225273283
0.4665353921381225,0.28478216718371496,0.3579063878219162,0.31764804869960794,0.35803130661166216,0.28456971817800913,0.466990114093867,0.2852512526425648,0.31618464881172526,0.2639270836471469,0.29088488045659583,0.2637117293230665,0.3165345879731909,0.28491784105487183,0.3589374497553782,0.26443959656896904,0.2902408556910172,0.2881872230982925,0.2903816077259107,0.264521482645805,0.3590326591989652,0.3188124717245526,0.29163203021528394,0.28786041012198427,0.2898405608512689,0.28787954661072873,0.2916993123509259,0.3185385517465684,0.3593450543669351,0.264453242955736,0.2904160505796434,0.28798191975758225,0.29031156858471996,0.26438674744863977,0.35884423221723616,0.28510274729441554,0.31669793552018527,0.26374557615836114,0.2912931529684676,0.2638414024853033,0.31633137274529477,0.28525470766496797,0.46726722952228045,0.2843583308352835,0.3582898644341765,0.31752324454045927,0.35819739767181863,0.2845795213007145,0.4665115749828518
0.47343210478046005,0.2892552334178531,0.3643208395224561,0.3223345066327509,0.364433785497293,0.2890248800500952,0.47393274374047933,0.28974311117650764,0.3233479382911944,0.26963144297934183,0.29800579227561513,0.2694007878323309,0.32374150013329084,0.28937877155899444,0.3653663211746614,0.2702387524489799,0.29761690939540475,0.29460056689769265,0.2977743047915198,0.2703403495833034,0.3654909183584719,0.32357454037756805,0.29885970005598617,0.29427360352803933,0.2963003276586768,0.29429888847446767,0.2989287575914712,0.32328456645626646,0.36581336240981005,0.2702821939514993,0.29779939292827795,0.2943985257040106,0.29768795315528535,0.2701630985923297,0.36528209243360205,0.2895751829347734,0.3239234601277594,0.2694473639097874,0.29841621832366716,0.26954219463039975,0.32347708320462654,0.28976126830809734,0.4742056814275689,0.2888106085859723,0.3646701294711503,0.32218925849992724,0.3645613319290575,0.2890251923840083,0.4733976129256194
0.48015889041010396,0.29371590882423565,0.37075081529770293,0.3270187634575497,0.37085952798956134,0.29348701099652974,0.4807070036666705,0.29425486749389934,0.33084819421136696,0.2756373233757281,0.305405236483811,0.2753971852720276,0.3312764962801645,0.293861806712975,0.3718144795052354,0.2763178669978994,0.3051803691442191,0.3011564792410448,0.3053674544028236,0.27643406971997314,0.37197080218864453,0.3283370216007411,0.3063487415991926,0.30084155519293765,0.30292149255219525,0.30086912203463456,0.3064209717796009,0.3280426174641946,0.3722954361939387,0.27638617510231145,0.3053808937542262,0.3009666007079005,0.3052645296661145,0.2762261293986844,0.37175244749227343,0.2940674414427551,0.3314765620656831,0.27545579065370795,0.3058059071553483,0.2755465188404985,0.33095909014313774,0.2942980057324442,0.48097576163801764,0.29329226230403205,0.3710996043698599,0.3268706057349203,0.37096158619542546,0.29349424770054844,0.48011296110894697
0.4866796379390476,0.2981019504722572,0.37713668075654616,0.33165449480196313,0.3772655212987944,0.29789673170152264,0.4872794291426256,0.29872041227422363,0.33869097069889065,0.2819500820994974,0.31307913498304407,0.2817083034584204,0.33914206192900354,0.2983100751269778,0.3782394948977951,0.2826745643165949,0.31292516956800437,0.30784557585619604,0.31314365988149495,0.2827983650322198,0.37843009983875237,0.3330655375440511,0.3140851963922091,0.3075630086540002,0.30969639504092195,0.3075838288228733,0.31416407602354346,0.3327656688508844,0.3787579137783461,0.28275628643568673,0.3131541322650499,0.3076810552625391,0.3130327199907221,0.2825717103504865,0.37820245277892117,0.2985331130982424,0.3393481967730129,0.28176510228590296,0.3134536749518907,0.2818540746614553,0.3387758658587806,0.29879706047164756,0.4875496254201726,0.2977368168836596,0.377516077452298,0.3315144653644321,0.3773484347132605,0.29792906390908835,0.4866304264571461
0.4930030842227616,0.30237620893506184,0.38343875636043895,0.3361830316940988,0.38358437179981897,0.3022071247234946,0.49364592422557324,0.303101523439649,0.34683641871069915,0.28853507149974356,0.32097543530964867,0.28827897873475505,0.34729438917411487,0.30269507704695287,0.3846180597604705,0.2892735476468046,0.3208121900449279,0.31463787911614016,0.32106676104189324,0.28939713053019533,0.38484346257368307,0.33773663852756997,0.32202113263860543,0.31439476444159725,0.3165924899135888,0.31441034442156124,0.32211397135912867,0.3374297110672265,0.38517289252508957,0.28935461167342036,0.3210783505356214,0.3145041945460324,0.320960975610336,0.289173068448592,0.38460437627028526,0.3029348290972327,0.34750184754518865,0.28834471700863185,0.3213277776607064,0.28843586691179235,0.3469059490600072,0.3032216805234605,0.493909474546391,0.30209835715738736,0.38386909180805484,0.33606187691649264,0.38366309855539454,0.30227696311956614,0.4929416827310889
0.4990985878590127,0.30650350988872566,0.38957969117941854,0.34053686532466576,0.38975488079600795,0.30638451650290877,0.4997928825358817,0.30736951090621867,0.35522339847799855,0.295324496780891,0.32902774303303384,0.29505310463636414,0.355688459497258,0.30699446442999234,0.3908983561436877,0.2960628932550685,0.3287973562194153,0.3214825850723513,0.3290883990912421,0.29618145651125555,0.3911680591569755,0.34229926232441327,0.33011032883925906,0.3212894972698007,0.32356262270416625,0.3212980509961836,0.3302188743442201,0.3419967283981749,0.39149169481616186,0.2961377873996832,0.32910027296637256,0.32138115931418787,0.328992331797124,0.295976707061176,0.39091573374191463,0.3072410984318093,0.3558973893995595,0.2951416187029633,0.32936716937572513,0.2952326004288094,0.3552955392301007,0.3075360452018643,0.5000459506690448,0.30633612244938935,0.39009653393626237,0.3404532210721468,0.38984121047591963,0.3064919607949117,0.4990306662068969
0.5049589496361678,0.3104807899684306,0.39552537568652113,0.34469760054786225,0.3957519259743079,0.31041570323538764,0.5056881249420682,0.3115005791596504,0.3637957748375902,0.30223878246512376,0.3371671036627881,0.3019612417490493,0.364269021329357,0.31118443378441685,0.39703983596094344,0.3029717623818735,0.33681721903115325,0.32831109710778816,0.33713585038322536,0.3030817600657523,0.39736460589831996,0.34672456110086936,0.3382898177702447,0.3281822608410466,0.3305486908014318,0.328178894918167,0.33841176031816855,0.3464311445532117,0.39768241635066615,0.3030382285285942,0.337150019669244,0.3282433036448197,0.337050038909398,0.30290469780134854,0.39708797038306,0.3114384130272089,0.3644767193612088,0.3020681323747825,0.33749916866670104,0.3021584070438875,0.3638744408198896,0.3117079337921549,0.5059359409133164,0.3104253573112994,0.3961450487226332,0.344650574299325,0.39584235192333384,0.31056007263834173,0.5048706178138477
0.5105546514678652,0.31433585588555796,0.4012859526797214,0.3486595435593642,0.40155282581967694,0.31432096856753244,0.5113249207925894,0.31551365407281656,0.372467379614308,0.3091798708228687,0.34529773540274983,0.30889227139542047,0.37295016670962833,0.315284394580306,0.4030448276388639,0.3099043266427549,0.3447809823248499,0.33504598378950745,0.3451188616449143,0.3100108881577609,0.40343028218713267,0.3510243830860499,0.3464702893046675,0.33497883494580727,0.337483945566151,0.3349676924416152,0.34660751557155156,0.3507343602014632,0.4037440575374234,0.30996557400971436,0.34513725122467054,0.33500588330804176,0.34504745097587936,0.30986626424787156,0.4031112968135723,0.31554209351025125,0.373155242257198,0.3090206529305296,0.34563244529968795,0.30911177279230906,0.3725589034076031,0.31575272646297353,0.5115606142094273,0.31437996018636744,0.4019976287198864,0.3486487438463849,0.401648648355593,0.31449419288347663,0.510451466993146
0.5158770728958334,0.3181267504284657,0.4068447773447682,0.35243777603062176,0.407151336428773,0.31815230714427223,0.5166933928064292,0.3194593583094669,0.3811329275369172,0.3160352881608636,0.3533161415115412,0.315745162454372,0.38164826924213097,0.3193379912783728,0.4089016632865966,0.31677120826097555,0.35260264314640466,0.3416085274140678,0.35295277745324205,0.3168875231294862,0.4093590259089136,0.3552032103939723,0.35456726228598673,0.34159129740581573,0.3442974223161449,0.3415837501030801,0.35472375453240734,0.35492279978220553,0.40966214088814434,0.31683783689028094,0.35297492726799934,0.3415830193482998,0.35289495351504696,0.31676951528020036,0.4089850209122211,0.31958307775814376,0.38184963972659697,0.3159008620965309,0.3536685183211792,0.315986200095827,0.3812514567442116,0.31971819413789493,0.5169103178856173,0.3182388253954864,0.4076417763258112,0.3524546395979401,0.407244842795347,0.31832615242681134,0.5157610352223294
0.5209168665963565,0.321911001562334,0.41222100736674555,0.3560788260422919,0.4125676816303069,0.32195923661422576,0.5217576920028059,0.3233799131159496,0.38971168980636123,0.3227258327208391,0.3611476632532189,0.322446255540899,0.39028588381556567,0.32337214935732894,0.4145929586779497,0.3235023905895163,0.3602094763367387,0.347926524906404,0.3605597137375668,0.32363486554836135,0.4151342183066363,0.3592686078495579,0.3625137612551166,0.3479590657760624,0.3509235374897298,0.3479560599368179,0.3626843932135208,0.35899806461427497,0.4154272495717874,0.3235882719211709,0.36058719078662327,0.34790623224589834,0.36050754116380374,0.3235321155954458,0.4146965485763174,0.32360227278914444,0.39048146104623527,0.32261976396492215,0.3615259253489541,0.3226961450470184,0.38986278630137566,0.3236371820127206,0.5219589637238938,0.322049812699442,0.41307914350017155,0.3561020265436765,0.4126428021665818,0.3221097808813602,0.5207705223353623
0.5256146412614375,0.32574372767924065,0.4174633750704541,0.359635409523128,0.4178310666216565,0.3257970024525546,0.5265005674891183,0.32732356079028896,0.3981326412709511,0.3291884376450347,0.3687243254480428,0.32891726924652565,0.39877547261398694,0.3274227721862706,0.4201350731770604,0.3300361737509635,0.36752859137289007,0.353940169972078,0.36787005627697333,0.33018719807868935,0.4207629792175322,0.3632537945677828,0.3702392072042682,0.3540227456608382,0.35731077673098915,0.3540254571316993,0.370417278205466,0.36298102653823616,0.42105213336191144,0.330153842584316,0.36790414490905676,0.35391983696529256,0.3678192273944647,0.33008706869768684,0.42024798879137903,0.32764286422562905,0.3989686261539057,0.3291053741516625,0.36913644117605177,0.3291715486446876,0.3983114634453353,0.32756182020061964,0.5266793159018616,0.3258706709406176,0.41833784917177236,0.3596501208247333,0.4178754729320758,0.32590707651281065,0.5254608458395187
0.5299903245200978,0.32967692053801156,0.4225932148272804,0.3631559037481049,0.4229658137645681,0.329719165893261,0.5309111738083347,0.3313359312600075,0.40632115056076834,0.33535931045962886,0.375984375493804,0.33510471348489124,0.4070492425421036,0.3315251011454488,0.4255356360830899,0.33631560468851834,0.3744963048419415,0.35961019440563324,0.37482792210622634,0.3364998822258097,0.4262498683300756,0.3671755624864309,0.3776813738701214,0.3597346062709269,0.363420452793008,0.35975380821832875,0.37786705161127576,0.36689751996234476,0.4265301069407601,0.33648324862424583,0.3748654462795362,0.3595816105337213,0.37477251873302303,0.3363822974291114,0.4256536733377496,0.3317313260059179,0.4072478001628473,0.3353080928633666,0.3764412813822484,0.3353563350088557,0.4065234919090839,0.33155481067871645,0.531058823504006,0.329753443215957,0.4234448670833794,0.36314382364112263,0.4229598601917175,0.32976407556586074,0.5298206810836011
0.534021798675266,0.33371183435878504,0.42761734912042587,0.3666649698838491,0.4279830472517419,0.3337276721709219,0.5349576602646927,0.3354221519232017,0.4142290528381966,0.3412239319770122,0.38290686734047985,0.34099994644823917,0.41506738142471206,0.33566955570313584,0.4307688891374142,0.3423157089561404,0.3810742869492072,0.3649161771709374,0.3813991374313619,0.3425467819937882,0.4315657296583497,0.37101946393348323,0.3848052254621581,0.3650772027794501,0.369228936359313,0.36511811234563074,0.3849984736044455,0.37073728490534696,0.4318320703366142,0.34254966639025475,0.3814377484879999,0.36487471657838455,0.38132655950940025,0.3423867598225422,0.4308985800574991,0.33586606439140965,0.41526801332905466,0.34120727445563026,0.3834033484311743,0.34123453574746304,0.4144520880627395,0.33562009865571135,0.5350787951260324,0.33371602776430764,0.428417105600833,0.36661176230547443,0.427915194825609,0.3337085279080878,0.5338252967512803
0.5376511773353865,0.33781285383641124,0.43253384970322883,0.3701670465037976,0.4328825253165818,0.3377956844846569,0.5386171703485063,0.3395516080637906,0.42183527714025293,0.34680010439491105,0.38948708774968294,0.3466025088325568,0.4227865480498668,0.3398225476119117,0.4358142675247029,0.34803739321081417,0.3872421759597838,0.36985350250417215,0.38756037323499115,0.3483121688763688,0.4366830949768427,0.37477473501223335,0.39158502347957347,0.37005426639876343,0.3747200360552809,0.3701101905833074,0.3917800521955292,0.37448085526690056,0.43693642799005417,0.3483381126256529,0.3876041468529039,0.3698036747052724,0.3874659924672846,0.3480961767960088,0.4359528127011662,0.3400256077538471,0.42298508021884607,0.34680791640053654,0.39001435996610256,0.3468200990623943,0.4220709174228266,0.3397343274355753,0.5387129213152032,0.3377453283884968,0.43325801796079066,0.37006919118084575,0.4327484202876267,0.3377267235881371,0.537450082005747
0.540909269054362,0.34192714217557685,0.4373073157158617,0.3736315429430606,0.4376317404555238,0.34187712551198135,0.5418858369275297,0.3436823902232837,0.4291150123680693,0.35209844250902766,0.3957123655064835,0.35191240457188855,0.43017075248804865,0.3439472446292212,0.440647382957523,0.3534830664884713,0.3929866899869605,0.37442961293215915,0.39330764224783754,0.3537903034172364,0.4415775235749961,0.37842065041123213,0.3979968563056687,0.3746742807484651,0.3798876306659793,0.3747405220498765,0.3981949121564313,0.3781081199162514,0.4418108075049036,0.3538471992062023,0.3933516921645914,0.3743768225202936,0.39318851427845425,0.3535190168779118,0.44079978068426307,0.3441670576696718,0.4303723122977061,0.35212889925214724,0.39627029551860943,0.35212683619854634,0.429359036578308,0.34386780356260543,0.5419475077849354,0.3418023768350597,0.43794863843015397,0.37348936026161345,0.4374290547492718,0.3417727283273405,0.5406899330447338
0.5437629937146281,0.34595399604240284,0.44186344530215654,0.3769828089909954,0.44216422602982697,0.34587969637674065,0.5447438838116959,0.3477361000394341,0.4360522689061613,0.3571293834361577,0.4015833137564015,0.3569567552977527,0.4372098115150901,0.34797806855210733,0.4452119751495725,0.35864994302227193,0.3983000055776229,0.37865366100518977,0.3986351436143353,0.3589866333431946,0.44618938675308756,0.3818937837871347,0.4040340741404143,0.3789425843069856,0.3847277163893302,0.37901640422113825,0.40423473569976653,0.38157034174906135,0.44639629705524125,0.35907621274719814,0.3986767433776116,0.3786004353529858,0.3984889411327745,0.3586607827487216,0.44539206421341243,0.34822042573495937,0.43741385563205626,0.3571849204294564,0.40216225077771073,0.3571686232693886,0.43630154491173706,0.34794240362110296,0.5447739884137546,0.345807056088707,0.4424411666976662,0.37680773593489075,0.4419085636434459,0.34577238279180983,0.5435292686825988
0.5461934660905858,0.34977527444536577,0.446115884706805,0.38012852914810746,0.44640813125947987,0.34969608662358626,0.5471745680239464,0.35160716396768127,0.4426446128430131,0.361900468014565,0.40709856773414965,0.3617462145468038,0.4438883680869401,0.35182387992147246,0.4494459446216563,0.3635308028771234,0.4031736651435569,0.38252138720890033,0.4035279354679381,0.3638924239438269,0.4504533539725643,0.3851312936155711,0.4096775122520171,0.38285751730763395,0.3892265020383986,0.3829336178652507,0.4098783830468977,0.3848005792016051,0.45063940414199877,0.36400895210396195,0.403571356883447,0.38247701364338416,0.4033557377690786,0.36352186126109487,0.4496559851153792,0.3521027811904601,0.44408761926512197,0.36197603350594654,0.4076816943736362,0.36195259477730013,0.44288656787515407,0.3518507059594216,0.5471771824855062,0.34965635910080334,0.44666284766071035,0.37993992557227985,0.44611422488692537,0.3496193337253204,0.5459498077359181
0.5482173727055131,0.353300702598334,0.44998258925374746,0.38297488328058615,0.45027420428657816,0.3532399617538823,0.549179212409407,0.3552147437124783,0.448860961122901,0.36639966339292646,0.41222265900621424,0.3662514201547806,0.45016210198681866,0.35542010253819745,0.45330000132388015,0.36810400768588847,0.4075838661323405,0.3860159952178907,0.40796199648825465,0.3684832498120728,0.4543235347307446,0.3880908289847118,0.4148852258960409,0.3864025220954476,0.3933511264570803,0.38647511220365266,0.4150937738782874,0.3877507433809831,0.4544937242971272,0.3686181976960622,0.40800791814593196,0.3859882569288787,0.4077722858220877,0.36808811029847255,0.45353827651481654,0.3557396909010129,0.4503549279582311,0.3664889145822321,0.41279874947527434,0.3664665789166993,0.44909423728683007,0.3555085205772401,0.5491497616638965,0.35325593261603483,0.45053254939244997,0.38279333009324307,0.4499576111160328,0.35321533792892446,0.5479510265660932
0.5498071902808916,0.3564662860673521,0.4533608525074458,0.3854326775003557,0.45366724921773377,0.356437248791756,0.5507531968381847,0.3584979420818397,0.45465381865571647,0.37058536314483115,0.4169030238773222,0.37043788360178637,0.45598857396481485,0.358717608857523,0.45671135470021335,0.37233322255729967,0.41150122707221687,0.38910451781234223,0.4119056305115165,0.3727195978272164,0.45774708229781397,0.39070929804166954,0.41962077567114014,0.3895499921953549,0.39706542290487307,0.3896137350087438,0.4198373708017683,0.3903708890818243,0.4578969654654373,0.3728714544957755,0.4119543959273048,0.38909789904699343,0.411706319750944,0.3723194375060286,0.456983086997743,0.359067813502052,0.45618012499746863,0.3706899151995245,0.41746924969428056,0.3706709633791187,0.45488570688234337,0.3588450628921418,0.5506941488297487,0.3565255141433105,0.4539625228934625,0.38528074673685697,0.4533528627658564,0.3564888908847049,0.5495327415782523
0.5509766304338466,0.3592371246481787,0.4561775904698989,0.38744517705425185,0.45652194807710955,0.35924376035250055,0.5518887192084039,0.36140653215643687,0.459983050243888,0.37440020473208674,0.42108681200587406,0.3742594020426812,0.46133063083711856,0.36166977601747463,0.4596149925318979,0.37616549716243103,0.41488647826974745,0.3917471155160673,0.41531234399764727,0.37654940529970066,0.4606696098239773,0.3929375896421072,0.42383497428623507,0.39225453609850924,0.4003286590243419,0.39230699552256815,0.42405887884839727,0.3926046345670707,0.4607930431304286,0.3767212999120077,0.41536898854696674,0.3917617096704478,0.41510857127097056,0.37615844664875286,0.459926357517352,0.3620493342428238,0.4615190819067334,0.3745216758951312,0.4216386367692978,0.3745043716592008,0.4602080981106671,0.36179840235021404,0.5518026709963215,0.3594140158868738,0.45686872065287504,0.38733747898764437,0.4562223782366311,0.3593763062250103,0.5506830031418549
0.5517176653312438,0.36162922229640404,0.45842321541284237,0.3889995748395787,0.45880542776245603,0.3616721569201945,0.5525937844311595,0.36393802063225544,0.46478690857151184,0.37777523373138144,0.42470517314371764,0.37764387283487133,0.46612737908388174,0.36427688630742555,0.46199199376493244,0.3795345235871863,0.41768287093211454,0.39389509675372786,0.4181217519981554,0.3799131228866296,0.46307236273345354,0.39476853854919497,0.4274634177036654,0.39445763528932803,0.40309486997519683,0.39450031989294776,0.4276997193699286,0.39444015327953985,0.46317071741622623,0.38010186576615834,0.41819402131588634,0.3939267800110328,0.41792372982081805,0.3795429100752242,0.46233574607652533,0.36468029683919884,0.4663092795091878,0.37791354494558005,0.4252413573893039,0.37789463309339094,0.4650040897723813,0.3643599378600028,0.552479031591089,0.3619134988918682,0.45921005431972023,0.38894312288733346,0.4585287614065962,0.3618733664357042,0.5514056960224801
0.5520420663477841,0.3637128611082667,0.4601004753558293,0.3901269916752624,0.4605181491444925,0.363775380409861,0.5528789655872464,0.36613941200787203,0.4689858055392951,0.3806364435007151,0.4276865085059885,0.380516356363787,0.47031349674428446,0.3665736164689802,0.4638439439811723,0.3823870977066951,0.4198421229333643,0.39550909335705464,0.4202914446137183,0.3827615410987546,0.46495385151222507,0.3962105180185723,0.43045085210378026,0.3961135768920192,0.4053170715871338,0.3961542718839471,0.4307064551941988,0.3958925226426032,0.4650236090848885,0.38296307008093156,0.42037514492724365,0.39555008323386587,0.4201001245224828,0.38242095668981835,0.4642091547351153,0.36698780144595183,0.47048580558112013,0.38080458072845386,0.4282118547592947,0.38077845911373276,0.46920701714010893,0.3665774769342775,0.55273420574288,0.3640650190818874,0.4609720503022846,0.39011672605087555,0.4602609068262925,0.36403008296524325,0.5517218702659691
0.5519794587868797,0.36555992696843675,0.4612456435585836,0.39088432043054466,0.4616937924639766,0.365620350435182,0.5527511462889606,0.3680624198329853,0.47252416237985767,0.38294094652237864,0.4299854151477201,0.3828343863783044,0.4738286698274365,0.3685966698800033,0.46516871149047617,0.38468789354788846,0.42133777882825435,0.3965652124438658,0.42178950024396417,0.3850552381828929,0.46630950882335565,0.39727599620082144,0.4327643988472435,0.3972056473890828,0.40696753530303087,0.3972422348332064,0.43303516735130926,0.3969706119064767,0.4663540791488029,0.38527297872928407,0.42188502741191636,0.39661094159028587,0.42160279258274436,0.38474509246090655,0.4655536867040618,0.36901162140160104,0.4739973239423016,0.3831422065446088,0.43050509415101723,0.38310697206633154,0.472754409683822,0.36849658691601345,0.5525786455132765,0.36592933026055885,0.462173548798706,0.3909054818858057,0.46144534720759317,0.36589064855168807,0.551627088188717
0.5515098141593157,0.3672412767742082,0.4619395979446371,0.391356584638784,0.4623957955948077,0.36727923248486344,0.5522222641906436,0.369765318455227,0.4753595703551436,0.384662324618401,0.43157912443440205,0.38457059398761306,0.47662745478089386,0.3703839991925444,0.4659982752795301,0.38640862683303906,0.42215731336027323,0.3970563880434707,0.42259915329992237,0.38676091016970054,0.4671646716540697,0.39800711707971254,0.4343706796533839,0.39772790869564684,0.40803498408767247,0.39775531229123845,0.4346476640709173,0.39770634932810073,0.46719367488097685,0.38700092590905383,0.4227112705126425,0.3971042079296906,0.4224152269032354,0.3864841536317649,0.46639028226131296,0.37080020534577907,0.47679582219752653,0.38489352511709723,0.43209294799383957,0.38484785644099145,0.47558954362230627,0.37017793855829106,0.5520264139004002,0.3675784193457559,0.4628728322555833,0.3913900947296257,0.46214143854563555,0.3675387984488979,0.5511433962517367
0.5506866493248078,0.36883038990717687,0.4622547833979052,0.3916329939438989,0.46269923137215835,0.36881930822387804,0.5513298224769942,0.3713139617682779,0.4774394351817395,0.3857866750376758,0.4324513984210291,0.3857126582842503,0.4786765806570434,0.3719797939217635,0.4663824827324959,0.38753166821175433,0.42229250295896226,0.39699496443596316,0.42272340672448133,0.3878648819227591,0.4675676468364838,0.39845723094550767,0.43523866975746456,0.3976851222584644,0.40851891905202264,0.3977101705440207,0.4355280271755374,0.398152343377209,0.4675788729658076,0.3881289330355445,0.42285218125134316,0.39703949054901794,0.42254133461077736,0.3876241261404445,0.4667762750575177,0.3723971399148243,0.47883933481017327,0.38605080432436634,0.4329592709449609,0.38598998793446515,0.4776711136097015,0.371696549155781,0.5511032958332323,0.3690824203721217,0.4631391823473088,0.39165183948276344,0.46242043812324546,0.36905154688844716,0.5503049813474723
0.5495307141757643,0.3703338118471705,0.46224656090093397,0.3917624217243395,0.46265883188245494,0.37025925102779145,0.5500885543817671,0.37272645223081935,0.4787379434837916,0.3863323221618457,0.4326116346305298,0.3862794673959194,0.47995568148536477,0.37339779748796653,0.46634743244733307,0.3880626520204905,0.42176218513516417,0.39640795847501203,0.4221826981458787,0.3883866030471964,0.4675386655244378,0.3986434809681149,0.43537511091473025,0.39710197990440416,0.4084270963818656,0.39713196548358265,0.43567727246078947,0.3983370048883674,0.4675307790747173,0.38866361737104593,0.42232879679612123,0.3964422389458763,0.4219989605606559,0.388171643623997,0.4667482733820565,0.37381433488970395,0.4801055146546423,0.38662342629289026,0.4331146230174969,0.3865494469259089,0.4789739631335668,0.3730815309619251,0.5498408904220844,0.37046891682681277,0.4630423105141859,0.39174931517518,0.46234727703246353,0.3704451653038043,0.5491206448005354
0.5480486405760172,0.37171023471499254,0.46195381312364175,0.3917650029367399,0.46231947744652674,0.37156845141995076,0.548531603242956,0.37397840939355376,0.47926472030104994,0.38633668341694305,0.4320948130279793,0.38629780976439926,0.4804576397645567,0.37460769418852463,0.46591705285240403,0.38803080940739904,0.42060640679195976,0.3953344604578378,0.42101634166366464,0.3883436288585193,0.4670934128261783,0.3985803142295211,0.43480685899863664,0.39602756620482016,0.4077809740493878,0.39605588199984776,0.43511345600396806,0.39826929896316726,0.46707170886636123,0.38862366051749886,0.4211797015087451,0.39536033505570195,0.42082984642012433,0.3881509747066113,0.46632358345265607,0.37504265245923996,0.48058723806938736,0.38664289973438015,0.43259051760460704,0.38656742220408646,0.4794996903816368,0.37431364912894927,0.5482650760181339,0.37172958195542927,0.46263356797009636,0.39171374650336743,0.4619674262098917,0.3717277987904278,0.547631337779052
0.5463091824139302,0.3729019069044287,0.4613876060395565,0.391631055719784,0.4616991838106213,0.3726948379044499,0.5466977653825651,0.37502558829735816,0.47902881062402586,0.3858289659349083,0.4309311132883462,0.3857884447079125,0.48018052374963877,0.37557344636907947,0.4651254581152142,0.3874561602514577,0.41886657357669127,0.3938148641633899,0.41926370880876773,0.3877482830945436,0.466255407663708,0.3982793310721194,0.4335552069550275,0.39450152629110946,0.4066077813854217,0.394523863235485,0.43386209843745255,0.3979549692735147,0.46622755587456083,0.3880256857883186,0.419449079785907,0.39383430239106576,0.419080800979947,0.3875845934388634,0.46553138780931796,0.37604483253718624,0.48029309571026196,0.38613481038373193,0.43142396851324,0.38607294670112646,0.4792649029038243,0.3753576509521397,0.5464142615828973,0.3728186376200292,0.46194359656120454,0.391541252885672,0.46130778888088864,0.37285170087939123,0.5458735015596751
0.5443248789653935,0.3738088539971873,0.460519142940654,0.39130685828749134,0.4607763382712439,0.3735507956860686,0.5446261084828627,0.3758009452526534,0.47804063627014237,0.3848224912569313,0.4291548504709466,0.38477500270458004,0.479147723995885,0.37624473369759037,0.4639734701560171,0.3863478230156657,0.41658126717662175,0.39188368420579456,0.4169644633753808,0.3866180294399157,0.4650296949961104,0.39772369739736113,0.431645243306596,0.392556968033686,0.40493785475566,0.3925726746504245,0.4319529081201395,0.39738577255732666,0.46499878880992135,0.38688829602788877,0.4171694497392917,0.39189792710269844,0.41679364654287077,0.38648859375666683,0.464385912545841,0.37675947855207453,0.47924278800985015,0.3851224972583327,0.42964609519245434,0.38508401871404047,0.4782837687176478,0.37615110347457026,0.5443306153450206,0.37366173587796114,0.4609706410960757,0.39119199267377214,0.46035857624204923,0.37372591973984076,0.5438743221225635
0.5421491535052789,0.37433031413865214,0.4592958557556044,0.39072151115718506,0.4595112237480376,0.3740372230321394,0.5423568751396421,0.376215619988081,0.47632889394926037,0.3833217490003399,0.4268033531559323,0.3832730194984515,0.4773909957693907,0.3765523594125127,0.4624448955664655,0.3847141174516999,0.4137919959631771,0.3895646341109711,0.41415963254297433,0.38497041815148414,0.4634013237480584,0.3968843941082848,0.42911905146733603,0.3902167972257763,0.402799612850973,0.39022622860866096,0.42942562506999843,0.3965347197971356,0.4633799159897416,0.38522929289877894,0.4143788820473178,0.3895753766782549,0.41400451078357436,0.3848733085427066,0.4628679696386962,0.37711644973475716,0.47746030822801216,0.3836195896760044,0.4272907954529184,0.38360912933578006,0.47658407940395764,0.37659525625802853,0.5420551133685184,0.3741666380100876,0.4596870218163035,0.3906032962836278,0.4590910817869602,0.3742733177334041,0.5416928006791711
0.5398310801744882,0.37440157025061727,0.45768748247373453,0.3898210704837912,0.45787920013675887,0.374084496821416,0.5399409991740759,0.3762096090818215,0.47392218934904634,0.38133697940777117,0.42390013370832325,0.38127068920040863,0.4749287224126392,0.3764473671073101,0.4605480517310796,0.3825804828051241,0.4105326426509538,0.3868837593012431,0.4108869754330313,0.38281712867601236,0.4613896691005316,0.3957611759112849,0.42601443828894264,0.38750820203076386,0.4002139116020693,0.38750982924292543,0.42632222540434983,0.3953905660204157,0.46138197213616505,0.3830649559403815,0.41111326923524283,0.38689287065919153,0.4107530552688595,0.3827580029655996,0.4609729181654271,0.377067453576463,0.47496820620113156,0.3816298586682165,0.42438888602837943,0.3816512308695741,0.4741972364014733,0.376623433001052,0.5396332498244579,0.37425964446614346,0.45806217050258097,0.3897236502362844,0.45747582575792695,0.3744146861110109,0.5393612895864075
0.5373985455906459,0.3739947843166456,0.4556729450926678,0.3885784074075449,0.4558560480384943,0.37366575371686195,0.5374280577407274,0.37576395045280025,0.470845552666744,0.3788600766566243,0.42046480077802556,0.3787649646596808,0.4717865046513038,0.37592144748625533,0.4582998793863157,0.3799648811534665,0.4068493506147028,0.383868538934075,0.40719462747516627,0.38017560565441955,0.45902134448912424,0.3943545653284665,0.42237942402880896,0.3844583950624786,0.39722273646698397,0.38445248083965994,0.4226895483635897,0.3939613999895674,0.45902245243399487,0.380416254295074,0.4074194731195607,0.38387230314749354,0.4070853488145847,0.3801572575786575,0.45872227271972066,0.3765885514696677,0.47180275721143694,0.37915270306818516,0.42096611512253884,0.379201318373319,0.4711514262097602,0.3762083337911831,0.5371153690916893,0.3739067044752198,0.4560727466821243,0.38852173984289456,0.45549029271576874,0.3740938665629728,0.5369315715406071
0.5349358556149827,0.37313538164024695,0.45325154089710834,0.3869952243657212,0.45344185863856923,0.3727920410217517,0.5348751274084915,0.37488104889523033,0.4671452861765538,0.3758971143206884,0.4165356099342049,0.3757866876422657,0.4680211688943325,0.37498844941261844,0.4557160107025401,0.37688926201159006,0.40279719832826405,0.38056010272794916,0.4031248614228168,0.377075110396924,0.4563229604477103,0.3926627447427852,0.4182771238815383,0.3811087438482408,0.39387261523822414,0.3810984002364265,0.4185868443555958,0.3922516316947894,0.4563301285518806,0.3773183276121028,0.4033482235208288,0.3805504939606519,0.4030435864148037,0.3770934714761424,0.45613244841568634,0.3756791999023639,0.4680247583476805,0.3761980210806444,0.41705888620582066,0.3762642960010647,0.4674788739870911,0.37534062824925224,0.5345593647900764,0.3731000431050932,0.45371712550609244,0.38699548934002376,0.4531375309220219,0.37332559445934366,0.5344613967843697
0.5324701147478162,0.3718861725145826,0.45049440425928644,0.38512959014555076,0.45069740416777637,0.3715229992456426,0.5323282378100418,0.37360739541024823,0.4628835089305258,0.37248884802230375,0.41217204444684485,0.37237578845166414,0.4637001174230415,0.3736872523203556,0.4528434204724149,0.3734039018551241,0.39843340801174937,0.37701239821063254,0.3987355900009967,0.37356329186359494,0.4533556313290979,0.3907335217874168,0.41376873240119144,0.37751433266370765,0.39021890632370104,0.3774992381636847,0.4140813155479903,0.39029701669726113,0.4533651487008799,0.3738171176061582,0.3989629349769983,0.3769783376524577,0.39867997498915675,0.37361558495733227,0.4532435101467066,0.3743910488860104,0.46369031905196173,0.3728006135244082,0.4127127513914597,0.3728744892239124,0.4632323194804989,0.3740636996086302,0.5320170364717444,0.3718860154889907,0.45103091657054406,0.3851900051130353,0.45045728451151856,0.37215367314798087,0.531997831219522
0.5300702838788129,0.3703538293291168,0.44750670406929477,0.38308149263837205,0.4477174339065231,0.36995891704512557,0.5298628941148112,0.37203451946492777,0.45813035965440435,0.3687031901119275,0.40744489513317705,0.3685910658585647,0.4588955413865482,0.3720921405446365,0.4497706666314024,0.3695800403564463,0.3938319987645275,0.373292578189116,0.39410848392611153,0.36971776097697373,0.4502101937669977,0.3886378312423695,0.40893340310943793,0.3737385521973202,0.3863297429374183,0.3737227637160987,0.40925684556343034,0.38817106087512215,0.4502158660011005,0.36997890669092504,0.39434444925586987,0.37322425877442844,0.39407906238130697,0.3697976299408824,0.45014693544904494,0.3727922180829776,0.4588737987649556,0.36902664999217466,0.4080009203462312,0.36909706832938327,0.4584866958394738,0.37247035626350244,0.529553177848412,0.3703503744639094,0.4480947191167558,0.38318942828373503,0.44753260982804227,0.3706500517711439,0.529598880500273
0.5278094867685337,0.3686546865812449,0.44440153940928634,0.3809546123771256,0.44461257633624085,0.36820420697293677,0.5275353577807278,0.37025757155836414,0.45298044190077114,0.36464388717181606,0.4024490630051524,0.36453238170081703,0.4537026396663969,0.37028359689153884,0.4465798972394616,0.36551820906574184,0.38909064098210766,0.3694877515026197,0.3893466076058572,0.36563330749982664,0.4469749298480085,0.3864450066353775,0.40387207998210384,0.36987330224850434,0.38228942360560175,0.3698602351438939,0.4042108017069045,0.3859535792787939,0.44696342444508447,0.365902193904572,0.389590419998513,0.36938289170386523,0.38933770367611836,0.36573137013443724,0.4469427747048741,0.37096950953274954,0.45367471906321244,0.3649759149177594,0.4030219563241623,0.3650367599866865,0.4533321796198153,0.37065454703394896,0.5272271546047874,0.3685926845248023,0.4450096708092433,0.38109417925955263,0.4444723198176565,0.3689290962739198,0.527324224182945
0.5257168446814163,0.366869679906471,0.44131732096358084,0.3788654900017873,0.4415137918888072,0.36635194186759157,0.525396964368381,0.36835764214665623,0.4475618700685636,0.36043709836830823,0.3973097252345028,0.3603313921432901,0.4482434265362016,0.3683280256608137,0.44336693049512577,0.36132545074600453,0.38431963433684535,0.36569686250214123,0.38455307206945005,0.36140981825174145,0.44373580288456577,0.3842344499579772,0.39868937931065385,0.3660287272770479,0.37818506038516275,0.3660112873298916,0.39904353329273035,0.38372317543825984,0.4437049225035976,0.3616858773143087,0.38481142035371513,0.36555523776212134,0.38456407241123164,0.36152279172727636,0.44372262156053055,0.369005317079109,0.4482100556963059,0.36076839949922185,0.39788694928761104,0.3608187132291353,0.4478864475235274,0.36870441865490006,0.5250958032964345,0.3667085644258325,0.441900849895825,0.37901273177659695,0.44139794246219255,0.3670922730453703,0.5252408175916293
0.5238791169504556,0.36507266404136396,0.438391542039822,0.37691584873188505,0.4385551406417116,0.36447612139675317,0.523518674184545,0.3664051345834912,0.44200499938854404,0.35621101913718145,0.39215753190456853,0.356106824399167,0.44264750083959165,0.3662838474319027,0.4402566005899035,0.35710252051978775,0.3796292463461551,0.36201585946291936,0.3798401527935068,0.3571453816238205,0.44059905721437886,0.3820949112162299,0.3934867330605895,0.36229868216906747,0.3741070990959723,0.36227134558259755,0.39386139374245677,0.3815569316131722,0.4405499972298911,0.35742796655579634,0.38011849505405815,0.3618392720522887,0.3798739128688535,0.3572841737585514,0.44059904186087673,0.36696676520782423,0.44260146885097956,0.3565329458996875,0.3927248930417785,0.3565753969355693,0.44228572240843583,0.36670133568802,0.5232165901004983,0.36478005859248447,0.43889819205326186,0.37705164613717773,0.43844460358797216,0.3652040557244812,0.5233921933540114
0.5223322255831889,0.36329404859071057,0.4357179447850353,0.3751688915837196,0.4358333821513892,0.3626139516358419,0.5219437403300188,0.364444940447169,0.43643159064004056,0.3520887429092243,0.3871127207458267,0.35196853944620243,0.43703641803320836,0.36419734825794137,0.43734009816124814,0.35295100699413984,0.37512732236609003,0.3585369499200258,0.3753224285561442,0.35294926926120884,0.43764699637717286,0.3800879517430775,0.38837136185798926,0.35877153966367636,0.37014007453723174,0.35873632854464244,0.38877261055706447,0.37952365262221566,0.4375816523944802,0.3532255872466804,0.37561923953800613,0.35833202837047823,0.37538339178481095,0.35312276552970157,0.4376735522450449,0.3648939863438146,0.4369773892803117,0.3523905015057327,0.3876701600949025,0.3524377749634524,0.436666868059723,0.36470528146456616,0.5216467796529671,0.3628518227843047,0.43611349895676377,0.37527977856001105,0.4357133997292452,0.3633239068257281,0.5218362634375525
0.5211214731615178,0.36151750122815807,0.433350596174861,0.37365343273583684,0.4334096545661704,0.36075418355576816,0.5207237501243003,0.3624818591523107,0.43097309759697644,0.34817575196764217,0.3822979298325069,0.34802153649230216,0.4315346540283096,0.3620752730367508,0.4346775957949547,0.34896571371509,0.37092299413754465,0.35533872248948495,0.37110342328911394,0.34891487384176034,0.4349342045640893,0.37824753208422424,0.3834565746268702,0.3555338994164332,0.3663650577846551,0.3554883292000579,0.38388382193136483,0.3776621989366694,0.4348621647091785,0.3491715757744327,0.3714159430090961,0.3551176766613974,0.37119659429299046,0.3491304158636254,0.4350078759590755,0.362798705655232,0.43146359728913164,0.3484485367015747,0.38284708179628535,0.3485152720498905,0.43116832103632036,0.36272160806977805,0.5204324831809712,0.36093436958117847,0.433628843664048,0.3737335210133186,0.43327810595631705,0.36146779431587445,0.5206333304585206
0.5202981683663802,0.35971087757835996,0.43132424171530975,0.37236875478670617,0.43132818246873544,0.35887427389422133,0.5198956215279203,0.3605001783196592,0.4257489997703866,0.34454785788162745,0.37782166861781286,0.3443399296991575,0.426255619703085,0.35991240796351887,0.43233017276554403,0.34522339603604824,0.3671097230058878,0.3524875359939663,0.3672686217541338,0.3451163617870612,0.4325179358255331,0.37661463292654684,0.3788389424348674,0.352655616610986,0.3628576191550562,0.3525963577100189,0.3792894771957831,0.3759998504125432,0.43245701570025435,0.3453430402680236,0.36759957801383947,0.3522665217219087,0.36740353527814373,0.34538256448375804,0.43265348470974435,0.36067830763175185,0.42617230324154215,0.3447822963393847,0.3783680911978495,0.3448885407543243,0.4259129789469888,0.3607353307768011,0.5196126856866405,0.35901277672785087,0.43149364883465685,0.372428240161882,0.4311907178317233,0.3596003596677043,0.5197951450447065
0.519865085494646,0.3578315754713029,0.4296444620466235,0.3712980011591126,0.42959677143024055,0.35694413172283207,0.5194856516352242,0.3584827549900669,0.4208445836386775,0.34124552052744617,0.37376114900234003,0.3409727700460099,0.42129470918746786,0.35771431784574603,0.4303465079634279,0.3417713891150027,0.36375829709112495,0.35003907043533367,0.36389040771118986,0.3416178599861265,0.4304503672453186,0.3752182765809019,0.3746024051381946,0.35018614963547623,0.35968420879646035,0.35011872421685863,0.3750758702679264,0.37456897600234185,0.43041354544528965,0.3418037910394207,0.36423865371007147,0.3498267644370462,0.36407763344051347,0.34193763178725683,0.43066048894133946,0.35852481692596505,0.4212006229414428,0.3414388009888682,0.3743169419829946,0.3416033753304452,0.42099800428166895,0.358737596108586,0.5192193355439937,0.3570595220040233,0.4297316550624771,0.371346537081809,0.4294606848787718,0.3577035022439488,0.5193662081603965
0.5198782079118922,0.3558455092409986,0.4282803680188479,0.37039677668669,0.42819437945199756,0.35492309400418276,0.5195308287676087,0.3564109977057883,0.4163330397367838,0.3382906972921971,0.37017837744432414,0.33795564029523406,0.4167392315465956,0.3554789973285436,0.4287425113267021,0.3386529742246159,0.36092763028367103,0.34803345818424036,0.3610301809992811,0.33847588640917337,0.4287598318334915,0.37405624756735806,0.3708350357028136,0.3481654534835209,0.3569005216446646,0.34809831742308867,0.3713270158810651,0.37337717044091234,0.4287528604889457,0.33861519637547677,0.3613892372512234,0.34783580778853634,0.36127499506709837,0.33883874854943025,0.4290489349614399,0.35633380481510113,0.41663022256507926,0.33845742195639933,0.37075397790286657,0.33868502150459145,0.41649785706877296,0.3566962215928199,0.5192743979106117,0.35504333450836706,0.42833377032883635,0.3704566431301526,0.428077465483078,0.3557471991548645,0.5193776131877184
0.5203314876318884,0.3537326478517141,0.4272166793334955,0.369636115877526,0.42711838169434385,0.3528024814745746,0.5200282736221641,0.35427284957510025,0.41228256890269954,0.33570942008182414,0.36712315582604094,0.3353128324464213,0.4126536873489745,0.35321509803946927,0.42753083690704585,0.33592303539715435,0.35866687301518174,0.3465018971745526,0.35873541199522624,0.3357404649066119,0.42747100293911827,0.3731369201885801,0.36761539034449575,0.34662944578124455,0.35455764888505026,0.34656566632256675,0.3681157840766486,0.3724275838646941,0.42750826067142517,0.3358312787679493,0.35910314937176124,0.34632409957851107,0.3590395428303396,0.33612529661716983,0.42782360199642194,0.3541098883697684,0.41252932570035356,0.3358593067639649,0.36773012418690504,0.3361520017257601,0.41247307927201815,0.35458932748867666,0.5197905025836681,0.3529470773884616,0.4272874095790915,0.3697356603242401,0.42703499739933226,0.35369622744948914,0.519817704584805
0.5212226652333148,0.3515235249620101,0.42646905199922613,0.3690202460005927,0.42637392241671146,0.3506095390630706,0.5209910423846047,0.3520954567668628,0.40874392958896855,0.3335153196634146,0.36462999942146607,0.33306158449237866,0.40909378111832007,0.350960019509994,0.4267484098833973,0.3336240108650159,0.35701599702523856,0.3454689474893691,0.35704781213124104,0.333454933659466,0.42662795795247493,0.3724896138432426,0.36500944502418564,0.3456038941606324,0.35270406430742696,0.3455466744792757,0.36550925658628886,0.37174414290463653,0.4267131029065873,0.3335025748799497,0.3574207774954853,0.3453138631266298,0.35741092418401077,0.33383896546581926,0.4270139697352189,0.3518816020271558,0.40895651467007815,0.3336613226999236,0.36527701632052945,0.3340118808256246,0.40896895078881723,0.35244213797502827,0.5207702396237609,0.35078902431373765,0.42658812759163695,0.3691696255253091,0.4263243518174364,0.3515724089891766,0.5207088837233934
0.5225819609388699,0.3492866849623958,0.42604345624948675,0.3685518492947267,0.42596262707631866,0.3483954665913102,0.5224218897777085,0.3499371202800219,0.4057574355340903,0.3317237835087875,0.3627269863221878,0.33123512374819825,0.40612356257801113,0.34877415855675453,0.42641459414272226,0.33179660866907157,0.35600666204603687,0.3449617593988599,0.3560038231088857,0.3316675272581088,0.4262654150748812,0.37212638625282646,0.36308164582709473,0.3451104563770519,0.3513845480058141,0.3450674147552001,0.3635730975136389,0.3713479734600098,0.42638744289509284,0.33168199513085195,0.3563770767466534,0.34482314843604456,0.35641578869407287,0.3320214317779132,0.4266510006569231,0.3496963778511534,0.40597701596077523,0.33189047856420656,0.36342259682269906,0.33227639784806695,0.4060172809410582,0.35030053826554003,0.5222119305114468,0.3486121566104322,0.42623922625131105,0.36876054729304075,0.42595643721218934,0.34942247138748306,0.5220563938451716
0.5243646968487354,0.34709893348520626,0.42597549627901066,0.3682662346824217,0.4259252329788199,0.346240911300849,0.5242992889176357,0.34786669110034596,0.403381471805437,0.33037315511059434,0.36145355355566267,0.3298801030067374,0.403806450104687,0.3467202416261185,0.42653885477376663,0.33049685274589474,0.3556601329658339,0.3450016490882496,0.3556303838955961,0.33043013648507386,0.4264055191737892,0.3720618863193348,0.3618871388528939,0.3451752933109302,0.3506353180766839,0.34514653891079183,0.3623649947480597,0.3712541150777699,0.4265522179835315,0.33042036963650134,0.35599923461938543,0.3448705359394309,0.35607271357909354,0.3307197172264119,0.4267479609334143,0.3476251011700057,0.4036472326388021,0.3305799906336494,0.36219711958673834,0.33097585350816894,0.40366398558910865,0.3482269121491487,0.5241013441539778,0.34648644704044523,0.4262585273958676,0.36853826432149983,0.4259575085943543,0.34729790565661867,0.5238331656580926
0.5265621322184986,0.34508466447808217,0.42633998568341946,0.3682375117319637,0.4263207536731648,0.34425501724908103,0.5266048864446434,0.34597612069664785,0.40167576949799616,0.3295217059314097,0.36084756401121143,0.3290387445034989,0.402188298716544,0.3448725964161199,0.42716041933473275,0.32977939944090484,0.3559917377666105,0.34560090970844126,0.3559462605360435,0.32978814071923934,0.4270807998645436,0.3723373423175217,0.3614668873229108,0.34581420152808257,0.3504825873401439,0.34579628317508115,0.3619294041307003,0.3714942502324188,0.4272434955087621,0.3297605652809804,0.3563099087662076,0.34547118393599485,0.35640503094799014,0.3299883353994125,0.4273361668241852,0.3457503990104881,0.40201583936941443,0.32977471549969595,0.3616310379966434,0.330159580076621,0.40196397387758204,0.34631431979293015,0.5264129268913671,0.3445110450594139,0.42668592895214996,0.3685566375931002,0.42636977726214664,0.34531401354809976,0.5260222290869465
0.5291447453571112,0.3433628366554277,0.4271939085025046,0.3685285009231301,0.427194291859577,0.34254607589788244,0.529304990308596,0.3443660266454137,0.4006901952338931,0.3292244566811789,0.36093819243951275,0.3287597896489069,0.40131704529141765,0.3433177298279722,0.4283109301239968,0.3296893273384821,0.35701307804523175,0.3467691383993945,0.35696839962842813,0.32978128321420225,0.4283183748713172,0.3729802531147458,0.36185095613817453,0.347034943756102,0.35094882057941157,0.34702901863801405,0.3622985789902301,0.37210519240114714,0.4284860848880311,0.3297444309622568,0.35732428217423623,0.34663642738339007,0.35743016403528943,0.3298781501501946,0.42845914334176033,0.34415593863063454,0.4011452912073859,0.32952853389683984,0.3617627798629447,0.32988158483594465,0.4009651029441803,0.3446753197285405,0.52911528040326,0.34278611761469635,0.4275719548170454,0.36887513760903273,0.42724996783446306,0.34357777575647963,0.5285947663572702
0.5320604441377068,0.3420147549308397,0.4285717765867536,0.36919340104222176,0.4285851162266876,0.34119824074870403,0.532355314566391,0.34311555221832324,0.40048232059924405,0.32953018160022085,0.36176453268165143,0.3291045721935322,0.40125427616038734,0.34211557937642667,0.4299825689741919,0.3302614662054911,0.3587258517192671,0.34850945334424493,0.35869713488361255,0.3304390624872007,0.43010782074070125,0.3739954249581249,0.3630533064889423,0.34884463270945043,0.3520404880733198,0.34884925106194764,0.36348646707829735,0.37309855681810844,0.430270940687697,0.3304059915664117,0.3590446508614411,0.34837328419610614,0.3591437681498406,0.33042751677369836,0.4301205464383868,0.3429163235451614,0.4010912783031703,0.3298902934194089,0.3626211692328659,0.3301969729348889,0.4007198608940243,0.3433965291990013,0.5321641255548287,0.34140321542857033,0.4289525969442966,0.36954971212950294,0.4286273200646231,0.3421871970399881,0.5315167715913313
0.5352656314438518,0.3411041698163891,0.43050488186466684,0.3702752667460607,0.43052127029201226,0.3402721182651004,0.535691246649573,0.3422710644648326,0.4011029918285601,0.3304909021128714,0.36335555706618833,0.3301169417265594,0.4020365769371025,0.3412965052221997,0.43217331497685607,0.3315151440710657,0.36111439679537294,0.3508118314435852,0.3611095336222463,0.331773294351976,0.4324280148239162,0.37539136493052233,0.36506043749117145,0.35123082396454375,0.3537462615624475,0.3512422903308381,0.3654841575002594,0.37447153374810005,0.43258955696252366,0.33175160341587384,0.3614577294909168,0.3506744827156647,0.36153068024058,0.3316611709034586,0.4323055151337409,0.342079653872771,0.401883527378166,0.33090142835573677,0.36422573344257025,0.3311557997518041,0.4012833122010196,0.34252810847462567,0.5354996491509497,0.34042814952748124,0.4308558744323904,0.3706215992977894,0.4305334964310198,0.34120191458737825,0.5347043684113111
0.5386752078799973,0.34064205771347816,0.43298530832291027,0.37177722224006987,0.4329874941052965,0.3397863386982389,0.5392491136304264,0.3418552953198134,0.4025694012214975,0.3321348013238708,0.36570629067971805,0.3318013693484613,0.403668093655146,0.34088374729824966,0.43487236721038647,0.3334492131713672,0.36413794770209096,0.35364803906927533,0.36417255532178927,0.3337798440043762,0.4352547468741428,0.3771659693370758,0.3678374546343002,0.35415912819668904,0.3560363136036711,0.35417967941580014,0.3682633087535295,0.3762200264495995,0.4354210230559451,0.33377040419576076,0.3645252688657319,0.3535141492238856,0.3645638723353929,0.33358382926728763,0.4350035409478855,0.34166617280168265,0.4035292632384798,0.33258532501994403,0.3665836047198555,0.3327923310344525,0.40269142435023497,0.3421127165651643,0.5390567097546912,0.33989025050219657,0.4332784117588716,0.37209796660173616,0.432961586009524,0.34066685289428966,0.5381183006191685
0.5422500239665222,0.3405847623285525,0.43593477111748247,0.37364360574031596,0.43591932672778894,0.3397072319682284,0.5429661456900426,0.34185262436682795,0.4048748106188713,0.334454712746865,0.3687907705196537,0.33415016693680777,0.4061399537276804,0.3408673060590943,0.4380164151146334,0.33603743743169545,0.3677423563182687,0.35697020425949305,0.36783313021095554,0.3364314936088041,0.4385232377602937,0.37927013291308254,0.37133669657206686,0.35758382748151596,0.3588604883396843,0.35761419677895256,0.371770560246647,0.3783045636065416,0.4386946974113475,0.33643494863035656,0.36818722705007945,0.35684663286459983,0.3681876397428704,0.3361672013738092,0.4381616020163927,0.34166332747140293,0.4060222885611022,0.33494097761570996,0.3696739083092832,0.33510946096294314,0.4049476463412011,0.3421349182153354,0.5427665438187779,0.33977539447756,0.43617880878051757,0.3739379862647095,0.4358562261231471,0.3405674780481152,0.541698620135974
0.5459038158235738,0.34085012461149977,0.43925338202836434,0.37578471471891695,0.4392321539635444,0.3399728773220274,0.5467514955935653,0.3421982764138398,0.40799624760765707,0.33741739530765014,0.37256529569856195,0.3371383645977839,0.4094152307816848,0.3412003264023409,0.44151931477795914,0.3392277415123587,0.3718561072885789,0.36071099926127553,0.3720053791819965,0.33967327478625053,0.4421451286917067,0.3816401004867046,0.37548288562000387,0.3614418449844634,0.36215334833104507,0.36147930273072804,0.37592401405646375,0.3806561160909036,0.44232912800409036,0.33968980794029596,0.37236615632096953,0.3606105508830769,0.37231772140587316,0.3393565841373334,0.44168532969025415,0.34202984496671895,0.40932347729586566,0.33793417376320234,0.37344801584058174,0.3380764862995115,0.40802362412373894,0.3425235315136158,0.5465494625881189,0.34002956436572396,0.4394764849328866,0.3760675262683719,0.43913925491155265,0.3408246842864562,0.545337185362619
0.5495436992073636,0.3413527665056477,0.44283290762489097,0.3780979175554219,0.44281528312319635,0.3405044773892245,0.5505315187226749,0.34282654062596296,0.41186656535763855,0.3409459125549217,0.37694296989367937,0.3406817580439494,0.41342439593600655,0.3418384440708755,0.4453066235929644,0.3429350501637799,0.37637690331044815,0.3647820949412641,0.37658510467127915,0.3434262138437012,0.4460450203761818,0.3842204510084415,0.38017319371395225,0.3656416366941506,0.36583375113445793,0.365685779586266,0.3806254581024773,0.38321075275598926,0.4462469427785738,0.3434520336719027,0.37695538143404056,0.3647165049807039,0.37685401610885333,0.3430760631667567,0.44548959186768144,0.34271156014571275,0.4133546450488954,0.341489422820035,0.37782636296506283,0.3416206057454889,0.4118642587727286,0.3432143653355023,0.5503241009413332,0.3405802551751387,0.44306153097122764,0.3783801140231592,0.4426953042289948,0.3413782539983461,0.548985169733804
0.5531349623786241,0.3420216435893292,0.44652518526569746,0.3804524228791632,0.4465272266529494,0.3412258603980478,0.5542373071788128,0.3436843481206202,0.41637592095354825,0.3449276439515651,0.3818018103227814,0.3446695036732549,0.41807125322798633,0.3427470702280945,0.4492791403566795,0.34705033991593615,0.38118100948564376,0.3690837047291044,0.3814562207202872,0.34759722366265616,0.450132972321886,0.3869274544193413,0.3852989450597222,0.3700724790261165,0.36980690145290696,0.37013024670880024,0.3857662259088272,0.3858974179247891,0.45034820997711056,0.3476238655616854,0.38183052770658,0.36905187083108404,0.3816760014759969,0.34721693917410246,0.44948074714431785,0.3436520847012841,0.4180191580042505,0.3455066066912952,0.38269496933016334,0.34563460461259093,0.416374555342612,0.34414098833644746,0.5540164456752971,0.3413541036333852,0.4468108413729067,0.38075835456435875,0.4463944843682824,0.3421496028936556,0.5525691543519305
0.5565726563555,0.3428004472504895,0.45019523247379445,0.3827376486063853,0.4502461288683982,0.34209308991319726,0.5577809914839968,0.3447188643429675,0.4214063209779005,0.3492350521405895,0.3870110460338977,0.34898590124172,0.42323548845943615,0.3438905471290027,0.45331670306911237,0.3514664002218241,0.3861404109879042,0.37350164835507804,0.38648646078820076,0.3520731753869195,0.45430184695890835,0.3896670627426119,0.3907460810002566,0.37462232135917706,0.3739704556498067,0.37469459873245176,0.391223597857197,0.38862818686009737,0.45452425248123424,0.3521010183194436,0.3868595838485979,0.3735008568915341,0.38664889827270466,0.3516565441494122,0.4535396642117269,0.34480920022491823,0.4231972741718133,0.34985985965862554,0.38791975834384107,0.34998534210486043,0.42142784949267137,0.3452326545908069,0.5575496597886938,0.3422946535445549,0.4505914451377738,0.38309451660410443,0.45011496245055543,0.3430588330260369,0.5559957279728952
0.5597884883414538,0.3437103228972589,0.453763373030454,0.3849048733885092,0.4538813269118125,0.34310692468414455,0.5610869571920287,0.34591719230340556,0.4268262805783556,0.35373104287279644,0.39242791748731587,0.3534925583997278,0.42877448902568255,0.3452560916893971,0.4573324481200621,0.3560650475821775,0.39112201080006115,0.3779187499084986,0.3915336705724515,0.35672923820840396,0.4584663358749326,0.39238560127055744,0.3963811880816162,0.37917593021984874,0.37822205633790035,0.37925718094716815,0.39686192283177807,0.391339337311464,0.45869179668323257,0.3567674017124707,0.3919070950825675,0.37794850875731417,0.39163797442732473,0.3562705012169871,0.4575682179414565,0.34616969682963283,0.4287478493169367,0.35440381633308726,0.39334970112721374,0.3545252860477984,0.42687944650800036,0.34646698125793113,0.5608434452841525,0.34338597862759146,0.4542904697744529,0.3853171964544131,0.45374408850721343,0.3441040589598311,0.5592051345788984
0.5627258458615577,0.34481756378262096,0.45717446676927076,0.38693181679050515,0.4573581643604254,0.3443123087899116,0.5640901342896422,0.34731662339930586,0.43247536024168826,0.3582681162738385,0.39789470869019594,0.3580495407769841,0.43454217273012885,0.34686855496975066,0.461259264958027,0.36071297942703706,0.39599125314816264,0.38222532471302617,0.39646686937029785,0.36144246643971234,0.4625575065030706,0.3950431499153037,0.4020666074644047,0.38361379374409715,0.3824637747676841,0.38370523795610517,0.4025492320392497,0.3939929395627776,0.4627747031285676,0.36150114114532383,0.396835626034084,0.382276687605491,0.3965101878882328,0.3609337002990329,0.46150367891839894,0.3477493383816244,0.4345258311442508,0.35899943005761487,0.39882729742375334,0.35910308465712415,0.4325671582024506,0.34787982965982095,0.5638298442582947,0.3446574040140154,0.4578312739705789,0.3873989796580205,0.45721631162086995,0.3453119076983491,0.5621280426678397
0.5653073576037766,0.3461967976767396,0.4603918013522735,0.38883829150258276,0.46064052302234776,0.3457806199838764,0.566723761107977,0.3489655287265746,0.43819603856363726,0.3627175016030035,0.40326661342144626,0.3625467475585774,0.44039368386600974,0.3487533837971297,0.46501239733905764,0.36529480246774426,0.4006201473758134,0.3863246982881292,0.40115878479798694,0.36610025248205164,0.46649245527026595,0.3975890666372231,0.40767135093730006,0.3878304824990139,0.38659554771345883,0.3879310644814091,0.40815678318386556,0.3965487584936832,0.46668692523328653,0.3661905673904703,0.40151828230673836,0.3863814413036771,0.4011348551305023,0.36552774651541997,0.4652743954824284,0.3495789918692286,0.4403830768398662,0.3635212449991192,0.4042027718404495,0.36358722378017977,0.4383270907140541,0.3495201040118321,0.5664474650871522,0.3461652076882726,0.46116163826636997,0.3893479322420667,0.46048878730001913,0.34674921025939737,0.5647085324076931
0.5674895572010067,0.34794030897587075,0.4634266578205618,0.39067970964462007,0.4637268965170972,0.34758210789551347,0.5689234771484292,0.3509052402662386,0.44384871100418816,0.3669921007923643,0.4084193964948073,0.36688320160811616,0.44617094961899173,0.3509197456364409,0.46853067591659225,0.36971822529686893,0.40489448471873185,0.39012907123320945,0.4054890117335922,0.370594587315913,0.47019479407583414,0.39999702413296623,0.4130631969973507,0.39173563057677513,0.3905205096943948,0.3918368773286366,0.41355125143093585,0.39897157541533707,0.47036247470334436,0.3707267200867772,0.405843438753779,0.39017830540757764,0.4053971385191778,0.3699526185585288,0.46881297423958324,0.3516920383864462,0.44616544320199636,0.3678623713331661,0.40934660617952257,0.3678807980686507,0.44400927017311215,0.35143352742947637,0.5686345758525102,0.34797330510267577,0.4642609131204045,0.391205860732389,0.4635435708594608,0.34848455900553366,0.5668699367736036
0.569200961989128,0.3500964996200659,0.46630050963070885,0.392503449695377,0.4666163080180875,0.3497598162915133,0.5706453442874033,0.3531682237685171,0.4492882533418767,0.3710176142735764,0.4132318843801236,0.3709666770649567,0.4517184814112446,0.3533714648528373,0.4717801042428421,0.3738950067765981,0.4087103830618467,0.3935616684699494,0.4093571693980936,0.37482862612299395,0.47360986839010716,0.40226002681564865,0.4181077562036426,0.39524763895840553,0.39414832140220135,0.39534233162973365,0.4185996324329504,0.4012496159617872,0.47374922708417105,0.3750078430180547,0.4097120544810637,0.39359556950714014,0.40920533210013443,0.3741245791827086,0.47208106510899817,0.35410553841060577,0.45172704189603546,0.37193940272622233,0.41414326863490647,0.3719071001244141,0.4494646651636294,0.35367294731586013,0.5703439480881835,0.3501293697584819,0.467130043883965,0.39301595438332054,0.4663908555814425,0.3505745278531375,0.5685753125700761
0.5704331511253992,0.3526416290090895,0.4689868645079984,0.3943180795445659,0.46928897977778083,0.35229577990478966,0.5718637849524391,0.35574346832547366,0.45437806887364207,0.37472040527788675,0.4175979114746963,0.3747313807056278,0.4569116634311427,0.35607463222368696,0.47470108954416657,0.37773506777169896,0.4119836037917086,0.3965555634017689,0.4126753422582018,0.37870980862062376,0.47667137930067216,0.40434115107451385,0.4226779002605958,0.39829703523493504,0.39739296594862106,0.3983843602777875,0.4231792241710089,0.40335319494572397,0.4767748112474617,0.37894426154226807,0.41303556792539126,0.39657114066515875,0.41247112567563604,0.37796335499991685,0.4750337066266828,0.3567920871626348,0.4569385050821935,0.375683866209001,0.4184842815357175,0.3755976594431037,0.4545529031457277,0.35623990237933395,0.5715435827744284,0.35263282848945254,0.46975919158389096,0.39479163235226833,0.46901131452763245,0.3530406741726994,0.5698050655712329
0.5711563443240858,0.3554783838411395,0.4714308937638766,0.3960778995670213,0.4717024833153859,0.35510325729005154,0.572544982171963,0.3585460875314981,0.45900581044299266,0.3780443207669016,0.4214293346341031,0.3781196386653447,0.461633286898192,0.35893952208607083,0.4772202756671317,0.38115366452174926,0.41463922592229546,0.399054112320469,0.4153623635750321,0.382152074933642,0.47929517497105645,0.4061842494967116,0.4266562459531852,0.40082728751606106,0.4001694581576203,0.4009016361555853,0.4271726624653809,0.4052228516436559,0.47936334512237894,0.38244563604296733,0.41573688878615334,0.3990505773564555,0.41511340855966933,0.3813886577055696,0.4775980874313433,0.3596746356939138,0.4616743336177576,0.37903176849824266,0.4222771250458643,0.37889919515080284,0.4591593623416112,0.35905085062986564,0.5722099535536931,0.3554143887657152,0.47211745758940415,0.3965066606095532,0.4713754535222301,0.35579364495573595,0.5705046004277998
0.5713409898231236,0.35844773783381745,0.47356302938922,0.3976986571279538,0.47378621506121127,0.3580421214426136,0.5726843025726692,0.3614496120551364,0.4630714424578947,0.38092760563191674,0.42463981114213045,0.3810504862908813,0.46576354828565075,0.3618553094826192,0.4792866435396596,0.38407247583080373,0.41660848825222946,0.4009985141397656,0.4173490206641616,0.38507411406271347,0.4814162169268904,0.407743695708624,0.42993753678093594,0.4027757898700447,0.40240141892784337,0.40283494511833545,0.43047253171846567,0.4068021373551285,0.48146022658568555,0.38541843876608545,0.4177508088164491,0.40097401099695906,0.417070955172057,0.38432238456724643,0.47970826627067154,0.36264102579688456,0.46581569550434776,0.3819142837059042,0.4254447997497523,0.3817543327033156,0.46319470850477706,0.3619887998998462,0.5723358762003224,0.3583480364089976,0.47415023643287146,0.3980809876038923,0.4734187145211545,0.35871691491667224,0.5706875822642787
0.5710343302152028,0.36136924924148994,0.47526202042643373,0.39905303026737093,0.47543536915118084,0.3609441510357272,0.5723001463022324,0.3643146349362024,0.46647493856773675,0.3832914625678864,0.42714469871598654,0.38343575529890717,0.469199604928361,0.36470644625734894,0.4808427575943366,0.38641235722133227,0.41783940161784794,0.4023340348380025,0.4185906749913018,0.38740124795268005,0.4829783406436364,0.4089609144252725,0.43243412866942754,0.4040904461226998,0.4040266973467689,0.40413737311752873,0.4329864455525242,0.40803756323884804,0.48300544385643884,0.38778465262889045,0.4190241164817633,0.40228884933424736,0.4182957739097527,0.38668314754729727,0.4813045535418727,0.36555572656045066,0.46926151779000197,0.38425994636452504,0.42790918965794,0.3840942606436961,0.4665690574646012,0.36490905769310805,0.5719334066774927,0.3612757513375119,0.47576847399429983,0.399402800963782,0.4750393335456068,0.3616577386345598,0.5703656693795793
0.5702279744219099,0.36406065343530136,0.47639526091656664,0.40000055465249035,0.47653651091995225,0.3636442662207866,0.5714081686525903,0.3669924010806874,0.46913220816005885,0.3850519303826826,0.4288766066097628,0.3852070014594935,0.4718597444898718,0.36737357535539983,0.4818117910185736,0.38810152843935,0.41830402040036296,0.40301685563044676,0.4190530437096197,0.38906487033823933,0.4839225301444915,0.40975914833674676,0.4340845864831695,0.40473540185998785,0.4049997815839984,0.40477021632842486,0.4346464713798592,0.4088587519144874,0.48394065730344027,0.38947880797038226,0.41952101846349643,0.40295148200560743,0.41875212154705077,0.3883912783435068,0.4823178334685973,0.36828035353977956,0.47193106370865334,0.38599046692328964,0.42960150142825015,0.3858363113148238,0.46919757154601865,0.3676424932552803,0.5710274984399435,0.36403107221439357,0.47686952864045257,0.4003486997021499,0.4761414827388793,0.36441433620871655,0.5695391647617642
0.5689635563046916,0.3664035003054411,0.4768748380113049,0.40045320239141013,0.477007553791011,0.36602102279517856,0.5700438993009218,0.3693622771539251,0.47097825454293474,0.3861332637999444,0.4297851316010244,0.38629839900994534,0.4736724367136913,0.3697593697750261,0.48215412985179457,0.38908282708169856,0.4179931387248331,0.4030253485227891,0.4187179751392891,0.3900096331665968,0.48421502575970105,0.4101030706039459,0.4348419187250613,0.40469462211762364,0.40529904152733565,0.4047174992481204,0.4354061481322772,0.409220162781661,0.4842344937263697,0.39044341250882736,0.41922823242631285,0.4029399006865623,0.41842258236718693,0.3893899030192732,0.48268921853603763,0.3707070744243824,0.4737495723331099,0.387034739911318,0.4304650488780549,0.3869056583709714,0.4710132792284868,0.3700497016020385,0.5696529205627919,0.36648093847184615,0.4773634545019174,0.4008238772301217,0.47662242063334076,0.3668683039784445,0.568259276138773
0.5672949911007561,0.36836188156161165,0.47666788514517494,0.40038309692245944,0.47680512322798746,0.36802541575088044,0.5682619562769112,0.37136808236326196,0.47194835943492286,0.3864850915060684,0.429827664317703,0.3866521527337497,0.47457818562672194,0.3718182711138926,0.481871810681712,0.38931765386338524,0.41691485200315404,0.4023656634871893,0.4176023299838728,0.3902086916481211,0.4838695001268595,0.40999523540646055,0.4346865123262167,0.4039712844479239,0.40492422825271507,0.40398638015953614,0.43525272758639577,0.40912267002234776,0.483895521746813,0.39064794745218984,0.4181528528079457,0.40225060526445666,0.4173215328710774,0.38964433881235805,0.4824144533293218,0.37277461152825403,0.47465551261931244,0.38734939428440485,0.4304672451939763,0.3872496099694726,0.47196428307500954,0.3720668321778059,0.567861629366707,0.3685565098825212,0.4771986666821762,0.40079156463614585,0.4764430784839213,0.368937405647885,0.566566501589038
0.5652737960388584,0.36995530981935076,0.4757935786250416,0.3998244307215168,0.4759438734408251,0.36966588758337837,0.5661322526877474,0.3730078073701669,0.4719984808503319,0.3860967245254853,0.4289987609839352,0.3862582488479664,0.47454388898329636,0.3735389071870002,0.4809785243517812,0.38881120044962186,0.4151069799011417,0.4010735584253996,0.41575674756048736,0.3896682642806195,0.4829148759721206,0.40944889405140983,0.43364072581328894,0.40259768777072924,0.40390046477970143,0.40261168883683235,0.4342037262121725,0.40859215075035493,0.4829446138578133,0.39010048596211927,0.41633881039189097,0.40091579326663956,0.41549685306281325,0.38914962903552086,0.48151870514660505,0.3744640836511041,0.4746205892575965,0.3869268654043174,0.4296071491681322,0.38685550909915867,0.47201401638055734,0.37368939799843914,0.5657246842338143,0.3702499291375505,0.47637648208446864,0.40027892971663637,0.4756127521788995,0.370613412257594,0.5645336725737454
0.5629956943736566,0.371256428363151,0.47434079440490035,0.3988773470032043,0.4745089090625903,0.37099300393758516,0.5637285632882003,0.3743076220789,0.4711330433204789,0.3850068488988042,0.42734062936806844,0.38515418903002585,0.473569777544046,0.3749182106626766,0.4795211302702148,0.387606181840131,0.41264837936179843,0.3992143462232739,0.4132528550464796,0.38841838703628984,0.48140208442910404,0.40850620310718805,0.4317543743265724,0.4006437678447428,0.4022756771423032,0.4006581926362078,0.4323077246903272,0.40766504390649383,0.4814270775229357,0.38884110300320035,0.41386376278816794,0.3990082120962851,0.41302377329500284,0.38793882786071093,0.48005004862247075,0.3757938301185068,0.47364815359534973,0.3858002170295674,0.4279219132592959,0.3857581381872105,0.4711544801145568,0.37493994695044275,0.5633177335280046,0.3715994097980721,0.4749609896475276,0.3993687998463682,0.47419763392722897,0.37194348789145515,0.562227503827645
0.5605125946284618,0.3723440134324365,0.47246946454940525,0.39768342103566556,0.4726345715938051,0.37207766583785734,0.561141792789706,0.37531376118227844,0.46938746577221285,0.3832907185583265,0.42492879713169535,0.38340991296890925,0.4716905030122507,0.3759725929581601,0.47759761705437376,0.38576201003696825,0.4096449936757401,0.39687709675536,0.41019177993604555,0.3865174171870437,0.4794175580108123,0.40724924485243397,0.4290985898770245,0.3982061093004273,0.4001233116820563,0.3982205073258402,0.42963934801591297,0.40641675768959995,0.47943655721990563,0.38693059145693465,0.41083585507999937,0.3966253264717043,0.41000874177258495,0.38608097306171196,0.47810232764540905,0.3768002239762192,0.47177302919165487,0.38404016659759466,0.42548506369273337,0.38402756869862986,0.4694119137959646,0.37588337439659053,0.560729620646106,0.3726677248839295,0.47306972409410597,0.39818822858202463,0.47232835312374544,0.3729843655647207,0.5597249161214183
0.5579531002277041,0.3732671238217997,0.47033492551809764,0.3963735472076456,0.47046719398540016,0.3729593388974484,0.5584801656393958,0.37606900143736066,0.466824621944184,0.38104242511505004,0.4218668280729211,0.3811219923936932,0.4689891331200559,0.3767159250179005,0.4753237161984679,0.3833566630821782,0.40622520605710943,0.39416870727619596,0.40670194740509913,0.38405101964320565,0.47706241530063825,0.40575489293241446,0.42577847643231,0.39539452336212877,0.39753477042712654,0.3954094297426179,0.4263070089060641,0.4049329972205281,0.47707601509118436,0.3844514860042376,0.4073828479672841,0.39387576721127965,0.4065783433310612,0.383669977992633,0.47579938530491833,0.37750752780438934,0.46907248484361097,0.3817458503858424,0.42240111596641694,0.3817639724778006,0.46685010047604336,0.3765834847895764,0.5580640119076556,0.37350395088505095,0.47085087178314117,0.3968643927042563,0.4701464293354044,0.3738195048023131,0.5571537778012807
0.5554142159465342,0.37400354847364214,0.4680684618018595,0.395031540434924,0.46814559172507403,0.37362697275320994,0.555839182063765,0.3765674664822446,0.46355243754484865,0.3783788051345414,0.418291154416008,0.3784077052358257,0.4655799897010817,0.37712832616525915,0.47279753972138455,0.3804979952992982,0.40253125338536777,0.39120681409753544,0.4029334916839197,0.3811277911523183,0.47443615915392706,0.4040823623684139,0.4219295468723142,0.3923272925700473,0.39461301946842164,0.3923416288594858,0.42244753636814725,0.40327610372347306,0.4744425312507434,0.38151201950853453,0.403649075298266,0.3908772036522386,0.40287591605486894,0.38081096021777805,0.4732529944472134,0.37791060224865486,0.46565613655956967,0.3790324004206794,0.41880788308641426,0.37908943562862313,0.4635780908159861,0.3770440183213236,0.5554247319852191,0.3741126023984197,0.4684554194636037,0.3954897392441566,0.46780588493304565,0.3744391033031793,0.5545814821597702
0.5529741392541504,0.3744796949140642,0.4657848651461975,0.3937054457948866,0.46578821156923644,0.3740234695147635,0.5533264576632765,0.37676368730785015,0.4597139973008919,0.37542055721599343,0.41435468769533823,0.3753854731699622,0.46159757766900306,0.3771690910795739,0.47012665910130286,0.3773131789233398,0.39871609278798603,0.3881091954157466,0.39903689888202404,0.37786488036469124,0.4716394009328189,0.40230010472859123,0.4177002535841659,0.3891273341367844,0.3914729539973891,0.3891380644447995,0.41821083390451996,0.4015000123654304,0.47164596429846123,0.3782303086011435,0.39978930377109223,0.3877519851672036,0.3990566352286948,0.37762255651598703,0.47056991980652807,0.3779815396692855,0.4616622666840719,0.37601770357262154,0.41485928911184444,0.37613125151837307,0.4597408563355873,0.3772285704353072,0.5529154349157821,0.3744535108945719,0.4660110711786377,0.39412317734007585,0.4654225460512355,0.3748040104252727,0.5521240192097552
0.5507650218406311,0.3746039500253987,0.4635458772724623,0.3923980686780647,0.4634667936697102,0.37406122473116565,0.5510472857040295,0.3766033847642793,0.4554608459307416,0.3722709835823802,0.4102116583215215,0.37215904665793764,0.4571981615555206,0.37680241426191113,0.46742525734764884,0.3739202682746007,0.39493517348074986,0.3849915980391422,0.3951703578983575,0.37438391216865885,0.46878742073355656,0.4004767435084034,0.4132488181870151,0.3859170193876396,0.3882364509958727,0.3859242080211136,0.4137605756978719,0.399667594967119,0.46880196353990206,0.3747327622434511,0.39595784012386787,0.38461869975265933,0.39527877467817196,0.3742308396219285,0.4678600134521005,0.3776748329076862,0.45725087990309493,0.37280917249584455,0.4107139690976346,0.3729963594850385,0.4554936227595784,0.37708266594035517,0.5506390952549334,0.3744543588171486,0.46361057469096323,0.39277371125624494,0.4630773677593591,0.37485802646747246,0.5498927576373461
0.5488506523206818,0.37425760202139585,0.4613670913341795,0.3910748699738734,0.4612171769965876,0.37364789188759395,0.5490960174345207,0.37602364456664916,0.45094769506145244,0.3690157224884789,0.4060140618266323,0.36883219660597827,0.4525558509160327,0.3759974210864323,0.4647831346809026,0.37043178922927655,0.3913372415756461,0.3819670412338627,0.39148666496650003,0.37081184329502026,0.4659850581418872,0.39865572625686546,0.40874848848200174,0.3828122421135612,0.38502921610232604,0.38282211681908634,0.4092700538963655,0.39782824039944653,0.46601019655064596,0.3711472176444769,0.3923001964726299,0.3815863110068525,0.391686128247981,0.3707535799902398,0.4652163834285981,0.37694226644720735,0.45259799387008026,0.369505444550992,0.40652323281049624,0.36977170557734784,0.4509940419959495,0.37653653542878807,0.5486921059258378,0.37403423153114634,0.4613106038022497,0.3914313298956231,0.4608225380033779,0.3744894857063106,0.5479619942925344
0.5473331391371016,0.3733684534359278,0.4592581054160845,0.3897084088312788,0.4590654701350455,0.3727205712234133,0.5475539849602492,0.374979702981424,0.4463425383196615,0.3657403944860588,0.40191452863384686,0.36550567441959425,0.4478456194199212,0.3747402312418976,0.46227863996797863,0.3669691218481621,0.3880580450898209,0.37914386087240787,0.3881253049495237,0.36727882782521787,0.46332182177506953,0.3968804706718506,0.4043789070183882,0.3799291189287036,0.3819749072907633,0.3799460699623165,0.40491502669392937,0.3960212899983321,0.463366087945588,0.3676031829242402,0.3889536638308865,0.37876212851235425,0.38841125733055526,0.36730372447222465,0.46270766044694445,0.3757580695860882,0.4478747811998901,0.36620013978752497,0.4024353579826325,0.366543712077001,0.44640903193295633,0.3755252483419557,0.5471573367340941,0.3731289191290498,0.45914473823622176,0.3900747541318058,0.4586819494629749,0.3736378655675019,0.5464290801498994
0.5462698441522944,0.3719398839727653,0.45726162121703345,0.388304468830698,0.4570588382490592,0.3712811071697155,0.5464928318658326,0.3734743102942887,0.4418117173507294,0.3625455701052717,0.398056909851531,0.36226993056975465,0.4432320259222775,0.3730629387537453,0.4600081404061557,0.3636566324338071,0.3852200276601263,0.3766274570443391,0.3852154967582464,0.36391683181521195,0.4609122525634548,0.3952205806971143,0.40031499977236296,0.37737468366258997,0.37919552103868015,0.37740279081794215,0.40087019949564917,0.3943110370499418,0.46098229441396354,0.3642311205799477,0.3860473360157103,0.3762499857460401,0.3855850588465492,0.3640022388687355,0.460417596283957,0.37413558301504923,0.44324241645840334,0.36299201444284385,0.39859810906824567,0.3634029112150967,0.4419084546156734,0.374040769158313,0.5461032760207024,0.3717278526421794,0.4571462954848233,0.3887094153728658,0.4566915855682102,0.3722773052447642,0.5453457384315783
0.5457126227311148,0.37003777309515595,0.4554438169699035,0.3869144591761609,0.4552569671942159,0.3693912065641941,0.545973221198471,0.37157457090608703,0.437510938676058,0.35953832871518876,0.39457714689216156,0.3592333991057869,0.4388805443795146,0.3710426450227249,0.4580714215906682,0.36062246445221235,0.3829360341264038,0.3745202652505552,0.38287758675152445,0.36086031144804465,0.45887204304947515,0.3937486004540809,0.3967238428530996,0.37525563682804686,0.37680922263739036,0.3752989080600797,0.3972993959714532,0.3927788329396589,0.458966298088926,0.36116531211379743,0.3836987605212038,0.374154274908711,0.38332241297344033,0.3609739649571042,0.45844990327576796,0.3721329331667179,0.4388707752316888,0.3599940355901613,0.39514864209279793,0.3604525456341279,0.4376426727934979,0.3721486548455487,0.5455873148337211,0.36988234043149687,0.45536673377010867,0.3873778043442247,0.45490626150768765,0.37046071258603097,0.5447879432380562
0.5457276428147873,0.3677930615407419,0.45389277483968987,0.38561708499603337,0.4537466046315617,0.3671651917769016,0.5460324460478237,0.3693875527847078,0.43360332606804586,0.3568415413377423,0.391614317433397,0.35652915620645664,0.4349660801339147,0.3687803708760544,0.4565528482565638,0.35799472781880753,0.3813068810494197,0.37292089487765967,0.3812121227783647,0.3582398119982506,0.4572997268528416,0.3925249325862141,0.39376466435209945,0.37367261786979433,0.37492669378092935,0.37373577272391256,0.3943558177329213,0.39149549398313005,0.4574099623804342,0.35853815482550144,0.38201640596809433,0.3725719978914539,0.3817155191317401,0.358347075685421,0.4568951014823903,0.3698506812307546,0.4349374284186715,0.35732838560671065,0.39221923447098195,0.35780803816945317,0.4337575675838251,0.36994618084852965,0.5456471608173504,0.36769390349557496,0.45388635514070524,0.38614886283535094,0.45341696699126977,0.3682858208531224,0.5447833304674184
0.5462908471859401,0.36537316457747226,0.45274932120526085,0.38453102635872205,0.452655010840531,0.3647654767091765,0.5466818531933739,0.36704593322126866,0.4302562392186132,0.3545962108159256,0.3893048785012013,0.3542942914071896,0.4316540092461193,0.36639526618343327,0.45554180992424903,0.3559017165466337,0.3804108521857682,0.37191200141603487,0.3802957367754665,0.3561770847906451,0.4562826755197148,0.39162813170048105,0.3915667510464828,0.3727129471238455,0.37363895978229705,0.372793384529257,0.3921718581835311,0.3905368663667962,0.45640473423830885,0.35646920150691774,0.3810838859564383,0.37158668868905576,0.3808397236458479,0.356250064371574,0.4558421762108008,0.3674233615441074,0.431603185077698,0.35512661208782936,0.38993783295914325,0.35560015395617334,0.4304101296238487,0.3675701945123423,0.5462947564318449,0.3653100664902135,0.45280620911911634,0.38512876639096,0.4523298667388164,0.36589236587072965,0.5453356410198935
0.5474258412455154,0.36296640032621075,0.4521582824783874,0.38379334935043585,0.4521027764352739,0.3623614926055957,0.5479141145487996,0.3647042008083248,0.42762091192896157,0.3529408720431012,0.38776229705097087,0.3526512366301029,0.42908975927804577,0.36401910854661246,0.4551329498130711,0.3544562462131175,0.380297520293669,0.37155992926753856,0.38018258990692555,0.3547836517559665,0.45589966688635786,0.3911353400158844,0.39023156841583034,0.37243653665242077,0.37300932691426236,0.37253135285867045,0.3908517248769711,0.38998491619776027,0.4560331057318393,0.3550606737594021,0.3809547709434056,0.37126075140482595,0.38075106851211554,0.3547985866590404,0.4553873454774741,0.3649974801574759,0.4290142187936272,0.35351984315776375,0.38842222267432797,0.35396832869949824,0.4277576615780237,0.3651917763241758,0.5475227040610345,0.36289473268332895,0.45223803200918783,0.3844320379039527,0.4517620599081322,0.36347602408785584,0.5464670348220744
0.5490938361861228,0.36072193567091204,0.45221349420263096,0.3834983499101192,0.4521797898609564,0.36009726195963315,0.5496960851903756,0.3624999369979145,0.4258265018603137,0.35199430084375977,0.3870750492384285,0.35171064656096085,0.4273988768166336,0.3617681577026617,0.45537493238173765,0.35374991924212584,0.3809860927692542,0.3719051161191361,0.3808962767035726,0.3541462736710208,0.4561997436430307,0.39108814782130075,0.3898328289878698,0.37287652033321894,0.3730735263847759,0.3729852249678094,0.39046966035189806,0.3898916469844352,0.45633542368289987,0.3544034527766755,0.3816507055991726,0.3716347319524769,0.38147463954582905,0.354082682055444,0.4555986051056271,0.3627040272915254,0.4273017351227243,0.3526267588135152,0.3877667581300579,0.35303732899118373,0.4259385357627385,0.3629622241784045,0.5492969980054021,0.3605962818216689,0.45227757396871765,0.3841563353753924,0.4518138534485809,0.36117707482583206,0.5481280183944233
0.551225824812176,0.35872545444652926,0.45296260306509994,0.3836995928591149,0.45293701574470957,0.3580719911233655,0.5519640596352353,0.3605271268200199,0.42498316223384974,0.3518354276162944,0.38730607149782925,0.3515607893291324,0.4266768758353669,0.35972535841591746,0.45627609221958787,0.3538435658307865,0.3824669232036408,0.3729531925815213,0.382419740981916,0.35431120854447423,0.45718315873680687,0.39149892851538065,0.3904058375294404,0.3740372229554425,0.3738377284786558,0.37415804614516157,0.39105403548287243,0.3902684502141482,0.45731816512071954,0.3545516757301865,0.3831595490053248,0.37271737386952475,0.3829939793815419,0.35415959837816924,0.4564918949397262,0.3606509011832203,0.4265670565668916,0.3525251878574749,0.38802809928567694,0.3528949276551493,0.4250601628136448,0.36098396249377396,0.5515556071493727,0.35852630547758835,0.4529829180182081,0.3843596223661452,0.4525390704969296,0.3591083719611273,0.5502622202482795
0.5537575424328293,0.3570329760106474,0.4544031915626393,0.38440147849308093,0.45436901345560643,0.3563351833136569,0.5546294554061859,0.35884219037158593,0.4251568170257831,0.35249422867045244,0.3884736601271923,0.352230673923856,0.42697647814844447,0.35794659112489124,0.457827712632833,0.3547467166992078,0.38469303113674325,0.37467563472231113,0.38469851582566905,0.3552853772499069,0.45882725249714806,0.3923687321713578,0.3919348007920843,0.3758865707275386,0.37527768562699215,0.3760176430279393,0.39259059662550394,0.39110543148891697,0.45896415313179967,0.3555133154518616,0.38543104474078194,0.3744791376490937,0.38525655872920966,0.3550495219307267,0.45804823872262446,0.35890567095925985,0.42686096575955346,0.3532416320994911,0.38922047341280785,0.3535764112674685,0.4251928561355078,0.3593220491704854,0.5542133124338945,0.3567497408555168,0.4543595378743742,0.3850449945059983,0.45393274129357364,0.3573506786840861,0.5527881220755106
0.5565643995589029,0.3556222780880545,0.4564487204618026,0.38553540633695355,0.45639799354013494,0.35488976846898956,0.5575911525453748,0.3574674566502132,0.42634571998160586,0.35394409453029196,0.39053519014268145,0.3536894549166842,0.4283003885591211,0.3564745632773719,0.4599781963212123,0.3564230668097379,0.3875709320467057,0.3770052512268338,0.3876427901892733,0.35703709437054465,0.4610782747137698,0.39366400399659396,0.3943642520830845,0.37835102721357466,0.3773328254230312,0.3784942932909751,0.3950296709987995,0.3923722668511169,0.4612162913433444,0.35725582815185053,0.3883672243789211,0.3768499410968799,0.3881699470233321,0.3567247976547845,0.46021913657834135,0.35749569946651916,0.4281838652903103,0.3547535210776251,0.3913066197744511,0.3550595437337931,0.4263524481151828,0.3580054345007122,0.5571666020581817,0.35528435880116666,0.45634948511520124,0.3861650235542612,0.4559286027135234,0.3559164561378454,0.5556136291199093
0.5595673813273283,0.3544361177192358,0.45894421238297434,0.3869729582472517,0.45888691979368235,0.35369995935433585,0.5607326664276976,0.3563916761158381,0.4285003629792903,0.35610542891675534,0.39340149200088537,0.3558663409920241,0.43060079158274633,0.35532533201824557,0.4626212999199496,0.35880156805131636,0.39097112480903984,0.379841609319737,0.39112703740102284,0.35949699135170476,0.4638352171967301,0.39530678752340365,0.3976049119554257,0.3813272936691821,0.3799119465419858,0.38148424008299237,0.3982788615024776,0.3939961171860612,0.46397226047763807,0.3597121369061925,0.39183387214475274,0.37972807876978876,0.39160319579451863,0.3591069492400014,0.46289965391391147,0.3564242163194548,0.430483714785974,0.35698881286823814,0.39420009458052574,0.35727278209045304,0.42849800322012377,0.3570075225414241,0.5602959933828211,0.35411092131839755,0.45883590280569286,0.3876063486063793,0.45840476287691373,0.35476322839930846,0.5586178280970405
0.5626174736558752,0.35343566295410267,0.46172259488786477,0.3885693891718985,0.4616861163116355,0.35273572552429233,0.5639193212521769,0.3555859200005318,0.43152938242556493,0.3588658099827219,0.3969481340328709,0.35864963672201455,0.4337741034454899,0.35450077439329375,0.465632651639586,0.36177912622346625,0.3947407913662154,0.3830586824765089,0.3949907455103084,0.36255503269772293,0.46697677559950274,0.39721165429665795,0.4015282465140209,0.3846898971256544,0.3829024618247999,0.3848565943338609,0.40220443977552456,0.39588042316013233,0.4671139389636082,0.3627760346526868,0.39567834840912713,0.38298773481830606,0.39540082994779724,0.3620842986978402,0.4659489083352165,0.35567665992451164,0.4336573243475435,0.35982921752289343,0.3977726168966229,0.36009480627616597,0.4315329506535288,0.35628010620785816,0.563471868453646,0.3531978255939423,0.46166225774137537,0.3892336249041694,0.4611967398722788,0.3538463227153684,0.5616600153415982
0.5655894131368103,0.3526198000833964,0.46462795716901273,0.3902090560576706,0.4646339028305098,0.35199469974111486,0.5670234597103808,0.35504993997396644,0.4352856563350849,0.36207490587860436,0.40100885434304423,0.36188841994165005,0.43767604621647893,0.35402390367347875,0.4688901922440899,0.36521067140789615,0.39870927192671113,0.3865119407788109,0.39905666639914,0.3660684139707009,0.470382968626162,0.39929832686576205,0.40596526709649533,0.38828893624693966,0.386175778329319,0.38846256934787987,0.40664076281228506,0.3979394910881695,0.4705211068176322,0.3663063772346731,0.3997262507922192,0.38647958328345083,0.39939176352826417,0.3655158479098014,0.4692339516009892,0.35524922362653016,0.43756294496225523,0.36311773329713615,0.40185443138173704,0.363362827917999,0.43530440457025743,0.35580682966232047,0.5665627450689152,0.35253175177214285,0.4646603420866888,0.39092558028439306,0.4641479852379221,0.35317337632210455,0.5646485478715864
0.5683858417622987,0.3520448859860932,0.4675073467268783,0.3917953730020651,0.4675753895266156,0.3515164300629723,0.5699198483693871,0.3548186501644705,0.4395815799765696,0.36555871542081464,0.40539188896569595,0.36541793704300274,0.4421372415747642,0.35393616226724206,0.472252712227733,0.36892804070096646,0.4026922509007475,0.39004680209372833,0.40314003556159694,0.369876543685659,0.4739197979488519,0.40147087580686636,0.4107278237937934,0.3919640967017292,0.3895914977304731,0.39214415185938706,0.41140239556050906,0.40008822148798723,0.4740527980714865,0.3701440933942364,0.4037905797471673,0.39004132612303827,0.40338875749513403,0.36923655749523143,0.4726193249232252,0.3551626522991571,0.4420249040249266,0.36668394823072326,0.4062475245530683,0.36689665611853073,0.43962086684155127,0.35561108639208977,0.5694412005663775,0.3521392423338786,0.4676743610920822,0.3925791187732336,0.467096059351807,0.35274039729234075,0.5674425420689072
0.570853683681717,0.35181191453144733,0.47025877156870455,0.3932927990794762,0.47040827613820374,0.3513919110938793,0.5724795296437781,0.3549451154756288,0.44422046824162686,0.36915689422455167,0.40990214747064313,0.36907856246647675,0.446957554796249,0.3542784488192127,0.47557118894504746,0.372769039429707,0.40650402598784174,0.3935089394245376,0.4070489349855619,0.37380990056910135,0.4774381583361282,0.40363151065852715,0.4156148450723548,0.3955548807984792,0.392996013394768,0.39573800999861,0.41628596944557067,0.4022377738342574,0.4775616315463388,0.3741168882943399,0.4076856247459163,0.3935187355168914,0.4072019317817703,0.3730742379823392,0.4759582269175346,0.3554578952803021,0.44683916414066904,0.3703602806901926,0.41075114352950903,0.37052729499542614,0.4442774878672999,0.35573659235644656,0.5719850121891908,0.3520890093652313,0.4705763596185022,0.39415329761529944,0.4699388782376758,0.35261509170630845,0.5699042813299708
0.5729060185392555,0.35206792215170535,0.4728507461956287,0.39473928138547815,0.4730712133776762,0.35173341279394277,0.5745897052596026,0.35550334386206817,0.44899462678758556,0.37272667824139366,0.4143410641227039,0.37270851442152114,0.4519124436219244,0.35508853299164056,0.47873081930019856,0.37657437713715,0.4099693174439358,0.3967540702356601,0.41060260239092417,0.3776974670941052,0.4808054005219272,0.40571730734434874,0.4204105946131903,0.3989080825813772,0.3962382435619346,0.39908613731489384,0.42107476467410104,0.4043203461955224,0.48091986102408146,0.37804758589053405,0.4112356164317889,0.39676765437690925,0.41066295586844914,0.3768660821401552,0.4791304584795334,0.3561954324538537,0.45178446698261715,0.3739906034495751,0.4151730991758139,0.37410689702649874,0.4490645165121798,0.35626665980306893,0.5740808202612516,0.3524768241098345,0.47328331995879447,0.39564873077879403,0.4725979062962535,0.3529302523832121,0.5719540126673566
0.5744378479835759,0.3529298004742242,0.4752589336278754,0.3961730555626769,0.4755194213628373,0.35263573213111477,0.5761624990397576,0.3565660951845136,0.4536790167043027,0.3761331563897797,0.4185114397807857,0.37616357224039065,0.45677190811642837,0.35639394783440925,0.48162849389873114,0.3801823290093954,0.4129287499528073,0.3996547881947877,0.41363931567455015,0.3813730090663694,0.48390323574233,0.40767297837856975,0.4248979747822086,0.4018866219214682,0.3991755445966211,0.4020548002597719,0.42555248861021383,0.40628597928507504,0.4840025304745557,0.3817700899000665,0.4142815512422195,0.3996598752697464,0.4136196773050766,0.3804587704103763,0.48204359837755206,0.3574252584125378,0.4566401029538008,0.3774379910677931,0.41932481781886544,0.3775001151618625,0.4537569769719136,0.3572966835166359,0.5756367829310375,0.3533932658700686,0.47574504244199356,0.3971010034016351,0.475023200521917,0.35377858440907406,0.5734931086850545
0.5753928594919786,0.3544188690190706,0.4774473438612597,0.3976096861159787,0.4777133456109695,0.35412636383072815,0.5771307859100133,0.3581458774364878,0.4580613759252439,0.37924810789847174,0.4222388211642238,0.3793257538067393,0.46132146961412573,0.35817035158567284,0.48414883189496644,0.3834385102862645,0.41525053155967934,0.40209887994821736,0.4160212257430046,0.38468232603018093,0.48660167412279415,0.4094208927302947,0.42887657149213476,0.40437296659816746,0.40167630639586144,0.40452849908531824,0.4295147524421054,0.40806885923168057,0.4866785743890244,0.38512807229737106,0.41668535032890064,0.40208398090520403,0.4159325129653632,0.38370562143843123,0.48459652334622455,0.3591474658169475,0.46119236820304854,0.3805756519915534,0.4230253802010346,0.38058650666463295,0.4581314889046354,0.35885525332946033,0.5765876878038547,0.3548752583275524,0.47792240605685704,0.3985240113946438,0.4771974770212345,0.35520237471714783,0.5744440739929343
0.5757300087665604,0.35646926088193853,0.47936579541531754,0.3990162668079011,0.47960476964770166,0.35614045418662466,0.5774489198347049,0.36017399071408585,0.4619555206597989,0.38195886685571856,0.4253730406918603,0.38207555949783734,0.46535776209573565,0.36032440507183605,0.48619636093431173,0.3862075052593719,0.4168316117277172,0.403986880333065,0.417640316114317,0.38748193972825684,0.4887836235035666,0.41088987072324323,0.4321634341221339,0.40626615023759804,0.40362397440175035,0.40640234891717786,0.43278444016453216,0.40958822518268506,0.4888361190752949,0.3879716698185399,0.4183381025496064,0.40394511785293086,0.4174964951307719,0.38647070043763254,0.48668964931560904,0.36129933370707734,0.46522941706240367,0.3832830148344403,0.426119157403079,0.3832553900258908,0.46200061410366244,0.36088664933222725,0.5768913953969228,0.356876142529963,0.47977300351517355,0.39988734234624385,0.4790593808815279,0.35715848609136475,0.5747637210163717
0.5754189333484538,0.35891230121983153,0.48093287009164176,0.40029985243239075,0.48110903007938804,0.3585286826850497,0.5771116687337818,0.36252257355031237,0.46518748773159785,0.38415646422338107,0.42777261575545017,0.3842866057685328,0.46869071017050945,0.3627315020829185,0.48769768021265764,0.3883731305652667,0.4175966508782473,0.40523684249623154,0.41842256845920034,0.38964993736748943,0.4903590662686202,0.4120250627149228,0.43460313219655555,0.407483349186271,0.4049239027058825,0.40759848153914763,0.4352111880200437,0.4107768563932167,0.49038905707813646,0.39017361514077065,0.4191610296012696,0.4051668059595563,0.4182436365182197,0.3886371211709645,0.4882417306716076,0.3637521853174223,0.46855808639511864,0.38544946152771054,0.4284732488115275,0.38540351901412995,0.4652026858220911,0.3632665573450895,0.5765380233565809,0.35926641446681973,0.4812289190574741,0.40111764501578473,0.4805420787818564,0.35954506329477487,0.5744628228242705
0.5745244715975274,0.3615083630972109,0.48200527244318514,0.40131115135764345,0.48210877336742014,0.36107927651026706,0.5761502764283966,0.36501319956221856,0.467609835897393,0.38572328322444593,0.42932377009352607,0.3858471977223678,0.47116701547679735,0.36523869531245406,0.48858277512470377,0.38983102189480207,0.41751463979229936,0.4057894036866479,0.41834053341747984,0.3910878351900242,0.49125600853967033,0.41275087990307274,0.4360925390908386,0.4079696676123927,0.4055189253391557,0.40806813555704247,0.43668699040301456,0.4115633378226161,0.49126664330151315,0.3916381671660247,0.41911944583686506,0.40569077562108935,0.41814641841712613,0.39010191770686475,0.4891800142192155,0.36632739973225087,0.47103179919181304,0.38696751604646057,0.4299801522922245,0.38692669368549276,0.4675957677252656,0.36581086614677716,0.5755581940824421,0.3618483824402816,0.4821982619252047,0.4020787932916128,0.4815325047678674,0.362131847174471,0.5735564258876389
0.5730639658082752,0.3640153673840252,0.48244597692257474,0.4018851854188271,0.48249175258373145,0.36357278081181776,0.5746137209222367,0.36744683486342117,0.46911457448547755,0.3865610575547987,0.4299572046029609,0.3866761576122377,0.47267257196701334,0.367680090809543,0.4887864691991509,0.39050893305966294,0.41660383389681327,0.4056211400943637,0.4174044945665442,0.39172509034274605,0.4914220518486637,0.4130033746987801,0.43657263858890055,0.40771101309879154,0.4053925783653807,0.4077974538003857,0.4371506469735182,0.411873746014133,0.4914205974890968,0.39230133265435396,0.41822505432148416,0.40549519555374497,0.4172146931947773,0.39078640062908293,0.48943410615524663,0.36883856632791595,0.4725410953274694,0.3877453727450799,0.4305662048164438,0.3877273035934569,0.46906734760430063,0.36829834294072483,0.5740076979799313,0.3644049709743187,0.48257759707698294,0.40263579352453205,0.4819306990378443,0.3646767098529202,0.5720712616442956
0.5711253534114751,0.3662606795887261,0.4821743865399967,0.4019258907389245,0.48218451792581957,0.3658375428254784,0.5725849994734913,0.3696583947445923,0.46963225643836704,0.3866071075712955,0.4296470251412994,0.38671487376920366,0.47313596620565596,0.3699192558754786,0.4882968687660628,0.390370785988967,0.414921451415951,0.4047514247344765,0.4156696382381116,0.39152880388702466,0.4908563132054114,0.41276764772369084,0.4360275837609023,0.4067328002590139,0.40456645030617455,0.4068090385933347,0.4365929168197458,0.4116756456563663,0.4908540522684516,0.39212915637749685,0.41653300398430254,0.4045952999941496,0.41550540568898386,0.39065514941693624,0.48897447490496126,0.37113137655974227,0.47300932050589,0.38772126708475957,0.43020255591051104,0.3877355621940456,0.4695503930749448,0.3705386126622555,0.57196840881411,0.36675115351536736,0.4822872125002679,0.4026852363903129,0.4816524988545335,0.3670174244210064,0.5701224260073982
0.5688230343623317,0.3681674601528024,0.4811733978010326,0.4014165644159722,0.4811698456173577,0.36778308585651376,0.5701788806038011,0.371555207116636,0.4691240573232405,0.3858493579180552,0.4284090057998214,0.38594596811932874,0.4725341599225105,0.3718784687759326,0.4871521036793085,0.38942564170838445,0.412564959958395,0.40323898634555716,0.4132418837270183,0.3905176789282241,0.4896084663940189,0.41206633396187653,0.4345006783547696,0.40509620769503013,0.40310166256726726,0.4051657856346949,0.43506112682893155,0.41099678421955715,0.4896153640135116,0.39113079997939565,0.4141425423683086,0.4030464150900403,0.41312043471301196,0.3897213727900269,0.4878305751679858,0.3730978540552835,0.47241070867554735,0.38689030661259255,0.4289102728167645,0.38694039991779183,0.4690174749262149,0.3724325825638433,0.5695525356048186,0.3687722252029073,0.4813023493215094,0.40220222509646675,0.4806619433908508,0.3690258554315815,0.5678055878009346
0.566267766055224,0.3697236883339078,0.4795132341514077,0.40042322083477466,0.47951549603493665,0.36939030568682973,0.5675269092822963,0.37310170342927307,0.46760713656327085,0.3843450032730533,0.426314589753644,0.38442261705003894,0.47089624484438186,0.37351131774175395,0.4854142476465101,0.38773890953434553,0.40966964217425955,0.40118581597634934,0.4102658694706767,0.38875992971450657,0.4877630643084526,0.4109434345978502,0.4320917736469706,0.4029079892298584,0.4010886579040602,0.40297461756502545,0.43265079362094283,0.40989221439892765,0.4877789894676271,0.3893775728610898,0.4111951768829793,0.40095054452922296,0.4102010476525214,0.38804192919410374,0.48607465753644347,0.37468702102085394,0.47077587234533047,0.3853171175638003,0.4267707976446755,0.3854003292524572,0.46749269115301084,0.37394018342080587,0.566894272777782,0.3704303967685775,0.4796741839011382,0.40124673269303485,0.47903684970278787,0.37064394305901277,0.5652315538806455
0.5636212670665828,0.3709865107308089,0.4773614907058496,0.3990971439441422,0.4773756837986847,0.3706892448185677,0.5647722689741843,0.37430111401153876,0.46517018091627244,0.3822170361075347,0.42349790936226733,0.3822629396840675,0.46830926953033813,0.37478639243879597,0.4831972194751146,0.3854286971576393,0.4064123522008895,0.3987270801326983,0.406919072072214,0.3863690404183374,0.48543722344377555,0.4094791269604493,0.42894815357673155,0.4003129733920125,0.3986563183889724,0.40037711064952713,0.42950482319993444,0.40844575219743495,0.4854632897352809,0.38698532469022645,0.40787456102678366,0.39845046931560557,0.4069270169842739,0.3857298597410487,0.48382377753142847,0.37589441187258,0.46819521098033123,0.3831211263827523,0.42392494935747393,0.3832400156926791,0.4650555638592558,0.3750692828881896,0.5641363618846179,0.37173998453574,0.47753481834770845,0.3999471120888336,0.4769100149787601,0.37190283827580406,0.5625478576141874
0.5610046390006462,0.37201816955846057,0.4749523573803036,0.39762412293004834,0.4749574869216561,0.37172101800530943,0.5620706943181675,0.3751774022901065,0.4619512081020773,0.37962941257735094,0.42013833887017826,0.3796268335851101,0.4649174348405477,0.3756869257801738,0.48066523598964345,0.3826443382576917,0.40299635946771345,0.3960239436531627,0.4034036998911178,0.3834957478152843,0.4827903276311846,0.4077972307751129,0.42525358149644876,0.39748024485147804,0.39595753125792527,0.39754258261783176,0.425804372459506,0.40677470948248867,0.4828275749631494,0.3841014571557346,0.40438802014923547,0.3957132615086948,0.40350321396900046,0.38294258126726066,0.4812481311335625,0.37672825962438317,0.46481635925881537,0.38046343496022295,0.42055374021517483,0.3806243982763338,0.46183952715853127,0.37586746298890916,0.5614354388744904,0.3727356804844584,0.4750774853596961,0.39847529693711214,0.4744797331621104,0.37287220360707096,0.5599217707011096
0.5586039702789534,0.3728136470429265,0.4725097070314692,0.39616338156643205,0.47247624975279895,0.3724826434872862,0.5595896250436249,0.37573906412085667,0.45813618060320316,0.3767592172709249,0.41644895231066054,0.37669474227492594,0.4609280963628347,0.3761894476401276,0.4780000810883528,0.37955307597432325,0.39963482713270926,0.3932491627607236,0.39994117199979684,0.3803188597350422,0.4799974191385544,0.4060136935275339,0.4212253136323161,0.3945863272664491,0.3931577556696789,0.3946511070335004,0.42177632397927023,0.40499857522944593,0.4800414707096551,0.38090465815557784,0.4009487301967055,0.3929115146394527,0.40014261065634465,0.379859060885511,0.47854240979432044,0.37718975922117265,0.4608387912552394,0.37752763950380364,0.41686713737231595,0.37773889809402883,0.4580297637102105,0.3763700055924585,0.5589540633742309,0.37343039982343307,0.472522381876565,0.39698306237402436,0.47196998477769864,0.3735637028467839,0.5575030686935826
0.5565523739100894,0.3733072785074282,0.4702082233445938,0.39480622098426266,0.47011935363776153,0.3729196635275626,0.5574742997276423,0.37594875607080397,0.453958756139476,0.37379256997781973,0.4126612641327122,0.3736587029118417,0.45658380440785584,0.3762507043614436,0.4753655336509749,0.37634846639540104,0.39653787802123,0.39057301003716877,0.3967467846061115,0.3770372734784348,0.4772194682281647,0.40422468706492287,0.41710686591017243,0.3918091008001024,0.39042694614382223,0.3918812674749973,0.4176680013658245,0.4032205294251626,0.47726912218894835,0.3775955194626111,0.3977698355323305,0.390219344202255,0.39705145342289255,0.37666665319858456,0.4758827529769787,0.3772523319410632,0.45649975706929297,0.37450425488780814,0.413096767702539,0.37477712511295014,0.4538636149849463,0.3765507503624115,0.5568412832349181,0.3737899674300149,0.47007440447919036,0.3955805765283379,0.4695765326456938,0.3739173133511786,0.5554170459536755
0.554965770598086,0.373394876206255,0.4681906645756218,0.3935991196821722,0.46803194720157815,0.3729394247968184,0.5558536773379326,0.3757426806882633,0.4496789284244911,0.3709072231484327,0.4090075162486737,0.3706975974600919,0.45214201612433347,0.37582477331680064,0.47292484837947785,0.373232336331384,0.393896649751871,0.38815652712302173,0.3940151377851347,0.3738502995672416,0.47461942700261045,0.4025316659534979,0.41314942075645467,0.38931933509387673,0.3879293102649165,0.38940212117009565,0.41372806682942026,0.4015260916061702,0.47468145025537994,0.37437569831741974,0.3950472130889554,0.38780397380042686,0.39442234029441303,0.37356375204176145,0.4734269722954939,0.3768774377575622,0.45205810902947163,0.3715709655777697,0.4094753379560804,0.3719202141599359,0.44960429479357233,0.3763510266437082,0.5552259076418331,0.37374442327671076,0.4678937966940793,0.39432803093293506,0.46745704446623904,0.37390511216320255,0.5538109410555057
0.5539673541009509,0.3729666352184687,0.46652031899047147,0.39254930844065167,0.4662935134025242,0.3724491336741107,0.5548362747079009,0.3750705798776944,0.4455469947198982,0.36825190590312995,0.4057026724131886,0.36796572273196576,0.44786126283062533,0.37489451032018817,0.4708316062160865,0.3703897486168858,0.39187472677884616,0.386144714010454,0.3919153430330495,0.3709506102397594,0.4723591493658226,0.4010354248271495,0.4095936583918919,0.3872676606043321,0.3858205834682149,0.3873681421370878,0.410194562397955,0.4000059164417906,0.47243905747379383,0.37144297612862387,0.3929502800265924,0.38580886462496333,0.3924235490793021,0.3707374098128861,0.47132168496976407,0.376030380126008,0.44778076057225424,0.36888526228117613,0.4062154445244933,0.3693165672118152,0.44550921103928615,0.37571367719245086,0.554213765246107,0.37321516332462834,0.46608655153672246,0.39323817331364225,0.465685564556292,0.3734387240297966,0.552803511487113
0.553599557154789,0.3719330518039662,0.46520913159425004,0.3916213965260272,0.4649499622906093,0.371386707858241,0.5544959423460937,0.3739051869583418,0.44179651812074155,0.3659463615312333,0.40293840255824476,0.365600184531097,0.44400075205371364,0.37347796581507553,0.4691976699180091,0.3679775532451283,0.3906023353869753,0.38465908979279906,0.39058383895937476,0.368507512089957,0.4705758134301024,0.3998018939921613,0.40666417725881615,0.38577855198339983,0.38423861473285603,0.3859049857971984,0.4072909573145981,0.3987344765399879,0.4706752709676274,0.36897335043596363,0.39161346036117806,0.3843506691084741,0.3911808373904989,0.36834664404225315,0.46968099138415287,0.3746957330869514,0.44392738388310554,0.36657712543795457,0.4035038427007735,0.36707860348216526,0.44180770310430795,0.3745931258661418,0.553877515459097,0.37214946664199533,0.4647087698492771,0.39230526484239936,0.46432959128261186,0.3724142537580159,0.55243429434427
0.5539260731129821,0.37029568389535705,0.4642800513755794,0.39080565970893333,0.4640274798902192,0.36975928175334166,0.5548636814052087,0.372264587147271,0.4386471467148608,0.36409920698418374,0.4008807125823981,0.36372649727102824,0.44079211245483507,0.37163094306620353,0.46810964956202417,0.36613736127253804,0.39016259491383104,0.38379113127932196,0.3901060900073991,0.3666660383999247,0.4693782236007225,0.39889028923823955,0.40455119096440517,0.3849515564806643,0.3832888926297043,0.3851063392216504,0.4052058417509124,0.39776973358790546,0.46950080377173387,0.36711713973095483,0.39112333183628833,0.3835187467177838,0.39076865933508964,0.3665281724274919,0.46858269577802103,0.3729128567224838,0.44071984394499425,0.36475703624990774,0.40149446923603493,0.36530664163706505,0.43870854381093255,0.372986637462314,0.5542478807676208,0.3705478950279837,0.463789849990109,0.3915223721337022,0.4634096766484524,0.3708360290278826,0.5527423368095713
0.554919231514591,0.3681610432833733,0.4637770715156805,0.39013979817093336,0.4635707631115911,0.3676650979847844,0.5559300589437821,0.37023631610797325,0.4362838158069812,0.36281937483343296,0.3996549733829256,0.362444210905043,0.43842045525148454,0.3694677370261859,0.46765181561249425,0.36498951333565965,0.39058737193501336,0.3835986152831423,0.3905163571020166,0.3655475656691153,0.46886204450644536,0.39836861606989715,0.40339610715004026,0.38484370067034207,0.38304062501430725,0.38502521142411383,0.40408081682411134,0.39717773318019595,0.46901018105701586,0.3659890123809603,0.3915169179312032,0.3833707698231022,0.3912231366147386,0.36539315461529076,0.4680966296148798,0.37078119007912025,0.43833767601449825,0.3635253621039025,0.40031040074032875,0.3640984846723769,0.43639382290859663,0.3709711580655406,0.555315915408783,0.3684913591449097,0.46335475606998233,0.3909207645611283,0.4629520466922759,0.3687988873648579,0.5537402226154058
0.5565446249277481,0.3657152716061569,0.4637670546800788,0.38970333470524343,0.4636328249730718,0.365275236943733,0.5576542157118632,0.36798136650878177,0.43484300171622947,0.3621997542630136,0.3993385028832238,0.3618367408832277,0.4370309268712261,0.3671487160631357,0.4678772628577727,0.3646203076779197,0.3918581376658953,0.38410763903271594,0.39180277815813447,0.36523393336691523,0.46909372705952185,0.3982896722695392,0.4032872221690291,0.38547512647798643,0.38352464623768734,0.38567628767290385,0.4040010559721579,0.39701788313674946,0.46926126335432866,0.3656713961782667,0.3927819195338588,0.3839301842297026,0.3925337245627328,0.3650245471682554,0.4682859706758929,0.3684484392465379,0.43693035210747705,0.36297361026229497,0.4000356912371199,0.3635398847494637,0.4349980825753612,0.3687086395022989,0.5570348840356123,0.3661377269227637,0.46343946360241894,0.3905559935579086,0.4630094899873374,0.36644990358408325,0.5553819623847457
0.5587307283340864,0.36319545526847385,0.46431148241229725,0.3895860840877485,0.46426159353043833,0.3628085780483862,0.5599458141856484,0.3656932450472672,0.4344231878535211,0.3623092684194201,0.39996632711599256,0.3619780845606948,0.43672188030832754,0.3648503716075193,0.4687955820200535,0.3650731846294618,0.39390840545297745,0.38530827384508803,0.3938971339019963,0.3657679978991299,0.47008528318453224,0.3986694955269958,0.4042528093406059,0.38682481066939445,0.3847241763729268,0.3870429869409416,0.4049873994172059,0.3973275714629569,0.47026327163638354,0.36620396746017614,0.3948540991662358,0.38518337953408255,0.39462936488189937,0.3654692987178786,0.4691741434422634,0.3661038014723569,0.436604256952789,0.3631710625331217,0.400704074838519,0.3636990798095008,0.4346035908739287,0.3663974779580006,0.5593173673279295,0.363691105853174,0.46408735411284324,0.39050685756533243,0.463627767948463,0.3639678558222433,0.5575616397412938
0.5613278571867861,0.3608527957355342,0.4654810891725501,0.3898887980920105,0.4655127631747358,0.3604954213352707,0.5626730267970984,0.3635663566151819,0.43507516419706227,0.36318540462946913,0.40153038012859077,0.3629024880635532,0.4375343221408536,0.3627390633910457,0.47038069431016477,0.36634438480798587,0.3966238433301821,0.38714722095179976,0.3966768510498354,0.3671371155629526,0.4718016307382412,0.3995082241755908,0.4062469835476646,0.38882997384704765,0.3865754270318057,0.3890588075842185,0.4069959419734075,0.39811185634351354,0.4719812937476799,0.36757276589870913,0.3976180292232726,0.38707410112887,0.39738802870644974,0.3667251429252292,0.47074210834934754,0.363941710219324,0.43739712646284223,0.36414427035102065,0.40229772082209625,0.3646110373328604,0.4352502782861193,0.3642412421488231,0.5620350710018747,0.3613753598440922,0.46532687730064204,0.3908651465616413,0.4648581589634684,0.36162032593089155,0.5601595541979436
0.5642068213322108,0.3589025456717859,0.4673015290185169,0.3906946104544316,0.46737964831550516,0.3585317138349492,0.5656751673615096,0.36177740992323076,0.43677761456422626,0.3648155184395221,0.40395482699104535,0.364581214741697,0.4394338809299661,0.36095861695184045,0.47257648671558367,0.3683739617957838,0.39983813283903424,0.389528554567773,0.39997309082363547,0.3692747702925471,0.4741659548274242,0.4007909409215358,0.40915061256184376,0.39137999299338744,0.3889682954261854,0.3916126381453756,0.409915680378841,0.3993533303415743,0.47433990781076085,0.3697078174467736,0.4009051585405137,0.3895012371306542,0.40064314133328427,0.3687386550114367,0.4729373065127869,0.36213327898580105,0.4392697864291188,0.36586997634628804,0.40474080833487763,0.36626548373209544,0.4369281414809033,0.36244298782921636,0.5650251907854352,0.35939181407195886,0.46715951585002335,0.3916851819344614,0.466685132569438,0.35964099438745956,0.5630608157307875
0.5671702311714022,0.35745274989562237,0.469692757866212,0.3919822768696725,0.4697865905158563,0.35703830590353414,0.5687726872524446,0.3604447158121359,0.4394348553895551,0.3671222439137808,0.4070954759546871,0.36692740207024255,0.44231072416634104,0.35961666469542924,0.47527039294637136,0.3710470996187192,0.40334504212347744,0.39231203100434114,0.40358337290886065,0.3720644696809158,0.47704934523076037,0.4024494647159734,0.41279275408756017,0.3943198219129134,0.3917518569745666,0.39455519940325856,0.41357295604474187,0.40099437846318103,0.4772075360864754,0.3724919652755043,0.40450653993890945,0.3923216062989012,0.4041889364522098,0.3713980648827822,0.4756575881757187,0.3608007347770777,0.44211825457149234,0.36826939918499224,0.40790174987297995,0.36859524222455503,0.43955545163655896,0.3611401851084828,0.568108842245835,0.3578763864068468,0.4695255879966874,0.3929597482062932,0.46905844149623654,0.35813429085033927,0.5660482168914439
0.5700482198820495,0.3565097579897645,0.47249254283345654,0.3936403833221691,0.4725800517933432,0.356047039312976,0.5717717951958345,0.35960874793301806,0.44289335638888727,0.3699632275477954,0.41076317701566406,0.36980436502167335,0.44598952722031254,0.3587610223724472,0.4782905391856969,0.37420498219915177,0.40691617821749837,0.39532426103419144,0.40727009671370873,0.3753362772319171,0.48026626695359104,0.40436686583364506,0.41695765441489235,0.39747055410415216,0.3947468335941565,0.3977068545455438,0.41774009245826227,0.4029187507172514,0.4804036521967704,0.3757674803596939,0.40818930107823104,0.39536381452535774,0.40779273324010384,0.37454193911766126,0.4787337682631305,0.3599941347337598,0.44577396420824555,0.37119835539458623,0.411587819330292,0.37146382836901054,0.44298006091966796,0.3603694840071473,0.5710934552222413,0.35688403476236796,0.4722902496015594,0.39459741538490606,0.4718353675723112,0.3571434872044158,0.5689203662411739
0.5726514829416137,0.3560226896369375,0.4754770495780155,0.3954902727895985,0.4755511643481448,0.3555221555215709,0.5744804744368353,0.35924636752218714,0.44693964152961074,0.37314117244562994,0.4147290412911208,0.37301706026038123,0.4502372915749619,0.3583891618535602,0.48144787881539014,0.3776457735982106,0.41031743878557025,0.398370123206663,0.41078222606727705,0.378875599347378,0.4836116399462535,0.4064158236094027,0.4213812475754002,0.400632627610334,0.39775775145437375,0.40086762906310724,0.4221528883971618,0.4049803156274474,0.48373091009679176,0.3793246603243582,0.41170874259987716,0.3984338547739602,0.41121100285283474,0.3779705990283655,0.48195714948195345,0.3597059791261735,0.4500041410326484,0.3744538827123268,0.4155566349320414,0.3746726435529295,0.44698730033195816,0.3600941186076275,0.5737862002350981,0.35639544251396016,0.47525157912305027,0.3964357681784874,0.47480100816963444,0.35667947966538277,0.5715363856451053
0.5748042774798621,0.3558979434869652,0.4783812060668544,0.39731784080158505,0.4784456454049156,0.3553944968230591,0.576730416603146,0.3593046866829396,0.45129823712668565,0.3764173620726766,0.4187256692326026,0.3763284662160056,0.45477840403203396,0.35848864485199344,0.4845430220547751,0.3811292845015705,0.41331773423497226,0.40124832306083225,0.4138819847685219,0.3824457569785657,0.48687881322038384,0.4084557858509628,0.42577667848884543,0.40359807845385814,0.40059068084957505,0.40383041502435485,0.4265302747774252,0.40703307410030437,0.48698293403558,0.3829250124970339,0.41482345580901925,0.40132436137992394,0.4142127141393844,0.38145047230541074,0.4851146723025361,0.35988877085141213,0.4545342566473535,0.37779164422593786,0.4195382281712184,0.3779734833302443,0.4513101577011161,0.3602442549067872,0.5760174339911881,0.35634637529916535,0.47816757178798175,0.3982717982360362,0.4777022293946249,0.3566541408546946,0.5737146309076739
0.5764004575521601,0.35606933588365874,0.48093035532004014,0.3989124735737901,0.48100615655596585,0.355611421027745,0.5783832162744017,0.3597354517480844,0.4556657546748739,0.379542728573535,0.4224773531295804,0.379494114681039,0.45931598737820417,0.359038415045491,0.4873616548626498,0.3844142912606023,0.41570695059667834,0.4037671184337012,0.4163600540325689,0.38580540718154616,0.48985817082195315,0.4103307904247962,0.42986215309060255,0.4061705625403429,0.40305409605542103,0.4063989615537812,0.4305934024296178,0.408925918501589,0.48994684795561605,0.38632661249550343,0.41731528198344947,0.40383893503954416,0.41658744459099123,0.3847347419410807,0.4879864881873036,0.36048620175679497,0.45906056645099513,0.38096290273041755,0.42325952659688576,0.38111034503833885,0.4556528671831249,0.3607429814918719,0.5776467840106976,0.3566738738251451,0.480788361153411,0.39990090553814595,0.48029522258029217,0.35696049488807235,0.5753093373031096
0.5773025185188824,0.3565487815006799,0.482927815925029,0.4001407204041758,0.48304546973511164,0.3561707749345425,0.5793262492847283,0.3605079384897786,0.4597467102417309,0.3822998515598785,0.4257350329362601,0.38229213620096764,0.4635397213925864,0.3600144554953729,0.489708246410168,0.38728612317268224,0.41731848665983995,0.40576078233553486,0.41804178198820174,0.38873010078394277,0.4923547891237546,0.41190797882703784,0.4333757969190479,0.40818623691320316,0.4049885046642855,0.40840364103556165,0.4340785199520514,0.41052343466924446,0.4924316250311821,0.3893012077620963,0.41901364212153525,0.40581566927209234,0.41817128762423533,0.3875953296860637,0.49037076076698893,0.3614609069664476,0.4632745664859654,0.38374094821178284,0.42647452646470285,0.3838572963007941,0.4597175082236366,0.3615339489866161,0.5785681826874545,0.3573509538066426,0.48290119367281553,0.401194070729501,0.4823748598928439,0.35756722349506076,0.5761943366354139
0.5774694500534777,0.3574228564617079,0.4842921570635678,0.40099247094017026,0.48445398699915415,0.35712285319460013,0.5794982487302063,0.36163170541037376,0.46326043065763545,0.3845130600230569,0.4282853856791927,0.38453562609609465,0.4671551291146078,0.3614016619159244,0.4914471103983217,0.38956063731029983,0.41804556785203006,0.4071087419975277,0.4188115795784191,0.3910264485568677,0.49422558617958373,0.4131057215715609,0.43608643444005557,0.40952159920317427,0.4062690512058178,0.4097183745936661,0.43675566564428475,0.41174110497820704,0.494294479681004,0.3916515637903569,0.4198092157790678,0.4071366129459788,0.4188656044488081,0.38984966963238465,0.49212436357537453,0.3628003421525492,0.4668874945243268,0.3859425196275989,0.42897669384883474,0.3860373303969564,0.4632201220519862,0.36263020886833053,0.5787199629729085,0.35839943097635507,0.4843741752999268,0.4021044958059762,0.4838137388017049,0.35856086060363,0.5763738428189307
0.5768859171694565,0.3587832930016991,0.4850136048548278,0.4015162698938125,0.48520043709643007,0.35853300019996925,0.5788954433943706,0.36313665114845317,0.4659529365700981,0.3860541306299571,0.42996409898526977,0.38609139527433034,0.4699142667071491,0.3631803604145645,0.492492099236371,0.3910882201010568,0.41784756197951867,0.4077422533653132,0.41862721758234245,0.3925494826572183,0.4953755569304678,0.4138727904147591,0.43781612529659053,0.41010159446703465,0.4068208214605991,0.41027612667994634,0.4384524873969631,0.4125405772548185,0.4954364791163567,0.393225469079184,0.4196582367114146,0.4077336821441348,0.4186333939529383,0.39136200690257406,0.4931728479488175,0.36449660008362844,0.4696552189430855,0.3874471351570925,0.4306069179528693,0.38752999419095363,0.46590414542025416,0.3640790250821774,0.5780967884944661,0.35986365766031714,0.4851605590029871,0.4026592602712085,0.4845741575312464,0.3599532695749943,0.5757908740842338
0.5755922882909847,0.36065476816023445,0.4851373742136609,0.4017861899978015,0.4853249433799197,0.36041713257706054,0.577561428734714,0.36501064520059473,0.46763584536076075,0.3868538993602121,0.43067616103702017,0.38689296643384724,0.4716342283792684,0.36528303650942295,0.49279191350403906,0.3917771754666935,0.41675140162597596,0.40764480968717076,0.41751765395867796,0.39321035660506654,0.49574279398117804,0.4141712386344093,0.4384576976760713,0.4099089755224582,0.4066181695241695,0.41006416168343074,0.4390673843935055,0.4128965322600634,0.4957935712947137,0.3939295699918701,0.4185831825803574,0.40759174868908765,0.41750182196687835,0.3920447332968334,0.49348199215294053,0.36651657925322706,0.47138787764528084,0.3881901550875298,0.4312723225657562,0.3882746251900649,0.4675776307300246,0.36589215835779754,0.5767448249847376,0.361756457726865,0.4852834883129099,0.4029276924191145,0.48470438881758793,0.36175700541174866,0.5744678626338935
0.5736899310727269,0.36296940689432033,0.48475376827500255,0.401862077219042,0.4848988808499142,0.3626952163356429,0.5755866532113058,0.36716735388270944,0.4682052329576549,0.38689781651380273,0.4303967850271046,0.3869172433689813,0.47220044201730477,0.36757636519138764,0.49235514951044446,0.39160339210822415,0.41485124257836187,0.4068452945150344,0.41557497708444835,0.39298176331520585,0.4953198736901121,0.4140021262746394,0.4379802845109842,0.4089797839366572,0.4056900866029182,0.4091162290923895,0.4385718410044554,0.4127989299451458,0.4953598681830953,0.3937324076508319,0.4166753105140409,0.4067470078701082,0.4155644710915904,0.39187062836953435,0.4930614078698537,0.3687659786726669,0.4719605380711614,0.38815335591153977,0.43095263628781844,0.3882648492189,0.4681371597237323,0.3680049050980639,0.5747611150413386,0.3640086387308761,0.48481586254519193,0.4029633859912785,0.48426523349592937,0.3639570149127943,0.572548100367089
0.571297604714212,0.36552538414972746,0.4839327723525059,0.4017492306314231,0.4839893946959626,0.36517937784859056,0.5731196459921052,0.36944602757146916,0.4676309994133877,0.3862073717348098,0.4291649201788158,0.38617643896657444,0.4715743550471413,0.3698869840798084,0.4912463001427564,0.3906003611557767,0.41230249870953434,0.4054186956799468,0.4129584322304253,0.39190228182514253,0.49415633782593815,0.4133953838251755,0.4364370055377266,0.4073960955322136,0.4041208620562048,0.40751858992360485,0.4370184724383441,0.4122664144349935,0.4941908568435392,0.39266659231669376,0.4140918390447036,0.4052779492602315,0.4129841453814593,0.39087537616498336,0.49197340422107205,0.3710842595669871,0.4713382209197036,0.38735757551881783,0.42969387394846476,0.38752832733637554,0.4675597916438633,0.37027280363716797,0.5722899087567141,0.36645593134590093,0.4838415831182872,0.40278060568869223,0.48333260180183113,0.36640130383486874,0.5701490215005334
0.5686244784049613,0.3680180030978028,0.48268454058311705,0.40138152032517005,0.48263524349680903,0.3676006936025927,0.5703504345398658,0.37162922581707525,0.4659620845205277,0.38482462900268627,0.42708334888941313,0.38472656647824244,0.46980999781562427,0.3720122880314485,0.4895545769168048,0.3888513128133165,0.40931125902186516,0.4034831874125898,0.4098803223050516,0.3900634559550036,0.4923449629185851,0.412384932231554,0.4339640719478107,0.40529089263812934,0.4020419364822477,0.40540803861362196,0.4345399762422329,0.41132520652664084,0.4923767317924129,0.390831310607472,0.4110407156483256,0.40330660478335345,0.40997038229507055,0.38914428845212606,0.4903072189371309,0.3732595855590918,0.469581500947394,0.38586066532928454,0.4275976114864062,0.38611199021438103,0.46589453479493087,0.37247593380267296,0.569515484024423,0.36885406679885496,0.4824268764758406,0.4023319375938671,0.4819671828520978,0.3688202292362375,0.5674620837729839
0.5658424518666854,0.37013413457607336,0.4810172161173024,0.4006652150696219,0.4808755881696569,0.369676634374707,0.5674791202025755,0.3734763436999358,0.46333330614974844,0.38282559333010424,0.42432128733941876,0.38266961959500034,0.4670468531422624,0.3737554422635188,0.487391696170893,0.3864907926288065,0.40612359410312093,0.401193742108522,0.4065868724605177,0.38760896653122323,0.49001114963972564,0.4110200673961194,0.4307668350375807,0.4028361568543366,0.39962849822840696,0.4029610998575649,0.4313388259801049,0.4100147393547896,0.4900466741746367,0.3883765639346033,0.4077704546342682,0.40098893398488095,0.4067628091591185,0.3868104253773425,0.48816368765485507,0.37506918030737996,0.46683335803764164,0.3837559537303158,0.42482388843161156,0.3840906325655168,0.46326568776614807,0.3743506141943811,0.566644350172434,0.3709324270300976,0.4806290783946967,0.40156505645698337,0.4802127840117554,0.3708857495965385,0.5646365099586202
0.5631712255140721,0.3716426396358118,0.47898297410356216,0.3995724987792195,0.4787775287388732,0.37118545109702883,0.5647208311041191,0.37479001656464794,0.45994439885895533,0.38033962103441904,0.4210973723222642,0.38014340831397325,0.46349438750976035,0.37496180499732157,0.48491485631793185,0.38370175984670873,0.4029998848103755,0.39873289666139994,0.40334000125273084,0.38472583641916464,0.48732921370396565,0.4093941924374762,0.42709890828618857,0.4002327658002791,0.3970788609274215,0.4003727756115403,0.4276715733280084,0.4084116613607396,0.48738219780137537,0.38549007935022456,0.4045435750359287,0.39851287082773157,0.4036192263446058,0.3840523635230534,0.48567997417859143,0.3763337041931642,0.4632947926761395,0.38117995936432275,0.4215829923764395,0.3815880973459407,0.4598753812373899,0.37567817908572254,0.5638910411518891,0.3724641771483488,0.4785176591178548,0.40045857360733156,0.47813202957674333,0.37243650809186657,0.5619524345124972
0.5608205851180604,0.3724373919077471,0.4766861825217533,0.39815970196322176,0.47645490157139075,0.37201553956149436,0.562291523715126,0.3754718189068458,0.4560382379928965,0.37755114156785796,0.41765594934094186,0.3773259960349247,0.45941537156880896,0.375557462039049,0.4823197791085835,0.3807062059866533,0.4001882952598917,0.39630076833298455,0.400405517647455,0.38164384493317066,0.48452163811103915,0.4076400684552822,0.42325155688218064,0.39769372857764096,0.39460558329866324,0.39785050473919875,0.42383541817468323,0.4066443574301029,0.48459837893310337,0.38239572337681393,0.40161912085789425,0.396078456810882,0.40079873721083026,0.3810856130322613,0.483045489029103,0.3769479338113172,0.4592260757989279,0.37832403708607826,0.41813011465729083,0.37878714663967433,0.4559778685974166,0.3763478607012353,0.5614679222948711,0.37331933541254975,0.4762033252163657,0.39905456105236514,0.47581996496358864,0.3733065504373575,0.5595923565332453
0.5589656408940094,0.372521183158155,0.4743056613781249,0.3965564670917538,0.47409269428598444,0.3721643509194931,0.5603853941989125,0.37551419687372267,0.45190391431146315,0.37469192080015323,0.41427309540521046,0.37444744772796945,0.4551136112365394,0.37554089489459114,0.4798111252462817,0.37774872215261285,0.39791840491889846,0.3941022585612399,0.3980289458203797,0.3786183203362242,0.4818157500186456,0.40589329095799676,0.41954085494894344,0.3954300628197981,0.39241481818483515,0.39560284129073986,0.42014389831446425,0.40486253657465404,0.48192040173752904,0.37934835284646984,0.3992382826713088,0.393888781685046,0.3985377065574992,0.3781484389274808,0.48047295391588085,0.37689726451759065,0.4549387023347786,0.3754272869268831,0.4147507949433546,0.3759222167762763,0.4518608245014012,0.3763492989830882,0.5595701928520068,0.37347822684062326,0.47385216137554353,0.3974839937997831,0.47346735402831086,0.37343850178834564,0.5577119755645283
0.5577804643572016,0.372013518297703,0.472102360326749,0.394966649441368,0.4719318281571145,0.3717204696971642,0.5591566712235311,0.3749807910630074,0.4478673495025466,0.3720230367144287,0.4112339111771359,0.37176750663440894,0.45092489515143225,0.3749533499753701,0.47759701630160406,0.3750817860237925,0.3963846335622842,0.392331576094082,0.39640908048688983,0.3759043264197203,0.47944125171258645,0.40429870537550217,0.41627677118658063,0.3936411750660338,0.3906931320963411,0.3938281742827359,0.41690315586824844,0.4032223247375415,0.4795731482237078,0.37660252333902244,0.3976059769977758,0.3921369787544489,0.3970281327187581,0.37548861329340816,0.47818482412037366,0.3762443698083582,0.4507675509850936,0.37275166439602014,0.41173044459329167,0.37325871446825193,0.4478408495568666,0.37575369551293136,0.5583520070930063,0.37301093325838014,0.47168413099343703,0.3959349103072767,0.47130100473964426,0.37293237932961176,0.5565010737404429
0.5573426010329154,0.3710702015971262,0.470370592324023,0.39362909042911765,0.47024124555628266,0.3708100237060979,0.5587180072965306,0.37398542585335204,0.44425684868669163,0.3698028098914705,0.40880782150755035,0.3695347757655816,0.44718746365394135,0.37387391776183054,0.47588917545240933,0.37293461735442257,0.395725959138314,0.39114922105160654,0.39568426223134456,0.3737322230727296,0.4776173912649129,0.4030134287058553,0.4137296547234173,0.3924863538733396,0.3895932289703575,0.3926884542667217,0.4143842789573996,0.4018850655309982,0.47777476253859147,0.3743884604472332,0.3968714605039384,0.3909827656555141,0.3964055397713735,0.3733449981247832,0.4764060760835832,0.3751010237013551,0.44704971964672996,0.3705473511602967,0.40933316154294086,0.37105615010917753,0.4442399017989893,0.3746972799369561,0.5579235288140258,0.37204170539427417,0.4699496380746923,0.3946215448207045,0.469570239098922,0.371950806676449,0.5560582182297114
0.5577317861257479,0.3698200804033707,0.4693401128751116,0.3927329447519746,0.4692323187106366,0.3695531546934023,0.5591231920738873,0.3726548460447293,0.44136880037652515,0.3682457173008798,0.40720791464370154,0.36795867166276014,0.4442160527052182,0.3724055226591151,0.47486439598144764,0.37149354844685445,0.3960084051230171,0.39066879802085647,0.39592534630913806,0.37229230408340086,0.476522533419721,0.402164306962069,0.4121130422271449,0.39207178976013274,0.38921616246931146,0.39229480430826813,0.4128043907937097,0.4009876499839814,0.4766983951600623,0.3729041540952007,0.3971058101633503,0.3905365516817586,0.3967324810833513,0.371911609625228,0.4753309464408805,0.37359640838478886,0.44409352804544183,0.36902608160022066,0.40777439890082146,0.3695352113178024,0.4413619952538353,0.37333528018766343,0.558336818125441,0.37070387174217045,0.46887084395803647,0.39371428770701655,0.4685063021804468,0.37062676457265964,0.5564571473990294
0.558915338985701,0.3683353879669794,0.46913940172452284,0.39236598567846726,0.4690349535147001,0.36803446027072656,0.5603549667781705,0.3710891385842695,0.43945257536157606,0.36749770922685177,0.40657736898353436,0.36718889102343305,0.4422658313065451,0.3706460071995441,0.47462410430182167,0.3708947334984515,0.39721917948548247,0.3909394348710983,0.39712996913983656,0.37171867505463335,0.47626270362284456,0.4018228995517914,0.411577194007268,0.3924444435941999,0.389604453487799,0.3926909340389606,0.4123073929193778,0.4006075558712804,0.4764452511994327,0.37229239096440925,0.39829913003389894,0.3908491543508663,0.3979936929654904,0.3713197736358939,0.4750776631331216,0.3718495317274577,0.4421507405474736,0.3683346903778676,0.40720123461673785,0.36884731194107,0.4394630409289653,0.3717805467705577,0.5595722726167359,0.36910557853516357,0.4685944864234991,0.3933243162606696,0.4682544383767919,0.3690331230947853,0.557627656452356
0.5608090060800649,0.3666511306133797,0.4697813283263495,0.39253166434192377,0.46967172078186875,0.36630409161565247,0.5623237545962699,0.36936062886166005,0.4386840132927433,0.3676251834632513,0.40698376599001906,0.367295002777401,0.4415059075609646,0.36869450305419393,0.4752028220533794,0.3712062883624081,0.3992666647198417,0.39194687463689665,0.39920782661649096,0.37207408540891634,0.4768660257741684,0.40201963601800483,0.41218438333284235,0.39358710292096616,0.39073509802420814,0.39385385952372687,0.4129493766490434,0.4007672757488141,0.47704793892649117,0.3726201208329264,0.40036394204175885,0.3919073557795696,0.40009460810628955,0.3716323226284279,0.47567177504308145,0.36996513710646917,0.4413929565822313,0.36853048703107627,0.40767414001765834,0.36905312197981766,0.438720224370841,0.3701017612745267,0.5615430564805296,0.36732092333382704,0.46916038016562256,0.39346921182740846,0.46884468899712184,0.36727842103813074,0.5595277016684279
0.563279183286663,0.36478744378309313,0.4711669319411015,0.3931555475240951,0.4710502272409465,0.3644032298997767,0.5648817729575041,0.3675371736952546,0.4391317254431459,0.36859922483255586,0.4083983119021816,0.3682559774270926,0.4420043846087574,0.3666579055486622,0.47657120519543683,0.37240978814976927,0.40199037078229183,0.3936137128878946,0.4019894607475404,0.37334248599272224,0.4782990062063254,0.4027473093769915,0.4139011220112432,0.39541314636391445,0.39252591088709576,0.39569779094955054,0.41469307903752306,0.4014474950829451,0.47847514929246227,0.3738697627201699,0.40313920459283537,0.3936298219682084,0.4028681239455811,0.3728344632556688,0.4770689195168756,0.36803369068630376,0.44189090763726707,0.3695824864744792,0.40915447315382386,0.37011525017056157,0.43920279853329697,0.3683581745489577,0.5641008030249793,0.3654069399037957,0.47050176944415123,0.39407661042586817,0.47018899803661274,0.3654309904364632,0.5620254270760244
0.5661169017177956,0.3627689214820377,0.4730953507426206,0.39408828283551434,0.47299868807775114,0.36238628403060935,0.567835280773655,0.3656957730958177,0.44074995752766943,0.3703063565149393,0.41070109144706934,0.36997161327282313,0.44373051776834366,0.36467017993060247,0.4786242094533595,0.37440119125220384,0.40516842356909855,0.39580348525538006,0.405248619556402,0.37542462600276527,0.480454893256917,0.4039338426516248,0.4166001890139087,0.3977749693903187,0.39483966638356066,0.3980770712406534,0.41740926871820677,0.40258455143141525,0.48062271090523595,0.3759458608687938,0.4063980672570859,0.3958727193394407,0.4060871238846882,0.37482607820240343,0.4791534829092689,0.3661458906903826,0.4436133202112405,0.371381202731505,0.41151050925547783,0.3719090692089525,0.44085967971626533,0.3666067432921387,0.5670480155980041,0.363427862668234,0.4724547357475284,0.3950228663895907,0.47212467070312875,0.3634847123047586,0.5648875170105309
0.569125347787413,0.360695323453589,0.475343141025013,0.3951701043436576,0.4753010247043741,0.36035805362300566,0.5709515989608576,0.36393940527603114,0.44340018837535966,0.3725804363694948,0.41369955495077054,0.37228382252129755,0.4465511542678871,0.36287189558725064,0.48118242836580133,0.3770166201301996,0.4085330263393411,0.39833736667581254,0.40871596226839846,0.3781500111036987,0.483161286651481,0.40546359404378923,0.4200703168323178,0.40048047416004107,0.3974903763567349,0.40079568512311214,0.4208869530348942,0.40406733852764287,0.4833178740602095,0.37868135407389614,0.40986587200009406,0.3984491062260538,0.40947779095306225,0.37743407683908026,0.4817417356904167,0.3644137968209291,0.44641734407288836,0.37375474574522605,0.4145405809216715,0.374256236271989,0.4435416514929816,0.364915640296476,0.5701511349729094,0.3614802119500025,0.47480374424428434,0.3961596242101275,0.4744449631035441,0.3615337528578877,0.567899197255479
0.5720310177117001,0.3587636041774344,0.47772222384509166,0.3963092849156502,0.47776689642085507,0.35849890179541344,0.57397633228857,0.3624085822147266,0.44686164778225296,0.37523238142602866,0.4171484840304558,0.3749915274367187,0.4502272446379796,0.361417024659815,0.48404116912231115,0.3800479252679426,0.41179665124396897,0.401005958652584,0.41209376412206966,0.3812955845833018,0.48620586646438235,0.40721325156064014,0.42403095675686786,0.40330862397148237,0.4002586396975545,0.40362632651452146,0.4248459047939,0.40577287988058586,0.4863538254079054,0.38184713376691476,0.41324646851963825,0.40114893816927333,0.41275165872764474,0.3804412566390182,0.4846176885776491,0.3629768891455182,0.4500592939196759,0.3765015112540767,0.417999524265383,0.3769551562066661,0.44702118484261516,0.3634109369760435,0.5731566575685358,0.35971990126788334,0.4773290486496174,0.3973853666879082,0.47692467011280854,0.3597507378151389,0.570821815397152
0.574611769960393,0.3572442172626148,0.4800846345426992,0.397485689661375,0.48021906236097145,0.3570440123582552,0.5766603482877078,0.3612876888954114,0.4508358207328979,0.378057035427525,0.42076019789388625,0.37787167277070327,0.45443847572939194,0.3604723513611372,0.48698651295065254,0.38324744920885184,0.4146730241138198,0.40359408078399145,0.4150880402272907,0.3846027810214222,0.4893627206197511,0.40905774641816506,0.42815360454812895,0.4060259671696912,0.40291069310896954,0.4063350869352617,0.4289590529434808,0.4075866548979775,0.48950206945182156,0.3851776446018078,0.416249732724529,0.4037537351265318,0.4156328328632616,0.3836041352767945,0.48757038045714846,0.3619969180019088,0.4542308053609429,0.37940453006499564,0.4216070659896416,0.37979619229707906,0.4510001293663481,0.3622803399128342,0.5758189351858716,0.3583553864786071,0.4798376985534215,0.3986353498600012,0.4793887075199283,0.358360197887555,0.573436348583058
0.5766482943275619,0.35639647065220914,0.48231749465229656,0.39870059056392515,0.48251722097390504,0.3562285046288453,0.5787807686279995,0.36075919796019906,0.45497821261679466,0.38083704755994524,0.42423608481281916,0.3807026731213024,0.45882176057881385,0.36016946642654374,0.4897882173360891,0.38634541615759865,0.41691261500416243,0.40589699877736174,0.41743923471331806,0.387797888399903,0.4923888900132591,0.4108574407186758,0.43209614546978004,0.40841067869549597,0.40522188860800656,0.4087069965446676,0.4328804050031576,0.4093899900997998,0.4925141776489158,0.38840056377571747,0.4186157741706585,0.40605471533534704,0.417870944797858,0.38666674707481474,0.4903865919670596,0.36162725272398677,0.45858273759805274,0.38224685704498346,0.42506599209574136,0.3825700678010388,0.45512876332474234,0.36172449762916237,0.5779125949784836,0.35760315800888226,0.48217627105118016,0.39990321086927694,0.48169793979196607,0.35755028059857474,0.5754748370328555
0.5779521236706898,0.3563962223418934,0.48432304523452196,0.39995895086747263,0.48455442838852975,0.3562148888771769,0.5801526595080649,0.3609390818179372,0.458932540782943,0.3833648984588218,0.4272923658152198,0.3832743866672471,0.46300076492846826,0.36056943443987266,0.49221881133948286,0.3890824084964923,0.41832250768230905,0.40773253773594165,0.4189388451449442,0.3906121641643978,0.4950378474210342,0.4124713192343119,0.4355239789795751,0.41027229893393646,0.40699307562398696,0.41055166648719177,0.4362761264825629,0.4110471217656348,0.49514497876713615,0.3912487416287728,0.4201378010127189,0.40787127111245947,0.4192672970150426,0.38937684368928716,0.492852087418591,0.3619658989422959,0.4627439604600247,0.38481035846670886,0.42809124306230345,0.38507358984804385,0.45904960011207296,0.36188056011823727,0.5792590749408815,0.35762105968682084,0.48421862521102,0.4011825564475238,0.4837464187024475,0.35750801059710374,0.5767703225696488
0.5784201460881158,0.35728028546368706,0.48601438937290037,0.4012221971015973,0.4862158357926274,0.35703194271910466,0.5806518859003894,0.3618381867706862,0.46236113004467744,0.3854452487284118,0.42967499961734434,0.38537877032469586,0.466613508108107,0.36163615491662193,0.49409331792674316,0.3912289432607474,0.41877897788394364,0.40895270843615894,0.4194526429619362,0.3928038985245989,0.49709585648798454,0.41378337428653555,0.4381398880245111,0.4114607336078348,0.4080746398326336,0.41171996152626156,0.4388554732211391,0.4124253033575727,0.4971819543173035,0.3934796004063297,0.4206831128922756,0.40906108276002706,0.41969705285198416,0.3915098451514784,0.49477772573220413,0.36301257952272487,0.4663428800073641,0.38688643380510795,0.4304307611651771,0.3871181335346906,0.46242998160773474,0.36278170758342226,0.5797368808009827,0.35845056509358886,0.48585974217497274,0.4024213768803069,0.4854079434076165,0.35833011846774215,0.57724976899692
0.5779950963469577,0.35888812120445324,0.48724491150234756,0.4023593753899931,0.4873662785416286,0.3585506274414299,0.5802435450504481,0.36334841613253477,0.4649588037355097,0.3868995559609017,0.4311766494627502,0.3868278408110628,0.4693407238965763,0.3632498734746302,0.4952714800200546,0.39260195654325336,0.4182431549037867,0.40945987400651795,0.4189406253034238,0.3941858914118843,0.49839649533845454,0.41468649215878467,0.4397203749133209,0.4118797737709878,0.4083778873461683,0.41212013910915957,0.44040052034647537,0.4134072307207435,0.4984596016164303,0.39490501880875195,0.4202061647229016,0.4095307727820147,0.41912832427521085,0.3928852244268319,0.4960198711466339,0.36465484909668494,0.4690574365738175,0.3882940635025112,0.4318886619851974,0.38852899427438936,0.46497908894869544,0.36433047429356663,0.5793076499118891,0.3599864003356417,0.4869825625752587,0.4035023368181883,0.4865646655747087,0.3598765300129606,0.5768321050290108
0.5767471737938682,0.36092941057327704,0.4878318952071529,0.40315968181494266,0.48785656603130906,0.36052303185784285,0.5789702608147387,0.36526016121862037,0.4664937938255865,0.38757807341390094,0.4316697347779766,0.38748605807911524,0.4709447736002952,0.3652228736927392,0.4956474310353268,0.3930856918476421,0.4167722518632716,0.4092169829777675,0.4174634471991682,0.39464345532063994,0.4988248635514554,0.4150746393294082,0.4401445775659973,0.41150389696449363,0.4078879751037185,0.41172818472859257,0.44079259699587375,0.41388197683934824,0.4988633705990533,0.39540875491242056,0.41876061729594083,0.40924881796170165,0.41762243091380447,0.3933803865024647,0.49646254306184,0.36668742618847994,0.4706523393278368,0.3888949430368542,0.43233924823789344,0.38916099273677646,0.46646814725294006,0.36629869138918825,0.5780164454669297,0.3619987328284709,0.4874627453165806,0.40424523016196895,0.4870856444610439,0.3618844948086247,0.5755549526386504
0.5747616740857804,0.363095005140174,0.48763330608586647,0.4034290864702021,0.4875757566166466,0.36266639954986823,0.5769445563532133,0.3673198152518067,0.4668333493488549,0.3873950127806533,0.43112471713056943,0.3872836012222588,0.4712837017611209,0.3673373262394401,0.4951773448372996,0.392644092094115,0.41452012769304897,0.40825913326492513,0.4151697345150383,0.3941444184382567,0.4983338182505028,0.4148934678339488,0.4393947131644083,0.41038515046474655,0.4066686612948839,0.41059680367616536,0.44001135264358576,0.41377655069251196,0.49835617246110225,0.3949544471389417,0.41649302501017504,0.4082541521336577,0.4153279696240879,0.39295229830859557,0.4960434307431938,0.3688630311587021,0.4709887892345864,0.3886166873205948,0.4317457376382006,0.38892532393233553,0.46676009361279924,0.3684014048208635,0.5759777910874537,0.3642059242025441,0.4871946701115799,0.40449171436744136,0.4868503262270362,0.3640817187477173,0.5735433775342204
0.5722283029994482,0.3651504238318348,0.4866009322490654,0.40308123846989247,0.4864915255634473,0.364745978450675,0.5743506474427652,0.36930580220833376,0.4659413720394465,0.3863523298110907,0.4296050070667057,0.3862271752434614,0.4703283611017206,0.3694004678276565,0.4939135449031946,0.39132297920970727,0.41171554131986865,0.4066939295464733,0.4122854029380928,0.3927433493669241,0.49697994083857033,0.414160918033323,0.43755693864694195,0.4086448811697089,0.40485540144679116,0.4088491497367901,0.4381466745451852,0.4130936365789036,0.49700258591329144,0.3935886736097919,0.41363352691248767,0.4066526451380984,0.4124759550141409,0.3916499589627351,0.4947878040002747,0.37095720649637265,0.47003609263767465,0.38747039057548305,0.4301682564811273,0.3878201334497667,0.4658243239682618,0.37039331733317005,0.5733785516394235,0.366357526220096,0.486138154818577,0.404143795267411,0.48580503039318923,0.3662299965307152,0.5710057131192959
0.5693864771850474,0.3669661928176807,0.48480906397197693,0.4021540879297384,0.48467698925684916,0.3666209789023076,0.571432562892581,0.3710705905261615,0.46388403333055006,0.38455284818355334,0.4272612627908775,0.38441661146879735,0.4681640755568348,0.37126812969811285,0.4919827444146501,0.3892557636932065,0.40863769342578127,0.4046914624303013,0.40910261792813546,0.39058462283472406,0.49490756659386514,0.4129542570439394,0.434820014659134,0.4064662169964736,0.4026418522424214,0.40667083121005454,0.43539455036741265,0.41191530315960767,0.4949459013578355,0.39145040263685776,0.41046633789428566,0.404614017497385,0.40935441457784527,0.3896059296290507,0.492828393052742,0.3728016383737174,0.4678777298109367,0.38557374027534286,0.4277700121621942,0.3859544568936532,0.4637392318276914,0.37211631950932833,0.5704573892564764,0.3682843339803332,0.4843614824580758,0.40322960211903025,0.48401966012332415,0.36812609048451395,0.5681458336915457
0.5664924611140139,0.3684960497088424,0.48246423888390827,0.40080330259550134,0.4823451854614492,0.36822274994374726,0.5684649381954552,0.37252982552297753,0.4608481539820951,0.38220167239417874,0.4243363596154316,0.38204984868073555,0.46498709481695,0.37282762998014407,0.4895762121049503,0.386659587353839,0.40559677298115515,0.4024649692117925,0.40594836501049913,0.3878913353657355,0.49233007618835256,0.41139331626611897,0.4314663429581967,0.40407814257517355,0.4002598037599427,0.4042892031740578,0.432038723648844,0.4103731108619564,0.4923938018383153,0.38876385065298086,0.4073120250003093,0.4023575936351468,0.4062838510690536,0.38702802194819347,0.49036535661474634,0.37428942118487735,0.4647102646141804,0.38314121435506787,0.4248085448052413,0.3835469494017204,0.4606939070665445,0.3734945762906411,0.5674912800029007,0.3698979128956273,0.482044323924772,0.40190160089776716,0.48170385537172317,0.36965325228259927,0.565211622213806
0.5638378253745928,0.3697512445368951,0.4799075067382918,0.399276302335632,0.4798003557698102,0.36952499394927174,0.5657269276343898,0.37363453173519207,0.4571285824102895,0.3795776944534041,0.4211392507065275,0.3793962197682279,0.461092171154038,0.3739816554929633,0.48694238777657234,0.3838133853156651,0.40290375203692486,0.40025453301162744,0.4031420432701599,0.3849458323351947,0.48951559569693565,0.4096513139548129,0.4278388612075198,0.4017384948013927,0.3979540600202936,0.40195856252614376,0.4284180888506478,0.40863906669301586,0.4896076954517907,0.3858098664597529,0.404493191873197,0.40013264744772836,0.403579816547714,0.3841915794442784,0.487662821105474,0.37535862928669717,0.46083079132555904,0.38045305971103177,0.42160070474665007,0.3808901026280351,0.45698001408529354,0.3745044316932976,0.5647592218269453,0.37115867233706834,0.47947515236679006,0.40038243328805867,0.47914565056540864,0.37085687886333163,0.5625325084801509
0.5616619794847743,0.370703340859181,0.4775029848460307,0.3978290701886251,0.47738383829562947,0.3704818242167035,0.5634902787289523,0.3743462819517448,0.45309236266732256,0.37698002056233165,0.4180079265123813,0.3767508471669907,0.4568566577855813,0.37464818756480345,0.48437334297936785,0.3810120134145447,0.40084353015407986,0.39829540528162843,0.4009750450923528,0.38205345980493627,0.48676434335815494,0.40792862230009697,0.4243075191188946,0.3996940860658929,0.39596854540913373,0.3999287990696986,0.4249008476483272,0.40691088104531814,0.48688524235483316,0.38289340762727986,0.4023099088668331,0.3981761825695871,0.4015299186211515,0.38140158780450223,0.485028332529482,0.37596320313425946,0.45662359374835215,0.3778066464306461,0.4184878454627269,0.37828946422629994,0.45296196215635737,0.3751407023873233,0.5625322859816886,0.3720280087768769,0.4769894440680983,0.3989093584913944,0.4766728773257537,0.37170631750834027,0.5603525418788606
0.5602141140916639,0.3712494808538659,0.4755407079393296,0.396634739505239,0.4753845883381282,0.37099785340602104,0.5619847340555655,0.37461091754535664,0.44913746745427297,0.3746800250820604,0.4152699278928284,0.37439562165199863,0.4527097681581354,0.37476048499913694,0.48214383292136004,0.3785394987530083,0.39963913014101854,0.3967971995001395,0.39967798953638867,0.37951200352683134,0.48436713283469385,0.40640140592190055,0.4212335050194401,0.39816190226181136,0.3945141164680457,0.39841900975778427,0.4218523663929652,0.40536914050817024,0.48450584573895117,0.3803174170705747,0.40099703035205825,0.3966950761385877,0.4003537212354333,0.378950305096284,0.48275518642065013,0.3760596335340795,0.4525122397154882,0.37548028601572275,0.4157930388600871,0.3760215971357576,0.4490397866842506,0.3753781975904493,0.5610381464110709,0.37244094707742853,0.4748985238894124,0.3976548516554774,0.4746097230129121,0.3721179016864778,0.5588902061937309
0.5596260730940334,0.37124234574614456,0.47420448534087833,0.3957615221210527,0.47400456035133853,0.3709517596078109,0.5613674029455804,0.3743544944287045,0.4456636616346256,0.37290222884355123,0.4132114002654351,0.3725694888210629,0.449075250943315,0.37426375551578417,0.4804785172235303,0.37665382448895585,0.39942442219329477,0.395921053799702,0.3993955802778058,0.37758585298441893,0.4825583324544394,0.40520664558256336,0.4189402296675724,0.39731074108114034,0.39375066715788504,0.39759351838678,0.41959284463445157,0.40415116866679823,0.48270606376335,0.3783533552317207,0.4006968677733692,0.39584830409947225,0.4001768963642015,0.37709256115016826,0.481072885019392,0.3756030650739711,0.4489090894821164,0.37370224750658493,0.4137937070034298,0.3743084266448884,0.44561199307001415,0.37514241967564427,0.5604314092750691,0.37230560994512896,0.4734299851883708,0.39672954887994616,0.47317472531372096,0.3719849790620927,0.5582780366786237
0.5599692413480958,0.3705605701650528,0.4735750389098953,0.39522380027990367,0.47334614259147,0.37024472284489574,0.5617082709664587,0.3735238988618872,0.44302600609695014,0.371812046328157,0.41204758166251276,0.37144328769951174,0.44631779283311673,0.37315404806595787,0.4795535060500529,0.3755597822080222,0.40023499525279943,0.3957587816620043,0.4001675798709727,0.3764800818193036,0.48152066819165573,0.4044547707339399,0.4176750467875711,0.39723679321530597,0.3937675154479183,0.39754264998203737,0.41836668741406957,0.4033575584234375,0.48167344584142613,0.3772120489797616,0.4014529932971476,0.3957316187144661,0.4010275586050474,0.3760218081265131,0.48014044464350714,0.3745772044608562,0.44617238882649646,0.37263511429060703,0.4126960101708697,0.37330071061658165,0.4430323777199207,0.3743640145578139,0.5607845371281662,0.3715442250266259,0.4727044315940453,0.39615845604748556,0.47246914826449093,0.37126069623694624,0.5586214560167617
0.5612278104159726,0.36916280301503523,0.47364082452660916,0.3949930894397857,0.4734101448030609,0.36885548065102475,0.562988641769132,0.3721310885237849,0.4414861524940378,0.37149746353278745,0.4118994423193789,0.371107694512794,0.44471056665781816,0.37150734031897237,0.4794741666336891,0.37537549610307963,0.40200159067378394,0.39633158229142823,0.40192688294716566,0.37631946232545777,0.4813739929539657,0.40422409099979784,0.4175850548816952,0.3979535986082121,0.39457916759956396,0.39827938905356786,0.41831587262400466,0.40305966644896846,0.48153005664625587,0.37701898091743025,0.40320098752613176,0.3963635641450101,0.4028343114844596,0.3758560007258806,0.4800500591776407,0.37302239095483086,0.4445775584056129,0.37236834949551106,0.4126142658703362,0.3730735303701628,0.44155840779148925,0.3730369173363912,0.5620728300237188,0.37014503302224044,0.4727438640689818,0.3959201589962927,0.4724953766032311,0.3699191015165477,0.5599034128318363
0.5632809794262332,0.36712193206291066,0.4743224170429225,0.3950205623423737,0.47414390204169976,0.36687236672952206,0.5651012434001287,0.37027861328476736,0.4411910658011219,0.37197270580501607,0.41278474466071907,0.37158901278884626,0.44441960637553146,0.3694784433798425,0.4802550138764076,0.3761262319597021,0.40455158358121124,0.397591929690906,0.40450419792071746,0.37712860622991495,0.4821510364731888,0.4045294385671227,0.41870078609319383,0.39939443178812956,0.39611679839625413,0.39974215447884537,0.4194662276548337,0.403286454227299,0.48230596166804685,0.37780601666054925,0.405773845706216,0.39768734353635415,0.4054240955419093,0.37661547484577046,0.48081438376748237,0.3710581545802353,0.44429669829371926,0.3729196370169994,0.41355955390746657,0.3736282394408604,0.441326789069545,0.3712373935584725,0.5641861496240235,0.36819312133373816,0.4734897830859794,0.3959863947486655,0.4732091571951491,0.3679749514022457,0.5619690384054185
0.5659566812938079,0.3646744489367213,0.4755476157246024,0.39529782654747403,0.4754640744966286,0.36451151779298574,0.5678453438171102,0.3681568051724784,0.442172429684235,0.37319273460579366,0.41462515311810966,0.3728487963652857,0.44548705540503664,0.3672837504446285,0.481824837144035,0.3777459445954143,0.4076296084761894,0.39942371451846626,0.40764074370205905,0.37883409965340226,0.48379019109243726,0.4053362017491684,0.420927269939925,0.4014259023725867,0.3982357468519435,0.40179416243334976,0.421717313346198,0.4040170369464664,0.4839423766617342,0.3795031204146441,0.4089120317489245,0.3995780242243902,0.4085332144658919,0.3782293506687453,0.48236319154957863,0.36888152503245153,0.4453659812822131,0.3742374193464102,0.41544367164743623,0.37490906148038144,0.4423538454961671,0.3691394413944459,0.5669236913043227,0.36588398571260006,0.47484795252722256,0.39633596487430456,0.47453206122900826,0.36564405706099473,0.5646466870345799
0.5686757112441975,0.3624006971976198,0.47708756110086853,0.39579501943342477,0.4771079531028956,0.3623063094038177,0.5706528385181318,0.36621763170676425,0.4441118510927328,0.37484830223879484,0.41697057016621664,0.3745571348285909,0.44756954032637053,0.3653621866063184,0.48382166564442075,0.37982714845500487,0.4105747064970924,0.401407806738196,0.4106605522658414,0.38100629871623404,0.48591468717932695,0.40644533021302887,0.4237209328879051,0.4035892798649158,0.4004645765296535,0.4039700943509131,0.4245265309611706,0.40506317250326346,0.48606326157046753,0.3816775988554906,0.4119414637661311,0.40160613764268444,0.4114991046249009,0.3802914916894079,0.4843451174099743,0.36694236074298503,0.44743482763597475,0.375991048677895,0.41780991614906904,0.3766002464421148,0.44431264962605316,0.36719400552924064,0.5697200822221578,0.36372415265446667,0.47651702140589347,0.3969118422283056,0.47616474081801285,0.36346566758755605,0.5673885031686144
0.5712822233224137,0.36066128524764746,0.4788606779500314,0.3965619301859805,0.47895421354766793,0.3605912549786249,0.5733364784961137,0.36474014153970125,0.44665712537345453,0.37673958827466253,0.41951282976609583,0.3764909297057494,0.4502863377345724,0.36394804531877145,0.4860267777047532,0.3820954757175514,0.4131326068206415,0.4033487461217096,0.4132992343161422,0.3833618872992276,0.48827692124819355,0.40774316820731993,0.42670253291685056,0.40567082349876826,0.40258276724225767,0.4060539444731837,0.42751690989691205,0.4063210996874129,0.48841981266512813,0.38404030037838033,0.4145959601899349,0.4035751717217345,0.4140732393696328,0.38253541559214854,0.4865476628021601,0.36549660355453367,0.4501264871913787,0.3779675377028949,0.42035983025048196,0.37850943452341973,0.44685650160713997,0.36570844925502255,0.5723904113690872,0.36203733263570076,0.47837144785036,0.39772029584096075,0.47799413091789134,0.36177082653687265,0.570022616339859
0.5735749992697098,0.35964503478816834,0.4807405391392317,0.3975783400605962,0.48086968425003274,0.35955755400642275,0.5756963468304912,0.36388390659037395,0.44946247130126626,0.3786979544158426,0.4219983943761766,0.37847542209550095,0.4532613319097092,0.36315852884787364,0.48821757022359386,0.384334131729027,0.41516923272769174,0.40512230745150035,0.4154153357923397,0.3856746694145041,0.4906310063239197,0.4091070516127453,0.42956926034078924,0.407539377312999,0.4044468079584103,0.40791726698775227,0.4303840662752579,0.40767696474707305,0.4907611288231818,0.386363009778067,0.4167285453153571,0.4053620590569561,0.4161228765975119,0.3847496779859466,0.4887584202397244,0.3646876708472198,0.45307669257988836,0.37999406676601744,0.422849687967328,0.3804801474333966,0.44964592960946365,0.36485845429524666,0.5747337526261981,0.3610172898140708,0.4802791490743912,0.39875142992756285,0.4799004466143146,0.36073623984219383,0.5723214795784922
0.5754298935507933,0.3593418397200487,0.48256733731191764,0.39873927751628346,0.4826982966425666,0.35920969966985694,0.5776011960892231,0.36365142715558685,0.4521933266448439,0.3805495208885016,0.4242129118240823,0.38034229240354217,0.4561345815714117,0.362974126497196,0.490197566603788,0.38635209039505436,0.4166341868089785,0.40663226788899676,0.4169477266465108,0.38775028715596327,0.492756974771338,0.41041052184887883,0.43207430357498905,0.40909951797517896,0.40596167570586317,0.4094673032545859,0.43288144004006207,0.40899863839554806,0.49286943006972395,0.38844923825637623,0.41827719992891105,0.40687355267569153,0.4175931281178471,0.3867493882536028,0.49077674563713264,0.36451077252355435,0.4559312285446658,0.3818876776143286,0.42506318507510304,0.3823402205678299,0.45235025059007006,0.3646498811848321,0.5766237377012963,0.36068070805421826,0.48209042262410956,0.3999083380524126,0.4817289894241173,0.3603956710056868,0.574174557098556
0.5767820188008991,0.3595903090107529,0.4841684205653477,0.3998852532886884,0.48427513371195857,0.35940669910448697,0.5789853203228876,0.36391559891127445,0.4545509196256,0.38211478749482847,0.42598307222696413,0.38191397524849097,0.4585965204907513,0.3632682785410698,0.4918272132587314,0.3879850433933678,0.4175379627110253,0.4077957537983644,0.4178981967307061,0.38941894440679214,0.49449710187137497,0.41155005767486647,0.4340324600046829,0.4102754797532356,0.40706563556009717,0.41063187469163454,0.4348273479195135,0.4101642257274744,0.49459160149859344,0.3901301779958861,0.4192447679638307,0.40802967054490236,0.41849342422990643,0.3883732949686181,0.4924481118882841,0.36483326617610456,0.4583788021008294,0.38346666596271284,0.42682358293032113,0.3839075988613495,0.4546794095129454,0.36495036242805323,0.5779956074412326,0.3608967674042287,0.4836564352523371,0.40103726197856593,0.4833098234656108,0.3606309441080232,0.5755332942947696
0.5776388775473261,0.36015236726463057,0.4854026534373271,0.40086006806317204,0.4854809797973065,0.3599347388809966,0.5798648131125804,0.3644847233340831,0.456338171916603,0.383269451302233,0.4272207130852458,0.3830691862689024,0.460452318445557,0.36386213960888614,0.4930359942502563,0.38914093285733775,0.41796199812391666,0.40858212503312696,0.41834808618091707,0.39059214897052935,0.4957746550121055,0.41245624461765595,0.43536747908062245,0.41104693062839925,0.4077589723741388,0.41139425400938134,0.43615041868780763,0.41109594246476344,0.49585345426239,0.39131608771602294,0.419709820825047,0.40880205739199027,0.4189083234403513,0.389527947026235,0.4936908725123591,0.36545813411960293,0.46022346502974676,0.38461574231806356,0.4280463201649856,0.3850576687566724,0.4564453614535698,0.36555377771553155,0.5788640931343844,0.3614549197499061,0.484863827460855,0.4019996146972785,0.48452767120640156,0.36120736137722353,0.5763979050014154
0.5781224786656319,0.3608096945449087,0.4862175335661798,0.4015714005301811,0.48627813215885596,0.36058021991788664,0.5803499688751835,0.3651541890851442,0.4575040597640071,0.383995837305688,0.4279531497196631,0.3837931464994293,0.46165558565701664,0.3645586198241579,0.4938205772774185,0.38983400046379374,0.41805492545970285,0.40903334874458197,0.4184502727713515,0.3912882949196855,0.49659219564132245,0.4130956839328374,0.43612731648830555,0.4114696031074608,0.40811387610161803,0.411810415386473,0.4369000225958427,0.4117562129444907,0.49665943977241356,0.39202398302433367,0.4198219177912572,0.4092384679104536,0.41899062391067826,0.39022233765882247,0.4944975855428994,0.3661722962182582,0.46141866389883646,0.38532656826959905,0.4287639105334275,0.38577495692950275,0.457599175898538,0.3662429305094981,0.579341768509255,0.36213202718867793,0.4856745229169006,0.40270837244942587,0.48534270635372706,0.3618866778396742,0.5768737204627075
0.5783098991123253,0.3613579034755906,0.48662985921365093,0.40197738301721336,0.4866854293823897,0.36113043401050693,0.5805361268502333,0.36571365335052275,0.45810396289268707,0.38434633764745596,0.4282760074982209,0.3841415143822439,0.4622684094500856,0.36514664120392626,0.49422079464269186,0.3901473683871537,0.41797353526214626,0.40922474020988814,0.41836720582657594,0.3915969202909015,0.4970010420087839,0.41345739074227733,0.43643934790433647,0.41163262392247235,0.40823045259441115,0.41196942223952904,0.43720477680265935,0.412131440534638,0.4970633169786456,0.3923403373103874,0.41974369596828975,0.4094193582974003,0.41890016173186,0.3905367352734904,0.49490639472800607,0.36676279624302766,0.46202789025393287,0.3856619973614072,0.42907522232395967,0.38611581403221534,0.45819304864078797,0.36680537563191296,0.5795241118330232,0.3627046333219312,0.48609379308574563,0.403121005175865,0.4857631437244834,0.3624528089481978,0.5770555241867541
0.5783452272769499,0.3616682916296484,0.48675928408557717,0.4021327082328532,0.4868128287212996,0.3614452254715365,0.5805671407843429,0.36602665262808165,0.4582958461423479,0.38444610829620973,0.42834854420342133,0.38423992797100276,0.4624609091355667,0.3654779630655261,0.4943476364258299,0.39022319455625387,0.4178749776939129,0.4092660906990998,0.4182640631282647,0.39166686529518824,0.49712570350284674,0.4135928139575369,0.4364929041945911,0.41165650321454395,0.40823331767306786,0.4119918143908407,0.43725523648223763,0.41227209788245645,0.49718729669637773,0.39241334425261576,0.4196420746716479,0.4094557836779003,0.4187969980126792,0.3906129627078965,0.4950335563030495,0.36708957559491956,0.462219852881189,0.38575243300780593,0.4291415544591362,0.38620921698573357,0.4583827558875225,0.3671136726972506,0.5795538810367933,0.36302806615957384,0.48622680544395946,0.40327848619865525,0.4858954809619856,0.36277307272304093,0.5770899668243845
