0.0,0.0,0.0,0.0,0.0,0.0,0.0,0.0,0.0,0.0,0.0,0.0,0.0,0.0,0.0,0.0,0.0,0.0,0.0,0.0,0.0,0.0,0.0,0.0,0.0
9.249102348785065e-6,9.249026700575147e-6,9.249026700575147e-6,9.249026699853502e-6,9.249102348118932e-6,9.24902669924288e-6,9.248951051754606e-6,9.248951051865628e-6,9.248951051421539e-6,9.249026699187368e-6,9.249026699797991e-6,9.248951052087673e-6,9.248951052087673e-6,9.248951051643584e-6,9.249026699409413e-6,9.249026699187368e-6,9.248951051421539e-6,9.248951051643584e-6,9.24895105097745e-6,9.249026698854301e-6,9.249102347785865e-6,9.24902669829919e-6,9.249026698188167e-6,9.24902669779959e-6,9.249102347008709e-6
7.777295568450748e-5,7.7766902406462e-5,7.77669024606964e-5,7.776690203875614e-5,7.777295531691264e-5,7.776690167110578e-5,7.776084896859992e-5,7.776084902294533e-5,7.776084860122712e-5,7.77669013037885e-5,7.776690172561773e-5,7.776084902288982e-5,7.776084907729075e-5,7.776084865573907e-5,7.776690135824493e-5,7.776690130412156e-5,7.776084860178223e-5,7.776084865607213e-5,7.776084823413187e-5,7.776690093680427e-5,7.777295458216704e-5,7.77669005690429e-5,7.776690062349934e-5,7.776690020139254e-5,7.777295421446118e-5
0.00028058445650980257,0.000280480479641132,0.00028048049074086423,0.0002804804624157442,0.00028058443927814203,0.00028048044518147464,0.0002803765270842917,0.000280376538176641,0.00028037650986934004,0.0002804804279597506,0.0002804804562913654,0.0002803765381871881,0.0002803765492793153,0.00028037652097195886,0.00028048043906991893,0.0002804804279663009,0.00028037650990325735,0.00028037652099527355,0.0002803764926880281,0.00028048041074496544,0.00028058440480943636,0.00028048039350603293,0.0002804804046162013,0.000280480376267489,0.00028058438756445314
0.0006782668022214944,0.0006778499021951045,0.0006778499923278947,0.0006778498432753466,0.0006782667600464531,0.0006778498060234783,0.0006774332704214681,0.0006774332803186067,0.0006774333096811191,0.000677849856700552,0.0006778498857520354,0.0006774333676370925,0.0006774333507778563,0.0006774334167076734,0.0006778499637365987,0.0006778497507746728,0.0006774333064382132,0.0006774332502715863,0.0006774332588315723,0.0006778498086230655,0.0006782666795808745,0.0006778496760456165,0.0006778498072820272,0.0006778497722874088,0.0006782666593838083
0.0012787967078872198,0.0012773177760737608,0.001277317998682248,0.0012773176768281491,0.0012787966288608787,0.001277318340637379,0.0012758434817218278,0.0012758439381198028,0.001275844019608341,0.0012773188595828766,0.0012773191887713864,0.0012758447631939784,0.0012758446353188235,0.0012758446925604239,0.0012773191469275802,0.00127731780590995,0.0012758433426183213,0.0012758424442448901,0.0012758420094074463,0.0012773169152254793,0.001278794981736997,0.0012773153733604548,0.0012773149852540744,0.0012773157150845482,0.0012787951387461804
0.002021877592139787,0.002019100297829035,0.0020191008321467363,0.0020191000110779678,0.0020218774279616714,0.0020191014730825962,0.0020163326705825435,0.0020163335807744653,0.0020163341756151976,0.002019103001157041,0.002019103496261776,0.002016335643748146,0.0020163358248456165,0.002016336236210281,0.0020191041017040834,0.0020191002832399274,0.0020163323592610194,0.0020163295951762805,0.0020163282821169526,0.0020190972836644505,0.0020218718667605606,0.002019093049868803,0.0020190899154894915,0.0020190929339721775,0.002021872093981192
0.0027805601139169744,0.002773402502929012,0.0027734051909374946,0.002773401327660352,0.0027805590226324117,0.002773406930203115,0.002766285318039907,0.0027662904957751477,0.0027662892582366316,0.002773410807918264,0.002773413946617731,0.0027662939027588984,0.0027662961053502855,0.0027662941540977926,0.002773414320902612,0.0027734026276513,0.002766285143512015,0.002766280233044427,0.0027662744267679673,0.0027733959151497456,0.0027805441074000847,0.0027733837889981627,0.0027733775031821284,0.0027733844049875334,0.0027805456049539434
0.00341572140078783,0.0034027223298835896,0.0034027315531418023,0.0034027187145009297,0.0034157178909235975,0.0034027236083616352,0.0033898157000551987,0.0033898302872243935,0.0033898261838697374,0.003402733781234568,0.003402741451825231,0.0033898375304597383,0.0033898510234811052,0.003389843337095466,0.003402746582506999,0.0034027176396678738,0.0033898193404627297,0.0033898169255264232,0.00338980038286818,0.0034027036773721653,0.003415676202244866,0.0034026699799122873,0.00340265589109795,0.003402675871109373,0.0034156856944691505
0.003811158563885697,0.0037870505355488415,0.0037870842850680764,0.0037870456631323712,0.003811153665969347,0.0037870589848906233,0.003763184656817742,0.0037632256390091046,0.003763197149519115,0.0037870706712685442,0.0037870977901929836,0.003763225050633756,0.003763267797300518,0.003763237829049637,0.0037871087804092762,0.0037870481109149035,0.003763201960697571,0.003763219651239713,0.00376317206154414,0.0037870290493009495,0.0038110838959497517,0.003786975545089777,0.00378697485499635,0.0037869883432608553,0.003811102908158226
0.003951985782605916,0.003915931484347934,0.0039160125983606076,0.00391591961380805,0.003951973401279729,0.003915928977350214,0.003880362524755765,0.003880452722169858,0.0038803774119072765,0.0039159423055014075,0.00391601323741031,0.00388044498382345,0.0038805545229572136,0.003880474390865196,0.003916035585691535,0.003915911417980589,0.003880386468515684,0.0038804595073441694,0.0038803605656460016,0.003915889928783223,0.003951859983751138,0.003915799495897709,0.003915838306470243,0.0039158328673841725,0.003951906805287564
0.003923181816617161,0.0038729747414371074,0.0038731639695495645,0.003872967280181827,0.0039231731616442,0.0038729824128538315,0.0038236846830821403,0.0038238669670383474,0.0038236830847755976,0.0038729794705246734,0.003873138487921146,0.0038238252177804077,0.003824047830898736,0.003823872837947495,0.003873174564706594,0.0038729567980484436,0.0038237481863271916,0.0038239259691625893,0.0038237275690951034,0.0038729510157963776,0.0039230342351873615,0.003872842318096703,0.0038730110313990873,0.0038729020937881553,0.0039231117606171595
0.0039261786259726095,0.003866924149067308,0.003867268760262832,0.0038669079081925517,0.003926159432987131,0.0038669193863899443,0.003809193232463759,0.003809516044116057,0.003809171037611525,0.0038668941387105527,0.0038672142766366657,0.0038094584769546858,0.003809869367944918,0.003809528165577447,0.0038672557034612476,0.003866876909943917,0.003809233067297746,0.003809592306961318,0.0038092647243747613,0.0038669035017699915,0.003926043341385355,0.003866796477845935,0.003867161681148479,0.0038668701311592724,0.003926138455780714
0.004194010569245399,0.00412978938721581,0.004130361789484338,0.0041297810674567614,0.004193998538106536,0.0041297913877269,0.00406783986347331,0.004068345727155864,0.004067783297363403,0.004129734933105367,0.004130243905803799,0.004068245567215301,0.0040688694078946375,0.00406833611587365,0.004130300545785837,0.004129739060519055,0.004067942344792019,0.004068498881669602,0.004067992556451072,0.004129816760843119,0.004193883569630519,0.004129688367983109,0.004130360736537275,0.004129815640645851,0.004194031750397009
0.004939328464332038,0.004877968288661827,0.004878772191554415,0.004877946546978151,0.004939298867738806,0.004877992229888328,0.004819739898840991,0.004820455772062138,0.004819665475909118,0.004877909622607368,0.004878685608369959,0.004820380112874556,0.004821280252446325,0.004820495587053553,0.004878731546080872,0.004877913992694272,0.0048197286739874445,0.004820489261516514,0.004819812735865403,0.004877999534431909,0.004939300905767385,0.0048779368903745235,0.004878872264565015,0.004878001659862241,0.004939384589728535
0.006238334317109184,0.006176697646819274,0.006177712651359191,0.006176682857131466,0.006238308815587179,0.006176746093330354,0.006118840063589648,0.006119706973083894,0.006118744770098605,0.0061766558067625765,0.006177563674885089,0.006119599377663931,0.006120684747336069,0.006119760073186042,0.006177654073178274,0.0061766876285453964,0.006118995355671675,0.006119945314555064,0.006119119517537852,0.006176803866388525,0.006238254154564304,0.006176617145063346,0.006177846407174059,0.006176790102261243,0.0062383988205613194
0.008016935022606364,0.007945551743679224,0.007946671114791914,0.007945496865550183,0.008016855251171018,0.007945660114258124,0.007878589513087564,0.007879563008819701,0.00787851581950283,0.007945562063151446,0.00794664305795767,0.007879512319023785,0.007880731574685662,0.007879687589164686,0.007946749058925728,0.007945550464525497,0.007878588643526363,0.007879719918992889,0.007878874881718345,0.007945584981803089,0.008016925473486036,0.007945490683429146,0.007946771508516748,0.007945591395871476,0.008016992667368217
0.010010256904230741,0.00989788427382049,0.009899201207853037,0.009897722203191128,0.010010063369489564,0.009897555884454012,0.009789866911783685,0.009790830007122275,0.00978963758572704,0.009897327535120182,0.009898322587053143,0.009790406558106035,0.00979154546634553,0.00979054961471898,0.009898606479753713,0.009897303795627754,0.009790001842811924,0.009791424340608645,0.009790525694711782,0.009897595801006298,0.010009905950125908,0.00989746221155946,0.009898887135714018,0.009898011197041312,0.010010355960322237
0.011879716620803282,0.011690680383257823,0.011692589181794666,0.011690376294281157,0.01187917072339495,0.011689363449577994,0.011506607713647754,0.011507824314339943,0.011506059995938678,0.01168867687326497,0.01169013823925924,0.01150670632015749,0.011508067212077422,0.011506624270846422,0.011690323314988316,0.011688597207259288,0.01150605713219105,0.0115077292498304,0.011506859737512976,0.011689598876569285,0.011879136059105566,0.011689936131642764,0.01169249618179613,0.011690920869077248,0.011880057380602604
0.013273941048419946,0.012963490469712735,0.012966026361246552,0.012962491087484929,0.01327277458760584,0.012960419951077329,0.012660305443560171,0.012661985668680098,0.012659102260723698,0.012959396431407866,0.012961634807309386,0.0126603737423715,0.012662439090165845,0.012660108825899519,0.012961872120850093,0.012959295634224655,0.012659406292974407,0.012661965251598684,0.012659997141955481,0.012960828896991128,0.013272675213463259,0.012962003892469043,0.012966095098261687,0.012963363308129194,0.013274500605735873
0.014007142621361934,0.01355392475869066,0.013558479509606813,0.013552064198582014,0.014005216257642117,0.013549520014685568,0.013116757087182462,0.013120771634601458,0.013115067241764866,0.013547894453977971,0.013552433940046071,0.013118196231771906,0.01312278516203147,0.013117972562299185,0.013552655106229272,0.0135476618471429,0.01311453066707674,0.013119214839224513,0.013115405990434037,0.013549519821766998,0.014005378759265219,0.013551937754377796,0.013558739196936509,0.013553657480562253,0.014007548797570046
0.014103574169318012,0.013511987274733128,0.013519847318173295,0.013509368733587823,0.014101348024063765,0.013507579681907966,0.012952595125075073,0.012960332151748577,0.012951041142747755,0.01350618016759747,0.013514344171015658,0.012958028270471766,0.012966565439060829,0.012957797666048376,0.013514322119561328,0.013506050946949955,0.012950943184124264,0.012959019709343156,0.012950542456583392,0.01350689745310979,0.014101668963387604,0.013509525180825821,0.01351977927081266,0.013511098239521124,0.01410385440510159
0.01385296920761414,0.01317510482161699,0.013188277234617352,0.013172342754518285,0.013850674417045794,0.013171872238046833,0.012554130708497757,0.012567581172574671,0.012553104634886125,0.01317095940295887,0.01318478726634198,0.012565738914734115,0.012579940496654118,0.01256553463408322,0.01318474304875944,0.013170563559289195,0.01255220806488816,0.012565551634072802,0.01255186829262045,0.013170783140715181,0.01385118749096187,0.013172600260473677,0.013187847773052264,0.013174115321233915,0.01385249526316934
0.013706146552068976,0.013021908757251288,0.013040672371929907,0.013019269642918163,0.013704340687410332,0.01302084919504437,0.01242059857679928,0.012439265640324826,0.012420413034375744,0.01302123537034533,0.01304066035986895,0.012439597616226095,0.012458455905049515,0.012438770622981765,0.013040775550155037,0.013020882620893737,0.012420313510214553,0.012438635969326817,0.012418600503004362,0.013019942573272547,0.013705079660011443,0.013020191716278662,0.013040029443644852,0.013020606167699289,0.013705379603577317
0.014144111975848972,0.013544190979476567,0.013568289861647487,0.013542485958890738,0.014143419110556998,0.013545292192847946,0.013048823344986638,0.013071684125798455,0.013049276648879171,0.013546311631441488,0.013571276467066573,0.013073298888727602,0.013095916533110152,0.013072946802746732,0.013571419843671828,0.013546213175776423,0.013049331780710771,0.013071291306141875,0.013048001100543105,0.013544627141201526,0.014144190967975256,0.01354369383295545,0.013567721105461006,0.013543491588297596,0.014142915794960409
0.015481936434044552,0.015012433483301724,0.015038523957105865,0.015012193746977764,0.015482184213200079,0.015015445294744967,0.014651864493921973,0.014674708082802135,0.014653077279944138,0.015016924904322049,0.015043187906958189,0.01467776587759173,0.014699054416323742,0.014677105723547135,0.015043024397655536,0.01501691061196131,0.014654925004741803,0.014675420458479915,0.014652099563456478,0.015015256363458018,0.015482814013629997,0.015013467151050564,0.01503745477826618,0.015012204455987332,0.015481123326965385
0.01746614046300826,0.01709752988625901,0.017121825719118466,0.01709839217078435,0.017466668137652186,0.017100585952144698,0.016823717368508517,0.016841342345982446,0.01682452623962244,0.017100783253370833,0.01712461598917825,0.016844633802853948,0.01686142005855773,0.016843997754540263,0.01712444079980191,0.01710082630461962,0.016826424241112636,0.016842345511541845,0.01682554643493578,0.01710064641935427,0.01746678842019267,0.017099041383473956,0.017120141377697018,0.01709835095163309,0.017465465040403694
0.01947162252196233,0.019101723748899402,0.019118730652708082,0.01910321083417854,0.01947099898977689,0.019103203846191352,0.018789621344535823,0.018798252344624733,0.018790181524926675,0.019101579733639684,0.01911774025813584,0.018800588169527288,0.018808174090128804,0.018799839674569052,0.01911693861108532,0.01910197619677506,0.01879256283377212,0.018800552450464192,0.018792722131171613,0.01910349016898466,0.019470497404438514,0.019102937340256698,0.019116403633531898,0.01910346515045308,0.0194714736538108
0.02084490788667598,0.020334087557240532,0.020341344067990152,0.020334968254272612,0.0208433719771825,0.02033206089179007,0.019842677501868522,0.01984232567241584,0.019841726126202996,0.020328674074765907,0.020335929145307186,0.019842162653461504,0.01984240602484022,0.019841742497197834,0.020335084997722408,0.0203288677909626,0.019842277579873724,0.019844563630559642,0.019845365726165576,0.020332425045939184,0.020842029262197026,0.020333626888232093,0.020341006447035737,0.020336494152180584,0.020844932142505823
0.021202863376402925,0.02043536451049599,0.020435161546139946,0.020434693558384176,0.021199106424871994,0.020430580616785043,0.019659640484343266,0.019654398294961073,0.01965740844224778,0.020425503600150163,0.020426409812043356,0.019651907126960744,0.019648077429482547,0.019651632568457034,0.020424875319493052,0.020425886621122213,0.01965806886120086,0.019655574139542276,0.01966075187281091,0.020430126687676353,0.021197728993594622,0.02043334387833895,0.02043499316979508,0.0204364739180809,0.021203136891060126
0.020467850774037344,0.019404383045461104,0.019405064376251002,0.01940315153033023,0.020464007701176457,0.01939782440498916,0.018344669196078967,0.018343613882858434,0.018342175345116507,0.019393157765311142,0.019395616963957085,0.018340410879232716,0.018342451275481175,0.01834047077439155,0.019395090230965584,0.019393403416098853,0.018341518253314426,0.018344237174668765,0.018344958587833915,0.01939734418189082,0.020462933794228422,0.019401935775239854,0.019406557092448873,0.01940562369591836,0.020468219338223737
0.01899548931048267,0.017713476167151576,0.017724148807219064,0.01771139929446547,0.01899125174299826,0.017707810343563335,0.016482884735848136,0.016495487193129654,0.01648138490882528,0.017704574753994284,0.017716229192442534,0.016492650469332848,0.016507562142434096,0.016492841497022015,0.01771631016435421,0.01770435029219919,0.01648029604964041,0.01649568881970931,0.016481531599324806,0.017706909219824096,0.018990858837256763,0.01771069854742846,0.01772505519906248,0.017713169698480247,0.018995909703304226
0.01731709731949277,0.015985475840542218,0.016015762666547917,0.015984823427065697,0.01731526381485765,0.01598251051642624,0.014790200249438112,0.014823717775382494,0.014790194777795806,0.01598173951498094,0.01601188763384609,0.014821924068140313,0.014857389989838599,0.014823000557043664,0.016013033785599484,0.015981862468192387,0.014788746214718429,0.01482380077164297,0.014789637908569242,0.015982180461098394,0.01731551098111528,0.015984751732068814,0.016017360154566673,0.015985972212354205,0.01731773582590823
0.01609424087057887,0.01493364906153194,0.01498371101868301,0.0149334885226734,0.016093470233091045,0.014934596371925957,0.01399241301540205,0.014043926228532733,0.013993206725420149,0.014934841634433815,0.014985175815017127,0.014044331334597593,0.014096150218565306,0.014044685301515647,0.014985866357508704,0.014935752771257471,0.013992650340805823,0.014043856009542943,0.013991579056333303,0.014934155866820231,0.016095195350552316,0.014934364536263789,0.014984064982853318,0.014933034719804339,0.016094411569917255
0.01575556704762926,0.014942241441380566,0.015007306488675265,0.014943433957504748,0.015757283175682923,0.014946128841992479,0.014407769923645675,0.014468431673734683,0.014409023814374922,0.014948112260276036,0.015013508431538536,0.014470730652213992,0.014530806799856077,0.01447032976049989,0.015014076729497783,0.014949713485105098,0.014409311514813228,0.014467943616034873,0.014407180432539635,0.014946195619275737,0.015759535493005017,0.014944812187781154,0.0150073574400863,0.014942056051196806,0.015755367496511963
0.016503517638699783,0.01611161842341091,0.01617618248289182,0.016111892831333074,0.0165045460909391,0.016117077726124807,0.015990090640355947,0.016041799471731233,0.01599061854792999,0.016118222781824898,0.016183403693904808,0.016044905633083695,0.016093936764140115,0.016043173431805113,0.016182686891761888,0.016119864009224494,0.015992489736235238,0.016040521993209822,0.015989058714808324,0.0161168931439149,0.016507202187389935,0.016113942486320698,0.016174334300743054,0.01611044824720148,0.016502568780569882
0.01811181443343568,0.018056441847747573,0.018104186540799094,0.018056194761964073,0.018113209540584596,0.018060070834833075,0.018196051918161982,0.018222133271029617,0.018194862803363687,0.018060785536609003,0.01810871027889155,0.01822459751802391,0.018248742300850496,0.01822297616802726,0.01810774662030601,0.018061560354864947,0.01819686035768897,0.018220924496671953,0.018195657935173914,0.018060310727243845,0.018114373304052855,0.018057563602429827,0.018101692331705277,0.018056121940476566,0.018110589374067676
0.02016210899765719,0.02022892329780207,0.02024233461734981,0.020225840180635557,0.020160526952477276,0.02022851843245166,0.020347608750397594,0.020335699058362855,0.020345009134928815,0.020226373916356954,0.020241430342196998,0.02033645485772484,0.020322923747190524,0.020334478966587077,0.020239109200139105,0.02022670808465743,0.020347405411718256,0.020334545857228437,0.020347655948855847,0.020228527269283425,0.020160147886071345,0.020226728046896625,0.020239250552603838,0.020227981436027942,0.020160709400383225
0.022018661478929946,0.021907204627506505,0.021880744525954676,0.021903087183167025,0.02201727662720454,0.021901937245477843,0.021694220297058475,0.021644838467258842,0.021689557965527295,0.021899197303262674,0.02187493101938237,0.021643454629397374,0.021596955968475717,0.021642768546361935,0.021873106100587403,0.021897921388020047,0.021691454081165962,0.021644836416825075,0.021694750467581403,0.021902171236652834,0.022014246724624376,0.021903314817005637,0.0218793514497454,0.02190799785142966,0.022018372376405138
0.023220693888008848,0.022665896935210705,0.022607231251746074,0.02265953064013193,0.023216411827365335,0.02265664349094293,0.021887752485221512,0.02181682690403758,0.021882890779373054,0.02265169274472939,0.022594581165532535,0.02181440929405365,0.021747297172273805,0.021813828091700627,0.022592737802486995,0.022648777897089023,0.021883685576234102,0.021816830788708386,0.021887963990812054,0.02265685227824743,0.023212346947921625,0.022659457924033843,0.022605205015954144,0.022665145730763392,0.023220973875953677
0.02341757750243334,0.022253337116204253,0.022186052549487523,0.0222506365548234,0.023414642242721773,0.022244432737491493,0.02084915802120657,0.020786103967515013,0.020846715924431436,0.02224180642417717,0.022172453628934552,0.020783079492916412,0.02072573268407968,0.020783174663522475,0.022172901987186355,0.02223705307688667,0.020846379825366856,0.02078663485210064,0.02084962289298492,0.022244038827606616,0.023409399477477,0.022249672913491336,0.022185514122560313,0.022254542939359523,0.023418096543954714
0.022688396883542128,0.020952324251735654,0.02090484946478166,0.020950563610180606,0.02268370852375512,0.02094556748912041,0.019074494009615084,0.01904912120008706,0.01907393774419469,0.020942090353341214,0.020892279907423816,0.01904639557410026,0.019026503684023144,0.0190461637298171,0.020892445432959095,0.02093821009754221,0.019073117746174595,0.019049336907055903,0.01907408732072191,0.020944343910606844,0.022679831006461815,0.02094986547711286,0.020904891482431964,0.020951918255874724,0.022688341168018822
0.02128439640673152,0.019176517687114814,0.01917945564099005,0.0191801423409676,0.021281818922324447,0.019176395340868624,0.01714358910410263,0.017180804010888173,0.017146440542429475,0.019174301578808062,0.019173635826234103,0.017178725424853103,0.017220493615507204,0.017179071334362583,0.019173490912430757,0.019171831210268886,0.01714544160200837,0.017181739219573833,0.01714367783676063,0.01917318149148689,0.021279122139652773,0.019179181736108997,0.019180637177792725,0.019177770616779777,0.021284228165475705
0.01975851615412416,0.017635378568909066,0.01770411120501969,0.017638657391396306,0.019755500807841386,0.017639315490932672,0.015855238646517278,0.01595870832907048,0.015857484330463134,0.01763625458242213,0.01770432587602272,0.0159578759465136,0.016062247332720547,0.015957158637348923,0.01770263299360597,0.017636775248136505,0.015856795240435928,0.015958466842529384,0.015854300206977423,0.01763587598286509,0.01975683715832044,0.01763921741203045,0.0177055322236771,0.01763497641486078,0.019758107471234743
0.018592107867490326,0.016812688404457377,0.016946423987632964,0.016818001137193783,0.01859186600877072,0.016820324446529145,0.015627337043890188,0.015779916289714868,0.015629973011475173,0.01681959857954607,0.016953550315199295,0.015780202607488414,0.015931224376402486,0.015780803146504874,0.0169524349634933,0.016821792556475368,0.015629991192542048,0.015780794362805606,0.01562721650235621,0.01681812708961039,0.018595163192993203,0.016818851975268334,0.016947781290281516,0.016813208804106528,0.018592259545360146
0.018235134947171217,0.017095386817870595,0.017269034003779327,0.01709655337540511,0.01823443003488434,0.01710193861193765,0.01668863436093715,0.016851019757152252,0.01668820515213648,0.017100500597628798,0.017278392222449646,0.0168524604495931,0.01701045488411418,0.01685218484636819,0.017277064446308388,0.017105097727154406,0.016689091638118048,0.01685120303435378,0.01668789251101266,0.017101693889914893,0.018240416622763655,0.01709863498468156,0.017269472719090795,0.017093696733538444,0.018234785687296085
0.01880615762480814,0.018393438987435062,0.01856545678411592,0.018394184565924787,0.018807697484305108,0.01839770286401049,0.018683226322274593,0.018806227201462578,0.018681350013300235,0.018398755627260455,0.01857478463773221,0.01880802827669248,0.01892680980791539,0.018808978240122842,0.01857532854955446,0.018402332010327704,0.018682984612150677,0.01880742300924182,0.01868331265754536,0.018399927970049745,0.01881260762323178,0.018395172819853534,0.018565399646827963,0.018392758168450873,0.01880705641006153
0.02022788811747711,0.02043012673144856,0.02055412941330731,0.020424925104907787,0.020228129783420257,0.02042815571969875,0.021116686226966108,0.0211552705613528,0.021111262083432947,0.020428877492752018,0.020557254086439047,0.021158203448075785,0.0211943868880759,0.021157427832624143,0.020558072172357666,0.02043196113420853,0.02111322612922084,0.021155898181942356,0.021115863067801444,0.02043155852075207,0.0202324911360946,0.02042570804536814,0.02055226876041183,0.020428092450033408,0.02022803342349111
0.022111148179466078,0.0225887249617307,0.022624261675276647,0.022583688832276128,0.02211223954725361,0.022581740634936676,0.023187726384691465,0.02311844204891006,0.02318337231254808,0.022584532657465517,0.022621041255826813,0.023120070910531643,0.0230537452003034,0.02311977396927284,0.022623688624312965,0.022584503064425443,0.02318494229521534,0.02311900764931596,0.023187485011642972,0.022586577809882213,0.022113011469766297,0.022582933861636012,0.02262159382033546,0.02258794980350909,0.0221123633348701
0.024011338181869957,0.024341785243610803,0.024273256408299748,0.02433284812515818,0.024008713522704284,0.024330385410747668,0.02438767759079069,0.024219277372906967,0.024382685217282762,0.024330076238938902,0.024261666860281528,0.024220712540486633,0.0240615288002482,0.024217947903868997,0.024264633908491207,0.02432872028742017,0.024383494909690384,0.02421761928280708,0.024385437253151288,0.024333442558065077,0.024007704872165525,0.024331651534797438,0.024269577943599574,0.02433929965024506,0.02401014598165374
0.025444226654858737,0.025189355718946593,0.025029766142635967,0.025184512012859872,0.025439419821776887,0.02517984314282462,0.024315639978025994,0.024090463398432294,0.02431242038692838,0.02517655406251995,0.025013132033226082,0.024090103424384002,0.02388048967331452,0.02408686358868256,0.025015743324805884,0.025172417625282717,0.024312864891062824,0.02408872711085952,0.024312210202555806,0.02517967631544593,0.025435537531693364,0.02518282774301045,0.0250258240164416,0.025188322684722264,0.025442862089620377
0.026101140665131084,0.024989098516857877,0.024783060973672222,0.024985063122447138,0.02609406183937152,0.024983197027633575,0.02312211694477262,0.02290809735809196,0.023116300815493596,0.02497529391969766,0.024765478648425043,0.02290713521488802,0.022714278768428464,0.022903073657169204,0.024764653590097052,0.024970461259724797,0.023116885168152024,0.0229055966494362,0.023116601091658973,0.02497822296537422,0.02608974981070522,0.024984251840311056,0.024780092755723904,0.02498715154737441,0.02609732402402848
0.025895786896645123,0.023856110597575475,0.023665852650921027,0.02385758058640136,0.025888944305065442,0.02385579546987654,0.021170565869093994,0.021042778091791614,0.02116754104354729,0.02384688381215444,0.02365077343814531,0.021039795752936852,0.020932464624880187,0.021037267583781993,0.023647683309772793,0.02384138701409605,0.021168339105999967,0.02104232846452725,0.02116857685837864,0.02385085644692353,0.02588415165730329,0.023857664629075903,0.023664394999963312,0.02385594953033776,0.025893538330362786
0.024960942019499333,0.022194477844888705,0.022087445132363603,0.022198611344352137,0.02495714193766574,0.02219897777811003,0.019163472118499447,0.01917990533888042,0.019161809195218094,0.022191584678343534,0.0220798890915182,0.019175734515993414,0.019206712201331966,0.019175307682052944,0.022076213800191258,0.02218759768495121,0.019161053525786176,0.019178594797854775,0.019164054238054562,0.022192888694956614,0.024953291141631362,0.02219861697551523,0.02208786348452285,0.022196032757739292,0.024959003190534568
0.0236682967622881,0.020569628234049453,0.020594744629554573,0.020577083193396073,0.023667713059206008,0.020577804637816333,0.01775310915829359,0.017933120404297564,0.017756800609936785,0.02057475083303667,0.020593534516690826,0.017928628361189636,0.018109355785080827,0.01793072033876536,0.020590711500928283,0.020571268169047807,0.017754643482446042,0.017932155643464898,0.017757635665683502,0.020574415415926695,0.02366541353087348,0.020577745535585,0.020595770834967442,0.020572990547699288,0.023669930510601678
0.022412540147281113,0.019486187660396392,0.01966396160239453,0.019494516869631717,0.022416178694139255,0.019497151323521367,0.01745358768411437,0.017769609821783217,0.017457804679490596,0.019498207335097606,0.019671008519444366,0.01776616506551637,0.018070302612968603,0.01776958521825911,0.01966892092835021,0.019496037248720288,0.01745417333281868,0.017767430194612133,0.017455704073344125,0.01949228172088363,0.02241497165138362,0.019493838578070688,0.019665749635238428,0.019489904823234372,0.02241433522045777
0.02163896617629285,0.01935354808256118,0.01965943509624224,0.019360370599538324,0.02164284197569044,0.0193634176582424,0.01843427818409754,0.018811398821176217,0.018438698497110106,0.019366270682166842,0.019669557140097715,0.018811519508681207,0.019162822998157192,0.018812867592493066,0.019668441170111906,0.019365541192073676,0.018436195916740616,0.018809962656070767,0.01843497946688416,0.019360642872153055,0.021643698032744185,0.01935930566694205,0.019660599405388113,0.01935523335672329,0.02164135288401897
0.02156602397963514,0.020224975043195093,0.020600991988700745,0.020227563597016218,0.02156991084220994,0.020231552977786615,0.020474683200150612,0.020814350728550868,0.02047341357490301,0.02023456109813465,0.02061335480358606,0.02081744974928129,0.02112586518815568,0.020816072331013513,0.020612242040145667,0.020236405274736413,0.020473636279898177,0.020812903518507342,0.02047007500569953,0.020228419285831467,0.021572180141004982,0.020225178908461372,0.020601124386110947,0.020223375828353096,0.021566060890281347
0.0223132698769678,0.02197595950986775,0.02233607902632284,0.021972088507733856,0.02231200667685368,0.021975232613716367,0.023082199913706747,0.023280835921434206,0.02307539875478004,0.021974178896569607,0.02234328653212031,0.023286986278086397,0.02345577926455522,0.02328088840969489,0.022340771128764148,0.021979427134950436,0.02307974696990578,0.02328060875936261,0.023074333787711843,0.021974741789633878,0.022317545445020348,0.021971505801236524,0.02233481889384309,0.021969961168798735,0.02231188921682281
0.023684651742590435,0.024125407093355644,0.0243827764089794,0.024118219002554897,0.02368173515828681,0.024119527792967943,0.02553055046951891,0.02551786081655788,0.025517518669789907,0.02411560240038907,0.024384269658868307,0.025522436585142583,0.02549660767529366,0.025516316843152198,0.02438243072970836,0.024121724891416785,0.0255239760287177,0.0255183805033517,0.025520834336910436,0.0241197672756176,0.023686937573291433,0.02411676521128292,0.02438048094900941,0.024118943151082983,0.023682863943232713
0.025440943231861135,0.026230583333926416,0.026317335803953124,0.026219770276860455,0.025433448353913313,0.026218414810771362,0.027241900195791313,0.02699672589898916,0.027228897997176094,0.026211528273715867,0.02630958899596969,0.02700106297060717,0.02676649362670208,0.02699491212761962,0.026309152636891542,0.02621840946532661,0.02723485570842371,0.026998924956346593,0.0272360006403517,0.026222585404760912,0.025439668682004313,0.026219426905280008,0.02631429783569128,0.026224218444961755,0.02543929912525067
0.027149895633189147,0.02772317938641855,0.02760787516433777,0.02771662104365097,0.027144349173821414,0.027709773306428376,0.02771381722352123,0.027280603287556937,0.027706697135860547,0.027707332088749148,0.02759613432184499,0.027281492991234058,0.02688990461245344,0.027281059303370603,0.027600548711617767,0.027708696842470404,0.02770875156979219,0.027284021968491057,0.027713315298582675,0.02771636889967899,0.027146253665564946,0.027713992579020463,0.02760530616548673,0.027721724342456955,0.02714973709492352
0.028513956873485402,0.028368879361249266,0.02807294218360412,0.028362289417982356,0.028506901534356366,0.028355866153609965,0.026971733897967143,0.02644868384707999,0.02697113445976329,0.028355319763754827,0.028059426163970613,0.026449473775485732,0.025994585055224895,0.02645093245375907,0.02806444453982565,0.02835360598898734,0.026968887430064425,0.026450215210366723,0.02697344112993938,0.02836268880467363,0.02850730736427759,0.028360850554821293,0.028070326801219625,0.028368712733270796,0.028512105480278493
0.02924939258374165,0.02801084756352723,0.027602148020050676,0.0280111791190637,0.029245785876401587,0.028003826622168604,0.025182900829135213,0.02470547565280634,0.025188240479018076,0.02800721922297439,0.027591217316934258,0.024702721169408193,0.024313651767389366,0.02470693841917615,0.027596121252339012,0.028000142324836996,0.025181902433422942,0.024705003171449524,0.025182510978083328,0.02800893638325569,0.029241402487224233,0.02800899731157669,0.027599588265968256,0.02801325934447607,0.029248360014192343
0.02929970972026308,0.026883823922374872,0.026470320744731546,0.026884878901666798,0.029297432060352235,0.0268835542588714,0.0229959689541529,0.022701817424059745,0.023000247343711255,0.026884097088346104,0.026463178425619405,0.022698460430465195,0.022495666266049208,0.022701138521402264,0.026464407222124398,0.026877490308560514,0.022993553748134832,0.022697298176807545,0.022991016765439243,0.02688270895681938,0.02929173170419508,0.02688469136465077,0.02646754327246925,0.026884765283997025,0.029296314307913907
0.02874977931104572,0.025316396665836627,0.025010959800876142,0.025323410309657568,0.028751267516087642,0.025323025367701868,0.020975477018207567,0.020969504429000918,0.020980750458004738,0.025323586726230196,0.0250084094796868,0.02096446385712858,0.02103078812752135,0.02096634493438637,0.025008383182986427,0.025316691702965022,0.020974249123883015,0.020964412954051215,0.0209710422916633,0.025320845760451627,0.028744080263064686,0.02532399507767369,0.025008668996550465,0.025318847399511735,0.02874847418217158
0.02782104288956172,0.023800184302211758,0.023703875255749185,0.02380922786615336,0.02782690316075137,0.02381165472233665,0.01981028967895998,0.020133012887147916,0.0198127822408648,0.023811592357309452,0.02370883876019031,0.020127042486494606,0.020483129400901356,0.020128100719956687,0.02370549091095181,0.02380834400681514,0.01980669855969036,0.02012636339698015,0.019806267351939744,0.02380618450637223,0.0278201493787551,0.023808924817640797,0.023703432880988196,0.023803157925448126,0.027819036151073506
0.026852239625130503,0.022789321517615646,0.02295337645059281,0.02280253655562048,0.02685951224809041,0.022803345062869074,0.019831777093540615,0.020435802066228137,0.019834832447039152,0.02280482061186162,0.02296192057227514,0.020429578168892293,0.021014219984681337,0.020430871604145917,0.022958487982075892,0.02280330331519137,0.019829595032739844,0.02043148470414713,0.01983160231023079,0.022800334831151903,0.026855045263438737,0.022801025756931936,0.02295394705039311,0.022794356650816305,0.026853043758035433
0.026114522523157546,0.022582886916808098,0.023007182656438974,0.022595151281053383,0.026123896394729562,0.022597833486640462,0.02116201892396996,0.02192736004688034,0.021161602407902436,0.02259993114080311,0.02301902487264601,0.02192158862937932,0.02261572818033586,0.021922581486162884,0.023015120916237697,0.022600454129602876,0.021157336130328663,0.021924469804705693,0.021161128481311187,0.022591561662589577,0.02612140571171473,0.022590669623836823,0.02300811438939282,0.022586414167137248,0.026114869758826265
0.02589397068260968,0.023329124370813303,0.023945005946971132,0.02333884027873734,0.025898421327017584,0.023340589681509538,0.023515214276607355,0.024260957940848205,0.023512881969961263,0.023339769918729658,0.023953619599736575,0.02425902584169981,0.024889223110703684,0.02425738412706402,0.0239504814861643,0.023342969692334625,0.02351296755335902,0.0242617792741453,0.023515093176342705,0.02333531991110005,0.025900459191247838,0.023334874214708423,0.023945743924526808,0.023329529789102632,0.025894279584360747
0.026245977820296917,0.024857267292442087,0.025554414845652018,0.02486185108554112,0.026247642885191713,0.02486392489777861,0.02637263684757074,0.02691537156268564,0.026362132164841845,0.024860363266156815,0.025560339212709282,0.0269164949637945,0.02732403959823554,0.026911148885563285,0.02555627441026309,0.024865898954042065,0.026368316344955234,0.026917206366069868,0.026368437521893717,0.024857340641128822,0.026252324434419272,0.024857135953226805,0.025553756703402764,0.02485353396994866,0.026244416805940585
0.027199879711339026,0.026922775366406027,0.027561465678138775,0.02691951008390686,0.027193555151075632,0.026920280779350547,0.02909923982061685,0.029281308833884245,0.02908151738277759,0.026910612536243383,0.027559666492629364,0.029288752481242353,0.029345708893296685,0.029276479196666372,0.027555210669548413,0.026919529341457638,0.02909582041076819,0.02928542372090942,0.02909250801421248,0.026918165087209622,0.02720268088384542,0.026918086316703727,0.027560271262885627,0.026915669432682865,0.027197691256331202
0.028535692878609964,0.02902348692405543,0.02947319299097828,0.029017902548491903,0.02852893242685456,0.029015205301212432,0.03102437341331249,0.03077490791000065,0.03100233708242217,0.029006046741979263,0.029466686636297312,0.030780138380685107,0.030456565853698936,0.030769716499121025,0.029464523895088857,0.02901380985830382,0.03101886651611735,0.030779817597306303,0.031018122490781508,0.029017978861832605,0.02853767673950708,0.02901578993180265,0.029471833728781816,0.029019308257122123,0.028535964007419923
0.030072954013520503,0.030819103437906503,0.030985205401353633,0.030808798138057036,0.030063711621646005,0.030804167107304714,0.031803235239832084,0.031141976431295404,0.03178644380715773,0.030797224222093356,0.030973750365151043,0.03114672066358304,0.03049386091889089,0.031139107797570675,0.03097400414460455,0.030802409885574256,0.03179837729783597,0.031146438959748335,0.031800660040197715,0.030811386892811432,0.030072128443568547,0.030808156194924163,0.0309838712810368,0.03081570999552974,0.030074039578765477
0.03150725713869418,0.03189939849850365,0.031742253913772,0.03189396917774523,0.031500437396679015,0.031884319744448164,0.031214278722747846,0.03026576841704337,0.031209741768045196,0.031887764360781334,0.031730673646104546,0.03026560686815749,0.029426146842918555,0.03026633294224207,0.03173745356807528,0.03188330652728272,0.03121300252036785,0.03026924152931365,0.03121715758600585,0.031893954409188574,0.03150457357489295,0.031891213631592585,0.03174113290147951,0.03190054641371998,0.031510063029795754
0.032638718211187634,0.032175372784948586,0.03173083522571829,0.03216833764023991,0.032631912981225975,0.032160601590314086,0.029577240517391745,0.028540323258474387,0.029581674381499834,0.032169454802586706,0.03172283911999979,0.02854058060946535,0.02770627074633558,0.028544256720240246,0.03173093446876574,0.032161107679836376,0.029577887763472255,0.02853932478246246,0.029579053129519972,0.03216827376880288,0.03263428391824702,0.032166058756892935,0.031730421522135066,0.03217480223332464,0.03263806490736709
0.03332242831920984,0.03163280689872905,0.030996258024373946,0.031632250211320045,0.03331754437877238,0.03162364024475228,0.027247267236303108,0.026359607624282133,0.02725740644711444,0.03163458829846766,0.030993558545777566,0.02635892826312003,0.025740699412499513,0.02636433007852995,0.031000569781110376,0.03162502031962183,0.027251644336864722,0.026357140080817854,0.02724753930350632,0.03163225620913762,0.03331671005697173,0.03163071363023068,0.030996045598007838,0.0316344003200178,0.03332231625374571
0.03349838909735692,0.030502024896284008,0.029824024496374946,0.03050267546558666,0.03349799557071326,0.03049916047525575,0.02493385521857111,0.02442097313596009,0.024939774327771447,0.03050659137457956,0.02982828021678996,0.024419498064426892,0.02420154132547231,0.024422173311092255,0.029830833401187196,0.030500636008066073,0.02493325785160777,0.02441536832025054,0.02492768533716394,0.03050489795646183,0.03349531970714148,0.030502093677780007,0.029824362267368842,0.030503493351400957,0.03349759320823703
0.033283692930680286,0.02913175998742079,0.028570937130581675,0.02913963090081395,0.03328687823817367,0.02913610377778203,0.0231795232037611,0.023197335692091037,0.023186257317447556,0.0291426854437431,0.028580433691945184,0.023193939202379332,0.023475514352573668,0.02319646939063491,0.028579418710132087,0.02913803365193679,0.02317850619292483,0.023193032240234945,0.023174164769797334,0.029140722147237785,0.033282744068675485,0.029139456562839283,0.028570967381347567,0.029135606828634808,0.03328445859780549
0.03278017630430169,0.027870603099712843,0.02757491439099058,0.027882690165094037,0.03278858379620131,0.027883392352497594,0.022512060870151174,0.02311600135316716,0.02251699326349138,0.027890927818791267,0.027591513686914093,0.0231081505806921,0.023889802451280917,0.02311237186122389,0.027588800929011004,0.02788565861598813,0.02250655071073987,0.023111045491105875,0.02250647699740088,0.027879101166281228,0.03278239638210573,0.027879504090904672,0.027575430948305057,0.027875143204961317,0.03277849099103447
0.03225274297302466,0.027122934054885306,0.02718790666267029,0.02713748638844221,0.0322615169793572,0.027139191277777863,0.023156729037822676,0.024265204760298975,0.023164030466198193,0.027147693984537813,0.02720585553244881,0.024257244128425448,0.025403023574169015,0.024261472473489587,0.02720215249012775,0.027141755905119525,0.023153996623755946,0.024262055349040967,0.023152794621538575,0.02713070347618357,0.032255346576013366,0.02713466219504418,0.0271878959969305,0.027125736989582705,0.032249102025371235
0.03184220744335803,0.02704978996610713,0.027503976974953326,0.02706421355035138,0.031850967737156566,0.02706887102136646,0.025039943920582064,0.026462272734463665,0.025039607777200268,0.027074108290217336,0.027522800158510774,0.026454241261399225,0.027750525973909645,0.026456849115211623,0.027517445802103024,0.027071274696506886,0.02503522078709075,0.02646070852804483,0.025034549121396243,0.027056026442763614,0.031845577393187774,0.02706098859952888,0.027503461949977437,0.027051126393150327,0.03183664192046398
0.03175925442069988,0.027796058384299382,0.028595048439906345,0.02780414240853485,0.031763658600040656,0.027810576109538965,0.027859571977144004,0.029312116430234958,0.02784815313832406,0.02780587969368664,0.028608135090751552,0.029311910507701433,0.03047753511351542,0.029306733414686148,0.028598767836226946,0.02781314055472145,0.027853300678995718,0.029314203222702895,0.027850983364120063,0.027800632012629334,0.03176307719461041,0.02780445867537029,0.02859380162146008,0.027792952415046313,0.0317540490673881
0.032049966826436294,0.02918613801618236,0.030211622482705813,0.02919128111116498,0.03205198119342745,0.029197495002297125,0.03099035685444268,0.032179961598824636,0.030966010546508715,0.02918428438024584,0.030216353539475715,0.03218192564288752,0.03296196865443818,0.032170888002457376,0.03020669685053301,0.029196668669068504,0.0309814049253459,0.03218329340654763,0.030982194311501787,0.02919243710253344,0.032053431299662316,0.02919153308888628,0.030209638274941886,0.029183249380713372,0.032047716538614546
0.03273867781890749,0.031048980444962015,0.03214625410286703,0.03104677265490513,0.0327382190354098,0.031051846608788625,0.03389956674130329,0.03456479322851219,0.03387109409862876,0.03103536344897362,0.03214076914031766,0.03456878653431317,0.03477152743375522,0.03455492984549846,0.03213332310998013,0.031049431766299318,0.03388960117152867,0.034567690111150184,0.033895958965423634,0.03105036523457111,0.03274228481586433,0.03104739484145319,0.03214461278125741,0.031045411974152115,0.03273791388696701
0.03375479489618388,0.03302193769595885,0.03400555985299858,0.033021153564725125,0.03375197529151447,0.03301841106036679,0.035921526359180056,0.03589576039661968,0.03590338484514133,0.03301118212784954,0.03399318239208399,0.03589484082000416,0.03544439663169874,0.03588750654238709,0.03399510746072487,0.033015253277639656,0.0359185891158425,0.03589815944103375,0.035927886603376535,0.033020763271583875,0.033755993344421364,0.03301924546873852,0.034004343813372806,0.0330202901310484,0.03375567562731385
0.03494304854596886,0.034806224331101254,0.03552309513095964,0.03480080824554965,0.03493800202226438,0.034795592100742234,0.036810379325594056,0.03605436114558691,0.036800615043816265,0.03479483946458317,0.035508204949690925,0.036051604975185725,0.0350040037928766,0.03604875914939992,0.03551660181092736,0.03479432402562471,0.03680806234756323,0.03605350227247772,0.03681785008103988,0.034797374555013305,0.03494347497878575,0.03479669471235236,0.03552241671565354,0.03480331501517653,0.03494238777939829
0.03619796225022198,0.03613929624279094,0.03647361320799586,0.036133411762296896,0.036187523536498345,0.036122616798791085,0.036364489415766144,0.03497914779489092,0.03636007302210725,0.0361238865359898,0.03645723176964105,0.03498102595789082,0.03351400381789865,0.03497839714887868,0.036469963998163324,0.03612413690452998,0.03636632439253712,0.03497932167325529,0.03637023607994233,0.03613182883665944,0.03619617509169715,0.03612966785698801,0.036473256609171,0.036135433429533514,0.03619937366624271
0.03730518466922911,0.036808509127389644,0.036724799203758984,0.03680241734417189,0.03729542206067604,0.036792081300825896,0.034801713037449666,0.03303767657920803,0.03479248927390133,0.036788441147602935,0.03671044160901238,0.03304101454017189,0.031455117290310974,0.03303478756097805,0.03672331068151963,0.036791682403717996,0.034797694158835824,0.03303393350760703,0.03479814253563984,0.036802803533971196,0.037302509046268806,0.036795434237580915,0.03672493694665124,0.03680458243243534,0.03730674072082579
0.0382215271363161,0.03684525357260615,0.03638386129285576,0.0368427343488783,0.038213543062823985,0.03682939820640807,0.03248765988533309,0.03068281904272685,0.0324884794799955,0.03682944918332859,0.03637377889715032,0.03068540051067037,0.029321050915421865,0.030682011404126408,0.036384275693943535,0.03683118342511721,0.03248640895650773,0.030678330019304756,0.03248635041840675,0.03684369828316503,0.038218507811730806,0.036835889239689945,0.03638511472287265,0.036843527187685465,0.03822484088522077
0.038829844065143726,0.0362721224844027,0.03553925965219862,0.036278269154317755,0.03882888029945947,0.036265011941611025,0.029947902755935674,0.028478810481221528,0.029962229497935033,0.03627789259607617,0.03554198008490034,0.02847237568495109,0.027664657164172102,0.02847922145901227,0.03555284211294785,0.03626953159405355,0.029949901363539866,0.028471313463926062,0.0299507808587004,0.03627407844277364,0.0388277758949504,0.03626889459319699,0.03554131503813451,0.03627584341564105,0.0388320622275386
0.039176008412793506,0.03538630426905531,0.03454507655870098,0.03539435162704013,0.03917873967945684,0.03538504843360801,0.02784827198147216,0.027026696416972196,0.027873204347231284,0.03540589726199789,0.03455974845232762,0.027019890976949956,0.026989157850903556,0.027032126809614976,0.034565954961402356,0.03539237883241564,0.027853076955447975,0.027019607402327006,0.027850867126657186,0.03538651331526771,0.039174726648851355,0.0353868007597411,0.034548060852773954,0.03538954008711648,0.03917446161003291
0.03930013928817783,0.03438969401852199,0.03361395598158201,0.03440261871755623,0.03930709917102837,0.03439618079020179,0.026603030241715675,0.026647898719350305,0.026625748986835396,0.03441823305587893,0.03363877410369959,0.02664156682080765,0.02748192301728214,0.026654332846559436,0.03363920348913091,0.03440495401472765,0.026609472876799434,0.026642273872874878,0.02660222060937778,0.03439432255421904,0.03930085367794184,0.03439725677273209,0.03361627659635025,0.03439293285986872,0.039298121136368824
0.03928184814085589,0.033588676380092,0.03306139626572968,0.03360035085471391,0.03929304797168537,0.03360130215104529,0.026630509595463814,0.02760629435883105,0.026637059492368387,0.03361291784063869,0.03309070203820802,0.02760582277637319,0.029240511441434802,0.02760846197014699,0.033080579298097434,0.033607779517537406,0.02662940532211816,0.027601194246207772,0.026620852838406428,0.03359384898634338,0.03928597480513507,0.033597556967258024,0.03306262310391034,0.03359118425302399,0.03927795634665188
0.039271055905298446,0.03319301540913927,0.0330412271105463,0.03320901126434511,0.03928436276879488,0.03321059592978698,0.027886944655684753,0.029700402884368537,0.027885045977332934,0.033215951720007186,0.0330699717940337,0.029700281728014588,0.03190096757224742,0.02969895417363,0.03305345089111589,0.033215399116311384,0.02788586274786181,0.02969850488652387,0.027879584152963044,0.03320461179417594,0.03927746851650282,0.03320861583877843,0.03304103272298442,0.03319811948204077,0.0392685212073437
0.03931840052694213,0.03332152134472266,0.033621363555763784,0.033336474295198815,0.03933429546370032,0.03334266376536915,0.03028494864862108,0.03268578420646068,0.030274588440359573,0.03334536565757429,0.03364878632119195,0.032682558674698714,0.035105757790766856,0.03268031429192242,0.03363098942012771,0.03334494739295951,0.03027851717314789,0.032683857497173285,0.030278722478724762,0.033330826997176155,0.039325516388342585,0.033335053128534575,0.03361987444305026,0.03332796452965725,0.03931278003158195
0.03956951141138515,0.03405601068422992,0.034802704371917126,0.03406910839001254,0.039581939443398995,0.03407304348228368,0.033380562306641715,0.03598621524033546,0.03337343116028785,0.034077834692836595,0.03482230681603454,0.03598091592870134,0.038193631373076964,0.03598413292183117,0.03480864898328623,0.034076051030224375,0.033378147506056055,0.035986828156132133,0.03338196493412238,0.03406204852715611,0.03957606978505862,0.03407092213819085,0.03479964777190808,0.03406098903328786,0.03956399743586658
0.04000776834838082,0.035261030089731527,0.036375261753399946,0.035268575484598774,0.04001752930890684,0.035273748212405975,0.03669599522995892,0.03907782855920311,0.03667933480323654,0.03527462679027821,0.036387684904424955,0.03907297782640928,0.04066550554914217,0.03907404449248231,0.036379946777712,0.0352740190432172,0.036688450482398494,0.03907908716424413,0.03669457444920193,0.03526286513563909,0.040013549937002735,0.03527075253910528,0.03637135918181378,0.03526217302025497,0.040002704332584516
0.04067974440837213,0.03684408442606424,0.038205540616446876,0.03684452690489526,0.040684002238470074,0.036847069497155105,0.03970078938744237,0.041444107191507706,0.03967292420649726,0.03683710264212037,0.03820278254010745,0.04144694634294127,0.04208233770895964,0.04143710982992804,0.038198518860839636,0.03684610662487009,0.03969101787141677,0.041448336553453424,0.03969678711100488,0.03684393658607166,0.04068554585083506,0.03684867090691579,0.03820127492179787,0.03684150126158192,0.04067794189273599
0.04153076191083094,0.03852109198994136,0.03995537255161652,0.03852236412686105,0.04152832090783798,0.03852101250283613,0.041839651013445334,0.04264609708866918,0.04180307692141094,0.03850168425908951,0.039940909284485626,0.0426464724988902,0.04217454585995206,0.04263083023433051,0.039941216164112336,0.03851558284023976,0.04182860288750173,0.042650437673232844,0.04183621290140521,0.0385245641309892,0.04153360523399363,0.03852283193471556,0.03995031159160012,0.03852005706493261,0.0415307662235872
0.042488526013943206,0.040126876967934766,0.041474462710020865,0.040124895873296706,0.04248315111401302,0.04011951939779085,0.042897374604793204,0.04261052101577828,0.042865843118051195,0.040105140195806355,0.041449340716695704,0.0426043782084754,0.04106581913502949,0.04259227573068358,0.041457307395565524,0.04011641221343493,0.042885954088979716,0.042610972614245235,0.04289701172785826,0.040125226687977245,0.04248856439054277,0.04012174185158274,0.04146767618761038,0.040126349832496966,0.04248503216564137
0.04352022263521671,0.04146255841732588,0.04255955198776057,0.04146338695042534,0.043509489937684054,0.0414509913246176,0.04266642749866023,0.04130095805165995,0.042652737210827685,0.041447141217061,0.04253091624670863,0.041290044725442954,0.03890652673575401,0.041290921822389415,0.0425475269484728,0.041450102020777924,0.04266026458649613,0.04129877897469414,0.04266986289489527,0.04145944876341945,0.043515641275659434,0.04145728653464459,0.04255157905951695,0.04146063207942208,0.043515820523516824
0.044487778216247886,0.04238793224583076,0.04313045639904106,0.04238479167130316,0.044476268425385934,0.04237526552513782,0.04139654700345946,0.03915112373762175,0.04138369359862537,0.042371275982555245,0.04310333910605507,0.03914460670787939,0.03630050344782082,0.03914390299229259,0.04312457688315835,0.04237312808469629,0.04138462143366184,0.03914427148981031,0.04138825875480412,0.0423820908309549,0.04448081633182832,0.042374783940364535,0.04312323517322453,0.04238132261666666,0.04448190355259274
0.04540111043524675,0.04289684433070673,0.043240336745269725,0.04289607003145146,0.04539014038564626,0.042882116191105546,0.03931591182691396,0.03654741019606034,0.0393072245672903,0.0428766334868681,0.04321348466162661,0.03654813507503207,0.03373170410212528,0.036542032132765356,0.04323333877975433,0.042881690047398946,0.03930709941093141,0.03653752507395447,0.039304602671607736,0.042894667237456774,0.04539459409481472,0.042884685758982966,0.043234955488200055,0.04288894821710815,0.04539992157378503
0.04616732452721495,0.04294466053353235,0.04290142313600137,0.04295171875965359,0.046158821520051296,0.04294021927357278,0.03688049890757883,0.03406653579904351,0.036878711747836135,0.04293764849026421,0.042888401784676844,0.03406694013112771,0.031826175247238464,0.0340586664100343,0.04290348425643031,0.04293976622898166,0.03687544477799426,0.03405358412016929,0.03687170600982681,0.04294694890463524,0.046160892471119486,0.04293506573253775,0.042898108343910835,0.04294195664378475,0.046166178042977235
0.04681489994543342,0.04271753833547892,0.04237072181967377,0.04272719512506756,0.046811551742308555,0.04271737235001327,0.03462451113219783,0.03224764274414782,0.03464038791277785,0.04273031923077247,0.04237140717576299,0.03224688438145462,0.03104690292686252,0.032247465524094854,0.04238138576832562,0.04272254895844557,0.0346289065082,0.03223411848626134,0.03462348713557967,0.04271736233497614,0.04680993475537132,0.0427111827133832,0.04236978713625961,0.04271742901091691,0.046811361150992825
0.04736121558240358,0.04230831641514815,0.04176175819441563,0.04232413650083844,0.047362716068349686,0.04231590467030871,0.03294930917963357,0.03144559847085632,0.03297814955655953,0.04234110554278153,0.04177980876658821,0.03144312450355752,0.031615326755963014,0.031454440746673196,0.04178408507012077,0.04232416456234789,0.032959506242461745,0.03143428655809094,0.032950496118902495,0.04231216702625823,0.04735844615102791,0.04231030995963053,0.041763288040225444,0.04231032102188248,0.04735910429321666
0.04781071846895352,0.0419135716735598,0.041323274563919044,0.04192707684163677,0.04781982601058321,0.041924787043352785,0.032314268367865995,0.03198746497104937,0.03233708603930213,0.04194814991227841,0.04135350494645201,0.03199235694445113,0.03364816193625059,0.03200115385106056,0.04134673348394652,0.04193489365444686,0.03232063330916113,0.03197972539315491,0.032307552000110984,0.04191766103917216,0.047813078880890536,0.04191685701328374,0.041326940805793966,0.04191338784650178,0.04780859009186511
0.04827239488183699,0.04168359166329,0.041190577243159054,0.04170289206651956,0.048287754250333104,0.041700783654406104,0.03277375729899468,0.03377352187629801,0.032788849712569845,0.04171905443161916,0.04122784202796703,0.03378198927079229,0.036811461052558225,0.03378486291180022,0.04120758561699733,0.041710444430552274,0.03278125078903793,0.03376835960223229,0.03276723436946216,0.04169438355842853,0.0482794437191576,0.04169633259345418,0.04119567835704907,0.041686846040375314,0.04827400790086023
0.048730725609232195,0.04170036788591358,0.04143159225925219,0.041719008144859515,0.04874860650805002,0.04172455221718552,0.034391883989175365,0.036677656692810756,0.034396810294557434,0.04173834350157496,0.04147646130686078,0.03668420071964407,0.04077434217640091,0.036680703508068624,0.04144873764167972,0.041731801837248395,0.03439431055886277,0.0366734070741942,0.034386411796927974,0.04170905550213955,0.04873784979432705,0.04171264563744914,0.041436757526970236,0.041706563929263085,0.04872785737536267
0.04928651684212543,0.042092334480067106,0.042142094202486324,0.04210870993178306,0.04930580928339051,0.04211322458331218,0.036909144164298247,0.04022925309554409,0.03691719696345047,0.04213217919544937,0.04218390786098486,0.04022870126133182,0.04485716155121605,0.04023280478066865,0.0421556723443417,0.04212281380803118,0.03691455834718094,0.040226788873275354,0.03691304280636193,0.042094390855174246,0.04929416809193038,0.042107850273571945,0.042145561875993054,0.042098008089812344,0.0492828724655765
0.04993320153407238,0.04280489847780189,0.04320249770363149,0.04281679444754388,0.049950895208143054,0.04282438688176504,0.040009186070132985,0.04395846730662095,0.04000689620724479,0.042839627467366304,0.04323861038060478,0.0439519548413177,0.04849980841191576,0.043958346272751636,0.04321319080866498,0.042829028941144376,0.04000549570858736,0.04395733291844661,0.04000925636730812,0.04280288114852593,0.049937869148597436,0.04281910817364187,0.043202215693340484,0.0428062862796445,0.04993008515654157
0.050682270431347376,0.043841524060074855,0.04459973245692461,0.043843627742053026,0.05069863330872215,0.04385000340616224,0.04330895818988806,0.047366389420677724,0.04328316946698885,0.04385139125741966,0.044618347631881994,0.04736560396959133,0.05116202590251706,0.04736137345509778,0.04459445388796918,0.0438524922929453,0.04329441073617496,0.04736883412020715,0.04329899733219983,0.04383429616243273,0.05068617136449538,0.043850056066366994,0.044596766571237845,0.04383849854314592,0.0506805662208511
0.051561788913947415,0.0450672016224265,0.046126325841656046,0.04507090833228222,0.051572705392047724,0.045071993482444006,0.04625716145601888,0.04990956080948483,0.04621696237584433,0.0450606824424451,0.046128433414881875,0.04990617515942514,0.052393866249606624,0.04989237974306432,0.04610810553799782,0.04506796033590815,0.04623911294094496,0.049913555517402564,0.046248225019976386,0.045063992454305424,0.051561080321266495,0.04507574832722239,0.04612005341924519,0.045068491437456726,0.05156165118699019
0.05249115116761799,0.04637773885415053,0.047664317677319656,0.04637352793552313,0.05249530894824278,0.04637494568231937,0.048585533480643595,0.05136175155769401,0.04854433860735302,0.04636186939879933,0.04765155109582264,0.0513509161865674,0.05215473280432037,0.051336199888926015,0.04764273652240991,0.04636813157947617,0.048563058100955514,0.051366663480639396,0.048578900723475704,0.04636956986540863,0.05248495574634121,0.046377614727013294,0.04765602767468141,0.04637992404946645,0.052485161607665254
0.05350461761909053,0.04769211768632864,0.049107368614412006,0.04768567969947951,0.05350389079687068,0.047675387867280816,0.0499326840134362,0.05146224469419952,0.04990588150952924,0.04766532774901,0.04907434357461199,0.051444216072952464,0.05038984413471098,0.05144119696853555,0.0490796996695298,0.04767171251634478,0.049914211600054215,0.0514685095876119,0.04993042652958918,0.04768394138805643,0.053498988424633964,0.047692537818907144,0.049095543207207326,0.04769195335889792,0.05350281984247279
0.05451097614125794,0.04885323742964531,0.05028771096730256,0.048844151130405744,0.05450463205469047,0.04883209566053648,0.050283669463519476,0.050376048577807975,0.05025332052175724,0.04881300736051658,0.05024318747946788,0.0503616292809389,0.047546156133248696,0.050352634818460584,0.05026103670683463,0.04882496284666088,0.05026025829844544,0.05038200799125442,0.0502698822056572,0.04884978192152656,0.054505311370624254,0.04884807968335614,0.05027445239376449,0.04884829703302085,0.05451115286819186
0.05550630352201252,0.049847362867603884,0.05123482467731022,0.04983694265360905,0.05549616831980414,0.049817664999644906,0.049663319865150046,0.04832371681699704,0.04962923052776064,0.04979590046973992,0.05117822164618385,0.048316159173117657,0.04408338477613133,0.04829970409954676,0.051203791369453855,0.04981583267934342,0.0496432718578213,0.048327871273431744,0.04964791784613515,0.049846299410818695,0.05550380798662502,0.04983976427057302,0.05122178062872007,0.049843109378978234,0.05550759167678265
0.056479643746275066,0.05058595401551397,0.05184497409709682,0.050584285029722176,0.05646502747759652,0.050563672428305506,0.04820693478346694,0.045663133468518025,0.04818149357052598,0.05055139737070713,0.051796535344498795,0.04565129048525479,0.04060282368523943,0.045637005291454424,0.05182677704849831,0.050563300099505604,0.04819484184953393,0.0456606475322921,0.048196568332041556,0.0505886095127725,0.056473483182043205,0.05058068762425316,0.05183323189761596,0.050585680263573685,0.05647897194788709
0.057365225742801784,0.05111380894823331,0.05222501463842949,0.05111336672547251,0.05735259800152426,0.05109584102046916,0.04633138032231887,0.04295021133454474,0.04632568332065057,0.051100504530059654,0.05218991789597205,0.0429387194104745,0.03780089185746133,0.042935109747739675,0.052224710188252366,0.05110289692916459,0.046325568309045995,0.0429450633568047,0.04632414397993184,0.05110966850171361,0.057359720361721156,0.0511043787166664,0.052213880643612376,0.05111193980166412,0.05736024880343327
0.05823344030135247,0.05148561898540177,0.052440553987499916,0.051493737700751496,0.058226099253490204,0.051472773708143404,0.044309589708772135,0.040572983344001945,0.04432035891655206,0.05148294096536238,0.052418285508613494,0.040566912804566146,0.03610267178090759,0.04057290047484552,0.05244687880007187,0.051486010453609565,0.04431126379285655,0.0405646821647912,0.04429924141544633,0.05148405680244672,0.05823219155223225,0.051481891506526545,0.052428645791076534,0.05148038771359653,0.05823331153412287
0.0590291409053324,0.05171761259299451,0.05253618682083472,0.05173097395328752,0.05902772985746607,0.05171954529210465,0.04261533463069772,0.03906974747350139,0.042626858382128485,0.051728538547112124,0.05253777612847432,0.039077755063367414,0.03602089654542129,0.03907698283100369,0.05255377890602653,0.05173248070503139,0.04261508969022987,0.03905886365899569,0.042594815668166364,0.05171992579693396,0.059028141183727345,0.05171259159486952,0.05252722677949467,0.051713006331830624,0.059026209932134754
0.059812638539674,0.05194538859097203,0.052687640975403294,0.05196504297500809,0.05981916380315039,0.051958821897861496,0.041493403513156446,0.03866486687203119,0.041515283452256135,0.051977200828767056,0.05270950333536667,0.03868417504600313,0.037616048941744806,0.03868106575550345,0.052710503435045464,0.05197715494381683,0.0415015598606267,0.038654269256421625,0.041477693644515035,0.051948920212694816,0.05981470580298209,0.05194493107072018,0.05268174403481973,0.051947495848370995,0.05980720142854279
0.06060749065715476,0.05219803679487456,0.05289146637478381,0.05222538651869063,0.06062043881282514,0.052227926761886756,0.041169238905003125,0.039510957718503215,0.04120463020880705,0.05225828276211242,0.05293932902793114,0.039529773902399035,0.040841798491815684,0.03953634030411479,0.05292888339498303,0.05224462689321363,0.04117842250529752,0.03949866055100443,0.041156712093132264,0.052205642438331756,0.06060784670389274,0.05220245026428966,0.05288724186856841,0.052204878984334124,0.0606014158849556
0.06139845622071399,0.052580747514820114,0.05329027480729609,0.052605048970015056,0.06142092461710735,0.052612603960921156,0.04181711871735272,0.041605915748679834,0.04185538222448376,0.052648572074856514,0.0533495772047205,0.04162408981605353,0.04538679826467501,0.04163979710521176,0.053328807573511106,0.05263057472981475,0.04182366821144162,0.04159251245312989,0.04180431320232808,0.05258531614845019,0.06140233470203427,0.0525825341966949,0.05328744369912708,0.05258404393892002,0.06139271233257659
0.06227842156981256,0.05312603461141657,0.053879317037676344,0.053155434876290986,0.06230622832327126,0.053160910308176046,0.04331173334987809,0.0446616331324477,0.04334360327110626,0.05319089560762069,0.05394259328208045,0.04467792474566279,0.05066348753517569,0.044695611229179644,0.05390609605167995,0.05317536950559726,0.04331950507580573,0.04464875969332621,0.04330139477276923,0.05313881788892799,0.06228616046741603,0.05313458275312821,0.05387970601263653,0.053129288977160405,0.0622789543903437
0.06319533093021701,0.05381804946189295,0.05463561920175369,0.053842115829338455,0.06322122515025108,0.05385438900862394,0.04560283654001002,0.048439505803755056,0.04561561978978157,0.05388150891216925,0.054702949582199345,0.04845800716695131,0.05617451677329549,0.048463629496617644,0.05465886285311161,0.053864106393744726,0.045604728488474744,0.04842763664844696,0.04559456554554436,0.053829754210192815,0.0631997337693952,0.05382179278098348,0.05464075319692813,0.05382295041871654,0.0631920988920171
0.06420515036661784,0.054699031032243106,0.055600585903866295,0.05471674588637371,0.0642284808250485,0.05472557784190024,0.04834341355224153,0.05240111324407759,0.0483482730502936,0.054758119811231076,0.055655293912536596,0.05241196052674357,0.061137854975624184,0.052417956600970705,0.055615224718868816,0.0547364041803281,0.048346983918904185,0.052391328591220365,0.048348576901872886,0.05470164126464189,0.0642092082365871,0.054704767734078674,0.05560627811769925,0.05470530570143928,0.06420290108109106
0.06530255864500673,0.05569350076519436,0.05664180268978086,0.05570249447789377,0.06531846475751213,0.055711983162711975,0.0512836748442832,0.05615906724490205,0.05127704067322392,0.055735684228775506,0.05668133633154443,0.05615318033560707,0.06505196094570942,0.05616510266455199,0.05664960799579272,0.05571430790371423,0.051278086339033635,0.05614950404814456,0.051290379029804434,0.055690305071624535,0.0653029362079034,0.055699430970601094,0.05664555558495993,0.05569386493901307,0.06530471978250196
0.06644678164713036,0.05678594932930264,0.05778294869774003,0.05677935128051648,0.06645326781021449,0.05678251335836687,0.05414806297999991,0.05931315725609504,0.05411511430367738,0.05678870048383672,0.05779274666959722,0.05930207079525812,0.067433917400476,0.059306930914285905,0.05776638200621126,0.056782760509048735,0.054134457244121637,0.05930753943419492,0.0541500432590763,0.05677157982680503,0.06644420006807389,0.05678513451132283,0.05778622351019824,0.05677883502829889,0.06644834889996781
0.06769328438505295,0.05790318121619581,0.058915540416150824,0.057894070846262524,0.06768855579476313,0.05788831937309441,0.056553670547860035,0.06148600834322987,0.05649600555964546,0.05787824219558957,0.05889684894533703,0.061468656467673466,0.06798753824575937,0.06145720441283914,0.05887226017555819,0.0578821060334852,0.056539522898244154,0.06148311183929078,0.05655591754793343,0.05788578110138132,0.0676859267607674,0.05790450173997225,0.05891764779150416,0.057900124857796664,0.06769597160985863
0.06895352405479932,0.05898282286427814,0.0599860876799021,0.058963382702602485,0.0689337367850793,0.05895580229727654,0.058391245582334717,0.06259793366641614,0.05832108390332469,0.05893354080595037,0.059941926165940296,0.06257071047173363,0.06682580966077362,0.06254425656417456,0.05993417209160323,0.05894162016164328,0.05836962711646598,0.062593898629353,0.05839140721293462,0.05895169419667301,0.06893714029635267,0.058974811497052804,0.05998606627593717,0.058979500894789594,0.0689500532423104
0.07025474291385186,0.06003068279959023,0.06103554584066906,0.06000450943518598,0.07022503928307977,0.059980650302158045,0.05943893582458465,0.06248896702153317,0.05936339778433675,0.05994123500924892,0.060950918687763145,0.0624527151674793,0.06399287924812408,0.06242261611587274,0.060960078987264965,0.05996526585944717,0.059415087398872135,0.06249151208324871,0.059434430701860996,0.05998862477580441,0.07023860187250436,0.06002197737027726,0.06102982755032288,0.060022152616804325,0.07025467245904199
0.07158165517464493,0.06096950738928825,0.061959876076640386,0.06093961586244495,0.07154174330183649,0.060913336287111985,0.05974348672793983,0.0613687869308534,0.059657634437129126,0.06085110193211951,0.06185256211834622,0.06133550615633615,0.06001294719338951,0.06128912891088767,0.061866491351265984,0.060887195739932676,0.059717366068190836,0.0613782592562529,0.059723096908334494,0.06092963407438101,0.07156172984000536,0.0609570981163155,0.061950570671719773,0.06095631785519756,0.0715833291025198
0.07287539884064348,0.06181516750245708,0.06285204824091978,0.06178229681036129,0.0728253455871603,0.061748913885992796,0.059390511176094174,0.0594812210123386,0.059292839972514166,0.06167935857309126,0.06272612846363401,0.05945707729406735,0.0554183587426233,0.05939340279890226,0.06274824909180471,0.06172631278212298,0.05936666414114866,0.05949602850132035,0.059362741223046356,0.06177107518095892,0.07285288923809918,0.06179583643695041,0.06284120296073198,0.0618058284661811,0.07287079305489907
0.07419676682781168,0.06257441095324928,0.06369885552420518,0.06255048675251618,0.07414445886665161,0.06251284236040328,0.05844382250214186,0.05709265916824968,0.058352804716501505,0.06244403999734327,0.06357129658367672,0.05706547876111567,0.05079352513703633,0.05700089037434619,0.06359830175966147,0.062493487929548175,0.05842481292393836,0.05710707970010476,0.05841464789059664,0.06253282558249623,0.07417543266400084,0.06255988471363316,0.06368361296568548,0.06257148790570649,0.07419482060557286
0.07547163809771029,0.06325934672854044,0.06452911243602938,0.0632429894001243,0.07541886051341523,0.06320603170710887,0.057255168228990294,0.054692466173701604,0.0571822340346817,0.06313411313264955,0.06441698424320025,0.05466819036268161,0.04688927683566113,0.05460758112930342,0.06444427509361278,0.06318929894566377,0.057238278028883316,0.05470539007380604,0.05721714995357169,0.06321939371703078,0.07545315092465138,0.06324076600657147,0.06450926443253341,0.06325089985882071,0.07546945246399572
0.07673800195875197,0.06393389184635662,0.06545030304245508,0.06392940469307606,0.07669016774823006,0.06388607373609556,0.055974286252025385,0.05255822627801793,0.055921735443551446,0.06381768745868666,0.06534905298894622,0.05254313905492064,0.0441288610458071,0.0524912579326996,0.06537151763417876,0.0638802242220749,0.055972908538056365,0.05257414114458275,0.05593587565516822,0.06390146399147206,0.0767294321903505,0.06392240387830206,0.06542896608715698,0.06392614732990348,0.07673744542220506
0.07801452298127631,0.06458691473936917,0.0663996470793396,0.0645971948091601,0.07797627333139973,0.06457508595598438,0.054893233693290744,0.05110791225151379,0.05486976117382192,0.06452393762291259,0.06634382283634188,0.05109952195792644,0.04306027423870884,0.051055082925427986,0.06635229305462059,0.06456709655457105,0.054902859634230416,0.05111996668656538,0.05485602318953581,0.06457059052595115,0.07800793341794293,0.06458397352838918,0.06637882396968858,0.06458869071909401,0.07801134837912332
0.0792466940171821,0.06528713165040895,0.06748231434160579,0.06530631374057588,0.07921862340841357,0.06529521920733788,0.054238071292363965,0.050572716044432864,0.054250333528928885,0.06526699753138693,0.06746869313279003,0.05056997598910068,0.04388454442380185,0.050546200935185526,0.06747449443031645,0.06530103155147715,0.054257106095974506,0.05057759651707472,0.054210560688952636,0.06527282119509381,0.07924382657182771,0.0652859025262128,0.06746032623827147,0.06529315022772059,0.07923769314407131
0.0805208442105454,0.06607089642157926,0.06868076408047874,0.066103677975205,0.08051853527547392,0.06610736785451199,0.05409282153965167,0.05102483532215474,0.054138136042063745,0.06609713946647344,0.06871540813827293,0.05102350906613473,0.04657974383835406,0.05103233687795661,0.06870624300084527,0.06611557130615364,0.05411931819156934,0.05102357359541354,0.05407201264072409,0.06607012106511306,0.08052699467796809,0.06608235559026471,0.06865828386639844,0.06607685351282772,0.08051789512046548
0.08179094274593951,0.06692299945641295,0.06994942403346838,0.06696334994293851,0.08180921940469577,0.06698583555808657,0.05465985649461219,0.05257908144677065,0.054733350848830686,0.06699622419167389,0.07003518397361436,0.05259195755071683,0.05107132252489577,0.052626531606817184,0.07001244628543457,0.0669952889670703,0.05468412573426301,0.05257573200613125,0.054641793713416265,0.0669385776329588,0.081798987944953,0.06693486667944248,0.06993160598663267,0.06692872937445243,0.08178520230819031
0.08307902826791813,0.06788145684359626,0.0713368302098597,0.06792874868462878,0.08311934187318143,0.0679603884522536,0.055841287893652,0.055030346970451394,0.055942201848468154,0.06799344372499361,0.07145411205675656,0.05505794155291277,0.056863544236210595,0.055114315310269724,0.07142391748493138,0.0679741846908678,0.05586954382651277,0.05502566108614404,0.05583478208827519,0.067905129821069,0.08309032678944478,0.06789643474798623,0.07132403085359607,0.06789418031486516,0.08307038361540986
0.08443273959629638,0.0689211367830807,0.07271672072045698,0.06896957638257267,0.08449830407968362,0.06902468499965819,0.05760188296517055,0.05822354026543519,0.05772247084770443,0.06907792331951301,0.07287270819106079,0.05826190589194191,0.06355275888666201,0.058332347752171165,0.07283371070730343,0.06902743504690101,0.057624414621527675,0.05821952544116121,0.05760294283800216,0.06895452256338425,0.08444274037969474,0.0689386983138901,0.07270765734070112,0.06893563428864907,0.08442841450973798
0.08578653161735117,0.0700396109429467,0.07410982355229268,0.07008099858069244,0.08586344690689168,0.07012957149818405,0.05985387829866845,0.061870997780963666,0.05997399913896706,0.07019134791625281,0.07426318988997693,0.06191513699821849,0.07050059766988392,0.06199776575400212,0.07423034845380161,0.0701366402465804,0.05986302126042786,0.06186967813288913,0.059856504740746885,0.0700707865039551,0.08579627253208189,0.07004881629994697,0.07410245682272726,0.07004656781037766,0.08578432438075667
0.08722405289435003,0.0712172852763629,0.0754587294569874,0.07125883294841706,0.0873133523486127,0.0712961393894041,0.06234633124967803,0.06559744800189893,0.06245596759002564,0.0713607349707629,0.07559184406666147,0.06563730218417596,0.07703495634502522,0.06572418467656926,0.07555463262854545,0.07129493058703323,0.062346427288796746,0.06559692822646396,0.062344066017710975,0.07125074343090065,0.08723263893412914,0.07122812300931924,0.07545607378564145,0.071225806573256,0.08722685963955545
0.08871399890634074,0.07240170979678917,0.07666728708753923,0.07242734582909854,0.08879158598167886,0.07245725613754622,0.06498194784832662,0.06917099415331346,0.06506050908265804,0.07252763923286065,0.07677040574472077,0.06921364140417302,0.08271836893666218,0.0692769165635635,0.07674266252965284,0.0724540505986726,0.06496618732554399,0.06918106381926126,0.06497757974691087,0.07242610358518609,0.08871018030915179,0.07240368933050434,0.07666889874630445,0.07241106129489033,0.08871528120458833
0.09023745234226066,0.07360781726988108,0.07780393243216577,0.07360403414088401,0.09029508322872354,0.07361175051103103,0.0674866294427871,0.07221103919895266,0.06752513113747655,0.07366841690609283,0.07784040427154021,0.07222905934203144,0.08695011469595038,0.07227133143405945,0.07782502084800241,0.07361080709892115,0.06745374530946535,0.07222608490275684,0.06748061353859991,0.07359887153550387,0.09022593011514646,0.0735988114791074,0.077801997532291,0.07360591176634546,0.09024063854099867
0.09186914943454927,0.07479432222837601,0.07877719332085947,0.07476145268266937,0.09189869847374055,0.07474797281842788,0.06972337499914988,0.07453801684244393,0.06970371786432011,0.07477520360900741,0.07873380965541077,0.07452735887308187,0.08949273255751089,0.07454032377106973,0.07872476436176123,0.07473810348425458,0.0696771165298789,0.07456352472015443,0.06970606496285886,0.0747624175859064,0.09184572968863985,0.07478054387080568,0.07877482051449003,0.07478127238800053,0.0918768738066214
0.09353098820380223,0.0759291504839027,0.07962447827626506,0.0758772866995463,0.09352588537370077,0.07583622007879393,0.0716443946536725,0.07606489369748748,0.07155993136750693,0.07582219833487408,0.07948775519668777,0.07603544348485014,0.09021251873475439,0.07600303136374886,0.07949459117542307,0.07581301651665245,0.07157424900638693,0.07609109561423305,0.07160097169146218,0.07586544119800359,0.09348772524631371,0.07590032434508753,0.07962018298731582,0.0759123980188604,0.09352825510459001
0.09527266229106968,0.07703063808623689,0.08040270334307414,0.07696277478671099,0.09521589399644093,0.07688400478654778,0.07303599223604568,0.07664967937834855,0.07288351643070817,0.07681377230203845,0.08015984033520934,0.0765941555692981,0.08903966466124486,0.07650559574348031,0.08018217772512987,0.07685656265111718,0.07295128016275215,0.07667543996120468,0.07297598707539404,0.07692637049399437,0.09521164584100766,0.07699973760603818,0.08039471618578742,0.07701417602699528,0.09526184994466763
0.09709921799672444,0.07809632317475107,0.0810872364535013,0.07799533001888026,0.09699826265002104,0.07790185594537641,0.0739813390415821,0.07645460570241086,0.07377703720555157,0.07778609143384324,0.08076257491674066,0.07636340065033875,0.08634321382555932,0.07623766321360465,0.08078516441048694,0.07786051988658005,0.07388221667720779,0.07648087408825271,0.07390747175804974,0.0779506599884014,0.09701807608866653,0.07805249337418418,0.08107139806545499,0.07806412757966003,0.09708180045625969
0.09895007301173675,0.07913099099432191,0.0818160945986674,0.07900320559945412,0.09880492614791925,0.07888947927016582,0.07447965379417498,0.07555430566120158,0.07422050277641468,0.07872453296620896,0.08140580867877822,0.07542216061942636,0.08233437181138731,0.07527650074431652,0.08142903202981489,0.07883197134386705,0.0743694844210106,0.0755774868913916,0.07439003576199893,0.07894532996010412,0.09885216742142977,0.07907394681188834,0.08179426458598515,0.07909048479090675,0.0989157582170962
0.10090617035571359,0.08014151043582318,0.08259665598267285,0.08000943290596302,0.10071459135150429,0.07987839413573355,0.07457984469345891,0.07416496461486605,0.07426784978486323,0.07967921960117469,0.08212694276530397,0.07401580361827054,0.07752979916527214,0.07384626412092005,0.08215298787411329,0.07981773640525458,0.07447164757467667,0.0741960759317648,0.07448380715591746,0.07993719557112733,0.10079038942162438,0.08009365143207997,0.08257082516525505,0.08011243602793588,0.10085775114280499
0.10289754376294008,0.08114852007348838,0.08347917163524032,0.08102875029112105,0.10269256307754276,0.08090331751480256,0.07447866878031706,0.07262319840212994,0.07416639735376296,0.08068267998585132,0.08300819359310785,0.07245971192240447,0.0725425378582577,0.07228101537498749,0.08302647654900808,0.08082148551714119,0.07437561108549029,0.07264743766338227,0.07438331334296544,0.08092753073317094,0.10276572234161402,0.0811014309005782,0.08344785916624559,0.08112324056443976,0.10283574428246167
0.10492377661241475,0.0821862706450015,0.08459139160538909,0.08208699707107442,0.10470588304750666,0.08194830350054244,0.0741790121310455,0.07104969849129494,0.07388100585403745,0.08170828109197092,0.0841191244565701,0.07087837306119582,0.06774887070106161,0.07070230991108334,0.0841291807084052,0.08186644681873922,0.07409717511915376,0.07108426185699868,0.07410057601825848,0.08195869319872318,0.10478657722697565,0.08214966310785449,0.08455537568859833,0.08216825206196243,0.10485188306920701
0.10703614266719252,0.08325599620596524,0.0858867134150304,0.08317956558274692,0.10681327870411356,0.08305815253053994,0.07391630827319157,0.06982237912993539,0.07365625118735503,0.08282472927837453,0.08546181855129753,0.06963545513812508,0.06378060473107211,0.06948965732898527,0.08545362267526685,0.08297069444199856,0.07385229584795089,0.0698498767695998,0.07385150026164938,0.08304761822897255,0.10689258557137343,0.08322862461924779,0.08584516078365695,0.08325389502862973,0.10695739917721958
0.10913795527830145,0.08436423580798907,0.0874356780735237,0.08431311861833118,0.10892991831376408,0.08421360742795869,0.07380954485455504,0.06910902322420259,0.07357399000886933,0.08399634566540592,0.08708528134731236,0.06892826620127329,0.06100477567415108,0.06881669083482878,0.08706708516799017,0.08413198279925915,0.07376568253831733,0.06914452776163893,0.07376698159310657,0.08416958235584876,0.10899408823498252,0.08434284528848407,0.08738991614978553,0.0843821899963626,0.10905173802643064
0.11128323154970438,0.08553931324922576,0.08925509974305662,0.08553681182568934,0.11111048630966858,0.08544544674295079,0.07388423621837253,0.06904186798382106,0.07371930038876068,0.08525032815779587,0.08899981034593402,0.06885790790389207,0.059702847662206626,0.06879369926451168,0.08895938073475135,0.08537321305463513,0.07386950774944451,0.06907355797652881,0.07386391478682308,0.08536795962184618,0.11115135236808843,0.08553818119094536,0.08920321099715678,0.08557611539319865,0.11120597158780299
0.11346556535325464,0.08676550512708259,0.09126074804254075,0.08680576417345998,0.11331693439155688,0.0867360007146401,0.07433374429536715,0.06978403904045061,0.07424883738532306,0.08656340359785641,0.09111895872886239,0.06962443872933882,0.06015750884263288,0.06960039431192083,0.0910627903626896,0.08667288328950301,0.07434009639875622,0.06982379803620103,0.07433452195916035,0.08663234816998866,0.11334406736360975,0.08677279408548377,0.09120550026058627,0.08681779860496386,0.11339715126703159
0.11561893756835356,0.08803157869822892,0.09349475917039807,0.08810887437774928,0.11552156163424915,0.08806945393812105,0.07511415290431422,0.07127451754404696,0.0750987986930805,0.0879252795902763,0.09347125046255961,0.07113509342236113,0.06223530759576407,0.07113697041537953,0.09339624330768592,0.08801190454737629,0.07513993203824693,0.07131036137343144,0.07513544453962212,0.08792636993444214,0.11551195723566393,0.08804706751935282,0.09343743427817935,0.08810571670865569,0.11555487979080331
0.1178190858270255,0.08934658771715387,0.09585036844648759,0.0894561648311411,0.11777418650073329,0.08945887526004015,0.07624571326883162,0.07349568943629076,0.07630338999881608,0.08933613591128114,0.09595926158864121,0.0733787477461148,0.0659352877511159,0.07341178412608806,0.09584883674765948,0.08940339366978145,0.07628488476357437,0.07352627517151444,0.07628431856635692,0.08926596784390922,0.11773103232057158,0.08937662351502773,0.09578965630604341,0.08943310180436537,0.11777798608837209
0.12001105563064052,0.09068720845470357,0.098263693356476,0.09082347908906219,0.12002190398214452,0.09085634201434717,0.07776993947013822,0.07633963799826082,0.07790480889093437,0.09075257849807544,0.09849578288210314,0.07626638480005687,0.07101914202975312,0.0763153774323938,0.09835302661386297,0.09080438543690822,0.07780828985058358,0.07638230122227807,0.0778147966296599,0.09062167532338866,0.11993897415418148,0.09072219415666233,0.09820076335496464,0.09076925234565497,0.11998711469182327
0.12219361138361895,0.0920372261794074,0.10072649110483572,0.0921971718258468,0.12227717534582688,0.09226031083966874,0.07954878479070765,0.0795710539389789,0.07973953636312081,0.09215415238732128,0.10105130409852026,0.07955812563602294,0.0770374009512621,0.07960361220067264,0.10087332636529589,0.0921870942392472,0.07958825064115044,0.0796215827343163,0.07957646110389804,0.09197317499015134,0.12213862030868339,0.09208102488292491,0.10066425406441204,0.09211569019126553,0.12218345351848858
0.1244329583583928,0.0933847587666326,0.10308879383596459,0.09354297936135769,0.12455284079934287,0.09364348875857331,0.08157921423689363,0.08307869957154707,0.08180015201709295,0.09351449345935237,0.10348164289652706,0.08313432681650945,0.08373163123677363,0.08316776159934358,0.10328174466181672,0.09355503149555328,0.08161008271103415,0.08313875613330624,0.08159149149094225,0.09331507655379107,0.1243858593374314,0.09343383135421174,0.10302956341399089,0.09345431067198728,0.12444559065055799
0.1266545418552143,0.0947255210113056,0.10536023753940615,0.09486561840494573,0.12679985059271692,0.09496960740136012,0.08374954690398767,0.08659889822396966,0.08398260064263224,0.09480487761374529,0.1057650427752172,0.08671673005842806,0.09058797221170578,0.08672484885278625,0.10555561466474306,0.0948685508180458,0.08376401167658465,0.0866738013211143,0.08374667169764355,0.09461406856201471,0.12661047748081805,0.09476133593682379,0.10529771287048861,0.09476120681163369,0.12668278768887642
0.12892636156723403,0.09605273351866483,0.10750058011129082,0.09615877355533192,0.1290906170279863,0.09625723524323393,0.08594610749523846,0.08992249558130622,0.0861635725267681,0.09604645780346771,0.10786300564861057,0.09009615458197379,0.09720553327809056,0.09006642588192265,0.10764881731100301,0.09612927211435457,0.08594003802576966,0.09001251530340887,0.08591802214342792,0.09589211615945475,0.12887850171666976,0.09607909473407078,0.10743733073475159,0.09605306255357471,0.12896775190143916
0.13127450802882717,0.0973625471946028,0.10942005361226115,0.09740142277192582,0.13141692349021833,0.09749720227870229,0.0881935708850981,0.09293995693188228,0.08836079035644523,0.0972124889809306,0.10969522586468228,0.09316775182092873,0.10329065481122224,0.0930995328468035,0.10949626158611575,0.0973429495627623,0.08814675592752197,0.09306042520001057,0.08814350356098533,0.0971377069745516,0.13120541073173086,0.09735994862899677,0.10935788898525134,0.09732384815553119,0.13132637698111377
0.13364337152618777,0.09866780082765114,0.11120168456867974,0.09862214047292844,0.13375530991619206,0.09867830765573621,0.09035288174156647,0.09544807655958215,0.09045196046970388,0.09831286972825376,0.11131702401046728,0.09569431620434798,0.10839946689906343,0.09557906399177807,0.1111432235470507,0.09849399606386638,0.09024356640546477,0.09559087418436008,0.09026305540346619,0.09832879257583932,0.13354353776354838,0.09861762807563929,0.11112837911202472,0.09856874792975356,0.13369540593515405
0.1361356834725687,0.09998486694202702,0.1128100855966136,0.09983944152593616,0.13619293438562452,0.09983328329050106,0.09239595324959038,0.09738711592345811,0.09241158442526193,0.09938462673603976,0.11270035568236375,0.09763259105677152,0.11243228620483403,0.09748508860610583,0.11256782437268953,0.09961936441975305,0.09221615792584409,0.09756597616625307,0.09226732946052746,0.0995276307533226,0.13598909993179525,0.0998853039633858,0.11272230854351623,0.09982100215477319,0.13618608754510025
0.1387304068477358,0.1013078039837742,0.11425463497916144,0.10105191156108129,0.13870748131293398,0.10097873011344238,0.0943760294621872,0.09876069019608497,0.0942768899029151,0.10043965696926871,0.1138905433351623,0.09895927300933849,0.11524897245944743,0.0987742553120109,0.11380297745629453,0.10072181182450413,0.09408857658444258,0.09896263668346983,0.09419614891110761,0.10071721890025331,0.1385130324438319,0.10114172670209154,0.11415322485342444,0.10108531335766674,0.1387628021938116
0.14140338075648157,0.10265435759513097,0.11564922160177787,0.1022869272189369,0.14130657997764395,0.10212760883210131,0.09618203265704278,0.09948887907560722,0.0959577324189656,0.1014954770669082,0.1149723198171203,0.09960813725867051,0.11672476054437142,0.09938203985551369,0.11493821215135186,0.10181596475158133,0.09578753976583282,0.09971982191396056,0.09593911794511412,0.10189516985361524,0.1411070000299141,0.10242029515867723,0.11552809344238152,0.10237534898485257,0.14141411394550907
0.14425379962023194,0.10406774476655528,0.11698608666662513,0.1035689160274822,0.1440446760564963,0.10330544495447513,0.09790774095392818,0.09971002855781036,0.09755052043271628,0.10258482002808583,0.11595181842280833,0.09970588558687421,0.1170503408535501,0.09947188363053239,0.11598142467227068,0.10295698359400779,0.09738118270667301,0.09998112918770957,0.09759756614397846,0.10313886257942478,0.14385608772601727,0.1037560377845052,0.11683426575476169,0.10372998946725248,0.144245231565318
0.1472219066589155,0.10553574961160395,0.11836035105513854,0.1049170725878904,0.14689348359131732,0.10454713583804154,0.09960565739387045,0.09950365686723939,0.09909733053013375,0.10372693545838735,0.11695309666269288,0.0993425384256546,0.1163100087448069,0.09907015312104783,0.11703111741041317,0.10413074642476688,0.09891777064501528,0.09979820684504931,0.09919101173426159,0.1044231733022794,0.14669782481083993,0.10513278153236766,0.11817066132316634,0.10515513867198706,0.14717156120559077
0.15031014995666625,0.10705736483087669,0.11985275123111483,0.10633015547353064,0.14988218777829748,0.1058560173744274,0.10121960838910182,0.09895014716198958,0.10055403830624843,0.10494528625994731,0.11806824693860851,0.09860738240499395,0.11469297003402223,0.09830407544535819,0.11818983639581931,0.10537081553011624,0.10038818045939119,0.0992773342172188,0.10071565965071605,0.1057678474470562,0.14966350813704837,0.10658322757438837,0.11962756143585762,0.10667335339047485,0.1502278163048381
0.15359250223133308,0.10868441694386921,0.12147162473220341,0.10783503027606395,0.1530228196599681,0.10727072309520891,0.10292618680253607,0.0982881976061803,0.10209180190181649,0.10625309799603538,0.11931400651862495,0.09773307258376107,0.11256803602456061,0.09742695200354112,0.11949483412538159,0.10671885198728853,0.10191922461406033,0.09863423875813032,0.10231727223244075,0.10722686616386956,0.15280376328897305,0.10812050043831056,0.12120365262717975,0.10829803243803032,0.15347348333519345
0.156959567483553,0.11037070608608462,0.12332951174945389,0.1094348854690062,0.156278355498136,0.1087742563228819,0.10468677739512028,0.09757512122414486,0.10369740913289688,0.10764475024624942,0.12081396671843364,0.0967934700695341,0.11010716190157521,0.09648271724977825,0.1210365559721523,0.10813627872957982,0.10350314613951217,0.09794345973059648,0.10395504499116026,0.10875107625470992,0.15603504507628158,0.10972382120354923,0.12302238853362663,0.11001350532630277,0.15679717912164898
0.1604688200999546,0.11210842941544763,0.12545263344022406,0.11108755101970069,0.15967955820344215,0.11035848878583743,0.10655468167430321,0.09700495455783342,0.10537791206745445,0.1091496533970443,0.12260546729220367,0.09594351203357343,0.10763812374731274,0.09567845900986632,0.12286565481019102,0.10965101399782362,0.10517852586159354,0.0973819358335446,0.10569300320076735,0.11035506962402852,0.15940628936897705,0.11141099643570679,0.12511725731509737,0.11183261936347472,0.16026310624409523
0.1641221656429141,0.11392667563481057,0.127834872327739,0.1128308540667215,0.1632162769020709,0.11204416687159563,0.10861052317598452,0.09671910436870251,0.10727273333018755,0.11074778737650742,0.12469570244699346,0.09539288796144096,0.1054964226631166,0.09517550383056061,0.12498729004299447,0.1112659094727163,0.10705386652427878,0.09711027583749426,0.10762382659591418,0.1120402049043096,0.16291798864389434,0.11316558107048907,0.12747809694144652,0.1137326719911334,0.1638726036242683
0.1678389459406487,0.11576454806708497,0.13056910939915684,0.11464024922960198,0.1668451837909261,0.11379087254358439,0.11079065445828756,0.09674419095123138,0.10932672444039193,0.11241242734039603,0.12717309236167518,0.09515607428212858,0.10381445938166539,0.0949833123190143,0.12745300974908874,0.11292822075805209,0.109070331659044,0.09716474200248798,0.10966577177862052,0.11374931205020739,0.1664940676162721,0.1149649915406985,0.130203843831095,0.11568214525337916,0.16752769595011674
0.17168204880329174,0.1176267871499948,0.13360741921330727,0.11645846392088116,0.1705890924603965,0.11557874873289264,0.11318588160233023,0.09725671893255,0.11156925976483922,0.11415067879063812,0.12997676523544538,0.09536428664901953,0.10288663073323912,0.09527662001365023,0.13024100919580012,0.11465505880268617,0.11127716316619646,0.09767912770089143,0.11190381982816971,0.11549281140898393,0.17019539542513512,0.11680290217256367,0.13325801276090526,0.11768798444625428,0.17131421984466266
0.175615133944716,0.11950587553362041,0.13692169249841607,0.11831276574765476,0.17441479925222436,0.1174048954475812,0.11576127717233609,0.09822604572393806,0.11401633350426632,0.11588857043650358,0.13308596450328397,0.0960684396432076,0.10284919265731263,0.09604340602798661,0.13331174595207473,0.11639499728309222,0.11371367002117305,0.09867773791521606,0.11434439776892685,0.11721784421600706,0.17398509836828624,0.1186430741545762,0.13661768871620572,0.11969864016708448,0.1751877476653554
0.17959346896191514,0.12136026209125444,0.14056632583216816,0.12015816699427478,0.17829650154467847,0.11921931502445321,0.11846168908501215,0.09966548899546412,0.11662028476171404,0.11761448126052837,0.13652552772870685,0.09721767424199457,0.10372513032639008,0.09726052331437984,0.13668062207632742,0.11808831733102448,0.11630094968574439,0.10013449149053799,0.11690313026719096,0.11888554470604212,0.17781307769768745,0.12047954734662403,0.14032089488973398,0.121681547112587,0.17908831101520706
0.1836907328754881,0.12321261295011421,0.1444411610682262,0.12199562159917182,0.18227119838235206,0.12099335213332424,0.12139886517914372,0.10164517356027453,0.1194253562320467,0.11931101242239955,0.14013360103655653,0.09885433157727441,0.10561197047009352,0.09900166422753748,0.14026908088034307,0.1197523489636122,0.11905892831217646,0.10209542447298375,0.11966415162845306,0.12052292482064242,0.18174447690635553,0.12230819371858653,0.14427265759198366,0.12364124900742951,0.1831079308354005
0.18784091871237873,0.12502010378735245,0.14851534793144622,0.12380074369665067,0.1862784994571095,0.12271383706533623,0.12445652499690807,0.10400233506508288,0.12234125602454338,0.12089186639548377,0.14394124811485276,0.10090338724013348,0.10842130460338639,0.10111337034997403,0.14401630073206223,0.121316738699564,0.12196660364174022,0.10446252954849489,0.12256244718545045,0.12206990346905361,0.1857261928484802,0.12408509949432706,0.1484566787070029,0.12553318265439584,0.18717902860010305
0.19204426477078657,0.12677941479876575,0.15280518128162324,0.12552086331566054,0.1903209600500106,0.12436860845305314,0.1275939354823707,0.10669507108705101,0.1253100740023183,0.12235621593023249,0.14795674712770224,0.10327424550072184,0.11206173064034614,0.10354703678299382,0.14791451114462395,0.12275397547368766,0.12495247696735812,0.10715810514937368,0.12554779567243946,0.12351895731631629,0.18974607250510883,0.12581421232646284,0.15286841239731647,0.1273507491707388,0.1912937494560647
0.19636357132187865,0.12850926494924092,0.15719338238451902,0.12715628707686621,0.1944131370244726,0.1259276932796386,0.13086110593670996,0.10966360609692272,0.12831641872757577,0.12366604519991392,0.15199585158757478,0.10591690014608657,0.11649001798210229,0.10626279371057923,0.1518529588272789,0.12405630759859204,0.12803450605451433,0.11012622536038225,0.1286781660921456,0.1248853209158785,0.1938693202348823,0.1274851920403629,0.15738825968386622,0.12910648390164425,0.19553506347637034
0.20074234476940828,0.13018675842585375,0.16169327249967347,0.12873528994892525,0.19852931938216106,0.1274011559770557,0.1341776821732351,0.11277144271336453,0.1313100027483038,0.12479303540831482,0.1560810357311916,0.10865679428926767,0.12145884736164742,0.10908188744598596,0.15580325565888514,0.12518627298184493,0.13115257449881573,0.11321445738902469,0.13186668673434593,0.1261120792084806,0.19803920579450296,0.12906506374511728,0.1620155698323799,0.13078190423849811,0.1998349750520641
0.2052156054851456,0.1318446280452094,0.16629879710039347,0.130236746076011,0.20270704995149075,0.12879128987765104,0.13752699139537655,0.11599144225068947,0.1342823751590887,0.1257774830019488,0.16020271030627126,0.1114447261256028,0.12685001176935795,0.11197182081628138,0.15977231987718277,0.12613980621546272,0.1342901540353083,0.11636263174612427,0.13510636560779665,0.1272541791602979,0.20229127749688386,0.13057893881482424,0.16673348335211424,0.13241595416205948,0.20424490483730684
0.20984716777693124,0.13349816004621584,0.17090195490760718,0.13168852756916893,0.2069770547880631,0.13009605982693728,0.14094826780538044,0.11920585927038074,0.13725185718273497,0.1265997072872057,0.16422302892083945,0.11422582644771262,0.13252923080829926,0.11483818027740728,0.16367397158574093,0.12693115326269522,0.13747154974031778,0.11950972455042946,0.13844527598306267,0.12835712796654136,0.2066879617725711,0.1320432072372288,0.17146403098620433,0.13404366855029343,0.20883253631056486
0.2145829187532523,0.13514062778846003,0.17553451930413183,0.13311101584707952,0.2113266116535047,0.13133623694877838,0.1443830510580828,0.12229930140417966,0.1401765001954947,0.12726788175869758,0.16819105712267707,0.11684049632671462,0.13824612440989958,0.11754219112348041,0.16752956462925367,0.12755162055513086,0.14065258926053925,0.12252891263844307,0.14182780666628764,0.1293931526982754,0.21120391375090342,0.1334606630854479,0.17626344575176528,0.1356657996172081,0.21353474376799014
0.21949549229902832,0.13683773220053158,0.18019981539262192,0.1345187434035242,0.21583021157620852,0.1325360634060636,0.14787234536121774,0.1252854204411702,0.14310362944503857,0.12783098038473145,0.17213087116322612,0.11930455994741557,0.1439521555947626,0.1201354509296445,0.1713785471501596,0.1280597329219793,0.14389605513959802,0.1254156707105401,0.14533524282306381,0.13045709333330452,0.215899872256562,0.13489108573717562,0.1811337495379986,0.13733195999976983,0.21843105243648114
0.2246308032660378,0.1386064235072485,0.18484379515008437,0.13597135613559436,0.22051077525833473,0.1337064086899008,0.15146640385912152,0.1280951698002446,0.14605680062379428,0.12829761743518547,0.17597528075525454,0.12155915974038706,0.14952336942110384,0.12249958368271835,0.17517528124900827,0.1284977887556959,0.14722326213332942,0.12812715656625656,0.1489952257621438,0.1315749949994735,0.22081704243368466,0.13635134599213722,0.18604576710516418,0.13908681462448602,0.2235666601925987
0.2299458820572876,0.14043927319618332,0.18952798176646435,0.13749518965731694,0.22536456027978308,0.1348873573191524,0.1551713413910769,0.13067493730363605,0.14906410637578754,0.1287081901764336,0.1798282079483554,0.1234677931180797,0.15479905653684045,0.1245762389917161,0.17900316849093006,0.12889472103191968,0.15063196875759083,0.13063127880326192,0.1527845268745972,0.1327243979857773,0.2259419130515874,0.1378912457678354,0.19107116983156736,0.1409593551255951,0.228882067716636
0.2355168976077382,0.14243195534998926,0.1942731035040458,0.13910817840020234,0.23047051581776024,0.13610643546980955,0.1590972551352029,0.13306818150046573,0.15224985247284928,0.12912749133086238,0.18370707160186106,0.12512112263065323,0.15979482439566917,0.12646109719704363,0.18289766933342544,0.12931885806888493,0.15419672457007472,0.1329681488267604,0.15680849041714306,0.13398821564760005,0.2313453814621706,0.13958261591462184,0.19618204634178926,0.1429718370749542,0.23445796289533355
0.24135700278522587,0.14455707841803211,0.1990473794168781,0.1408439930180087,0.23585598431601923,0.13737836919198793,0.16330067559609307,0.13522389099092957,0.1555611967188667,0.1295258504702178,0.18760630383803145,0.12649983805279102,0.16444419463206672,0.12802645659364215,0.18683429652997602,0.12980752075296204,0.15796585062634516,0.1351125236737163,0.1610619116758913,0.13535478774605636,0.23704773170779647,0.14142772798523445,0.2013760724404653,0.14513138476210852,0.24030061778461342
0.2474255214967297,0.14681559772986358,0.20391692621317054,0.14271947043921474,0.24151564908527945,0.13876836263369202,0.16779905401409695,0.1371627203541153,0.15903341390068426,0.12991064016038212,0.19162031980056604,0.12754773472047598,0.16869960862462507,0.12931820965541846,0.19091842420991134,0.13038002799342618,0.1619477149682732,0.13706736245205453,0.16551812758417495,0.13681547019434742,0.24302357533644287,0.14343451310114108,0.20671286248471366,0.1474361516408555,0.24634594854690622
0.2537919414295283,0.14935203538759245,0.20890094616946325,0.14473794023654585,0.24749468576449218,0.14038884632968468,0.17266257071069785,0.13896753994422967,0.16283852893752093,0.13040578916656353,0.19576373427536364,0.1284232131650665,0.17266476852357998,0.13042950877749954,0.19526111132007218,0.13112619722197782,0.16621415205237022,0.13889137988047684,0.17034159548043215,0.13842884848687276,0.24931484150133865,0.14563583955010279,0.21219572727992786,0.14989160524010214,0.25267743920540425
0.2604426256857211,0.15213490482430003,0.21403323024930238,0.14691118750931514,0.25376098133493985,0.14224431554688038,0.17787984737323248,0.1407091378618433,0.16693074087819215,0.1310575546763627,0.20009781909649793,0.129100311598916,0.17634650540967706,0.13126461357382047,0.1998351391571631,0.13200321356575628,0.17077414032660693,0.1405918136400396,0.17550079873016577,0.14017109713627834,0.25589485323781813,0.1479955935251437,0.21781821902664183,0.15247715116827382,0.2592631074386885
0.26731018243109717,0.15509871350500243,0.21938626041100784,0.14920823573593783,0.2602773056864537,0.1443923440853449,0.1834238981971043,0.14251094868289138,0.17128661379080218,0.1318346261956731,0.20475556157591884,0.1295063270987093,0.1798045662747111,0.13191678899910514,0.20465219698019593,0.1329162966832657,0.17562650646602007,0.14221112996896823,0.18097808865489007,0.14203890074379044,0.26273199541348935,0.15050507757972714,0.2236357356713486,0.1551785745640541,0.2660407263477548
0.27447899026541966,0.15825994694565076,0.22495514751017937,0.1516453270213054,0.2670980179650633,0.14677102589608948,0.18935861038821228,0.14441111189694966,0.1760517159134155,0.1326631350133548,0.2096788256325668,0.12978742806816895,0.183192977368969,0.13257421509020378,0.2096995924538399,0.13398091611173346,0.18093839292667058,0.1438126892678535,0.18681784025597375,0.14409104380273147,0.2699160222929168,0.15322121322807797,0.22970700208812567,0.15802637635478606,0.27307025481200886
0.28186683077583297,0.16151508815469345,0.23071042333409653,0.15422310924597116,0.2741435004547905,0.1493477882164817,0.19570325594268367,0.14635549257723157,0.1813247870506231,0.13350936425676774,0.21488782866196132,0.13000098447856606,0.18667116239278525,0.1332289198877838,0.21497339839394297,0.13514700419875925,0.1867093137643145,0.14560574452520375,0.19301508371103537,0.14641020455811093,0.27743896514170374,0.15613430738426592,0.2360625391417237,0.16097396561381833,0.2803826258503622
0.2893966100815173,0.1647911367216806,0.23669103260834995,0.15681783170219732,0.28140078064599944,0.15211519900635856,0.20249694272506136,0.14829016772654385,0.18700553511020773,0.13435946365128615,0.22043641217128918,0.13024178051647112,0.19015545228084574,0.13396543444554743,0.22051542054900475,0.13637180188065978,0.19290720489393715,0.14752583731838614,0.19960984768870638,0.1489533698090077,0.2852626133084129,0.15917909272973046,0.24268960192478878,0.16401724315970928,0.28785857777895896
0.29711318576512546,0.1681117432434197,0.2428162448967015,0.15943212784616534,0.2888105036874153,0.15505771322551076,0.209722874563178,0.15036136126061522,0.19319620417913186,0.13516438141634707,0.22629310615347725,0.130616200465401,0.19381631548180256,0.1350072914062705,0.22642887614362467,0.13762429816532679,0.19958664025010042,0.14963949340797905,0.20665851798955348,0.15182033785011345,0.2933498162227968,0.16232109471690287,0.2495425261611378,0.16725099098132318,0.2954961142084612
0.3049166930177799,0.1713665483261781,0.24908349843135374,0.1619791169976018,0.29633567693791313,0.1581489690753472,0.21729610907223396,0.15252998770847753,0.19980763303426435,0.1358986794901696,0.23252356003044883,0.1311009545064808,0.1976601187728786,0.13611639278406584,0.23266903803699884,0.1389482453891882,0.2067789625756153,0.15209375603831976,0.21409268859786357,0.15499257510837694,0.30163705905200233,0.16549641011956767,0.25665633909869007,0.17064713320217034,0.3032551016019899
0.31277401140405425,0.17451726373122511,0.25549590702122704,0.16436852575637206,0.30397366278156035,0.16136759284996194,0.2252670798379569,0.15471889333379052,0.206862710780073,0.13656748186697643,0.2391349696310579,0.13167841273827535,0.20179528713934392,0.13734792238279464,0.23930030695108662,0.14028198796733332,0.2143734557483799,0.1548942578838881,0.22186257562712275,0.15828916441146507,0.3100344402745967,0.1686291540633606,0.26395783670644823,0.17403931519717863,0.3110872375476025
0.32073359804785373,0.17753298826141378,0.2620065977050212,0.1665817537432316,0.3117288638723557,0.16468931131522496,0.2336035812581787,0.15707209208012696,0.21443323431964983,0.1371336422920887,0.24611429787886274,0.13243236660792673,0.2063780463358097,0.1388036144424013,0.24636243492923654,0.14159071780392068,0.2224003807564789,0.15799228167609586,0.2299114730416455,0.16166697838232025,0.3185267076428058,0.1716353981390688,0.27140799576085195,0.17734331771090567,0.3190067573211723
0.32867418802417336,0.18028283706673504,0.2686255496693787,0.16850725764440028,0.3195530968156808,0.1680518794387404,0.24217367734347212,0.15965641625687066,0.22242945999307334,0.13760622297219616,0.25349052082879725,0.1334595127495839,0.21146473303378183,0.14039095651161004,0.2539154830105174,0.14286484187946868,0.23072539863499025,0.16140337032312058,0.23823877906415164,0.16515963758709273,0.3271361910265477,0.17449196795569355,0.27903398163318904,0.18046901298753953,0.32701244587470757
0.33655984783407855,0.18271616095005516,0.2753132279774627,0.17010498237781696,0.32744457076294675,0.17140633360915775,0.2510147230867018,0.16239649710728737,0.23087356995499064,0.13804525587381977,0.26118859890185775,0.13478850852302632,0.21714539488687568,0.14221516106354787,0.26190041654091434,0.14421569688991082,0.2394572335456262,0.16523882734212647,0.24666404586562057,0.16851638757838894,0.3357788606735691,0.1770700694712269,0.2866697542051249,0.18329036195085624,0.3349998140528264
0.34442486699438474,0.18467743204681808,0.2820179138403799,0.17134923487727322,0.3354734550423232,0.17465531156053649,0.26009756024989683,0.16544228150270018,0.2398025894493691,0.13836180191600728,0.269158919691306,0.13634261475522957,0.22347541948200517,0.1443126567396582,0.27030128666773257,0.14561157014739362,0.2484710198109401,0.16941595634405582,0.2551362227015793,0.17157558312446947,0.3444377119466399,0.17915885123719794,0.2942456459645694,0.18561069074655656,0.34291124947732976
0.3521508829067581,0.1859645767704322,0.28872355403173383,0.17213115705165577,0.3436340279291785,0.17768956215562948,0.2692546701926731,0.168884554609827,0.24911949129808064,0.1385289439479671,0.27747426077154813,0.13814644233781181,0.2303862961084523,0.1465121462039607,0.2790334418750149,0.1469183481842274,0.2577010775945935,0.17386663548403058,0.2635461929753482,0.17411972192979003,0.35300304175603847,0.18062520838510038,0.3016872034166542,0.187249061550112,0.3507377488316805
0.35973352978176815,0.18650059471739783,0.2954068974355647,0.1724112288116953,0.35201889348904447,0.18037332233176567,0.27850371051166134,0.1725336225128376,0.2588918535813667,0.13866901005655963,0.2861331510569439,0.1401904829686818,0.23790326687968955,0.14888408122935004,0.28816078843447324,0.14819121243570094,0.2671133474247566,0.17855635279084314,0.2718732550555554,0.17596610287293146,0.3614916617745012,0.18131956899250268,0.308975888486065,0.1880606113950486,0.3584481045024119
0.3672614964689467,0.1861903702821857,0.3021068256002538,0.17217916806468792,0.36065891389271953,0.1824623462058365,0.287926528669942,0.1764604251112009,0.26929395073341733,0.13902663687930972,0.2951363865961901,0.142445425725568,0.24605467320185082,0.1515419513925324,0.2976977140426569,0.14953144553437464,0.2767213448417182,0.18342217077245615,0.28018500835984617,0.17704063542132809,0.3699672196498293,0.18115443937168096,0.3161609249819476,0.18795647746246813,0.3660656944385885
0.37465898109866236,0.18495611056547417,0.30889334654543665,0.17140476511410135,0.3695572738535718,0.18376560950299764,0.29741788687487714,0.18072003768462597,0.28014732173250234,0.1396530182176483,0.30456695097292963,0.14482584102915713,0.25471831804270517,0.1543229614499082,0.30761748050236504,0.15085435499347255,0.2865121478512287,0.18830099138502215,0.28840618202575674,0.1772897744009262,0.37840398519121554,0.1801010167165108,0.32327692407025443,0.18685943941879424,0.3736136699876761
0.381966483261748,0.18294906666244332,0.31573205645593133,0.1701176670261189,0.3786858950756147,0.18420859779799986,0.30700360875500743,0.1850352217286214,0.2913309409663912,0.1404284068928841,0.3144260142905497,0.147344760724738,0.2638578894512965,0.1571572777373908,0.31796851832970574,0.15214244220405432,0.29645920317273133,0.19303745600350347,0.29654236834940445,0.1766889488830361,0.38681592426880107,0.17814812654368622,0.3303198330090076,0.18479558705711324,0.38108741116168543
0.3892828984419248,0.180312810782847,0.3227642758981132,0.1683656645324073,0.3879716501892451,0.18385174293379214,0.3167941590609471,0.18923492342690473,0.30292287982200794,0.14119689996235696,0.32471808255469237,0.15001482405379074,0.2736437765669302,0.16007231135714872,0.32874611107953544,0.15349140040561765,0.3066779561743539,0.19754980145427625,0.3046506700977487,0.17529263602886808,0.3952663533122605,0.17543307799506697,0.3373457520752183,0.1818304792352053,0.3885531766862441
0.39667360043245625,0.1771568511937574,0.33033640299616546,0.16619893898635374,0.3974509726112404,0.18261126616143097,0.3268296845529441,0.19321522242347683,0.3149286412597704,0.14200990490831328,0.3354868690035131,0.1528167157176401,0.28410926186065155,0.16311777109487158,0.33996913401596357,0.15489173887846586,0.3172531032697118,0.2016463882530487,0.3129590839080262,0.17336293834652006,0.4037242423337045,0.17215475861799961,0.34450043071496517,0.17818627199396553,0.3961750163109941
0.40423284640383955,0.17379843058340255,0.3383943774301059,0.1638561567913781,0.40724478166658296,0.1807140469923224,0.3371055726585016,0.1969690445243642,0.32716762890133533,0.14308245838509714,0.3466617150739597,0.15576516212330593,0.29510717118386864,0.16626832273042114,0.35170482532476616,0.15629926282907297,0.328042372648494,0.2051090163925567,0.32156912470270715,0.17103810744149955,0.412190702147338,0.16861126004385762,0.35187273259337964,0.17398895347606858,0.4040554428110428
0.4121582304199661,0.17051367347807161,0.34714854088873587,0.16168509766214467,0.4173908228176551,0.17833165379044336,0.3478578812983182,0.20043992166268376,0.33960772613214263,0.14429527168963469,0.3580894368451308,0.15895189801402093,0.3067369252606238,0.16947646975241443,0.3638550523328091,0.15788026702458285,0.3390003756979969,0.2079353542564098,0.33058641784434994,0.1685658664401537,0.4207510770884966,0.16538134974062624,0.3595745207025015,0.16964740508368015,0.41226924038767293
0.42060712973700776,0.16758626204493215,0.3569553562912037,0.1598868494142306,0.42794560177234287,0.17553082168726192,0.3592048683593271,0.20322464151163738,0.3522893306425815,0.14538715924610013,0.3699457197503112,0.1622706279668772,0.3191918736106101,0.17261589109141745,0.37649783687459637,0.15941740350989547,0.35013194648831425,0.20993879977613195,0.340429634825423,0.16623117828237816,0.429471859300918,0.16283809590084786,0.36785016807159454,0.16559255897946995,0.42102014385205966
0.42963649141365123,0.16558820444674444,0.3677594376220461,0.1587606514460605,0.43885856082120966,0.17287648732907085,0.3711361583171839,0.20522546672439118,0.36517906965443325,0.1464781390408541,0.3822898418262552,0.165780060821965,0.33252940449625035,0.1757713477576956,0.38965468955979055,0.16077332872639138,0.3617969775529494,0.21099456753464102,0.3512959626952083,0.16435926197586354,0.43843899024067257,0.161226918903072,0.3769128854157724,0.1623795026029181,0.43042720006717605
0.43929559914874583,0.1648402238516185,0.3795253014696444,0.15854128146948498,0.44992437002779473,0.17087978773915963,0.3837451254210868,0.20659278208089948,0.37803153387743016,0.14779575052572036,0.3952307520200393,0.16941900972408236,0.3467153862987996,0.179062063272246,0.4031065888493049,0.16198019507742767,0.37411186543196545,0.2111346099299568,0.3632735245652066,0.16325399795194684,0.4476311987518421,0.16066013182464806,0.38691644783394974,0.16058394592903663,0.44044733185770324
0.4494787133759309,0.16517280191477313,0.3923051477297971,0.1590725547027107,0.4611072380928486,0.16976304453447222,0.39707630787673515,0.20699896880822655,0.3911659509370142,0.14905267494320318,0.4087509282577242,0.17299096843785405,0.36194158552622724,0.1822905554005163,0.4168462514770865,0.16279519622416216,0.38718839942703903,0.21023796125751443,0.3764382859072205,0.16285052849047266,0.4571502100975529,0.16104810453670587,0.39798359452989696,0.16034109624783827,0.45106462449829693
0.4602802613132999,0.1667251937955438,0.4061831025080609,0.16070394930086818,0.47250059396669775,0.1698331454320588,0.41113597302138916,0.2061340639478994,0.4047704867132744,0.15014483747743307,0.42276460792701187,0.1765937700469803,0.3782809771590033,0.18537471501253816,0.43095466563460083,0.16337490398431226,0.4008932524815143,0.20856331601831574,0.39036584702602134,0.16336979504344,0.46709341800964954,0.16293524768360873,0.41042223779941367,0.16179177073118695,0.4623846653343264
0.47160237066308514,0.16955256287299258,0.4210417587487648,0.16329830654912875,0.4841585322184218,0.1711992180316927,0.42578293375348725,0.20427216365235112,0.41892308653504723,0.15100828895807966,0.43710647695518423,0.18044515231489022,0.39586325651131604,0.18847757475937177,0.4454090805789121,0.16390478280121484,0.41523975797118,0.2060129256592701,0.4057103933038812,0.1652375953853048,0.4774744927525828,0.1660690437461837,0.4242884067448589,0.1649567682326547,0.47435118110292024
0.48356618171407095,0.1732129243154723,0.43717208150965564,0.16632733765815283,0.4960779855859946,0.173473843889499,0.4410747225765215,0.20106699728777333,0.4337621550631994,0.15158856344355287,0.4517917023886036,0.18450406835748168,0.41463380863480415,0.19168178579404987,0.46016083070479336,0.1645026390673151,0.4302423056368798,0.2024252174444489,0.4227924837581402,0.16851201506873692,0.48819562893890955,0.17009115057653085,0.43948388583459463,0.16950751252323215,0.486934933590289
0.49603728107847994,0.17778225472113635,0.4541418031513963,0.16993860547018597,0.507978970101576,0.17674539564603536,0.45678396246001407,0.19696233144788244,0.44899007522366136,0.1524923312327101,0.46645167630357875,0.18909920612307524,0.43416534219709535,0.19443178743224693,0.47468729640874174,0.1653243591555531,0.4456912695347205,0.19838297302369573,0.43999899198301906,0.17300763732064378,0.4989596081324946,0.17482396799987432,0.4556554822125747,0.17516080309051496,0.49963780742813113
0.5091010438655532,0.18249469751200798,0.4717700059722131,0.17331854215895848,0.5201719937511019,0.18072425547619986,0.47301547718466663,0.19278064407900852,0.4648140738160136,0.1534934372465201,0.48114709229774605,0.19376427545137637,0.45455050645953987,0.1976456279820692,0.4893273554327561,0.16651869163033972,0.4617188469659732,0.19411872162551608,0.4576262429188392,0.1782888032130675,0.5100219653764307,0.17944383880780362,0.47258939372872133,0.18134350848618108,0.5124667345213505
0.5224372065009486,0.18677135242568427,0.4898238431367739,0.1763851892099899,0.5323026688536965,0.1849958712842627,0.48966387521543436,0.18907792202360446,0.48100362505182154,0.15502159493169287,0.4957813750895157,0.19834056880810552,0.47555175662479104,0.20104065347360345,0.503847368286155,0.16798688443126414,0.478029221994697,0.18977543807562075,0.47696882533131174,0.18365218402910533,0.5213106937230872,0.18310798064713107,0.48990650009668213,0.18687714380990728,0.5253702287281101
0.5357753942113547,0.1900025111558632,0.5079733044388031,0.17889058849897094,0.5440247034653012,0.18854179422827405,0.5065142112183163,0.18603832786914165,0.4973216651059567,0.15728146512436647,0.510311901280347,0.20246919659170454,0.49687912618075175,0.20358578491782886,0.5181693520868349,0.16990598492083625,0.49448717548071935,0.18601512398907571,0.49660511175053396,0.18819767616594768,0.5325480866746772,0.18577618056271578,0.5077522132255265,0.19090158454594558,0.538004549866244
0.548955242857119,0.19159403752573018,0.5259641475915049,0.1804814351013695,0.5552599835243255,0.191108294762103,0.523713172175182,0.18434474580327753,0.5140583363040268,0.16097304044841132,0.5246439365541992,0.20651561960123216,0.5183277212104154,0.20661182480770895,0.5325332441553446,0.17231023619293417,0.5113239892495575,0.18348567717648423,0.5156495570375769,0.1912642814270809,0.5440907807982454,0.18647954106075948,0.5259713531109613,0.19289330111755826,0.5505883718790777
0.5616317982011523,0.19129870876415084,0.5433806502028492,0.18088299790610834,0.5658074093912011,0.19266014532311254,0.5406144645035019,0.1837595743493738,0.5308970307580938,0.1657388333853192,0.5385544689725289,0.2101906041744886,0.5395621609962932,0.2101376935608001,0.5462839391982421,0.17489790487611884,0.5280910750683444,0.1828134888823566,0.5348145069713468,0.19294505115270444,0.5555454195893805,0.18512096032626096,0.543904871560438,0.19284935972431616,0.5627242321746111
0.5736597388894094,0.18903325933135812,0.5600891103803832,0.17965602072214143,0.5758648623213125,0.19284205852586234,0.5570366218394037,0.18451924034461115,0.5471551373769112,0.17067274763070062,0.5517367420756925,0.21358186297073894,0.5599168173437071,0.2130345040926565,0.5595377976308731,0.1778334285613739,0.5443995189850898,0.1837304622246717,0.5546332624792686,0.19240354925231534,0.5667299065931808,0.18243798059090982,0.5617119771419161,0.1901303774384402,0.5744405112973847
0.585558628425011,0.18465546189550708,0.5763388099632545,0.17707531205559063,0.5854710383032415,0.191022707046825,0.5735791542458709,0.1857942251713891,0.5632908362890078,0.1755155884018707,0.5647019100860702,0.2159481154759602,0.5792767497046283,0.2148272934654909,0.572630170721007,0.18046962600150812,0.5608892377197076,0.1857126215578513,0.5733904338446463,0.18956721376479807,0.5781643859018478,0.17841479785142722,0.5790897788788385,0.18484253704447728,0.5860224046682372
0.5969442705124806,0.1790834375464933,0.5917251178133354,0.17410174476020734,0.5945926629747115,0.18841247433773156,0.5899254610996312,0.18791301363304713,0.5792209526300098,0.1802473160381971,0.5772407563588494,0.21720731807240856,0.5970652751350602,0.21630042511895303,0.5850381737381336,0.18289660967238153,0.5770252000882149,0.18937368315321668,0.5903657370757466,0.18617099123566844,0.5894106014034016,0.17423731106835205,0.5952840649335428,0.17876293356486145,0.5971397675151277
0.6077944245488517,0.17384144832482912,0.6064347412318378,0.17145542013866172,0.6032824118671414,0.1854032347494472,0.6058504022289933,0.1911417790409044,0.5942481504605769,0.1839290770735214,0.5891551480285759,0.2172605651369488,0.6131020245178037,0.21703373011665178,0.5965960667325488,0.18523948996205858,0.5926523723350777,0.19424835582944922,0.6070478593390616,0.18294306209643568,0.6004138192637508,0.1711079715933046,0.6103982014617647,0.17291365963339284,0.6077748810964718
0.6184908413952113,0.17016232903228623,0.6205348230798051,0.16985553036204493,0.6115276365295654,0.18244770123586218,0.6213693784136014,0.19514964684736869,0.6082737354517406,0.1865846950002562,0.6008862677112794,0.21613206584100808,0.6274623624622806,0.21671799559554622,0.6075970297046491,0.18720051689586098,0.6075514594772293,0.2001327827293755,0.6237448542824119,0.18003968679369436,0.6111967097327381,0.16990958951664792,0.6238817025159257,0.1681900886619111,0.6180212691028246
0.6286680330561961,0.16925284142970237,0.6336157747801316,0.1699440502446634,0.6192382681301305,0.18089027477245745,0.6360884910781093,0.19931920654270252,0.6215666297765562,0.18841302487975842,0.6122378197944122,0.21376011685983792,0.6395404213818601,0.21579081031962088,0.6178463314841705,0.18874799704337564,0.621610281985257,0.20684743379143405,0.6382384623095945,0.1786895189638053,0.6216302300014849,0.17082691914895354,0.6356394208112869,0.16645793044514084,0.6278507128739974
0.6379733008587452,0.17169440988340212,0.6452043120548325,0.17169740778942583,0.626219700946558,0.18143222925779906,0.6494459241417665,0.2034080069551425,0.6338278183758721,0.1891466806303676,0.622820490147081,0.2103650360337213,0.6492049038726153,0.2144718250296372,0.6270519217289218,0.19027446052077862,0.6347056205177355,0.21343304631234683,0.6495027346786674,0.1799614519493024,0.6314983512321932,0.17430460746220555,0.6455559495391078,0.16906244658673836,0.6368965170910398
0.6464437644683775,0.17716780554045103,0.6552840647536338,0.17488614212772735,0.6324698032011294,0.18414889954185754,0.6613055088332586,0.20727355506311912,0.6447641040837371,0.1888696069457217,0.6328079603404988,0.20637828166592126,0.6569722503650379,0.21236741064999026,0.63542353125381,0.19143876398845577,0.6468786259585881,0.2189719938004126,0.6596721667961617,0.18298012327223728,0.6405980877426647,0.17982789487962236,0.6537747238627812,0.17483199646046593,0.6452775489745732
0.6536663135580094,0.18510611204814886,0.663143325208948,0.17957500429269557,0.6377458712424009,0.18895083392473705,0.6711542713170126,0.21046846207624886,0.6542339370734345,0.18838136359280266,0.6417776893558702,0.20232006869692343,0.6624822667880641,0.20987248542092168,0.6425801032516101,0.19254983524441904,0.6574117214175984,0.22395433327632702,0.6701685793178463,0.18753573472444085,0.6488149142739448,0.1867320048248412,0.6602384042753502,0.18308624104871735,0.6524901606995711
0.6596659183453999,0.194037545643286,0.6688810223883255,0.18485434185007116,0.6422917910865176,0.1948313292021181,0.6791033236732279,0.21230007782574994,0.6625068498808593,0.18768436499656987,0.649949988286562,0.19793763345980198,0.6658850604058588,0.20740114633761536,0.6487179108200978,0.19327889279430677,0.6666533139472408,0.22727731130262335,0.6775493046470344,0.19356903571061873,0.6562230428117986,0.19345812691916658,0.665176244934563,0.19270748556406148,0.6586312997889247
0.6642426251582332,0.2022549440578253,0.6724944142367393,0.18982527224136914,0.6458890437486414,0.20107563884948498,0.6848609047097933,0.21293653200352392,0.6693464648730729,0.1877010220288266,0.6571652084868277,0.19361527237769854,0.667618819976872,0.20487696576491565,0.6536776035484833,0.1936252667586963,0.6746660571554907,0.22799005036467412,0.6804468327848576,0.20008936031191787,0.6624048175710047,0.19878078934279292,0.6687608021205356,0.20188623062780908,0.6633701742120808
0.6673682071445879,0.2083573259306944,0.6738847021765441,0.19370213558823696,0.6486453127862111,0.20657229561795254,0.6882006619590407,0.2121726975694065,0.6740713127544189,0.18866638782880862,0.6629033773764106,0.1897822458769164,0.6675565520802642,0.20209163556662635,0.6573090663294828,0.19367796238188634,0.6808512863764623,0.22636721944293403,0.6827470269602655,0.20532245521920928,0.6672291101396923,0.20154093035006954,0.6711049093371323,0.20843823860656718,0.6665972489313846
0.6686423024026877,0.21109091084983783,0.6731568655720812,0.1956716859718159,0.65037639132177,0.2103041320611181,0.6890244283946644,0.2099847808969404,0.6765236502828365,0.19058143173206565,0.6667320304824377,0.1866653093330285,0.6654966696774548,0.19953671460670352,0.6592936695830419,0.19358671267517213,0.6845610553992472,0.2232526885833635,0.6848879726339889,0.20872915548897714,0.6703775306721774,0.2016132097039326,0.6715994422033628,0.21103135281950702,0.6679593588508983
0.6684569863460729,0.20935417133488265,0.6710003815379693,0.19508235252068423,0.6515286345384872,0.2110239294419975,0.6876540346726434,0.20599589163300563,0.6774106707038665,0.19270896990761477,0.6689842489008431,0.18400986180266699,0.6622103685225876,0.1972872835327698,0.6600296337657263,0.19284446758570623,0.6864609306157986,0.21811497015192383,0.6835984290694389,0.20905950293701464,0.6722644378531695,0.19852288461859874,0.6707138439049496,0.2090951212809145,0.6680149099418755
0.6670051993741708,0.20379378942307164,0.667384995010061,0.19227361800174725,0.6520810244692888,0.20856218790528425,0.6841182733629166,0.20013112382917242,0.6766670953920267,0.19472796423740896,0.6696944126092094,0.18186740718568345,0.6579709369018027,0.19524505169848122,0.6597666852829445,0.19141229716843616,0.6868116681401625,0.21091597929483635,0.6786753725452103,0.20654150128551313,0.6730222758326421,0.19271178837261566,0.6687524491299259,0.20329668757548935,0.6668846608093262
0.6645022924738455,0.19539279902150897,0.6628865438750434,0.18761842540752005,0.6523565766596859,0.2033788944797318,0.6787919926005327,0.193203046211411,0.6739279744837102,0.19628418871496778,0.6690032146179224,0.18060409346332895,0.6527906759315372,0.19328979637784038,0.6586348141838885,0.18935268530857075,0.6852178114867307,0.20194417366276857,0.6732516674021702,0.2015830314407377,0.6728044639206779,0.18573669254692382,0.6654845989709252,0.1946777104505632,0.6647778645601115
0.6611727408451705,0.18609627329291528,0.6577559515916634,0.18243413393703,0.6522624519147224,0.1964150536474854,0.6717585894127582,0.18568222946746027,0.6695263068887816,0.19671649879513076,0.6666817400174277,0.1804144617388181,0.6470202416139403,0.19164286869112696,0.6566674109055273,0.18707875438965454,0.6815088284793369,0.19230146526240605,0.668412653634734,0.19472426747457366,0.6714082695080846,0.1792765568784095,0.6606130972864488,0.1851217172089572,0.6617242686817455
0.6577777249545275,0.17774756407831782,0.6525303869043623,0.17727573965168153,0.652397762702471,0.18877496627269086,0.6636154367266911,0.17745626490225563,0.6645160058844637,0.19480887039742878,0.6635752337758236,0.1807010065981528,0.6414236675304195,0.19062675643226207,0.65417110940146,0.18418170287554586,0.6767541706569099,0.18275875400041974,0.6618676028081475,0.18782010071576755,0.669610219075119,0.17408531511163644,0.6548633906817928,0.17681879029231845,0.6584306409180745
0.6544631013064242,0.17161308439578205,0.6478395654853044,0.17311343898251885,0.652987263652286,0.18202435889534485,0.6549332024078237,0.16924143901797506,0.6591713821994188,0.19112791573458082,0.6599236541177252,0.18134159352811297,0.6364663115483249,0.1900949067060781,0.6514976398144124,0.1809650408517563,0.6716621114127286,0.17351040659315936,0.653138300855188,0.18188389008997963,0.6677213741121569,0.17099588105464852,0.6489889615910376,0.17122483321782617,0.655519703612416
0.6521055084233381,0.168389061399282,0.6442151238691065,0.17005778751788175,0.6543634360167463,0.1766079215514068,0.6466547352521604,0.16199652816115007,0.6541527932898331,0.18539761278745526,0.6563479581778506,0.18248581200574837,0.632778715918124,0.18955622765387065,0.6493405319582081,0.177355354680861,0.6660910820794628,0.16514262664850887,0.6453221540867755,0.17709909854305,0.6661795613414819,0.17001586789134043,0.6436782899393617,0.16868516267747125,0.653439459962704
0.6505476299014255,0.16828570983318725,0.6415427975800007,0.1687862414586449,0.6563705737843508,0.17301215506673173,0.6391236167940193,0.15660769721426882,0.6493512598090373,0.17871694340268007,0.6529291962166898,0.18407880609177246,0.630477711604628,0.1888812820146918,0.6477293997677587,0.17372792982873414,0.6605010436912724,0.15913043788100012,0.6406498486729905,0.17412893938411755,0.6650094177359347,0.17090704553686265,0.6394147569113987,0.16913147573798593,0.6522625653555264
0.6504868021142598,0.17000183760936383,0.6403351806744109,0.1686081159285182,0.6596407215188598,0.17108433260527056,0.6333360521342166,0.15333235723083938,0.645900394578266,0.17174431079720787,0.6505927614820639,0.18541484662637203,0.6301173404396487,0.18788941856200597,0.6474269843510665,0.17007636027372458,0.6559865127501636,0.15578027094438507,0.6373596618019658,0.1725065653267588,0.6647520634828119,0.1726028112838371,0.6370421769127752,0.17160978796034615,0.6525991530748388
0.6524214334841805,0.17252034138207273,0.6406846156036381,0.16885825532198967,0.6643235988526193,0.16998293083972604,0.6297874341058463,0.15227870837312352,0.6443249878672128,0.16475139757147028,0.6499891395771128,0.18607729247537752,0.6322317079072053,0.18643093228446767,0.6491808123683611,0.16615965330017285,0.6531103067481958,0.1544681699637167,0.6340849921405795,0.1716276946786145,0.6658137701478775,0.17368341018611538,0.6372552273443626,0.17511852344600887,0.654735786832118
0.6559599163770269,0.17473013498770723,0.6425570820046193,0.1692976501283482,0.6702988126129008,0.1692069503624739,0.6287799760348777,0.1532158305297452,0.6443674821088139,0.15895560660989655,0.6512409040504928,0.18619016595658522,0.6366662385624234,0.18434448570969042,0.6526223255243515,0.16240879126458657,0.6517560069061326,0.15501887056743396,0.6332910479771985,0.1709769975274057,0.6681212836686681,0.1737310289954891,0.6400655907025201,0.17802182403157674,0.6585021470344564
0.6618155641839335,0.17511960720634923,0.6462626256443984,0.16849224134617108,0.6781133942666216,0.16805960836153333,0.630229530404512,0.15609864101250626,0.6465851506822826,0.15416981450731942,0.6545820366927848,0.1852079618780607,0.6438588277861593,0.1811751704339853,0.6581828212943427,0.15911001719095713,0.652028216621656,0.1574287894640079,0.6372504730957614,0.16938398377445218,0.6719192433942839,0.1718885878380189,0.6456622030768864,0.17874112046580415,0.6641662847749882
0.6697207022739349,0.1729906455860563,0.6522639168215969,0.16594217874763728,0.6872705473141096,0.16558665795478444,0.6349962408033405,0.16001475745733224,0.6520735570767449,0.15077518727487682,0.6600532296207497,0.1825663303674684,0.6538569486581555,0.17718954214973248,0.66619854129408,0.15582784330408245,0.6544729417245629,0.16120866984422588,0.6437490880346944,0.1663410771856837,0.677423680397607,0.16769189247631106,0.6539020643354221,0.17667729217387879,0.6718515679834791
0.6793484602204743,0.1678683564784112,0.6599700765929922,0.16154751083491692,0.6978322174541721,0.16212929805547316,0.6420362101068975,0.16442320521155235,0.6599043870082857,0.14951186473867878,0.6676886037309895,0.17881513283643974,0.665786165991438,0.17276593232403437,0.6761361454105604,0.15299062274078784,0.659553970627479,0.16557380427557206,0.6508861487650747,0.16219287674048505,0.6844101733214952,0.16182551279611118,0.6641489145693151,0.17158114943875907,0.6810158625923917
0.6911017294555524,0.15941739728990906,0.6702492549827601,0.15512419824625773,0.7092675016428649,0.15688781557061166,0.652285232155745,0.16809858572944658,0.6707496812448484,0.14903212340478766,0.6779933302160994,0.17373195846225747,0.6798818073080519,0.16770420495141547,0.6881355892637426,0.15049149029913983,0.6672302615371661,0.1694360909110808,0.6607038395407459,0.15679372213857834,0.6930715351471013,0.15462790377581803,0.676630219230579,0.16356616322445766,0.6918643264731628
0.7035044664637835,0.1499130284256815,0.682084572435941,0.14861957484097532,0.720782529697729,0.1513846526939488,0.6652982439891736,0.17269978572557182,0.6823080677821869,0.15044449796313047,0.689769119174145,0.16974893790962364,0.6949695586739786,0.16402776918370338,0.7011358203928146,0.1488768037334401,0.6764604680129525,0.17303995527241717,0.6744856868999181,0.150856241402617,0.702770092330774,0.1476817022680611,0.6907620488052136,0.15390871980240578,0.7037383096436655
0.7172769197527524,0.1399422206280922,0.6958078031876098,0.14220908284414335,0.7322690583124012,0.1456072406639567,0.6808521597437237,0.17501411662383015,0.6956859164111904,0.15148168106836385,0.7031627622927383,0.16604728443396216,0.710786055227346,0.16092408098963196,0.7153277107935805,0.1478938391531629,0.6879496894364336,0.17584713628677184,0.6911667094418836,0.14476046670901238,0.7137620495355428,0.14186798637937142,0.7061813670050299,0.14366314381507284,0.716819597712171
0.7317281186133373,0.13212789469743824,0.7116163116544691,0.13666618807926534,0.7436294792079973,0.14058102370221698,0.698753090273675,0.17589328497985102,0.7108833023243839,0.1508493435058882,0.7178154817221378,0.1626220012823567,0.7269970967292769,0.15843526661541357,0.7300926540902284,0.14726708613931982,0.701883642548552,0.1772328287243327,0.7083259077064902,0.13983495361958942,0.7255918691423199,0.13795334903743545,0.7221524972929251,0.13545929022716885,0.7307224743917247
0.7462559276767637,0.1280572013321684,0.7285138179933305,0.13352437129987837,0.7545948372168985,0.13748156302190628,0.7185125252868579,0.1753744766803758,0.7267861456274871,0.14993913782669538,0.7329155896447792,0.1603215698750904,0.7429910116656504,0.15680159868756072,0.7445902167534064,0.14718357189008796,0.7173617883286787,0.1765620807332134,0.7258164098251914,0.13724075731091706,0.7377134658031625,0.1369410091449912,0.7382307453530625,0.1310889135258313,0.7446681709885544
0.7604029758417705,0.12828402199518496,0.7453372734353436,0.1329904228527149,0.7643535516354145,0.1368329584448138,0.7390347202114035,0.17249559724466806,0.7428159465105726,0.14724105080095606,0.7480231653886407,0.1587968505831932,0.7584324957021811,0.15563575094503435,0.7586559798699302,0.14738001770440112,0.7336229162987287,0.17387657509105192,0.745389188692268,0.13684953432895614,0.749796630413994,0.13869491829518177,0.7538013503456981,0.13083201193407284,0.7583113624466951
0.7733208903379839,0.1329471035554572,0.7617128798031085,0.13508082119524484,0.7727138417393183,0.1387537668818712,0.7592700903203051,0.16838052562353795,0.7587713489579329,0.14378246797625327,0.7626125734638958,0.1576659808488567,0.7725559560334352,0.1550368128459117,0.7715776096189024,0.14745149516534833,0.7500987559867947,0.17022796883286662,0.765470043734199,0.13885053886878979,0.761414130237005,0.14220901783272233,0.7680403777873208,0.1349929536794161,0.7709060140130575
0.7844780522580599,0.14029264977811595,0.7766275672501692,0.13921755829216664,0.7798661633789452,0.1425672684263306,0.7780684075649917,0.16336686680819434,0.7742141579857005,0.14110948857760897,0.7758167079998866,0.15666090630284568,0.784787899904259,0.1548154082515072,0.7830382880913753,0.14738069402823595,0.766580003492259,0.16604656197357975,0.7826703510514689,0.1426574025233993,0.7719032592340573,0.1462844493723886,0.7807770504473184,0.14203445347250054,0.7818731173276894
0.7932242089714644,0.1477650917089935,0.7888777463023364,0.14370130100611656,0.7850719780502653,0.14709187380424127,0.7942473250619766,0.1577492140672278,0.7879911828836492,0.1388006911457101,0.7871152972114039,0.1561048299658112,0.7942807284140636,0.15475639640894184,0.7925159675952708,0.14704321072575505,0.7822745109883651,0.1608940400778387,0.7962767005195925,0.1468125966743069,0.7810702956499365,0.14930789366718122,0.7914890630289124,0.14931482632785786,0.7907017441986415
0.79932924269411,0.15275393720339342,0.7981946443936461,0.1470333122295993,0.7885203090115711,0.15058719770472173,0.8072743334637511,0.15211187585025282,0.7994255252162764,0.138588756153328,0.7956181803270184,0.15592979056775008,0.800654239115175,0.15456036248882116,0.7995481894494796,0.14652361864579755,0.7956543903699957,0.15492157372353393,0.8079334892291231,0.14978157759768945,0.7883599366975993,0.14989753184870608,0.7999454233429331,0.15413717266945254,0.7970526645982253
0.8023480058230352,0.15335836440742018,0.804177455805605,0.14827054534889111,0.7898605110522618,0.1518921290889918,0.8161235607188546,0.14690934957039187,0.8078378791490192,0.14074819410780676,0.8011143535732284,0.1560333964444906,0.8036300010516455,0.15461587328306903,0.8035469764285031,0.14600424203555112,0.8057922866778746,0.14969173175203837,0.8168470338857593,0.15040509521626727,0.7933338647246526,0.14791869348392633,0.8053820639400922,0.1543085305988217,0.8004606821482904
0.802298808141418,0.14921578456732243,0.8065243783151694,0.14669748665539756,0.7891523444607145,0.15055013130038153,0.8201845318813843,0.1424797832241757,0.8129640710703552,0.14353083800358601,0.803803051520027,0.1555602673843034,0.8034009598610924,0.15446402423392863,0.8046850922508328,0.14535247433102005,0.8130938435870587,0.14533316726530177,0.8210710815560414,0.14844824839586096,0.7960809181385393,0.14370396213171682,0.8075835159197667,0.14971734105458573,0.8010565481589708
0.7994384156600575,0.14183606441494268,0.8053282546223507,0.14309119742924148,0.7869062647741519,0.14695012828278065,0.8196973604847001,0.13878485344430885,0.8146213287249819,0.1472478926219455,0.803412426471567,0.1548992902154484,0.7997727806924697,0.1541860267114737,0.8030254045217669,0.14470611197230654,0.8169520698249344,0.14174743010359458,0.8191662857521199,0.14501589744970322,0.7964201433897306,0.13862647092728592,0.8062709428717068,0.14232840605210073,0.7988551116635698
0.7943556022440996,0.133552642757247,0.8014151928424946,0.13859595821700693,0.7833824100427496,0.1421192356018684,0.8152406054464785,0.1358477480654346,0.8128720535506122,0.1497295490062464,0.8003227332423339,0.1545255989425966,0.7934074406398903,0.15364649920410167,0.7988053010399033,0.14404990807817597,0.81712140261029,0.1380572289294511,0.8132901825718283,0.14074123298925728,0.7949120558606368,0.13433035365421064,0.8018418562952121,0.13408214753553754,0.7946280164479701
0.787531631460937,0.12758701723805682,0.7949731927553081,0.13488754667992475,0.7790718333448391,0.13790973208807583,0.8068320048029949,0.1338294146819904,0.8078128167965384,0.14977053643413207,0.7949961698185797,0.1544834702274293,0.785302787043514,0.15306128244390527,0.7926175806325853,0.1433887086325344,0.8135154969217266,0.13510531502578654,0.80552111693755,0.13704608598191698,0.7917828204151613,0.13241579338377468,0.7943879405767771,0.1279792310899367,0.7887298727150689
0.7797733604162429,0.1260002600217559,0.7867252276966488,0.13339373779312935,0.7747557415978039,0.1355768512058464,0.7954580419284751,0.13294768755252678,0.8004577257589973,0.14823202777553557,0.7880118971566757,0.15415863337817876,0.7763573749997316,0.1523500358228354,0.785204568045265,0.14257246550694747,0.806819445597637,0.13393392206790505,0.7953193016314475,0.13528412627967729,0.7874447275817268,0.13328288390572296,0.7847075057855601,0.1263419819667213,0.78180739470741
0.7718416634717742,0.12910267547721743,0.7774590223330919,0.13451207189805597,0.7705514361391554,0.13567554818448396,0.7820852247142323,0.13357340908308296,0.7914562845391677,0.14428543175061592,0.7801763222231395,0.15297016031087257,0.7674441147789793,0.15105327032366245,0.7773757793833853,0.1415158514892486,0.798327728948916,0.13445775481620942,0.7819625632386917,0.1357128168633085,0.7823591398680276,0.13654121176205902,0.773866053475117,0.12936350544165504,0.7746822675723426
0.7645557403541532,0.13567022834021286,0.7678882599316443,0.13762182328129824,0.7671386544927128,0.13782807483499954,0.768181036070119,0.13550561798934496,0.7812892642872031,0.13956125216926663,0.7724187241800926,0.15103186059531332,0.7594629294074599,0.14894668064469946,0.7700887034499573,0.14024488720380462,0.7884643247985629,0.13584402654405758,0.7674649363669901,0.13788243261414435,0.7770625085144316,0.14087840265822849,0.763080258423059,0.13599141464625458,0.7680329629671021
0.7588405073929607,0.14286514776524145,0.7590241676195915,0.14138869951241922,0.7654039459842886,0.14061585284006073,0.7551136401325482,0.13830408033660135,0.7713054352522426,0.13539909272077072,0.7653702219951136,0.1483175764590831,0.7536258911069085,0.14592915049066824,0.7641796579434369,0.13830408047589565,0.7779433648995194,0.1375749583359256,0.7552127608052003,0.14030838108797467,0.7724902368086235,0.14418294714999913,0.7539657824655879,0.14324843843450086,0.7627882742378211
0.7551409646254358,0.14834173373473336,0.7513766954524996,0.14429520469857265,0.7651339178096304,0.142809389070371,0.7438428251310703,0.1415107447060252,0.7623134081731693,0.13194797498068483,0.7596392638886331,0.14446766749652706,0.750989129198899,0.14216230845420036,0.7600456191398755,0.13610817687533733,0.7676023570420047,0.13992622938987787,0.7461664146142214,0.14187789046923688,0.7688840182682238,0.14560109672559396,0.7472308621421877,0.14864269307498673,0.7592745134467276
0.7538460608535792,0.15005585654283965,0.745657783043628,0.14485912988780092,0.767035130831949,0.14337866143839845,0.7347234431256676,0.14444318751685709,0.7554754640939183,0.13036539093074473,0.7560222462212391,0.1402032084101686,0.7513661979486039,0.13860514890330278,0.7579256513917216,0.13378655356751462,0.7588075841312332,0.14301950956478027,0.7390729850919485,0.14164461391959327,0.7668830124243211,0.14412290675361072,0.7436006736594472,0.15051803800250202,0.7580636920297872
0.7552817514595778,0.14731157002368972,0.7427379857023797,0.14268211088213845,0.7710155551559216,0.14159034057402853,0.7289802012882818,0.14630597095452536,0.7512193161796616,0.13018300710443592,0.7547456587709451,0.13566906670429446,0.7549204263098819,0.13484140007083856,0.7584903372037886,0.13144520927301834,0.7526039495769445,0.1450320848682598,0.7339952078022293,0.1393944200853825,0.7668462688263824,0.13985368710988005,0.7435719880786892,0.14793385536908255,0.759416099584914
0.7593444068277662,0.14073197673245302,0.7430438662617899,0.13821396492778587,0.7766012100499113,0.13776533605727326,0.7272690460712103,0.14732544576238676,0.7496708504435742,0.1307625467080029,0.7558919213863802,0.13229557864064878,0.7612906432362522,0.13176343062909202,0.76171986897522,0.12966418328840595,0.748967235712138,0.14548155078083536,0.7329549159616979,0.1355107872220363,0.7687478511536905,0.13437992665172271,0.7470220625497458,0.14169411409127475,0.7630507902819829
0.7660712375027053,0.13195903558499994,0.7469074645862938,0.13232664877883543,0.7838942109312257,0.13263163109418963,0.729730912674572,0.14650008359815408,0.7512577279855632,0.1319208910535124,0.7601993847152826,0.1303353396809987,0.7704588219174169,0.12986749959829907,0.7674958702808741,0.12850166808973323,0.7482693896337054,0.14466283209273167,0.7377575077554102,0.13051864720899348,0.7728128498014653,0.12875086869249142,0.754031522125054,0.13326119559655175,0.7692547042049553
0.7756264546503657,0.12323223084479862,0.7549903195320619,0.1261932468385819,0.7925954718039079,0.12706922288648442,0.737103929642168,0.14426873317989314,0.7565769016722051,0.1319407870980897,0.7674992090973617,0.12945828502888207,0.7818701547170857,0.12897430267518645,0.7760611078864481,0.12765575460108802,0.7515579064397083,0.14294643874521756,0.7473954277441539,0.1254256844182437,0.7793055685656145,0.12422304242750515,0.7640542444587824,0.12447893109770092,0.7781283439969345
0.7872220118055353,0.11733181603152576,0.7666801788157454,0.12151588949045639,0.801908848343875,0.12259862828497087,0.7491409155103103,0.1410496055422108,0.7652889807234062,0.13067838970802764,0.7774219645073663,0.12975968076569355,0.7942508219962033,0.12920179902801898,0.7867423043898472,0.12730828740065786,0.7589931841580733,0.14059167088772762,0.759763264153267,0.12180505117694135,0.7875412596269366,0.12209731909858235,0.7763231331307541,0.11845692248614725,0.7888949339284765
0.800450356432628,0.1154273561950418,0.7810229219693072,0.11934233390217241,0.811718738030508,0.120086709379155,0.7651273615793139,0.1366938272403721,0.7772407271866191,0.128067612423577,0.7893714868798557,0.13080754678355405,0.8073734970174058,0.12949836876153775,0.7991815047819468,0.12692771656815388,0.7704290767324414,0.13659092217469154,0.7752185816859614,0.12023598811258823,0.7973726859156376,0.12223628554569554,0.7905165685942498,0.11652459940593796,0.8011204654972993
0.8141136712526194,0.118224098606104,0.7969983581309404,0.12004484446982222,0.8210252694565485,0.12014980288158511,0.7840080885394195,0.13229830313320673,0.7914307042679645,0.12430218318512148,0.8024101323135657,0.13261211391150834,0.8200420620088753,0.1300123087917846,0.8123291355549006,0.1265188031493643,0.7845417839415034,0.13197412008951676,0.7938108575214478,0.12076946045352177,0.8079939526368163,0.12443054764576594,0.8052510113064361,0.11890404185988135,0.8138244845537845
0.8269430522133974,0.12440449751640553,0.8129810993957491,0.12308183939344275,0.8291320068716347,0.12248498817707942,0.8038418563722325,0.1282091558512976,0.8066259370594812,0.1209860234439738,0.8156687801745051,0.13470116568992535,0.8309367737147652,0.1309141638457057,0.8247851580581829,0.12614347124077818,0.7999535529953848,0.12841558043147222,0.813774347615144,0.12293466099205452,0.818306833348391,0.12758533064356686,0.8196492346958739,0.12463516006699998,0.8258026877258806
0.8383040773979287,0.13073309705960678,0.8275200034457282,0.1267481368503628,0.8357659701818779,0.12547232975454348,0.8228899102047283,0.12477072505375503,0.8220764957250553,0.1187991489292658,0.828416531791549,0.1360419090559173,0.8395028781896623,0.13156282514714124,0.8358681794870396,0.12529717375189298,0.8161687023469859,0.12613975634069585,0.8320956415284124,0.1254237020074811,0.828020192570414,0.129634120025357,0.8329207198638596,0.13076519345816934,0.8363284133155917
0.8469970869372947,0.13438503075438196,0.8393408061224101,0.12907053896331372,0.8401311769943984,0.1276642389881118,0.8396368537117269,0.12255931880954052,0.8361114022879456,0.11858562209297219,0.8393718815566427,0.13628482034772954,0.8447810911858729,0.13177449393487856,0.8445809684714858,0.12434166950890801,0.8318159598390775,0.1246974946877138,0.8462975448135139,0.12702878375467203,0.8360560234631838,0.12942630783210934,0.8437831801978364,0.1343512935025063,0.8444631347551161
0.8525139673894255,0.1328256213026231,0.8478093407038355,0.12868364682096223,0.8422763989099122,0.12764124853541392,0.8525059650490718,0.12102969724261636,0.8474876776170769,0.12055644359611445,0.8478387592193435,0.1358444725814686,0.8465865346919041,0.13155161653283926,0.850306097868235,0.12350640115403949,0.845134278327052,0.1230576963808187,0.8565351653056387,0.12650286507464759,0.8419833329758315,0.12642196140247758,0.8516981976019904,0.13309359441557245,0.8497579611278165
0.8545982021810652,0.12611360942386995,0.8525462252522311,0.12543108650561346,0.8420647740430596,0.12476239858851945,0.8604928720970154,0.11995110876026038,0.8553393435467789,0.12360851061736405,0.8528145858627219,0.13503123914165488,0.8451027516563843,0.13112620336168468,0.852880998452251,0.12287310102500476,0.8547307212369104,0.12151124056411,0.8630700582740803,0.12364177066858467,0.8455757227397112,0.121586290273005,0.8557038274292865,0.12669458701112818,0.851869804285525
0.8530720550899652,0.1169219751728044,0.8533148641924533,0.12049871274706114,0.8396176350661151,0.12003961065160379,0.8628513215011668,0.11934177366356119,0.8590046513895755,0.12633591082924522,0.8540189436811617,0.13395982551327257,0.8406714754237952,0.1307828788189132,0.8521280733426184,0.12256716161222786,0.8600336492897508,0.12092898254353046,0.8646421662583328,0.11950330123697772,0.846397448466308,0.1167497918209166,0.8552515837319572,0.11778092248793981,0.8507083655188272
0.8483731404349324,0.10899981560668665,0.8502847559229323,0.11598504783707914,0.8354972990153158,0.11525484923043067,0.8594359621521671,0.11931893969024554,0.8584649129781785,0.12753974289612097,0.8517449430061106,0.132553449067412,0.8340134970776927,0.13029394323507765,0.8485767462680656,0.12244326850332482,0.8610527917791093,0.12125509658993977,0.8599165186985549,0.11585716467142498,0.8447035673942956,0.11382481739793471,0.8504359644522927,0.11028184296000354,0.846599070687303
0.8410291814350197,0.1057968093055448,0.8438657133065752,0.11387685513581591,0.8301312395210525,0.11233750578815138,0.8507501109488469,0.11991984907561637,0.8538039742030192,0.12632296085498085,0.8460846715831776,0.13106008319662454,0.8260864548932406,0.1294746227839232,0.8428031955036089,0.12227718105365337,0.8577873256019952,0.12173806153290079,0.8493867326618338,0.11409546750594662,0.8407922118769813,0.11418056307878222,0.8416195285337223,0.1072756159348906,0.8401182010051107
0.8321973550418615,0.10841358603827184,0.8349969362515319,0.11489683917895394,0.8244057679006351,0.11208708144073515,0.838372013272545,0.12111377186466094,0.8455434094678274,0.12316684647460985,0.83837944079366,0.12931057911122446,0.8184544486436492,0.12799573077536291,0.8353034620909168,0.1219422543111815,0.850418871692973,0.12201114013155179,0.8360471865065625,0.11449352101701404,0.8353744075674512,0.11734767473426294,0.8304853030816395,0.10972571193131514,0.8322514898938393
0.8229562407081445,0.11538567078903139,0.8245538992619192,0.11858819945470667,0.8191121995470657,0.11445628699322202,0.8235215613233997,0.12314998142405464,0.8347313667551314,0.11930332370903407,0.8292590135268003,0.1273820215090904,0.8120369598267081,0.12607837222998236,0.8269095797142152,0.12109806336141149,0.8396777168380126,0.1229328770130001,0.8221404409623936,0.11670324709896418,0.8290344661035183,0.1218495777929346,0.8183895820351442,0.11643385948190721,0.8239631091934505
0.814497215909308,0.12347488064755213,0.813677734986978,0.12315925604334232,0.8148727139254668,0.11793144704065117,0.8079506387446921,0.1255636454321878,0.8229931597148394,0.11604823683350762,0.8202174965261658,0.12481821879421579,0.8078816496309876,0.12394029164816789,0.8187777383393,0.11981782277220793,0.8271681932896435,0.12476075760493271,0.8083656412779694,0.11946607560377531,0.8227039984786313,0.1256550123022564,0.8069681376351403,0.12415405493311688,0.8163297796923581
0.8077731248876161,0.1292070062012982,0.8035544561480195,0.12641233496809784,0.8123931393236559,0.12083848521168461,0.793484107648772,0.127863479785214,0.8117129327523156,0.1144520251406928,0.8122592929440196,0.121772754988423,0.8066925106466185,0.12157919270487832,0.8118979693922095,0.11844988007680324,0.814698713267705,0.12656754960195965,0.7951855854434017,0.12143545329361416,0.8171292082731672,0.12707841427421923,0.7981236309813273,0.12989404569979968,0.8101546291841709
0.8037362066254877,0.13029245581344467,0.7956986535209114,0.12691656806377666,0.8122342943246285,0.1218406569116009,0.7821181755811368,0.12933578036407112,0.802383436743052,0.11476976535771788,0.806192516828588,0.11872239149526165,0.8084554870022835,0.11892912924594506,0.8074321496925565,0.11680847538542527,0.803700459713844,0.1272142301366485,0.7847222418229951,0.12152930248561783,0.8131883719710309,0.12544878856102637,0.7927493043772931,0.13112571322468203,0.8065467432004587
0.8029198815106264,0.12650992417931284,0.7909930324528593,0.12434096682401347,0.8145017228940742,0.12042115416994226,0.7750555988642595,0.12933095016474955,0.7959522228371982,0.11638049977159626,0.8027814372151352,0.11638684603073574,0.8133477508490248,0.11670752087721176,0.8058594068845204,0.1156961311698288,0.7951468330036782,0.12638732183338042,0.7795610295373832,0.11954809493537755,0.8114936560817552,0.12155063478617484,0.7914472020897649,0.12742124401297933,0.8058290954428668
0.8055794878811546,0.1193876131672596,0.7904730142706274,0.11947949225874899,0.8191249459104039,0.1172117582232568,0.7731727334540224,0.12790814592879834,0.7932503190786743,0.11828026016360499,0.8026665386093579,0.11540843817247814,0.8208371726893794,0.11548455268179747,0.8073607256518043,0.11508063420467418,0.7901653501583783,0.12480061658410141,0.7805630839177632,0.11612427740427927,0.8123862026839599,0.11676593159538912,0.7943655610786311,0.12046323128889525,0.8083268729776852
0.811928278144003,0.1117349586618735,0.7950809952675724,0.11403550793223732,0.8258590472133753,0.11320979891418576,0.7773972260543465,0.12548314828029783,0.7952397517120344,0.11908767637910761,0.806244212098934,0.11572689400024905,0.8301835155640906,0.11508610861234547,0.81244019775606,0.1147917746294091,0.7901291553248471,0.12280477239617471,0.7869448275526068,0.11241782776454667,0.8161913164258863,0.11277307337104886,0.8014297255069323,0.11262812695734775,0.8142241854124258
0.8211583369664861,0.1067625268381972,0.8041201190201717,0.11004380955772919,0.8338007742225384,0.1101390845141102,0.7872959712013345,0.1223730145101588,0.8015939428321222,0.11856884585100358,0.813218748407186,0.11707474756682373,0.8398182963801468,0.115817624563333,0.8205320479924899,0.11513019428949789,0.7952527579752336,0.12088724529484812,0.7972895755499582,0.10995156846189935,0.822294582171796,0.11113042246768934,0.8115174118444484,0.10733533432307113,0.8228156522309318
0.8326558826527155,0.10632485108445372,0.8168771882222348,0.10886846553027901,0.8424858627322084,0.10905126051852415,0.8022862991663394,0.11898986834370534,0.8120162969184165,0.11628820676744361,0.8232044985530929,0.11878017643875965,0.8490968172031739,0.11644661469813578,0.8309824501737346,0.11528191390236248,0.8052292275793775,0.11811213307680624,0.8118420910080577,0.10945150721760921,0.8304662904884959,0.11186878999439376,0.824383296145764,0.106510426491632,0.8334698434943002
0.8450067017509106,0.11087363888257651,0.831702074308827,0.1107988096159579,0.850905813040399,0.11039513506948162,0.8206114987860907,0.1160313221143004,0.8252748075122965,0.11300393696479794,0.8349159803340566,0.12059428976148534,0.8569989117606958,0.11715254832570143,0.8425892308294064,0.11533858015263043,0.8185114708802947,0.11550863062109162,0.8297824162377399,0.11089495847052938,0.8397512548113134,0.11479957874543062,0.838310121483651,0.11031511380229697,0.8450239484953664
0.8567359211482339,0.11816758657945958,0.8464518064109419,0.1146215134774029,0.8581750856942991,0.11343105500040446,0.83954558595896,0.11375901591801396,0.8399000087831523,0.1100985602031429,0.8469852794073098,0.1220287455450133,0.8625155797701958,0.1180464752842379,0.8540437553063851,0.11509048938852595,0.8335414138113852,0.11417607758506354,0.8487213258116444,0.11350309136132786,0.8491750078641541,0.11802623570391374,0.8518132474101479,0.1170084378617367,0.856039346622882
0.8666438847037703,0.1244763168268892,0.8594971008217962,0.11836207947171878,0.8636630107858096,0.11650361598256426,0.857002623553375,0.11227969568579482,0.8544492564710469,0.10875106041994231,0.8581599490942007,0.12248304789439857,0.8653573029536936,0.1185819832322425,0.8642183718197455,0.11421959330818526,0.8490766076230931,0.11396198737883578,0.8651270439835066,0.1158867009278447,0.8577566370962942,0.11947717328433544,0.863798345926489,0.12299487910913481,0.8653343845861912
0.873529796334024,0.12600278902028378,0.869327894488612,0.11959239884919892,0.8667116494447475,0.11766934163691822,0.8708633327268085,0.11140243432031777,0.8669110366188113,0.10960168020452843,0.8671563734641293,0.12183882938806623,0.8650375577030531,0.11871768326977267,0.8714897871731911,0.11319812909840388,0.8634733293627113,0.11391251996691598,0.8763824172081895,0.11647228567984769,0.8645284033757339,0.11807459917782454,0.8726757540415542,0.12467435879907862,0.871948827353555
0.8767704557662035,0.1211714435105607,0.8749904132919522,0.11729665657072619,0.8671362435294199,0.11576674694461014,0.8793770137756562,0.11074075937500255,0.875679039034202,0.11215475934630975,0.8728501163878077,0.12049580589362113,0.8619766855688693,0.11827328303047502,0.8751546497402576,0.11225029551219134,0.8744216146779737,0.1131459421606073,0.8822335397397624,0.11453002985697686,0.8688301328149863,0.11383939300168422,0.8775759032054151,0.12055339779411034,0.8751158589288268
0.8760935236574823,0.11184680380203632,0.8762597350985339,0.1123602747135653,0.8649967058106564,0.11120329180719729,0.8816740037966697,0.11023416454904789,0.8797922777937592,0.11479852945833291,0.8748111931109919,0.11912421864708811,0.8570617000581684,0.11749366212927609,0.8752277192062907,0.11152997660583308,0.8803605353000648,0.11197557552290255,0.8829690203696596,0.11064396964865547,0.8702088686998259,0.10864355457310743,0.8777455149478739,0.11208888160767988,0.87461118275807
0.8715373382100551,0.10248602165255305,0.8730484923539878,0.10714034155118601,0.8606136865619236,0.1058931398870549,0.8772908628397538,0.11016583079341169,0.8785322402091094,0.11605315773118546,0.8729764189076836,0.11825179619154746,0.8510695628191023,0.11697462613417797,0.8714955033682953,0.1112699068812768,0.8806501132670179,0.1115268896134809,0.8779858312856896,0.10651499101331047,0.8685536354553807,0.10500106353344157,0.8727697305543951,0.10348326012067333,0.8705110492321031
0.8639838422289278,0.0975411207052585,0.8659315001023429,0.10411060973535508,0.8548867837383749,0.1021140319540218,0.8668970942253811,0.1106447279992474,0.8724735772448564,0.11494353009453234,0.8677218691409467,0.1176024583578531,0.8452404307922964,0.11653373606453021,0.8649691690454435,0.11116940617316379,0.8756137528860186,0.11210111177740201,0.8671419506213666,0.10394143515322807,0.8643102906124147,0.10451077388421354,0.863514528914123,0.09904370989307237,0.863614896990458
0.8545857086692791,0.09910694790261537,0.8558929371925799,0.10481163720999298,0.8485917039143813,0.10129565094251647,0.8522414685264333,0.11175967812138032,0.8626151370980624,0.11177701495297143,0.859893122077385,0.11667465730450222,0.8406750946086634,0.1157377545628922,0.8567648923583637,0.11078977744451501,0.8662415718922863,0.11309602745024006,0.8518639430023622,0.10393735137265087,0.8581655400318174,0.10728381912732865,0.8514620316299402,0.1006451558196772,0.8549694857981995
0.8449626363425935,0.10570564208634065,0.8445272233993876,0.10843293699926015,0.8429686251927314,0.10316522523150257,0.8359541423397424,0.11330408539400266,0.8504544409089334,0.10799273051191338,0.8507743147985789,0.11517298703615197,0.8384644334705937,0.11411313308113114,0.8481557781458511,0.11015721483281776,0.8538434871520042,0.11366741080716619,0.8356201494346334,0.10588651278537187,0.8512050394646955,0.11161530420013882,0.8389143797089785,0.10692649662488535,0.8460760446041828
0.8366632808283945,0.11352052570101129,0.8334831979504777,0.11294206866736767,0.8388913242590916,0.10636344930229141,0.8205808963512107,0.11510344744938195,0.8379841459332692,0.10529843581086828,0.8416952806337076,0.11325111782830294,0.8389882089625392,0.11195356624531755,0.8403638180401739,0.10904599891016664,0.8401373081544001,0.11407941369521474,0.8217722655416575,0.10844767494001611,0.8445485056502888,0.11508064438107624,0.8279923740523982,0.114451781962635,0.8383367661318684
0.8309427112958508,0.11862024852134079,0.8242674200970059,0.11595735642232419,0.8371732686813633,0.10901124294595826,0.8082145517004751,0.11666365170202608,0.8272858359754645,0.10445684367396724,0.834105355599081,0.11131617100231861,0.842366382680853,0.10986514481461446,0.8345905068684522,0.10770911270573758,0.8275537419473318,0.11456695054743321,0.8121535339956769,0.11007749547014872,0.839296868725665,0.11608214496027253,0.8206355322857948,0.1192931487848281,0.8329972327777824
0.8286042911195872,0.11881227776268222,0.8184284447709189,0.11588647704814109,0.8380921904363078,0.1098069240726181,0.8009601412129823,0.11740403960416096,0.8199986995139468,0.10579113468668583,0.8292927119668962,0.10970679273165895,0.8479365806247123,0.10836392993720806,0.8316012201072749,0.10696344001705854,0.8180558607423831,0.11514681368877039,0.8069439508204943,0.11000061979071807,0.8361920931738576,0.11417936658124422,0.8177194063085826,0.11955430524608979,0.830751044551174
0.8303113296493836,0.11410831010765515,0.8172809191317902,0.11268605245740276,0.8417895421476038,0.10842167498870448,0.8000049496445807,0.11711574599474867,0.8175385686270377,0.10806631247975901,0.8283151098178062,0.10872011538395454,0.8550133524902506,0.10742377652447871,0.8324017338372872,0.10648948319212614,0.8136105386802319,0.11465979079468253,0.8070973228919472,0.10820062997612756,0.83613090882168,0.11010805668017959,0.8198522460286107,0.1149837543779435,0.832272466200435
0.8358916263033233,0.107028561922975,0.8214352053350291,0.10787796980520065,0.8477612559925991,0.10567642752941137,0.8058704623779336,0.11568962170135161,0.8201461288540797,0.11027818574500509,0.8313232215464428,0.10876678787442323,0.8621937082365179,0.10721208000196653,0.8371091110551899,0.10674177071267577,0.8147221379017948,0.11304871639688957,0.8136074360761973,0.1055047675230179,0.8390873024824699,0.10609292133141035,0.8267281452521715,0.10784609566028253,0.8374112409366073
0.8448305290431286,0.10106118381153051,0.830731963612251,0.10350978482197687,0.8553391780614545,0.10302794558413292,0.8181538826384466,0.1137460120044596,0.827684247220426,0.11102783474624889,0.8382597396663516,0.10976463118909735,0.8687062124403488,0.1075995062507854,0.845080041098601,0.10753316840077243,0.8212890176505248,0.11097753100908592,0.8266350237622814,0.10314163910518864,0.8449115863052589,0.1036990719821635,0.8375979986456206,0.10158307080154083,0.845726790237761
0.8559905429953816,0.09945351664611501,0.8438119880865691,0.10178197973880071,0.8634466606218969,0.10198218709511886,0.8349591073101597,0.11160709066038665,0.8393202474034327,0.10973226445466283,0.8480971129603199,0.11113471715152329,0.8735708203356105,0.10845178954834273,0.8552011889178815,0.10829524562689324,0.8326677091036427,0.10948555556112405,0.8439419524824867,0.10246735330140605,0.8528669046361181,0.10417286769863715,0.8506844014225676,0.09930935092773607,0.8561343927422658
0.8676651808853082,0.10343412314194844,0.8585810783418324,0.10342221154553011,0.8710323300067281,0.1033215516965384,0.8537388882719708,0.10973705984817067,0.8534024311097502,0.1069677937057385,0.8594932793643888,0.11209981375742023,0.8760753974074863,0.10943288365698822,0.8660433072090776,0.10876844534463181,0.8474048566086474,0.10895997144122643,0.8617883351135825,0.1038732069116079,0.8618327078729576,0.10700924871595396,0.8641876918098201,0.1025108618190379,0.8670932881729215
0.8779750421703787,0.11120077127347233,0.8723836532893248,0.10758758516361622,0.8769645104178747,0.10664292185198443,0.8712314262787406,0.1083266756625404,0.8677085369574533,0.10413663021271719,0.8706156341428797,0.11223904776488047,0.8758733910564064,0.11006373952834969,0.8758221232850272,0.10852270381240814,0.8632415839318361,0.1087327687622543,0.876911579232907,0.10684682603269507,0.8704329446939059,0.11051480918909606,0.8762427980428865,0.10963897608726997,0.8768453629354414
0.8854120043739233,0.11812729949204093,0.8829201783699792,0.11174950699711161,0.8804181377703829,0.10992133765601042,0.8847532944736369,0.10732066570447335,0.8799320011984881,0.10273929791217623,0.8796659288807565,0.11157551694251794,0.8734447129603484,0.11002210184558281,0.8832243890708132,0.10756791597169862,0.877419615612734,0.10799299289763153,0.8877171602922016,0.10947081808812531,0.8774984168331494,0.11236961765578313,0.8851335843472232,0.1162962554720523,0.8840239218910488
0.8889083711148833,0.11965059740386857,0.8887452084763823,0.1131150579646874,0.880967039663514,0.11085193307958324,0.8920845435767425,0.1065482177173081,0.8879384488841295,0.10360706814851484,0.8853716859338396,0.11065314271796922,0.8695030296193964,0.10970488795900829,0.8869509463590356,0.10637043324775769,0.8873585701725906,0.1069593069654593,0.8932919136456154,0.10988786774403259,0.8820185129953326,0.11094314683301826,0.8897355908322935,0.11811683778894616,0.887550752070748
0.8880182738782093,0.11417577563409109,0.8892619127857,0.11058551632550823,0.8786117506150077,0.10841689761923756,0.8920179859343589,0.10582374826501811,0.8904990862178777,0.10600192409925169,0.8868125453181452,0.11004779353665517,0.8650007052839956,0.10959032893266785,0.8865281059252375,0.10527051748046534,0.8915559180469743,0.10628086593254266,0.8925665287718659,0.10760783626085862,0.8832992653807639,0.10671954231453001,0.8891674600276949,0.1135058688617665,0.8869634013133573
0.8829770516886948,0.10435906025966779,0.8847298176256707,0.10539695320665454,0.8738987492628933,0.10335567382777672,0.8846775388477714,0.10507729756881656,0.8874073795035653,0.10818393064002751,0.8839339644830091,0.10987529438244087,0.8609113885955012,0.10975829098481837,0.882381850931786,0.10457815982828028,0.8896680105996764,0.10615325228606448,0.8848144851938023,0.10351954522109202,0.8812961140178452,0.10187853300536887,0.883426646479305,0.10487934989678827,0.8824967616240831
0.8746686658649597,0.09565710213110218,0.8759854178899179,0.10048864197967672,0.867739549176922,0.09809503635052697,0.8713169874486579,0.10455616479333762,0.8791877974814404,0.1086632734988991,0.8774046505416047,0.10999662806431743,0.8580932639237457,0.1098570488762674,0.8752247210173163,0.10433112113874105,0.8820048188005372,0.10624864847495402,0.8710394884748458,0.09965137591224821,0.8764145585061283,0.09909486742667661,0.8734287861784009,0.0972269602582368,0.8749339171860407
0.8647522542866446,0.09253045941722032,0.8646803178299717,0.09851845494280959,0.8613280201228062,0.09506389125005121,0.8546542908819168,0.10451198606857481,0.8674260997797534,0.10672025423925685,0.8685163457980112,0.11006208130155098,0.8574154324387671,0.1093321237348549,0.8665339587647336,0.10411325038704794,0.8699957221656536,0.10608224439638708,0.8546003357965211,0.09781755759530258,0.8696880105689615,0.0996979829909081,0.860977059042275,0.09454761477913104,0.8657693488487299
0.8550808284498856,0.0961446813911142,0.8527899351619206,0.10039372222632176,0.8559397455015036,0.09528577204195016,0.8378934018041764,0.10523563098289535,0.8542972589901539,0.10330502914527545,0.8590094738881925,0.1099178023302943,0.8590708109464664,0.10824465419450752,0.8579114974069407,0.10376519810742202,0.8557483644294914,0.10607115632060543,0.8395252358063723,0.09840703519396221,0.8623928408129884,0.1032119944772662,0.8486865168691,0.09784616012679004,0.8568039277214929
0.8477641275354391,0.10362111196043,0.8426182832043552,0.10451288880988208,0.8528311714849943,0.09796181297078266,0.8245119803725343,0.106502385123798,0.8427146584602392,0.10005719733698121,0.8507988143703225,0.10916815344665143,0.8628772521682435,0.10671951184652634,0.8511338997875634,0.10310603241093047,0.842182721727988,0.1065653567592641,0.8288996102311246,0.10058305252123217,0.856075276863872,0.10717936136969702,0.8391838951584916,0.10471097630355364,0.8498910997133946
0.8440237223645835,0.11068386295092258,0.8359381550530127,0.10847732678947081,0.8525737824707423,0.10141483781033495,0.8169752686491678,0.10795917667071786,0.8349410915587089,0.09845801106972163,0.8453646377548933,0.10789342610913416,0.8679991869306808,0.10526884597019953,0.8474335318556734,0.10226031122248264,0.832225350786055,0.10779876795229626,0.8238467689831896,0.1029771475327238,0.8518606100564649,0.10944076364399313,0.834300690253451,0.11121242998358005,0.8462602584541614
0.8446991673858905,0.11361359907998209,0.8340469939899581,0.10993918811204384,0.8553903867495585,0.1035659405803625,0.8168360414760054,0.1091437980988379,0.8326754978174062,0.09923054978538542,0.8440668157894822,0.10644159271941495,0.873516330145566,0.10402687079743095,0.8477558164908068,0.10165645694492009,0.8280229985024304,0.10882145582660857,0.8248934680102694,0.10403694135392644,0.8507311591296252,0.10880373780204639,0.83527509617208,0.11380542770397534,0.8467243013452033
0.8497809415856148,0.11093868168458282,0.8376823092084131,0.10795548793879961,0.8609262356716552,0.10351515008586909,0.8243264727374355,0.10958031731045492,0.8363133939110553,0.10176376626718181,0.847196278791901,0.10521565990816156,0.8784060371140872,0.10309667230967895,0.8522259284187075,0.10150792519724611,0.8303117718234438,0.10870004128955485,0.8323706101869659,0.10329764273460829,0.8530582817432715,0.10544988794316829,0.8418766151179166,0.11102911455350706,0.8513151388250895
0.8583990629181029,0.10442017750930743,0.846493205391692,0.10367600531370691,0.868093074038911,0.10161872541640482,0.8381881483826918,0.10923812995949106,0.8451926305628344,0.10461311911276616,0.8543027487873618,0.10465799922710106,0.8817441275218068,0.10267090629522102,0.8602000688866841,0.10210713415159806,0.838719467482439,0.10750340842169892,0.8459193179488034,0.10126724633042833,0.858454127586453,0.10147278204753035,0.8528776711246759,0.10442754517928704,0.8592474541140975
0.8692956236640419,0.09789644770182582,0.8593371657861335,0.0992280126645032,0.8758784814701022,0.09915371464476702,0.8560978036587736,0.10825992529903194,0.8579283581156493,0.10609743694557833,0.864330834882379,0.10472780681116028,0.8832090895035969,0.10275307656440308,0.8702011392247329,0.1031814654114559,0.8518032435345455,0.10613765327161123,0.8633188478382202,0.09908529378822983,0.8661897978189244,0.09888706518027524,0.8663369330145296,0.09767446213512565,0.8693833098084198
0.8804506456578856,0.09568691377765548,0.87372290679932,0.09730676453736453,0.8828498804024429,0.09809882628554084,0.8744339926294369,0.10712240166418818,0.8721678090248698,0.10528728010111782,0.8752297455438378,0.10487290390892451,0.8826316101678637,0.10314599925436307,0.880426654879539,0.10413342682395776,0.867270589862508,0.10536030365394172,0.880457856457903,0.09845160253932422,0.8748551090671183,0.09924204280556176,0.8794385242149961,0.09501661447583387,0.8798710108795289
0.88971916343121,0.099763421747046,0.8865606388563854,0.09918413525173281,0.8877531428405858,0.09946083668149847,0.8895022039785975,0.10615008253489866,0.8852202667473037,0.10255573753001879,0.88503421736007,0.10452151323692832,0.8803636712264397,0.10342195353563571,0.8889454150415259,0.1044769474562971,0.8823098060863253,0.10509836361450281,0.893177046350419,0.0999403359414075,0.8828581445484691,0.10230623005944445,0.8898885695423171,0.09846493927140915,0.8887000850241824
0.8952893289694903,0.10762378461567734,0.8951086247913334,0.10358881832111366,0.8897710771256007,0.1025467113451875,0.8982377177660903,0.10544030851557401,0.894337526230329,0.09966492088260476,0.8919040695964376,0.10362432240923747,0.8770952042265456,0.10332858192164818,0.8939525284152503,0.10391010427670822,0.8937569375122438,0.10463981825922225,0.8990152160831946,0.10269151635710366,0.8887271134644198,0.10588312858712995,0.8958824953247128,0.10585418034585342,0.8941877498235526
0.8961967349609417,0.11372352471653091,0.897647373192374,0.10747318076043283,0.8885768085655532,0.10505151039289307,0.8990200124354601,0.10484216103146188,0.897631823954615,0.09841099402515541,0.8944382117672351,0.1027459742695152,0.8738640464493816,0.10296098072764742,0.8945916104768286,0.10256343066191981,0.8990093314350505,0.1035219473166697,0.8977399321307337,0.10469540729893739,0.8913814917823843,0.1073054213130677,0.8964092843117862,0.11199247016570774,0.8953565644034337
0.8923564658596663,0.1133067592901742,0.8940294338614472,0.10794073029420342,0.8845240702836268,0.10469658921351876,0.8918603968522526,0.10402241275909907,0.8944795930691969,0.09932911560848273,0.8922317471754206,0.1025617659083426,0.8716717470565515,0.10281330518581744,0.8909188410540732,0.10103251349618364,0.8969389917676223,0.10213868560452422,0.8902628180299621,0.10413727236318182,0.890409424421354,0.105237847465675,0.8917192202874484,0.11231292026341205,0.892080389860946
0.8846387423875068,0.10608826549384709,0.8853122164564453,0.1045100666444928,0.8785556311767413,0.10104264516440326,0.8782437991431764,0.1028880399214086,0.8856802740309677,0.10152141175284618,0.8858684669042642,0.10336169600183681,0.8710468156868145,0.10322652896919371,0.8837977338451894,0.09987139769623338,0.8881361650325982,0.10122166336246896,0.8777410285530071,0.10102979749633734,0.8860727393620054,0.10079605808649211,0.8825638984122772,0.10634547144969103,0.8850959400385734
0.8746806583549559,0.0964304312444928,0.8735833341783601,0.09932712404039429,0.872048569471936,0.09581674287146091,0.8611725533724064,0.10162078016952536,0.873272517328118,0.10317313800516442,0.8766904264849744,0.10476845972872717,0.8720808103500631,0.10396375844387051,0.874956053211323,0.09933913410862305,0.8748851169694951,0.10106107565714056,0.862289487848054,0.09695967043192544,0.879380664069227,0.09677815714509053,0.8707789842905518,0.09793743698064239,0.8759409502610535
0.8647538748811686,0.0901044697756112,0.8615298327310821,0.09556705548651817,0.8665048387059816,0.09167788731429594,0.8446272921439759,0.10066765554109053,0.8601520368996053,0.10267931638569266,0.8668732487618924,0.1061174658612819,0.8745872231100801,0.10445343595610468,0.866358748963785,0.09926900674545885,0.8602526282146297,0.10128010099684992,0.8473630594261847,0.09400987675946865,0.871926045999667,0.09557190412615252,0.8590490373108485,0.09226270981637663,0.8666991536108162
0.857247379788147,0.09037828965070899,0.851925712599219,0.09530654746100331,0.8633251030523548,0.09062001971505229,0.8326670412798484,0.10044166404698729,0.8493868239700724,0.10018607932402812,0.8585739152627574,0.10697969223229953,0.8780029956293558,0.10428588428020813,0.860049416850279,0.09921078932348126,0.8475345129074097,0.10147733073078169,0.8371729904236926,0.09354844990513306,0.8654847787242708,0.09756182625547888,0.8500636581424595,0.09230729144860911,0.8595873001895159
0.8539170916704759,0.09664515432975251,0.8468600255824952,0.09850310300711224,0.8632897423867869,0.09279718975736212,0.828161506152123,0.10102263167260445,0.8435208570411838,0.09703116954920749,0.8539167320320282,0.10703804421890101,0.8815230488306458,0.10354096827375953,0.8574364654593991,0.09908816063252524,0.839587117990316,0.10190670902166155,0.8348676478817185,0.0954021242930202,0.8615198202010637,0.10142186828567762,0.8463053757323349,0.09771061539125508,0.8563173600574219
0.8556763548503274,0.10492014270017902,0.8473504250216328,0.10284589567823521,0.8665313291438776,0.09677261509994034,0.8321485466575634,0.1021420976726729,0.844105022582806,0.09485677560259376,0.854218078196539,0.10634931303322515,0.8843646024191552,0.10263185686393378,0.8592149357694394,0.09882368944532782,0.8382317955617611,0.10280574658696534,0.8408894709912458,0.09828508097631328,0.8610426751203859,0.10460582710881422,0.848736946065882,0.10497164999568598,0.8576897327887462
0.8620773698028825,0.11039178723455012,0.8533368704158961,0.10563295969062281,0.872510189844701,0.10030700954942623,0.8437180198893632,0.10322915633004331,0.8511610762819519,0.09509694639980137,0.8595307123126913,0.10489202359347222,0.8860303168433665,0.10179139831828854,0.8653431121368811,0.09854469796651855,0.8443006855574681,0.1040712835851274,0.8532646781162796,0.10046072582731491,0.8642877722742857,0.10507865771755581,0.8568583625158259,0.10964634562508813,0.8634599705116974
0.8718350895522338,0.10978082842208564,0.8636625075542406,0.10491536636059484,0.8799465682609604,0.10145724672718198,0.8603163559376509,0.10383579792650527,0.8631979996958041,0.09747029753260272,0.8688043346506096,0.10305326392122477,0.886163071554791,0.10111444947665021,0.8745941408523478,0.09861244779494427,0.8566470155849952,0.10497217951468141,0.8686906987528853,0.10063305428064973,0.8706495421924516,0.10253500062720916,0.86899021702919,0.10870069104249835,0.8724397838560944
0.8828941636876515,0.10346953869551956,0.8763913141001309,0.1009436662680755,0.8872817016126202,0.09989933112670513,0.8782800018867418,0.10389634872706222,0.8774730893220815,0.10066171721605566,0.879934477718644,0.10134478647877171,0.8850694976451137,0.10046686258671711,0.8849637218417358,0.09914610829474196,0.8723988817439838,0.10468498061287324,0.8839983516443949,0.09893246760371305,0.8788313403526844,0.09838998456876813,0.8823670959587427,0.1025145670726138,0.8827386071911565
0.892924903261371,0.09587465190772987,0.8889170693914384,0.09627289267075956,0.8929703297397047,0.09702628094194354,0.8935025163879801,0.10355043992534685,0.8906727649002817,0.1025640707173257,0.8904705746986243,0.10009724805625503,0.8833666023723702,0.09978330236663585,0.8941184361018062,0.10001224184008511,0.8877397465074028,0.10336075377968174,0.8964009944607477,0.09660561409727175,0.8870768300165928,0.09539964089691111,0.8938351997999675,0.09519362377291712,0.8921869213735548
0.8996093555429769,0.09268940190127023,0.898157235728167,0.09411682026046375,0.8957610007338503,0.09521478565333485,0.9021857158188983,0.10316987573895092,0.8996759335075318,0.1017643812806705,0.8979162591429504,0.09920777583504797,0.8818346694937863,0.09900995436700621,0.8999012170775409,0.10066317300388045,0.8989822744177504,0.10190849913218775,0.903123834675639,0.09548205760452239,0.8935692527183898,0.09561840841732777,0.9006196655487635,0.09206247932679879,0.8986603858318183
0.9014205867071194,0.09636828697998123,0.9016260210922304,0.09605228437462887,0.89511713064542,0.09582231246379563,0.9021178501532059,0.10298955178941427,0.9023307398442573,0.09885348437498537,0.9005998021470554,0.0983995944720224,0.8811331415370407,0.09834485457735598,0.9008598869297769,0.10054981892582154,0.9034884849850597,0.10122893746449763,0.9020284932354279,0.0965041982887529,0.8968539097282108,0.09875776751031062,0.9010291686618188,0.0954765719979011,0.9006706460491536
0.8980177172236958,0.10374473779030058,0.8984098345696806,0.1004895062721542,0.8912700814400624,0.09804387724407204,0.8935706240874903,0.10295665027462114,0.8981034818287419,0.09583350167751492,0.8979769465659557,0.09769650312199607,0.8815929273873107,0.09794563256709232,0.8967952923642853,0.09947395886736177,0.9004086751823047,0.10123205327035839,0.8929350572101985,0.09863069610071906,0.8962475395523882,0.10225949157255215,0.895375672200786,0.10267039783129384,0.8977968906471028
0.8903686350154103,0.10864088041283387,0.8894853670842332,0.10385759014440687,0.8852758436576369,0.09949567724491604,0.8790068448858699,0.1027346601456609,0.8881644540103102,0.09459516881883612,0.8909156546843428,0.09749495178044859,0.8831936285012516,0.09789034397582114,0.8890162841717557,0.09781971316125354,0.8906614950357628,0.10102824940784977,0.8782953916454722,0.09982430209456572,0.8920065819222066,0.10323662734122396,0.8855065147313647,0.10789250718769022,0.8909171855501749
0.8804819915372626,0.10687279981333891,0.8773316359239919,0.10357973089227313,0.8787135020364811,0.09831868796441362,0.8622962541729946,0.10202554419802207,0.8751714494291836,0.09569878365586104,0.8811452530497126,0.0982454203962243,0.8855023296773545,0.09818712848516475,0.8795716429487812,0.09630535432311793,0.8766282580397531,0.0999911737795392,0.8624678344535872,0.09874937265904798,0.8852369133260307,0.10079269473035074,0.8739036366188342,0.10710525210747696,0.8817725203445952
0.8707253054796724,0.0994495587876299,0.86529628867192,0.09983531404351409,0.8732632823081401,0.09463774555754118,0.8477967378825598,0.10085770550936102,0.8625319319220075,0.09782706357165494,0.871207231167968,0.09999994110011834,0.887870283018763,0.09883190063595171,0.8709154019797388,0.09557231751233519,0.8618671661667727,0.09854572053987942,0.8501008605439868,0.09564715701362758,0.8776902887686004,0.09669095992103816,0.8634442355077737,0.10083111487733176,0.8726334489947621
0.8637394599232427,0.09132188745091224,0.8567619671976869,0.095121951534274,0.8704526528827936,0.09054073687079744,0.8393973276206279,0.0995827798074378,0.8536596562100298,0.09902567638606602,0.863597845082167,0.10218436377242046,0.8896387294830473,0.09970314413122233,0.865409143927619,0.09567770591143226,0.8504300969000516,0.09759121380190422,0.8445905427893328,0.0923447746382508,0.8714224311805913,0.0936843667268023,0.8568252432969998,0.09330207418665803,0.8659415834932829
0.8615342696932149,0.08764585083386339,0.8541969670044172,0.09260138726894679,0.8711714766828142,0.08846021852773028,0.8395706107753496,0.0986645247588766,0.8511009469653879,0.0983174992582756,0.8604490957990751,0.10395520684694654,0.8902723313281444,0.10051775822909825,0.8644858579947148,0.09632264518834077,0.8457063109667251,0.09775994136202776,0.8471468590491606,0.09080639515442862,0.8681819551263403,0.09364776396293151,0.8558573619611252,0.08943607285250071,0.8636509306047957
0.8648965872488465,0.09091744136722696,0.8583693432553228,0.09379313424670876,0.8753191206286947,0.08972605159842578,0.8485296467461114,0.09844161276707986,0.8557226770933839,0.09594024519635963,0.8627443875490106,0.10457904816343766,0.8895553816625927,0.10091151728354786,0.8684923710277926,0.09696733339883712,0.8492113964105683,0.09880916409959101,0.8568092765205152,0.09191870691735188,0.8689278365710948,0.09655697534846291,0.8610780904004143,0.09177972525706796,0.8665013584906089
0.8730430339003515,0.09918181509119212,0.8680099568146009,0.0978643839024505,0.8820025629453908,0.09380315875972911,0.863944204902839,0.0987714897846651,0.8664584365841534,0.09351363269091778,0.8700657367321802,0.1038135139661166,0.8878582912244439,0.10068214121565666,0.8765722385909418,0.09721278586085313,0.8600464119736957,0.09980955648700995,0.8712100742369144,0.09513068165459504,0.8735846115502561,0.10035791891979534,0.871353208309561,0.09889304536954546,0.8738529344654395
0.883773294439544,0.10727498951716657,0.8803411321632197,0.10202103990059913,0.8894662299962013,0.09836601980632576,0.8814840788174405,0.09937518048271698,0.8803758559432967,0.09287533034266232,0.8806530512229206,0.10223452056871812,0.8857956688026423,0.09999644762281501,0.8866450554511577,0.09717254609368514,0.8750972138722595,0.1001844194899929,0.88689015863103,0.09839286359596194,0.8809721549970193,0.10244608913683206,0.8840337250108128,0.10596959896255975,0.8837726811152546
0.8944072041462263,0.10939445673155296,0.8923084113312012,0.10301167244468601,0.8958793978319111,0.10057227509442268,0.896458340236246,0.09974853599927236,0.8936987514231505,0.0946137244349532,0.8918359996343099,0.10053170167535502,0.8842849956992067,0.0991890533663018,0.8961731371485112,0.09699222171890048,0.8902683712849548,0.0999442346396977,0.9000212394606698,0.09953391990519384,0.8892878357952747,0.10108979178265687,0.8959373043224697,0.10773885306376868,0.8937212723569428
0.9022546220164492,0.10381545349581611,0.9010524807471527,0.09987626139311051,0.899641610774926,0.09910129944900509,0.9046909070339564,0.09971900063886002,0.9028561591262012,0.09769853743483053,0.9005984243091476,0.09925716014958169,0.8839611421520532,0.09853744078566268,0.9027721761173968,0.09699481493939288,0.9014969275608912,0.09962775258702766,0.906878719952529,0.09789409571960878,0.8964131313031838,0.09704762081240209,0.9037725497782831,0.10259826779052839,0.901214883636343
0.9053047111308152,0.09486849877185943,0.904373081674172,0.09485626446173939,0.8997996512493769,0.09518500831722776,0.9039155659306505,0.09946945218271308,0.9053696817539171,0.09973656199239772,0.9045071133266822,0.09841781391489607,0.8850922366650955,0.09801959666965121,0.9046961969785556,0.09720464114759075,0.9058573242377722,0.09964542876267724,0.9049769124821744,0.09477758772748629,0.9005109232168992,0.09331532882053456,0.905185871139992,0.09450563386064603,0.9043337759360599
0.9027251926496034,0.08957115870674098,0.9012446597996784,0.09181968625833048,0.8964080833437335,0.09178894368887269,0.8943505578211517,0.09936060206900771,0.9005793102922426,0.09902006897350074,0.9025833954938474,0.0977117804985807,0.8875134834435393,0.09743879761863594,0.9014522983375461,0.09723955330152156,0.9021827630288162,0.09991745891847842,0.8945160533702667,0.09262488907017324,0.9005350469061987,0.09270980490547998,0.899653525180352,0.0898732545295916,0.9022264195229543
0.8953154529902949,0.09151248221310082,0.8923544164266323,0.09298387496452076,0.8904885935581011,0.09106047772235876,0.8789128280788445,0.09962556913495474,0.8899118790909252,0.0960178303577679,0.8954621005905175,0.09701427043409105,0.8905610270859818,0.09667289057715062,0.8939840815688215,0.09671035735753075,0.8915475903233605,0.10003380089791986,0.8789822649410285,0.09277163106472885,0.8965398716322368,0.09541708572713309,0.8888430996944552,0.0920074113131315,0.8955316914077203
0.8852992320658426,0.09817346328690779,0.8802515738041787,0.09705267764539338,0.8838181542415726,0.09258709978596141,0.8624679875945659,0.1001421467923786,0.8766664783992384,0.09278996394888173,0.8854432225625037,0.09650618972232228,0.8933439092204447,0.09592577469475433,0.8844984172764375,0.09561540371222316,0.8771045152135719,0.0997794230851784,0.8637712292798769,0.0943772286965125,0.8897900997476409,0.09892762270933608,0.8763113697997087,0.09852398625894321,0.8863239926760004
0.8756805604286615,0.10354849363404584,0.8684326721566974,0.10060505384205598,0.8783792875596623,0.09431219263129925,0.8499635960517842,0.10062730093674149,0.8648650826504773,0.09148679122974807,0.8755097981257367,0.09660238141091382,0.8949902752401631,0.09568773180898815,0.8758880823707198,0.0942991013631308,0.863157677952225,0.09943619971975454,0.8536738069638348,0.09568235790055823,0.8822346021800478,0.1003224132605729,0.8658421561301664,0.10395029987614324,0.8772788194608101
0.8692223431260171,0.10321069470785293,0.8605695877908215,0.10085269142799896,0.8758704033414078,0.09427375045358605,0.8452024076895123,0.10065322312934105,0.8581715162900707,0.09272697904165444,0.8687421757320528,0.09738395864585914,0.8950915422416301,0.09613887402443316,0.8707916298959376,0.09347432321939958,0.8540937774784776,0.09929809750776564,0.8513777986212032,0.0952622989845972,0.8761734258944306,0.09852955543489111,0.8605156751846341,0.10401058841156158,0.8710652268624873
0.8678710543853914,0.09746569238154634,0.8592859066962948,0.09760604506323656,0.8771040844625162,0.09223207351677021,0.8496816821237876,0.10016832585992036,0.858721957526913,0.09514978007719849,0.8669862917657161,0.09850235210243924,0.8936612190013411,0.09708919775292213,0.8707768527593804,0.0935338889597988,0.8529189852082832,0.09927880235902087,0.8571613301715713,0.0931426357372182,0.8734840365680809,0.09489499619169112,0.861976724773206,0.09862976409592866,0.8695674775124244
0.872219211370969,0.09035195109905264,0.8654117238533896,0.09318682566252195,0.8818502894923281,0.08975288449089325,0.8623846026238037,0.09930681042727713,0.8664938223318684,0.09691293158393804,0.8708968948701232,0.09933345515327502,0.8912949726452266,0.09790535510282489,0.8759750166356709,0.09430973079773536,0.8602695173599006,0.09895212350764537,0.8693556430734631,0.09092804692061984,0.8750904501050026,0.09207877654262692,0.8698988896864969,0.09167488402113327,0.8733821202636387
0.8812158498195873,0.08755396066041476,0.8773318370160843,0.09092904398282486,0.8888111664394562,0.08893734298235717,0.8796650396970283,0.09843997168557089,0.8791995928461038,0.09656387417084772,0.87936242547312,0.09952194024468286,0.8889939078941778,0.09810062865840147,0.8848924614802702,0.09554184455322157,0.8738762917236789,0.09808883284548336,0.8847430917815688,0.09036383673093479,0.8806391134885523,0.0922763393867071,0.8819956238922584,0.08842744627566745,0.881576089220318
0.8922059834308231,0.09199110752927497,0.8912393253276246,0.09270622071374701,0.895986799815031,0.09116752719949961,0.8961588029339058,0.09792895409519825,0.8929563854962703,0.09436817756502203,0.8898805616977854,0.09903541705913776,0.887706225710112,0.09768363358277382,0.8948620020034295,0.09636678360837814,0.8894164645798486,0.09696935461703216,0.8989884790760355,0.09233871611038913,0.8885516622478865,0.09549412594646478,0.8946629685038938,0.09190176961444835,0.8917582054872777
0.9018817028358863,0.10088254671447011,0.9026524580607926,0.09724974083256482,0.9013098887851668,0.09537800552594894,0.9065216012314421,0.09780136670167433,0.9034642285454932,0.09219709378128665,0.8993160322011545,0.09830998708694111,0.8880432412633494,0.09712663152334322,0.9028565726496205,0.09635136230724256,0.9019577658443991,0.09616183898869496,0.907738046920429,0.09569426481623916,0.8965149861254584,0.09920840991813301,0.9041647800040988,0.0997386910254725,0.9008840524763158
0.907307101774818,0.10670697235516652,0.9080283291553602,0.10042621935178819,0.9032991116154032,0.09823542278419567,0.9077059793817472,0.09758953807137688,0.9074290371161464,0.09181013373470814,0.9047657684563372,0.09772781559716709,0.8900652194041545,0.09673376734922168,0.9064374065531852,0.09549591047952255,0.9075909919175457,0.09581824381755666,0.9081679250731187,0.0976156265478289,0.9021292990134226,0.10000198072074862,0.9078749914245994,0.10512010211420297,0.9061622311492291
0.90770269753376,0.10451590394938604,0.9068597390170239,0.09927420834776113,0.9020872025659525,0.09727570536914981,0.9004768631424932,0.09675902834158023,0.9045683337464571,0.09310362571244357,0.9053302780822674,0.09731672030400945,0.8932718156508478,0.09631864431474907,0.9053046589247227,0.09414265321703241,0.9056404762670924,0.09546926651310156,0.9008411480901954,0.09641460974428212,0.9043621160714455,0.09694235609841484,0.9055665261556438,0.1034649224370564,0.906836793695361
0.9037489380744195,0.09630147920232274,0.900634742171253,0.09472607087115797,0.8986582932746426,0.093047100874449,0.8880929065838963,0.09541890415898485,0.8966885261355262,0.09452774010766646,0.9015202978727169,0.0969885013502389,0.8967499039292164,0.09565457125751226,0.9006066576459011,0.09293219346056691,0.8976745001704787,0.094801327271274,0.8888583969231145,0.09289790705841272,0.9031848283222343,0.0924448581486812,0.8986373541134611,0.09640884045636045,0.9034448103553829
0.8972889280415728,0.08872166798713316,0.8919876297155306,0.09042027948517622,0.8945866929689622,0.08854894581681455,0.8750744499518608,0.09422253656508867,0.8869317871520085,0.09448490632637518,0.8951642895457038,0.09670051965783627,0.8995628439451848,0.09479222733946563,0.8944583489295657,0.0922847591631959,0.8868410402929553,0.09398100459442593,0.876853689976195,0.08955418013487132,0.899626560641795,0.08988121301969676,0.8897424219974988,0.08975294162007064,0.8976670662018364
0.8908302032770663,0.0868789155263876,0.8839802107927686,0.08939253697744848,0.8914676703644604,0.08651779296754514,0.8657695078229308,0.09372216453474719,0.8787116001264559,0.0927911028181464,0.8887236252246036,0.09640134906849529,0.9010973470523751,0.09396581098748802,0.8891690693684596,0.09205509655030258,0.8769035932716717,0.09350448602795164,0.8692173963088752,0.08838921784560788,0.8952817743591681,0.09070782255404791,0.8820030936534047,0.08818435250435297,0.8917663588209057
0.8866307600788679,0.09088070767832906,0.8791149174797646,0.09177577037167961,0.8904649296158427,0.08748916797934547,0.8630135817604075,0.09388193806694639,0.8747005840632949,0.09061750168499255,0.8845521720629622,0.09597352572977297,0.9012660446598777,0.09335646822468008,0.8865321059701511,0.09198558667428852,0.8710899853035007,0.09365220401115498,0.8683128324653391,0.08948493639233601,0.8918502099533909,0.09361517558007959,0.8780446468981229,0.09184270441075648,0.8878710696959583
0.8860248921332624,0.09665590990818834,0.8786427365984065,0.09516418089193635,0.8919720460138862,0.08991024300781325,0.8671872733057859,0.09417032387582264,0.8760523031121498,0.08930183334760122,0.8840346416453031,0.09523407003859513,0.90052420783206,0.09291014661507097,0.8874000886489433,0.09181245090999607,0.8711282772231308,0.09412949742510629,0.8737969673202046,0.09140583324838758,0.8905441740034473,0.09593101681296368,0.879030532959999,0.09713249210691116,0.887206922902213
0.8889967134024821,0.09943934316252029,0.8824627603029083,0.09674515722399218,0.8955562513866008,0.09160224372467629,0.8765068939402747,0.09404398829558741,0.8821002767943404,0.08961117052368539,0.8872556267596073,0.0941356960985304,0.8995818470986462,0.09240536269311239,0.8914147823116847,0.09150376713936526,0.8767914569771198,0.09433101243224667,0.8832490795552161,0.09238997738787158,0.8917780504991644,0.09585933432168303,0.8844362401100403,0.09964954395151449,0.8898540448476213
0.8945866720640909,0.09730317936040306,0.8893902809660905,0.09528037335056827,0.9002156155159315,0.09127495495513127,0.8879711715126717,0.0933622766227098,0.8907819377112896,0.09094315190547841,0.8930845229424975,0.09290979687991702,0.8990610610939075,0.09176197968869132,0.8973068709960302,0.09129459106512999,0.8860754859583561,0.0938356765969739,0.8936091715183663,0.09162711835613274,0.8952027253998586,0.093501620436993,0.8924488741180077,0.09750069434619874,0.8949617395992164
0.901152956463702,0.0923494413491921,0.897466594002831,0.09203744705922362,0.9047416707897902,0.08953319237790353,0.8982730841456388,0.0924995208524535,0.899500715935028,0.09209854707805915,0.8997562361232988,0.09190300692697695,0.8993722149128183,0.09106866449086604,0.9034497088132506,0.09130009384333715,0.8960226979526993,0.09277367738906311,0.9021891560806579,0.08990154261716415,0.8998266845997758,0.09079701015231462,0.9006201073033291,0.09268902396061512,0.9010307969340366
0.9069587703609203,0.08892534648676714,0.9044701072531344,0.0896143896773064,0.9080984509929546,0.0880831203705153,0.9047582958346259,0.09191946358108649,0.9059152533213178,0.09206043153492133,0.905440719164573,0.09132098192891736,0.9006076724129335,0.09049781041630961,0.9082826724074895,0.09151245552680404,0.9037821687377294,0.0916883975444095,0.9071604063557415,0.08871259603454085,0.9044199498475284,0.08977263623820325,0.9066808631013692,0.08925561505571555,0.906463541855469
0.910611492825153,0.08969763385095786,0.9085894383435318,0.08970164027966654,0.9096794727731827,0.08820580601475475,0.9062169834050284,0.09176478396467741,0.9086556738466554,0.09088442804753077,0.9088519977921128,0.09108712053852808,0.9025510036458027,0.09014543587517548,0.9107707646316097,0.09166490297893909,0.9075601004976179,0.09104673289683562,0.9078164496368893,0.08899080669372333,0.9078639085947333,0.0909049424069806,0.9093238996428343,0.08978944672410566,0.9099656547518551
0.9115778973035631,0.0934248770930457,0.9091069662451023,0.09171810035170813,0.909501180007644,0.08957789208533601,0.9031022933649643,0.09178157404695819,0.9076395520840592,0.08957023685846183,0.9095376326153841,0.09097865155596285,0.9047445789034403,0.08994271929060266,0.9107130900327651,0.09150416934332795,0.9070690803674568,0.09086376536391344,0.9046549850967498,0.09025106459922932,0.9095521307830152,0.09280667615275345,0.9085459113444218,0.09321331244875808,0.91101580015525
0.9101774216530731,0.0964589988429927,0.9065881902731197,0.09357369883831934,0.9080551640940284,0.09071912965253487,0.8972252195075017,0.09162785100806686,0.9039292587207386,0.08904368648765337,0.9079117941865175,0.09087608006003511,0.9066697812129338,0.08977738774399713,0.9086511278472129,0.09100296202469871,0.9033535688830072,0.09081271922060463,0.8991809287444771,0.09116791461771862,0.909443026622483,0.09365660913228391,0.9053935612015298,0.0961878367396905,0.9098651618309804
0.9073912697729598,0.09629580477685074,0.9024861124856973,0.09368896388856612,0.90614829407883,0.09047651555468478,0.890903157760021,0.09120501107150808,0.8992141689776127,0.08940782324172719,0.9049910046948059,0.09083862256383152,0.907950394624919,0.08962799429936286,0.9056823879366085,0.09038899970796216,0.8981989981570646,0.09060795561425955,0.8934285226686042,0.09087001397966493,0.9080525282655822,0.09280535045540955,0.901356396368761,0.09629150190575952,0.9073990709336452
0.9044064842509814,0.09341779922246801,0.8984986360502603,0.09219945683453151,0.9045451978411467,0.08898817276099585,0.8861896542044123,0.0907245889875628,0.895173069629285,0.09006694657514175,0.901957281833232,0.09097500558482319,0.9084773048341818,0.08955453519028411,0.9029742888777257,0.08993339468413203,0.8934656127553943,0.0902696843130451,0.8893118642817386,0.08959346803742324,0.906144246785761,0.09113025516792572,0.8978369636869562,0.09385754389699669,0.9046910673566781
0.9022366531765456,0.09038557111818585,0.895930572918865,0.09049879510544911,0.9037864498846311,0.08735798611342277,0.8842751100922952,0.09047119861283293,0.8929524880897288,0.09030966801224627,0.8998065856134216,0.09128105120298702,0.9083823533049873,0.08961329292613596,0.9013859586698484,0.08978738537991815,0.8905105837167074,0.09003826847935664,0.8879689372256476,0.08830690563310167,0.9045109097557036,0.08999127267691848,0.8958121367162191,0.09112563097860538,0.9027004912560497
0.9014529952833918,0.08934967833121699,0.8953145758350498,0.08985535002905098,0.9040104932613301,0.08664835055593512,0.8852070779396657,0.09053799392575512,0.8928956151018865,0.0899276488282102,0.8990630590979334,0.09158581867172594,0.9079405826940343,0.08976402650956328,0.901247006005443,0.08986572621364125,0.8898832399225689,0.09009058152673616,0.8893728562374937,0.08783434661009415,0.9036709584519647,0.09006514251013753,0.8956279816959141,0.09011863470931586,0.9019540334797416
0.9020382783541899,0.09049872167078837,0.896383351827867,0.09043842707383398,0.9050163094272674,0.08705638888781425,0.8880748272817198,0.09076448058248449,0.8945758593197214,0.08929601312667629,0.8997101926104224,0.09168583084201087,0.9074518955929605,0.08988122869020826,0.9023299255454804,0.08999286408511514,0.8912934893762341,0.09035240759360541,0.8924843007794794,0.08822764555842261,0.9037777787161676,0.09093955392174885,0.8969966501710522,0.0910722894585062,0.9024668895655292
0.9035135229772981,0.09233392926139755,0.8983649851024378,0.09141965297662963,0.9063626729807186,0.0879360188580785,0.8915325946742341,0.090917947003129,0.8970814719268012,0.08888891758282091,0.9012515217749575,0.09152396594194123,0.9071437948109289,0.08987423522563964,0.9040390371128753,0.09004131205190885,0.893848423436604,0.09058569807059769,0.8958766927750308,0.08891175920838318,0.9046067281866162,0.09169333420901565,0.8991791733868718,0.09267842268464482,0.903804405043283
0.905194119577574,0.09326602113232979,0.9004138530942658,0.09189755214606865,0.9075975679222066,0.08851018188515997,0.8943980420202713,0.09089342573310782,0.8994425024304435,0.0889154880722639,0.9029925351583735,0.09122816068859524,0.9071118214817913,0.089752655359839,0.9057054588491518,0.08999229387092061,0.8964677022840442,0.09061471361391288,0.8984365822749301,0.08927420039453987,0.9057344472239272,0.09176844744045098,0.9013273282480824,0.09349137516825312,0.9053517320422464
0.9065123154519935,0.09297859579135581,0.9019207283013198,0.09167923445999548,0.9084174509328597,0.08850751059667306,0.8960440626677316,0.09076407580126539,0.9010034107211888,0.08915666917049087,0.9043308474690657,0.09098946178269657,0.9073027757577203,0.08960842686940657,0.9068583892315666,0.08992353355596105,0.8983213880427026,0.0904704635604554,0.8997352794244092,0.08917918161529614,0.9067293035087859,0.09134079581106763,0.9028113884942333,0.09320258700431772,0.9065794034382191
0.90720220194892,0.09229425241388012,0.9026631804345727,0.09124299020272897,0.9087660297248406,0.08824228238688564,0.8965184060565284,0.09065843955277986,0.9016280493659676,0.08931651358947684,0.9050118647451824,0.09089256331787054,0.9075678541214802,0.08951884324339038,0.9073730509125182,0.08988558233282767,0.8991388411411677,0.0903127970446142,0.8999998435896943,0.08892715471060153,0.907329709713143,0.09094957290516131,0.903444101333504,0.09255946344006083,0.9072342566414454
0.9073698481977075,0.09199661508643503,0.9028131842057924,0.09104977637811024,0.9088079027073561,0.088092031208033,0.8963889124109303,0.09062515526840598,0.9016571107717104,0.08931617549557663,0.9051625007371157,0.09088547244014167,0.9077482553879332,0.08949102946944076,0.9074477747804247,0.08987738679722518,0.8992312119497594,0.09024827421058135,0.8998236326704321,0.08881050324402873,0.9075281009758571,0.09085151819004417,0.903497529849845,0.09227940510000737,0.907401309705669
