0.0,0.0,0.0,0.0,0.0,0.0,0.0,0.0,0.0,0.0,0.0,0.0,0.0,0.0,0.0,0.0
9.67834253656763e-6,9.678335542939731e-6,9.678335542717686e-6,9.678342536234563e-6,9.678335542495642e-6,9.67832854920081e-6,9.678328549533877e-6,9.678335543106265e-6,9.678335543106265e-6,9.678328549866944e-6,9.678328549811432e-6,9.678335543217287e-6,9.678342536734164e-6,9.678335543217287e-6,9.67833554338382e-6,9.678342537122742e-6
8.519682477248214e-5,8.519617958457903e-5,8.519617958108183e-5,8.519682476915147e-5,8.519617957769565e-5,8.519553439528815e-5,8.519553439195748e-5,8.519617957469805e-5,8.519617957469805e-5,8.5195534392013e-5,8.519553438873784e-5,8.519617957158943e-5,8.519682476337831e-5,8.51961795679812e-5,8.519617956481706e-5,8.519682475993662e-5
0.0003295878460352064,0.00032957410838607704,0.00032957410818712507,0.0003295878458365875,0.0003295741079882286,0.00032956037088266443,0.000329560370683768,0.00032957410778938767,0.0003295741077894432,0.00032956037068365696,0.00032956037048453846,0.00032957410759015815,0.000329587845438406,0.00032957410739115067,0.00032957410719247626,0.00032958784523989815
0.0008752731211075782,0.0008751358189669212,0.0008751358152587763,0.0008752731173991557,0.0008751358115508534,0.0008749985281613637,0.000874998524454218,0.0008751358078437632,0.0008751358078436522,0.0008749985244570491,0.0008749985207499034,0.0008751358041360069,0.0008752731099820887,0.0008751358004281395,0.0008751357967189954,0.0008752731062728336
0.0018608481358189932,0.0018602810072589349,0.0018601207898123473,0.0018608769112298806,0.0018602172878584011,0.0018595492420738213,0.0018595866645735315,0.0018601137928718203,0.0018602410888267085,0.0018595573220657746,0.0018595793778927727,0.0018601075647329268,0.0018606937832953419,0.0018601830337122705,0.0018601647547125677,0.0018608498277878915
0.003403769255117317,0.0034011021415381038,0.003400943089691355,0.003403369083018748,0.0034012173176174443,0.003398370308073717,0.0033983491718351244,0.0034009381276582373,0.0034010416412535993,0.0033983376994688452,0.0033979881966721415,0.0034011393656993016,0.0034032863804499547,0.0034010770000860724,0.003400999420907991,0.0034036705618731844
0.005573670207770831,0.005564533709549402,0.005564092480013549,0.005573121178708007,0.005564635448108313,0.005555155967726932,0.005555111709077076,0.005564191212116376,0.005564320246940535,0.005555135008755097,0.005554670462491917,0.005564304638777717,0.005572809002267143,0.005564395980299952,0.005564223337433782,0.005573366099516697
0.008373991362278899,0.0083501596347198,0.008347106456134568,0.008372551153944585,0.008349954508255153,0.00832371186892683,0.008321885202115964,0.008347789743633982,0.008347760661483905,0.00832362699503203,0.008321949673572249,0.008347216173807293,0.008369924715888821,0.0083488971737391,0.008348181505811236,0.008372262000324482
0.011730411197127977,0.011679373210040367,0.011671185517816873,0.011727085182309582,0.011678601767168506,0.011621018826562968,0.01161468757494366,0.011672972928712777,0.0116722316692226,0.0116207629998617,0.011615954480763635,0.011671223892178562,0.01171964478870352,0.01167609188394969,0.011674361540196798,0.011726020358315048
0.015484961219635496,0.015387859800664039,0.015375445868533177,0.015479899859621893,0.015386535165032467,0.015279683853252013,0.015268606598077605,0.015378060340838995,0.015376319257365434,0.015279282614244605,0.015271149444159748,0.015375707843204522,0.015468503794689614,0.015383080380631076,0.015380771992474007,0.015478700520470956
0.018956830686510606,0.01879020497017997,0.018779265954509294,0.018951991122279854,0.018788500892053417,0.018614767818530664,0.018603221395462888,0.01878090034225033,0.0187786217413069,0.01861408692748079,0.018605661008680163,0.018779293128083963,0.018941507934220225,0.01878561047412708,0.018784068065296144,0.018951509178004977
0.02177728441060761,0.021511001412029163,0.021505885227826704,0.021774310107306294,0.02150855148123315,0.021243666902992786,0.02123645822209619,0.02150477187283817,0.02150289891175361,0.02124272175341213,0.021237379191284156,0.02150463730300456,0.021768704030857178,0.02150730610918622,0.021507400873112092,0.02177479923318254
0.02365986476600007,0.023266461654349202,0.02326554915467688,0.023658777782530616,0.02326228574201822,0.022880327665949662,0.02287771345401879,0.02326146335635626,0.023260444439986372,0.022879293653075505,0.02287753652543073,0.023262098728441205,0.023656666327968423,0.02326301913598916,0.023264321259028886,0.023659445932488365
0.02443431543541874,0.02389997266924837,0.023898004186416744,0.02443299768032664,0.02389378145725385,0.023378414098433165,0.02337622069089096,0.023891329025556074,0.023891248779415397,0.02337739041302439,0.023376625182725708,0.023891691452731345,0.02442913867040658,0.02389530304049925,0.02389695620149318,0.024432860810974955
0.024050327434200547,0.023379902076876402,0.023373421270888484,0.024046953300475016,0.02337226358581823,0.022726635024206132,0.022720667065191436,0.023365178559487998,0.02336519185902386,0.022725703454891277,0.022722843023062933,0.02336456130989084,0.024037614403094876,0.023372982930135233,0.023374902949059084,0.024045864085548263
0.0225642901138568,0.021778468501745862,0.02176990603926754,0.02255985967123425,0.02176985715071733,0.021017460171265157,0.021008360284424765,0.0217603487475046,0.0217599256770189,0.02101690375435261,0.021011792085767034,0.021759490739866993,0.02254706712692711,0.02177039551291876,0.021772859246061427,0.022558478591926334
0.02012998571809238,0.01925869985958628,0.019253636009351427,0.020126629766666904,0.019249746884855257,0.018426300467626666,0.018419129202887297,0.019242849086545055,0.0192422995097859,0.01842595707039618,0.018421718578136126,0.019242987273170475,0.02011669259174137,0.019251895398729846,0.019255259396223745,0.020126242574364017
0.01699302013517895,0.016073825288209664,0.01607568429891898,0.016992178048490958,0.016065782918096794,0.015212041610252192,0.01521105998959238,0.016064435782606967,0.016064323516224555,0.01521170562914359,0.015211626222953079,0.016066148324377028,0.016989254879536897,0.016069970954693702,0.016074181844112967,0.0169931101664339
0.013475514300946068,0.012557967926272617,0.012564651235813296,0.01347678600606872,0.012551458808851335,0.011714681254202275,0.011719510561927826,0.012554699728428709,0.012555347458610033,0.0117143894105034,0.011718137273117879,0.012557161714785325,0.013480010962003575,0.012556868016601719,0.012560830501633147,0.013478500079901923
0.009943224560482689,0.009089816883500912,0.009096643531598836,0.009944983588193845,0.009085112842836751,0.008321255240168857,0.008327870647330426,0.00908938882443705,0.009090427345233743,0.008321000798694966,0.008325814707768442,0.009091511134516561,0.009950189330780457,0.00908996757063596,0.009092718577256242,0.009946593098922207
0.006757273610058789,0.006036384537667749,0.006040934241401508,0.006758479971135267,0.006033774414645421,0.005404382682236142,0.005409673103127455,0.006036832743164522,0.006037674839492191,0.005404309421473463,0.005407920409759792,0.006038125484134627,0.006762791198841767,0.006037033319370222,0.006038259496222942,0.006759718518846269
0.004230818785717905,0.003704747677761411,0.0037079881858689268,0.004231695251190604,0.0037044375344494895,0.003266701804576777,0.003270654478023771,0.003706715312738751,0.0037071582030201444,0.0032668957213538574,0.0032691501565115244,0.0037074172891921053,0.004235336144703616,0.003706071537281641,0.0037062030417701064,0.004232646700781939
0.002603747050768157,0.0023190293425122688,0.002322347143537129,0.002604794604746552,0.0023208334879338266,0.0021164200262650534,0.002120222330045718,0.002323418416712464,0.0023237734313734104,0.002116767376072637,0.0021185149982162477,0.0023239121926237893,0.002609025938804077,0.002321341453559833,0.00232073060224236,0.002605608517420366
0.0020315179490508206,0.002014837086974197,0.002017420348746357,0.002032555189829366,0.002017995278745688,0.002067121229647695,0.0020705092211499854,0.002020738990812232,0.0020210747566857257,0.0020675004869364355,0.0020687887504843294,0.0020208207741074236,0.0020368138910633604,0.00201770450567218,0.0020164620244826903,0.002033113347435389
0.0025762546086879334,0.002832752972557695,0.002833210642076922,0.002576628544786852,0.0028362652194643956,0.0031373609621555554,0.0031390039031458095,0.002838498759550223,0.0028384240661306626,0.00313802171089661,0.0031374962991556066,0.0028377087820177227,0.0025796480959554002,0.0028356436049463696,0.002833604159540759,0.002576609987643863
0.004196041335080114,0.004706090958880693,0.004705655859777225,0.004195559044764097,0.004709323628120932,0.005237652346068489,0.005238079865509282,0.00471126264724353,0.004709208600987613,0.005239100592334733,0.005237060705716612,0.0047092141147058175,0.004196919621072215,0.004709622085689591,0.004706790960271379,0.004194546085088124
0.006746038865027115,0.007461627348389566,0.007462473065367348,0.0067448075884340986,0.007463861047847076,0.008168024471609525,0.00816926863359524,0.007466571504086306,0.007460717629988678,0.008170056913704149,0.008169057367979016,0.0074641331773080966,0.006745085376698212,0.007466263803159512,0.0074633768973191295,0.006743146929505395
0.00999440319413003,0.010839970058284965,0.01084208804366027,0.00999280055455054,0.010840157281672702,0.011641301401501991,0.011644411375835328,0.0108439964428797,0.010834497821060829,0.011642850757047019,0.011645335165034687,0.010842667038893083,0.009991859020504257,0.01084427876157501,0.010842634741571433,0.009991507774819886
0.01365333128291224,0.014534034501948567,0.014533719143499102,0.013651430057027791,0.01453102136905765,0.015330458080538067,0.015333130729757172,0.014533799906743583,0.014524172136023306,0.015330824443945956,0.015334959996668562,0.014533674901501925,0.013646966084824241,0.014534606215901802,0.014534707072053454,0.013651017879984684
0.017412221236707826,0.018225604409467022,0.018218340078155426,0.017409373310896203,0.018218599670495106,0.018912587870289044,0.018910309798519043,0.018216551421281035,0.018211407257705092,0.018912008792180246,0.018912545971261352,0.01821600941702417,0.01739878257726374,0.018219653236013933,0.018221006758762037,0.017409022685504816
0.020961713821804395,0.021606641072763277,0.021592002508837693,0.020957253688223487,0.021595645803133556,0.022088793700263065,0.022079071210116874,0.02158676937083953,0.0215872069745503,0.022087972961820745,0.022080985310416912,0.02158366888983765,0.02094012965337755,0.021594403766242165,0.021595831813962796,0.020955407866974807
0.024010746579173847,0.02439161942389184,0.024374815426267127,0.02400442641629652,0.024377489365758565,0.024587982618398563,0.024573814756217782,0.02436407275642888,0.024366067500273425,0.02458751166962314,0.024575292598651044,0.02435823049999858,0.023983598650388238,0.02437618765534949,0.024377533031034238,0.02400032770288424
0.026304708409721378,0.02633638156923046,0.02632412576640053,0.02629715859341536,0.02632037718785607,0.02618095909769458,0.02616840352564609,0.026306107672194823,0.02630508033431833,0.026180243927121538,0.026170241607885225,0.026300399549523512,0.026276560653696546,0.026321233723640536,0.02632390482769381,0.026292000609514643
0.02765207002272324,0.027269083755147583,0.027263374150802266,0.027644377056517788,0.027251630499589563,0.0267135104555295,0.026706545303634588,0.027239157525500657,0.02723416627735087,0.026711494390775303,0.026709412140264566,0.027236817770712962,0.027626056229489937,0.02725517910075992,0.027260590460405132,0.02764049925964407
0.02795115985601493,0.027120372686396776,0.02711718141406738,0.027943966186061597,0.02710191045733268,0.02614457272878079,0.026141824050232132,0.0270900385161168,0.027084968438974566,0.02614056844715662,0.026145488239802506,0.027091639357964326,0.027926326871073714,0.02710538485824754,0.027114208043717558,0.02794247544711259
0.027201368541526827,0.02593212949349083,0.025925723903195752,0.027194503266659564,0.025913127698578953,0.024556757773487092,0.02455343665980464,0.025898169766543855,0.025898639453292738,0.024551512900395034,0.024557053584334465,0.02590115682330313,0.0271750222896745,0.025913092710372065,0.025924557557418126,0.027194407868464776
0.025493782158535372,0.02383851352339822,0.023827128852785207,0.025486656906302863,0.023819659928390635,0.02212931459201134,0.022122007118450082,0.02379993636478056,0.023807398791648893,0.022124303398795564,0.02212491107343323,0.02380133523215372,0.025465133278196272,0.023815906583298685,0.02382781196196082,0.025486266748024455
0.022989376700943642,0.02103546586122107,0.02102268505521454,0.022982064862100415,0.0210172340490678,0.019094755158796994,0.01908448629708115,0.020995573989296856,0.021006081556164236,0.01909039946944463,0.019086508248093048,0.02099479958856615,0.022961688414628145,0.021013242317762915,0.02102352681938713,0.022980656472965766
0.01989940245598809,0.017758684474974973,0.017749479443897653,0.019892650733913497,0.01774118941585756,0.01571033596622884,0.0157012889666423,0.017722692371820892,0.017731039731087583,0.01570577317869054,0.015702615790120056,0.017721794098206012,0.01987779825769076,0.017740699466510523,0.017748970230169192,0.019891412250176266
0.01647443876687249,0.014275015715109807,0.01427167332444007,0.016469374083863397,0.014259925228420345,0.01225267697329091,0.012248194604765228,0.014248212886606992,0.014251917683118676,0.012247144882673977,0.012248976307753845,0.01424964446971716,0.016462130298659228,0.014263188628815704,0.014269913275624158,0.01646995826706138
0.012992231927670184,0.010874628176216483,0.01087515794607874,0.012989656058086274,0.010863738550810687,0.009014767665787682,0.009014499685480959,0.010858618273205778,0.0108594455259583,0.009008233749405903,0.009014514806459595,0.010862538689312862,0.01298869305971423,0.010867890402511071,0.01087319880708848,0.012992441692258383
0.009739648999529282,0.007850236114299192,0.007851118555853298,0.009739345279772882,0.007844534990308294,0.006286497782814204,0.006287729907907269,0.007843256287190181,0.007844396951547983,0.006279858468534183,0.006286771641590361,0.00784783360117619,0.009742221308740195,0.007846801546331106,0.007850333709169877,0.0097433079062057
0.006984329413873891,0.00546327245773176,0.00546338697462434,0.0069857338773976485,0.005462491830159399,0.004316948066225623,0.004317939386817848,0.005463115087876613,0.005465233106769107,0.004311167425250506,0.004315775936140909,0.00546598803861853,0.006990889313239379,0.005462517274436807,0.005463637779287933,0.0069893059344917075
0.004946607607102693,0.003912126091010881,0.0039129142160285735,0.004949222951407539,0.003915146493993438,0.0032784031907096556,0.0032796399534530396,0.003917588395673466,0.003918957315692306,0.0032734048109173686,0.003276110388382658,0.003918213838361995,0.004956496578587988,0.003914471551551335,0.003913010967094566,0.004951451949150976
0.0037823190191529354,0.0033179202833456545,0.0033206976395194765,0.003785958657742894,0.0033233514750408144,0.003253381850266246,0.0032561602868125816,0.0033286879219293075,0.0033273271448645003,0.003248570456760358,0.0032514135987010695,0.0033277465064176504,0.0037951908110389065,0.0033233066643798548,0.003319945851283923,0.00378719257252752
0.003579102644875265,0.003726902178090241,0.003730694843594118,0.003583485749387827,0.003733602455997076,0.004243261520818442,0.004247953672921079,0.0037416757309328696,0.0037377898642059204,0.0042382577896543094,0.004241970881050494,0.0037396537965675436,0.0035931487281206653,0.00373380621614805,0.0037294171659673636,0.003583943581073834
0.004357003685876437,0.005116842107459552,0.005118951152500606,0.0043613229866611425,0.005123613052893994,0.006182701025034265,0.006186731977507576,0.005131904203386273,0.0051276350093247824,0.0061773875112655086,0.0061797570043857775,0.005129414888220496,0.00436929363674976,0.0051235447239385,0.005118260363847216,0.0043615021258145426
0.0060696158219093466,0.007398170421926309,0.007396931681299679,0.006072822449005533,0.007404008041639543,0.008941295745593325,0.008941324414145468,0.007409237527169932,0.007405736493945825,0.008935991013230782,0.008933786413280687,0.007406035225998697,0.0060770019598897496,0.0074040273592586026,0.007397238599731293,0.006072297523805004
0.008602430691255714,0.010411218276951018,0.010408694865883972,0.00860420572309012,0.010415960873773056,0.012319505631861127,0.012315721851350048,0.010417453517764574,0.01041306347774118,0.012314663737819476,0.012308238592853571,0.010413114182614036,0.008604035424045198,0.01041673417714839,0.010408532429441508,0.008601479723130245
0.011777325652770176,0.013933489012491751,0.013933724166629968,0.011778053896245644,0.013937520208839593,0.016057125425309016,0.016053689661293946,0.013937619320529171,0.013929211247482198,0.016052539332387206,0.016046717419172518,0.01393233836423019,0.011774477844898878,0.013938468384796399,0.013930781454947583,0.011772295005138655
0.01536883852426646,0.01770427498120153,0.01770850738122326,0.015368668578277567,0.017706916772008197,0.019864080113710936,0.019864641067474542,0.017707887638943154,0.01769468188488571,0.01985870286889091,0.01985865377080487,0.017703011013535774,0.015362689818346542,0.01770651081015323,0.017702240549931636,0.01536096939326631
0.01912991907551298,0.02145769488167948,0.02146178700594492,0.01912795193725242,0.021456148442239364,0.023461337426869122,0.023464812111055,0.021456757435056706,0.021442395415002313,0.023454757107845003,0.023460146821069394,0.021453710893595768,0.019118856240498583,0.02145349103366395,0.02145460947170391,0.019121002660348385
0.022816690828394992,0.024948142417344887,0.024945697962229008,0.02281137443882386,0.024939793528033605,0.026610513124487645,0.026611151393709676,0.024934404618264183,0.02492521203082343,0.026603876240826385,0.026608661616301377,0.02493374381485758,0.022796484734882272,0.024935141878011657,0.024940901805300897,0.022806964483372494
0.026202112729527494,0.027959192018725765,0.027947179760821894,0.026192382712934947,0.027942902190456587,0.029119545695779347,0.029111037710240095,0.027926628164034017,0.02792590572298831,0.02911443082615972,0.029111136841488805,0.02792717284290208,0.026169490367858428,0.027938410152114623,0.02794612838608157,0.02618988454459026
0.029081046964685664,0.030302900646750286,0.030284418864813867,0.029067521421296705,0.03028028155211282,0.030832937488180612,0.03081430079004882,0.030253666687200642,0.030258653462604868,0.03082991358001208,0.030816721802977676,0.0302537881193069,0.029037691088605655,0.030278612655727954,0.03028592566447552,0.029064842274195923
0.03127514720060093,0.03182304854039292,0.031805565609742514,0.03125978640388061,0.03179754157964143,0.03162851438096731,0.0316063577267614,0.03176676903936604,0.03177092844692442,0.03162702781036164,0.031610866519656056,0.03176586664708636,0.03122718278358516,0.03179969450361958,0.031806423039840936,0.03125483275520213
0.03264581861113075,0.0324138354593001,0.03240274717307706,0.03263074961268253,0.03238807640251734,0.03143859710458896,0.03142123092573701,0.03236050966142201,0.03235913604481755,0.03143716876623881,0.03142762563720103,0.03235960511840574,0.03259942148543532,0.032392141928229645,0.032400967418547255,0.03262365545489976
0.033112413071330615,0.03204226935983223,0.032036245932996144,0.03309868094367047,0.0320160012996174,0.030277450100576697,0.030268023205443584,0.031994937988399974,0.03198869595805026,0.03027459336356353,0.03027601253693324,0.03199578622217175,0.03307041748380524,0.032019792269367575,0.03203307543698275,0.03309204901405982
0.03266503898580064,0.030758102074492477,0.03075056161110412,0.032652124900437396,0.03072872078888378,0.028251180661437558,0.02824550661245262,0.030711370244108527,0.030705202036640622,0.028246521241956313,0.028254881669052767,0.03071493910334111,0.03262588284255563,0.03073197390635729,0.030749606132182805,0.032648999334563056
0.031362539468236916,0.02868191200095449,0.028667039899953728,0.031349115935213945,0.028646870850897677,0.025538165475722074,0.025529621501406363,0.028626951924207944,0.028626420656224005,0.025532655987675068,0.025540450796949554,0.02863279542235231,0.03132313533142855,0.028651587781071797,0.02867096251778911,0.0313507880815912
0.029317324768453334,0.025978871758602973,0.025956661034295114,0.02930298298663564,0.025938172099196244,0.022354245401955186,0.02233979320479107,0.025912677553060648,0.025918808622010125,0.022349289345823697,0.022351999902153197,0.025918512447503983,0.029276740778573063,0.025946819632659435,0.0259650637512156,0.02930742042729695
0.02667687809379299,0.022835712418031062,0.022811948935698156,0.02666257676354833,0.022792644357995828,0.018922881684499737,0.018905398756337954,0.022765050754316618,0.022772725775839442,0.01891883238322417,0.018917825664341026,0.022768513867297946,0.0266372857369227,0.022805672594897575,0.02282155808273517,0.02666623641329746
0.023611938778642816,0.019452464130691127,0.019433333830344013,0.02359946100123117,0.0194112835499885,0.015464385017533888,0.01544984543957778,0.019388236408468484,0.019392278471404567,0.015460144364353778,0.015461027794642646,0.019389834665170802,0.023578597710201543,0.01942719751701094,0.019440819809560694,0.0236013050900985
0.020313875027851758,0.016042740670541622,0.016030465353507328,0.020304817316636303,0.01600741672000011,0.012201039184056572,0.012193551846941098,0.015993557943425163,0.01599215305658347,0.012194918522161424,0.012202145115295715,0.01599446995608733,0.020290555498227947,0.016022224015288467,0.016034849035279408,0.02030547146877515
0.016990029100672932,0.012831438609608004,0.012823470147204863,0.0169848433786442,0.012803236746136037,0.00935692136847932,0.009355486830339488,0.012798695285126838,0.01279404965847536,0.009348500411628935,0.009360923230485929,0.012800108902212393,0.016977436253580613,0.012814705875545063,0.012826184326414525,0.016986106840298443
0.013854190774271746,0.010039151070687757,0.01003182022298632,0.013852384378147509,0.01001741866601702,0.007140821714140377,0.007141294421386835,0.010018291855983685,0.010014195332464948,0.007131130946848807,0.00714382551630699,0.010020295630282006,0.013850219158606625,0.010025157536297458,0.010034334352153451,0.013855112000369374
0.011108403274665668,0.007857369448959983,0.007850108355581809,0.01110928394383659,0.007841715593224163,0.005718303509199663,0.0057181157086769185,0.007844331328730969,0.00784212887675001,0.00570910516603651,0.005718182172251451,0.00784589879376707,0.011110743609362206,0.007846692045519854,0.007852121253493716,0.011112539106828967
0.008922984119606014,0.006427744909783595,0.006423178660804385,0.008926389448981498,0.0064184846966920395,0.005189668265728753,0.005189853139613065,0.006422638492796784,0.006420683352945156,0.005182087316393469,0.005187630430060264,0.006422500870535308,0.008931168799390876,0.006421473413290302,0.006422877430848795,0.008928442082935195
0.007425744139205548,0.005835651629338134,0.0058364202062826664,0.007431883277327578,0.005833535582281946,0.005587592761323645,0.005590806821081484,0.005841536612507747,0.005837498200037705,0.005581240561947587,0.005586008663128417,0.005839226530000685,0.00744036639303014,0.005834052202036699,0.005832354472340984,0.007431633676853344
0.006701241573089656,0.006116396608766561,0.006121994537082898,0.006709829297454506,0.006121245254890273,0.006889423252647908,0.006896415815021317,0.00613475799032287,0.006128367745178553,0.006883530077496813,0.006888864242027504,0.006130695177098078,0.006721769561144675,0.006118328241016213,0.006114378586586922,0.006707687652135419
0.006793870596205509,0.007263334001075594,0.007269972114850254,0.006804058183380035,0.007273710657940358,0.009030779768559427,0.009038454914594818,0.0072911328900267525,0.007284431799250701,0.00902505722266983,0.009028408874653948,0.007285947353865507,0.0068174775104086205,0.007266677140382427,0.007260547309092813,0.006800849802172049
0.007708985426770731,0.009228068633654496,0.00923236809527711,0.00771927728638061,0.009242408458833284,0.011907647239757013,0.011911070051182526,0.009258999966558434,0.009254315426844073,0.011902558784635975,0.01189927994035267,0.009252712768139881,0.007731111424310988,0.00923142167827895,0.009222278366841086,0.007715062361598801
0.0094089377550311,0.011914999679315419,0.01191748468580145,0.00941801484766508,0.011932889712666372,0.015369462492851926,0.015366691537622656,0.011944379233806701,0.01194168590742306,0.015365804228211433,0.015354254490881403,0.011936740027708781,0.00942607491970432,0.011918680738520648,0.011906204752175853,0.00941173875468343
0.011809346275675758,0.015179527096533751,0.015184618080340884,0.011816965592377993,0.015201515237973695,0.019218566937153292,0.01921313795572588,0.015207701527930717,0.015204065270772171,0.019216507939563865,0.019200915133091412,0.01519867916033607,0.011821183240686761,0.015184710341468566,0.015170441339283691,0.011807320411888644
0.014782943386394076,0.018839019287216652,0.018850739848161546,0.014789742012866647,0.018864606230658942,0.023226804922306776,0.023224683630883147,0.018868984230137165,0.018860898890453337,0.023225146892655035,0.02321309496437851,0.01885935144946921,0.014791556427874553,0.01884540310478311,0.01883267316317866,0.014776656795176146
0.018173372139116684,0.022694392743499936,0.022711974911582444,0.018179520401088722,0.022720247039093477,0.027165051127950146,0.027169185950267183,0.02272619961226524,0.022713344724131,0.027162492897229495,0.027157977156226698,0.022717121971301324,0.01817980803340824,0.02269893524507921,0.022690944113914757,0.018164884111737667
0.02181321916016099,0.0265517345080577,0.026568778837304963,0.02181716037107595,0.02657326253546205,0.030828836891290234,0.03083582025826237,0.026578682322941527,0.026565015940458347,0.030825252208253107,0.03082573800824573,0.02657117430619771,0.021814239692281356,0.026550012123345457,0.02654755408073184,0.021803699448936953
0.02553579829658198,0.030233512497262416,0.03024187225832986,0.02553541295004841,0.03024565618130387,0.03404942710673642,0.034050531469261014,0.030244901966259563,0.0302356150979034,0.03404601877438462,0.0340426121295071,0.03023908189217339,0.02552600765605767,0.030223268621606514,0.030224048753639154,0.025525014458792405
0.02917976897599217,0.03357617865783602,0.03357228061032469,0.02917295379692514,0.03357694120163396,0.03668495682799855,0.03667348312249413,0.03356334070588801,0.033561856518460054,0.03668266120785468,0.03666869843780052,0.033558626426304194,0.029154936061180137,0.03355814229693721,0.03355961189543227,0.029165650698630363
0.032587053854397474,0.03642502520603469,0.03641285062267746,0.03257339770632217,0.03641629453411632,0.03861005176875437,0.03858686661955679,0.036388314838511626,0.03639207060721206,0.03860951821444769,0.038585878775845295,0.03638410964383454,0.03254688126291422,0.03640363647691064,0.03640430300986669,0.0325673120846387
0.03560420273663628,0.038638671540160874,0.03862670657973155,0.035585403371442004,0.03862426643180983,0.03971846519795302,0.03969232542572493,0.038587884811847606,0.03859068217361039,0.03971977261697657,0.03969519568237184,0.03858436685134353,0.03555395584550125,0.03861882011246637,0.038619922371592286,0.03557874454724447
0.03809222712848437,0.040104955834934064,0.0400992620516637,0.038070774003702346,0.040086917436282454,0.03994264427483363,0.03992372804910027,0.040050756946243715,0.04004738982263362,0.039944688779128434,0.03992977973743783,0.04004938540489977,0.03803874788227646,0.04008835230727642,0.040093054027488306,0.03806396049985494
0.03994222844844508,0.04076015304858094,0.040759544608492626,0.03991945160824678,0.040736348029639546,0.0392768582075953,0.03926875936301988,0.04070638991348241,0.040695951082011184,0.03927842275242133,0.03927713305215913,0.04070904032049427,0.03988935710974889,0.04074467011902266,0.04075538833934622,0.039915480130503334
0.04108871422343907,0.04059885049741696,0.04059593262747174,0.041063955439342104,0.04056495420379752,0.037784270014245336,0.03778180940749598,0.0405398660228089,0.04052641784365396,0.03778542644456634,0.03779240236724746,0.04054752694494673,0.041034790750854255,0.04058042503643061,0.040596998770746406,0.04106620162959368
0.04151206896725801,0.03966744190507865,0.039654741364671175,0.04148352759165985,0.03962053947029892,0.03558311195814734,0.035577086263241076,0.03959316959767417,0.03958218266964986,0.035585482827184656,0.035589907076818195,0.03960485138320308,0.0414516971711244,0.039643741298066415,0.039663279715299704,0.04149324793001474
0.041229863428253744,0.03804629128389714,0.03802223641896191,0.041196440708866355,0.03798764302227253,0.03282010061232088,0.03280479078338239,0.03795126712999597,0.03794510087124292,0.0328252921060308,0.03281959075737295,0.03796449867808066,0.041159007970064554,0.03801867537242881,0.03803725643295197,0.04121218190413217
0.040284212684560894,0.035832480752226115,0.03580220151477431,0.04024689143856458,0.03576630651443968,0.029647185506757268,0.029624473045286037,0.035720842720092794,0.03571712169812158,0.029655082518332543,0.029640660618600545,0.03573403480254356,0.04020450779799373,0.035805107057003294,0.035820271379313096,0.04026537525238716
0.03873471225727715,0.03313378959736002,0.033105711091663104,0.0386965728644697,0.033066104119816475,0.02621607390092262,0.0261937961253228,0.03301870266776513,0.0330122737494048,0.02622512278147443,0.026210593251678238,0.03303162512653357,0.03865347579598788,0.033111206356451595,0.03312295043295527,0.038714814004622844
0.036658664499567784,0.030074682475451975,0.030054028901288832,0.03662310518953277,0.030010174366087994,0.022686154224916044,0.022672453291227135,0.029970001263242563,0.029957516936913453,0.022694246308299082,0.022689124862051324,0.02998372023885465,0.03658465144685913,0.03005863493459149,0.030069074355327408,0.036640510769575696
0.0341574677131527,0.026804035171070106,0.02679019203114924,0.034126317129794914,0.0267444621408931,0.019235186549854844,0.01923289052897137,0.02671607034180795,0.02669823213417799,0.019240712781220803,0.019248208842188197,0.026731529978999302,0.03409530770577446,0.026792726491343566,0.026803824625768913,0.03414393814717265
0.03135749803902832,0.023492583560027147,0.02348024804461829,0.031330659643347525,0.023436554463546255,0.016053760741183365,0.016058241065738055,0.023418196167845684,0.023398802759215354,0.016056201768957723,0.01607202576603739,0.02343516376004634,0.03130640335465551,0.023482172529572187,0.023494457014822112,0.03135021880501743
0.028403809288005788,0.020318341759641312,0.020302957920654396,0.028380321089514604,0.020264244744089888,0.01332588035975757,0.013330257801097756,0.020250083087271664,0.020233168747920194,0.013326014543491915,0.013342470042464138,0.020266906787370642,0.028360155778102247,0.020305956076298926,0.0203182753135846,0.028401825152467808
0.025445933765701534,0.017445997585697537,0.017427428481990193,0.025425635108059397,0.017394226337281105,0.011204276435693605,0.011204752720133881,0.017379452314290722,0.017366031020450423,0.011202864975313254,0.01121500738910891,0.01739370713533439,0.02540712412491536,0.017431405916952136,0.017441716865779944,0.025446709949956847
0.022623690391810503,0.015011940698439197,0.014994294565125577,0.022607907051939213,0.014965232627563496,0.0097963197773267,0.009794798919389891,0.01495048241638175,0.0149388103557907,0.009793181231422421,0.009802500342148912,0.014960215375373231,0.022591289527612912,0.01499730111908848,0.015004327938119677,0.02262533882712936
0.020059514621018626,0.01312118278742963,0.013109084583150354,0.0200503482678262,0.013083315677044793,0.009165600548874109,0.009166847141618195,0.01307389170895612,0.013061561065470184,0.00915955016403558,0.009171081562338035,0.013078480925581393,0.02003826092982619,0.01310884799886447,0.013112677197477107,0.02006202911037419
0.017858593063861172,0.01185368436667833,0.011848375081811136,0.017857566905094657,0.011827637545864578,0.009343284053970613,0.009350372231240134,0.011828875907504699,0.011815364998513544,0.009332916480341846,0.009350286924259321,0.011829048968334255,0.017852782732991235,0.011844651889851066,0.011845636960244266,0.01786339406365811
0.016113480372511146,0.011271948369118268,0.011270366707044954,0.016120422525685518,0.01125820003094935,0.010337568677619424,0.010349157239678775,0.011271471867247973,0.011258396206443255,0.01032275006335559,0.010344727705182244,0.011268334554318138,0.0161232737745044,0.011265077799300638,0.011263199319143935,0.01612171637438048
0.014903836675102311,0.011419385519515157,0.011417272207726925,0.014917198165105505,0.011416548178109276,0.012132900618715747,0.012143375233769571,0.011438281524277727,0.01142821754091461,0.01211460189704483,0.012135591429821457,0.011432415228663118,0.014925725004848345,0.011413086476542822,0.011407703282211357,0.014915008813167985
0.014291845587045326,0.012311871210264502,0.012307620036689448,0.01430966525446492,0.012318611983198224,0.014679211905830103,0.014683507089552739,0.01234286794731565,0.01233703106934586,0.014659121130485786,0.01467379901527216,0.012334049385670898,0.014321096293790081,0.01230562632366805,0.01229604230104464,0.014303837914386497
0.014313887700061534,0.013928317104492827,0.013924895849176278,0.014334971094493443,0.013944569415512365,0.017883998905961263,0.0178820498454505,0.013967248679020161,0.013964191447518315,0.01786320669097735,0.017871190728425468,0.013954994459059178,0.014347682614740176,0.0139227964514258,0.01390947134929299,0.014324166516997527
0.01497470444832466,0.01620865389626247,0.016211415370599003,0.014999126245440808,0.016234793788976465,0.02161526767480887,0.021612264326603015,0.016256587386383803,0.016253390505027276,0.021593589720154516,0.021599954636225882,0.016240871381176136,0.015013621759946971,0.016204845541150092,0.016189603515980644,0.014982289215724143
0.01624913319606336,0.01906289771405295,0.019074924950906846,0.016277393300493326,0.019097808858614618,0.025717335911763006,0.02571949460884576,0.019122764191908004,0.01911742831701141,0.025693745195181084,0.025704768892694407,0.019104468932116703,0.01629536665565201,0.019060551077119015,0.019045941000754296,0.016255051681124733
0.018090316857229338,0.022385809302390314,0.022404327160392756,0.018121906198591664,0.022425771083784796,0.030031456985193716,0.03004061453727419,0.02245725952521671,0.02245045826169134,0.030005474881259597,0.030023230708648985,0.022437699371638753,0.018144148259572668,0.022382795353373175,0.022370579752717834,0.01809648718053891
0.020439330093719343,0.02606821373628604,0.02608581899036022,0.02047180547363664,0.026108662973198138,0.034409289483330996,0.03442017659962193,0.02614433462247734,0.026139731784669273,0.03438128795717588,0.03440166147155177,0.026124933017163787,0.020496366418910617,0.026061510462982884,0.02605182572880721,0.020446403294157645
0.023230163764902334,0.02999994690510177,0.0300094729924808,0.023260361993025225,0.03003662749038294,0.03871323839321522,0.03871592874014251,0.03006978544916944,0.030071020519834235,0.038684537196039925,0.038697692636787295,0.030050404062597458,0.023282316099237643,0.029987718062333524,0.029978220671672495,0.02323624541737701
0.026387510868841002,0.034063121298743615,0.03406309392302581,0.026412450881368454,0.034094971419225684,0.04280512522499125,0.04279254175644148,0.034117110831995645,0.03412557667452826,0.0427771124394446,0.04277574903920933,0.03409782410770762,0.026427881999784186,0.03404659564212975,0.03403481906336503,0.026389378207742897
0.029821827433923087,0.03812771280428856,0.03812311048344491,0.029840485333249844,0.038155905331971496,0.04654086541246305,0.0465136737680959,0.03816322716983794,0.038175945581050086,0.04651427007174641,0.04649877229941979,0.03814403764552993,0.02984735926513926,0.03810949111805284,0.038095149460158295,0.029816246262309054
0.033428004528707755,0.042053650617355165,0.04205292188993426,0.03344167547202259,0.042080500110979024,0.04977615359968579,0.04974309575748692,0.04207560710285252,0.042087288845675364,0.04975048279594452,0.049730060616805905,0.042057079625572424,0.0334412909985744,0.042036158058953554,0.042022297276572584,0.03341431349396723
0.03709055484897461,0.0457028102955771,0.045712061087625044,0.03710068403644917,0.04572859390885775,0.052383756653674896,0.052355962006498113,0.04571864139467252,0.045724738551427,0.05235841614306269,0.05234393257672615,0.04570249511773772,0.037096513338458925,0.04568692340880709,0.045677660421695854,0.03707128747432609
0.04069518909840042,0.048956343464421015,0.048974403665689614,0.04070186193858105,0.048977336755320455,0.054274597529256285,0.054257454100803515,0.048968750994490384,0.04896855851501225,0.05424956368621092,0.0542464595508344,0.04895773238988027,0.040697042378160186,0.048940509240313235,0.04893889689988917,0.04067448898679743
0.044141138104366706,0.05172738106063096,0.05174595002154353,0.044143462348009144,0.05173760247756598,0.05540843070751966,0.055398494840648904,0.05173159720309073,0.05172880360943022,0.05538468550437853,0.055389279128822355,0.05172672647480686,0.04413787713137518,0.051708159970627054,0.05171465347118104,0.04412237192089269
0.04734834728792969,0.05396006891500782,0.053969146725632966,0.04734316576133063,0.053955116762752,0.055787733866000555,0.05577447405213298,0.0539451817838309,0.05394504035134956,0.05576657601841756,0.0557688806902607,0.053946323467971735,0.047333714767126944,0.05393519678087749,0.05394737433641439,0.04733136450593034
0.050254435866628755,0.05562064414666251,0.055615531936367424,0.05023897920345943,0.055601200175329324,0.05543919068386649,0.05541253170300464,0.055577331370544714,0.05558362455363103,0.055422662486074525,0.05541249153292915,0.05558267988147381,0.0502209830962938,0.05559095932846059,0.05560472233614999,0.05023580874956557
0.052806611865167774,0.05668516711961907,0.056669555779080394,0.052780789978524534,0.056656481304090234,0.05439793067356774,0.05435603883969137,0.05661231087712326,0.05662473959514658,0.05438781002693094,0.054361573361466464,0.05661992233670715,0.05275065310608762,0.05665456627115972,0.05666648900583493,0.05278259106461236
0.054955089811951796,0.057134475555051134,0.05711807658028539,0.05492143665496402,0.05710354769152848,0.0527024741644152,0.05265418537184208,0.05704154052681648,0.05705589643869391,0.05269913918681912,0.05266291731196904,0.05705012114026847,0.05488029972472941,0.05710808564129882,0.057117648539784294,0.054924121388599034
0.056653242692192796,0.05695849354467092,0.056950411650390775,0.05661592485410083,0.05693065079057669,0.0504025596825074,0.050360200735174776,0.05686137805198438,0.05687190398456976,0.0504048140439185,0.05037056458616185,0.056870868892353654,0.05656912039446499,0.05694087044151008,0.056950320842304336,0.05661783907255874
0.05786467770825038,0.05616821957479978,0.056171514828491864,0.05782716700103774,0.05614539513743855,0.04757428068538494,0.04754582766251936,0.056080980468368125,0.05608417707454827,0.0475808991893365,0.04755840695970759,0.05609256195752116,0.05778125323284067,0.05616105002414529,0.05617328564457391,0.0578295225332246
0.058572745804881754,0.05480657780693432,0.05481696112082757,0.05853621376481771,0.0547863247924838,0.04432866984749695,0.04431544799698589,0.054732939685606774,0.05472994379507917,0.04433918778977092,0.04433008484142459,0.05474843570857574,0.0584960001625735,0.05480828317082542,0.054824519652928116,0.058542690471589554
0.058787272644774013,0.05294885131427346,0.052958050325273565,0.05875040817998883,0.05292602993891993,0.04080673630863918,0.04080278559413125,0.0528811135133338,0.052876915141705005,0.04082274662190588,0.04082015492296509,0.052901683144667755,0.058716308469757617,0.052955621377468565,0.0529748387888101,0.058764315067633244
0.05854236267065277,0.050692614100142586,0.050692871255292093,0.05850298270068227,0.050662115471062086,0.037162529692302326,0.03715865747241154,0.05061746881489593,0.05061728241737795,0.03718583120594221,0.037181164372891984,0.05064250187463931,0.05847114440258666,0.050700532485292826,0.050720674778318375,0.05852573773175829
0.057888027987721524,0.04814082820535098,0.048130639946579123,0.05784483984031835,0.048102151685915584,0.033544382987296006,0.033534214940781015,0.048050448587054484,0.04805566473331546,0.03357496250725611,0.03356235500700605,0.04807690744242421,0.05781096668840202,0.048148952837763215,0.04816728613801324,0.05787432067339021
0.05687878953522174,0.045389242044273026,0.04537390036972322,0.056832712584706235,0.0453471011699626,0.030078718196900556,0.030063529790332333,0.04528607297071241,0.0452936180124473,0.03011516250156554,0.030094985507220284,0.04531077240885595,0.056794972174052494,0.045400679360739105,0.04541441981529981,0.056864621414872585
0.055566394680173936,0.04252416689239935,0.04251183201894926,0.0555204993203251,0.042484684975155895,0.02687036106498536,0.0268577837297993,0.04241935029112964,0.04242384267993149,0.026909302611473174,0.02688857560168645,0.04244069995015287,0.05548070481776074,0.042542864275588343,0.042551104443995014,0.05555092669398454
0.05400090906101496,0.03962826649121037,0.039624337869876625,0.053959004060360916,0.03959558982491074,0.024014007411931493,0.024013006642720325,0.03953588103117778,0.039532971603921496,0.024051726519855654,0.024040211065583295,0.03955406271234818,0.053921191549203995,0.039655851669898656,0.03966041867847109,0.053986476534265304
0.052236858923067175,0.03678960074592702,0.036793155184015325,0.05220138200416746,0.03676376754901467,0.02160690496386375,0.02162002618635145,0.036718828350998656,0.03670792714829907,0.021640519496630706,0.021643098238910363,0.03673543424070436,0.0521698881850276,0.03682487739899093,0.036828051299416575,0.0522274397015805
0.0503386748964349,0.034105748403491454,0.034110973180938364,0.05030952920874798,0.03408359733467725,0.01974773250539774,0.019770162570610483,0.034056153618630125,0.03403979922983652,0.01977618337183784,0.01979023068437402,0.03407323756878522,0.050286813170254074,0.03414512159595545,0.03414761150000606,0.050337179295180834
0.048382083281752974,0.03167940631157118,0.031680040719145486,0.04835722653841962,0.03165681954558991,0.018527198533037692,0.018551795874103216,0.03164176696910026,0.03162396830506509,0.018551386386523372,0.018569358926726287,0.031660133651723044,0.04834271244864752,0.03171818338920801,0.031719069467948446,0.04838824984219692
0.04644840047394211,0.02960655949375801,0.029600066061419628,0.04642588767872091,0.02958067219426297,0.018014708677047353,0.018035262209215697,0.029569889441153685,0.029552986827475036,0.018035537398726265,0.018050888459497982,0.029588328754881377,0.046416162046578835,0.02964149632944113,0.029639854420851708,0.046459791106009174
0.04461514533405547,0.027964341428481365,0.02795340311209704,0.044594714453231155,0.027935182013852367,0.018246181515086557,0.018261398078046054,0.02792302674512187,0.02790616011139113,0.018263076627537678,0.018274774715868303,0.027938506811114705,0.04458645179111015,0.027994349562206144,0.027989815675708685,0.044628475474770835
0.042948163315802534,0.026804720605831056,0.026795372019427943,0.04293152132580791,0.026775280469668483,0.019222400858587396,0.019236449420755974,0.026762311430593433,0.026741881424633518,0.019233313449115386,0.01924588869835664,0.026771580544995233,0.0429235392442599,0.026831080311592592,0.02682368284815767,0.04296121073396353
0.041499126947389,0.026158036096063375,0.026155059426015148,0.041488993365875027,0.026132167800971606,0.020918460478001832,0.020937843666759992,0.02612455645011602,0.026097537664915904,0.02092073415430018,0.0209406144584674,0.026126614756681765,0.04148312978602359,0.026182329107276026,0.026172846773439118,0.041511968777147246
0.040308229922902505,0.02604154362231259,0.02604498407530187,0.04030673112758637,0.02602141116608636,0.023296555897552917,0.02332481357633076,0.026027185076591963,0.025993444954513223,0.02328805724290084,0.02331945579608502,0.026022613308960774,0.04030657157230316,0.026064155367871267,0.026053575809119045,0.040323288688202064
0.03941095358734614,0.0264681769279978,0.026472880839812196,0.03941819862020368,0.026453242321410886,0.02631522467126407,0.026349634276413292,0.02647659987310802,0.026439478517798265,0.02629549526798669,0.026336703365932745,0.026467192653530425,0.039426127123561194,0.02648749415543017,0.02647595761380145,0.039430930814610965
0.03884285588418723,0.027449086947757495,0.027447921733222858,0.03885701998430646,0.027437415363656126,0.029929339372340213,0.029962053716315384,0.02747546479185886,0.027439952880193297,0.029899484195820225,0.029943539770012295,0.02746359749085031,0.03887285221088432,0.027462805559139603,0.027448992886502155,0.03886870584123758
0.0386388439975639,0.02898870657079039,0.028977552740076018,0.038657192487378755,0.028978019218683204,0.03408011103645281,0.0341033514068414,0.029023118686949623,0.028992723003998466,0.0340423515796322,0.034081312468886515,0.029009402681892837,0.03867857180862322,0.028994827926444422,0.02897687824029027,0.038668593895670234
0.038827257577257246,0.031074759815959585,0.0310556036440639,0.03884777808484352,0.031064196492828655,0.03868522104829375,0.03869625740422544,0.031107426507745062,0.031082613429633643,0.038642214975914746,0.03867223887681098,0.031091688351445157,0.03887107767036241,0.031073640569888372,0.03105033592843537,0.038857811747759874
0.039423773438840126,0.03367332368679238,0.03365292675414289,0.03944671598432836,0.03366374237997222,0.04363912019068178,0.04364087142257639,0.03370130853628289,0.033677944251999214,0.04359124963536298,0.04361551691951332,0.03368129321134705,0.039468893145415684,0.03366643442263384,0.0336387029557389,0.03945174555519371
0.04042637586243125,0.036728516962810875,0.036714465329713786,0.040453457730704745,0.036720809493235695,0.04881861872010662,0.04881841641388446,0.03675621714779792,0.03672879685295116,0.04876506558341254,0.04879156893488473,0.036730575016978906,0.04047508562899149,0.03671805538028472,0.03668841292373204,0.040450709329400925
0.0418179866036939,0.04017192786313356,0.04016762806058072,0.041850917926187725,0.04016620674205512,0.05409855667043001,0.054104203745877766,0.040206711129934514,0.040172020709015654,0.0540382935882911,0.05407434894750174,0.04017655651081442,0.041874749496850494,0.04015929877093216,0.040130106400526167,0.04184046710493616
0.043572701938823954,0.04393285440715938,0.04393499563516312,0.04361156751009515,0.043927443242005926,0.05936611105213668,0.05937909993795332,0.04397933512494201,0.04393872453341269,0.059298706578675864,0.059346837904229344,0.04394719896992266,0.04364121687929767,0.043917915580151234,0.043890863868859764,0.04359643854937906
0.045663186027497804,0.04794766845316989,0.04794765044185001,0.04570608018686684,0.04793943189480809,0.06452780047401041,0.06454096583649893,0.048003884052973955,0.04796264754987689,0.06445388448381567,0.06450947791008527,0.04797252477322933,0.04574313784928974,0.04792818456186654,0.047903320541242744,0.04569068818659905
0.04806639386541989,0.052160837321285014,0.052149598555810306,0.048109719488912905,0.05214689334203376,0.06950466246734877,0.06950730486885814,0.05221862763981466,0.05218302214839776,0.06942679834730914,0.06947967715939457,0.052189632899892535,0.048152546155982134,0.05213427339857524,0.052109489314195234,0.04809737372667633
0.050761988798102786,0.05651918664487543,0.056492291140136375,0.0508020604659582,0.056497939151779863,0.07422159040706289,0.07420634905283047,0.056567632382369615,0.05654167516696379,0.07414359450832275,0.07418317611337982,0.056541004533175676,0.050846187144888144,0.05648432816472099,0.056455865817796214,0.05079317126178173
0.05372718122249465,0.060962660207203256,0.060923520077835525,0.053761448360759134,0.06093550433651235,0.07859744327130874,0.07856442719235512,0.060993113069293226,0.06097682269292687,0.07852187924290793,0.07854471586683248,0.06096823224777592,0.05380162054620069,0.06092118362736487,0.060886729662074424,0.05375357987362961
0.05693035361749316,0.06541940710034816,0.06537755375343773,0.056958751251241835,0.06539024559475559,0.08254333654267787,0.08249854387207817,0.06543032570281454,0.0654200183626451,0.0824695978732426,0.08248215821829724,0.06540620457680313,0.056991458554175534,0.06537551080191029,0.06533611864708955,0.05694801190839338
0.060327635598253826,0.06980781710879314,0.06977410768051528,0.060352766788227596,0.06978107592671445,0.08597088292471583,0.08592328175558833,0.06980619248560077,0.06979533929071013,0.08589699980113596,0.08590972930395763,0.06978169159932845,0.06037798182432291,0.06976568962007246,0.0697252649428663,0.06033569877224598
0.06386553112749732,0.07404601132346733,0.07402651208756422,0.06389073303416681,0.07402367806234406,0.08880678375444179,0.08876541133258764,0.07404351405115517,0.07402598517167663,0.08873157101053536,0.08875275542582978,0.07401825107428794,0.0639118397769674,0.07400792845995474,0.07397053256517677,0.06386674170228795
0.06748844108929891,0.07806369719096728,0.07805656831553881,0.06751539712751908,0.07804382774998525,0.09100693365995921,0.09097586755260995,0.07806869967369423,0.07804430717961197,0.09093020072237512,0.09096227673584506,0.07804442636045145,0.06753721522297901,0.07802840932057448,0.0779964915475162,0.0674870890608027
0.0711470950820784,0.08180953374460387,0.08180590616566019,0.0711744962889721,0.08178806151911444,0.09255948829338373,0.09253435761389273,0.08182228528263946,0.08179675145131343,0.09248172067213167,0.09252135517709575,0.08180161163999494,0.07120029656632804,0.08177285144464502,0.08174834606895864,0.07114724282784612
0.07480308954658255,0.08525146604710387,0.08524072919878967,0.07482790930036509,0.08522513569938062,0.09347832592919336,0.09344800944576503,0.08526425040425806,0.08524455857093416,0.09340157469420873,0.09344018513486274,0.08524859836104515,0.07485718002407937,0.08520902207786712,0.0851925614608246,0.07480702227088842
0.07843022774032343,0.08837202399034216,0.08834800414132998,0.07844981135636647,0.08834000007633541,0.09379140114146761,0.09374457787883078,0.0883733753540375,0.08836390490412305,0.09371904490629823,0.09374583858735208,0.08836208088765618,0.07847800078262301,0.08832188311009087,0.08831060421123693,0.07843628015774212
0.08201106710436817,0.09115892828769945,0.091122751803493,0.08202321116736033,0.09112245317693535,0.09352710268250153,0.09346014037564515,0.09113839532431817,0.09114002814029204,0.09346157128201515,0.09346899068556846,0.09112969131648097,0.08204396581886964,0.09110219275002374,0.09108997191896473,0.08201288729454348
0.08552870746937746,0.09359515071719365,0.09355461284251032,0.08553210585947552,0.09355733949756678,0.09270483724269607,0.09262376699765873,0.09354834552335584,0.09355945926112369,0.09264563847217988,0.09263487958988897,0.09354063015351693,0.08553976621710074,0.093535097436445,0.09351827854557587,0.0855193659397524
0.08895862919628972,0.09565504689106341,0.0956210096071114,0.08895429855477582,0.09562081712861609,0.09133740344151886,0.09125314725444744,0.09558752025779937,0.09560332374837893,0.09128184223845565,0.09126293417836528,0.09557973057181923,0.08894658097558805,0.09559596229688283,0.09557727553685741,0.08893571520666299
0.09226770770550619,0.09731079260451625,0.09729229909378295,0.09225959952090401,0.09728537122504355,0.08944555048673453,0.0893680125609706,0.09723698162127459,0.09724990060419864,0.08939097277963792,0.0893760792039871,0.09722821101639645,0.09223852030948743,0.09725632766460723,0.09724193045552365,0.09223365062108918
0.09542098285949141,0.09854461906616419,0.09854434869498824,0.09541387285186143,0.0985307978934436,0.08707239708581493,0.08700721788425181,0.09848081680927867,0.09848487473652046,0.0870177209836594,0.08701370350774995,0.09847088963114337,0.09538460327599585,0.09849661323415909,0.09849058547500905,0.09538077313544596
0.0983908476372321,0.09935899314431895,0.09937195675769533,0.09838709911467103,0.09935519994297459,0.08428850367085905,0.08423464811586978,0.09931379563132503,0.09931036314273162,0.08423436279015639,0.08423946418317063,0.09930415905589374,0.09835522002173025,0.09931604869598298,0.09931873105034572,0.09834931306264894
0.10116318412255998,0.09977890432193481,0.09979497187217823,0.101161278250959,0.09977992057439322,0.08118490701466374,0.08113485143175858,0.09974784306248935,0.09974507290198625,0.08113323451160948,0.08113968029277074,0.09974149299862056,0.10112993219594851,0.09973614803825676,0.09974713751611003,0.10112404629593169
0.10373840511917098,0.09984477694703459,0.09985461718457705,0.10373475337176169,0.09984515507468267,0.07786062373613989,0.07780411384314917,0.09981410984815325,0.09982000518619816,0.07781368302857794,0.07781249618044106,0.09981283410437347,0.10370277710376291,0.09979669214371084,0.09981559718150296,0.10370286145881102
0.10612851306096738,0.09960297024875164,0.0996032276432206,0.10612025910610706,0.09960013634414938,0.07441019749322564,0.07434015993716059,0.09955823515665119,0.09957542630587396,0.0743696934100081,0.0743539857029758,0.09956080818846774,0.1060830441936142,0.09954714330220393,0.099571491248929,0.10609423002248375
0.1083518273393414,0.09909738957541703,0.09909164164278389,0.10833791978547386,0.09909188258108115,0.07091391537216984,0.07083105482101143,0.09902959325300253,0.09905614555110365,0.07088031030825837,0.07084784275025624,0.09903276520015347,0.10828992320557107,0.09903531181019942,0.0990600406249369,0.10831294072759662
0.11042573714303916,0.098362373617424,0.09835848771811789,0.11040636470466553,0.09835690331284574,0.06743456910314816,0.0673471680703307,0.09827088626494301,0.09830353049002477,0.06740657488057045,0.06736212988703755,0.0982725187818203,0.11034385249833584,0.09829795121042645,0.09831956243400503,0.11037607932538995
0.11235995178338826,0.09742138066524397,0.09742774451726671,0.11233676866188336,0.09742009357543507,0.06402436881929058,0.06394354324780588,0.0973155437143246,0.0973498505547799,0.06399890679660081,0.06395332416397032,0.09731538999574407,0.11225955062919618,0.09735921653345064,0.09737962567497788,0.11229796777002299
0.1141556122845051,0.09629430987407117,0.09631608598773128,0.11413236703482993,0.09630171245219477,0.060738296200208874,0.0606724939395763,0.09619178976566489,0.09622114678907717,0.060712162613526854,0.06067615388163666,0.09618957434629027,0.11404409745863958,0.09623836178296513,0.09626271266569525,0.11408556545803833
0.11581177439335383,0.09500840988460973,0.09504506491374914,0.11579286674614436,0.09502709882033489,0.0576437612013887,0.057595605414236695,0.09492734144015724,0.09494624191363121,0.05761616209126463,0.057593647070048104,0.09492289210180693,0.11569990362713722,0.0949609699718389,0.09499215088362895,0.11574030108481403
0.11733438265016727,0.09360582003560186,0.09365117065907902,0.11732208560995971,0.09363484363759278,0.05482119963983462,0.05478722677995129,0.09355428966370599,0.09356427313871968,0.05479446582022074,0.05478118322946779,0.09354954563121842,0.11723085426070179,0.0935666212518777,0.09360323209234084,0.11726682234706803
0.11874134662387997,0.09214290529184044,0.09218831242592501,0.11873430014589925,0.09217793824033027,0.05235570574503379,0.052328244623885745,0.09211431745705184,0.09212405256244721,0.05233353960289333,0.052321108530104576,0.09211325818555127,0.1186485093335915,0.09210905862868546,0.0921483249392192,0.11868059321747515
0.12006199580399712,0.09068265364031697,0.09072153871451694,0.12005630711428655,0.09071841148780485,0.050325179784119545,0.050295722445984625,0.09066081247681063,0.09067906129264852,0.050310100577169836,0.05029121022747529,0.09066637113385895,0.11997568354788574,0.09065019907144933,0.09069057085129723,0.12000861060599394
0.12133244034479113,0.08928389508872714,0.08931572348989958,0.12132440437588932,0.0893175194974446,0.04878875235952562,0.048753489043341924,0.08925383604022413,0.08928274088738158,0.04878148664129278,0.04875325571440542,0.0892651948250095,0.12124566546710452,0.08925118586477149,0.08929182083981951,0.12128453902954012
0.12258922724632587,0.08799472732769781,0.08802472725351412,0.12257759270754182,0.08802656136308107,0.047782017512819186,0.047745177422227336,0.08794939197086798,0.08798499904532803,0.04778213092437361,0.04774689102163171,0.08796316221542183,0.1224966951552508,0.08796374860260375,0.08800293450436897,0.1225427959867843
0.12386398863460213,0.08684961970125826,0.08688467813377942,0.12384962683109418,0.08688178400529717,0.047320367292194576,0.047292001192276056,0.08679084192080255,0.08682780333337464,0.04732660534164285,0.04729146360553105,0.08680444566360235,0.12376422267101572,0.08682410769044435,0.0868604331240237,0.12381454476087894
0.1251793165884325,0.08586940781058966,0.08591468984359524,0.12516406170428268,0.08590555716740828,0.04740889737553711,0.047398441901736754,0.08580799953447155,0.0858420811545701,0.04741873225038884,0.047393285366117865,0.08582092319721157,0.12507493021948268,0.08585345615428519,0.08588803160727176,0.1251252180089436
0.1265478173112915,0.08506742942828288,0.08512429259656956,0.1265341440651901,0.0851126155658326,0.04805237897861003,0.048064611181416916,0.08502157474763622,0.08504893253556889,0.04806354113553485,0.04805502618135371,0.08503445817865646,0.1264453916389886,0.08506516343409326,0.08510103167957878,0.1264925929126403
0.12797698833636884,0.08446019334768073,0.08452497585128421,0.12796770930761098,0.08451904710713515,0.049262719652125364,0.04929611434107728,0.08444839224898609,0.08446639547254148,0.04927470146038759,0.04928360559217326,0.0844621576156731,0.12788550162736761,0.08447446805618536,0.08451312967719798,0.12792736752797162
0.12947693740161142,0.0840728928059013,0.08413860015405406,0.12947380178895657,0.08414773701438888,0.051057068466232314,0.05110495902388895,0.08410469481976746,0.08411527136155283,0.051072018653921136,0.0510917092311548,0.08412147059548541,0.12940422991631878,0.0841049026694034,0.08414415283000054,0.12943875879233924
0.13106655986554644,0.08393978330363228,0.08399916226072135,0.13106826096985813,0.08402919548209858,0.05345099577952178,0.05350360485426231,0.08400957411882265,0.08402015547784225,0.0534719102285357,0.0534927645714216,0.0840330449558726,0.13101471537402432,0.08398812272416367,0.08402419863326821,0.1310419662370756
0.13277289231729095,0.0840965260023438,0.08414536641427006,0.13277543204166004,0.0841965878254754,0.05644722655680784,0.05649602428937356,0.08418683066300509,0.08420599737802259,0.056476342324766116,0.05649118174784984,0.08422059163721385,0.13273745880119808,0.08415820422012332,0.08418923750527962,0.13276093955091706
0.1346266633229931,0.08457149220899207,0.08461116282633735,0.13462567927402985,0.08467793060180939,0.060028051760986356,0.06007034009867096,0.0846629064361849,0.08469394845828032,0.06006581124635524,0.0600730654961773,0.08470782759868861,0.1345993750593273,0.08464385241566025,0.08467025675241657,0.1346243462569907
0.1366559201550983,0.08537963907469781,0.08541638244572419,0.1366491312631875,0.0854893870186142,0.06415405713556271,0.06419499449464644,0.085460016761925,0.08549908877310702,0.06419955546759543,0.06420353541202112,0.08551385228714065,0.13662960462456836,0.08546213633714445,0.08548466750980949,0.13665900458410613
0.13888129752338818,0.08652131398952267,0.08656263185428448,0.13886930918995172,0.08663288479211989,0.06877111393025104,0.06882064518070063,0.08658911301769573,0.08662929722109164,0.06882191482346528,0.06883098128783749,0.08664828392141244,0.1388531198286938,0.08661501409423555,0.08663415872304037,0.13888535061405388
0.1413135703863,0.0879843534132142,0.08803460247989875,0.14129842840724943,0.08809804073996097,0.07382025778547935,0.07388768223760728,0.0880474731564102,0.08808333508677624,0.07387317770034818,0.07389587459642155,0.08810921382038212,0.14128524685027577,0.08809049154237064,0.08810780478306568,0.1413158888373106
0.14395368279777587,0.08974967262454275,0.08980800035095704,0.14393753803091874,0.08986767475103874,0.07924835277276043,0.07933733833286116,0.08982248727853492,0.08985119158562482,0.07930039857211502,0.07934100049363374,0.08988564968613932,0.14393030383718325,0.08986897231194241,0.0898872914374389,0.14395547985294255
0.1467959324864881,0.09179951561157174,0.0918603324021886,0.1467806139425491,0.09192521588256902,0.08501305229800638,0.08511960789608636,0.09189684338948156,0.09191801483233197,0.08506274210503845,0.08511809236562246,0.09196209055129984,0.14678423630414134,0.09193223128690386,0.09195289157261727,0.14680221574581737
0.1498344603169583,0.0941251584872887,0.09418021927845294,0.14982130683290223,0.09426069758204186,0.09108212346974182,0.09119533467207813,0.0942539768879983,0.0942708729658131,0.09112937902721435,0.09119024827630734,0.09432381360975561,0.149840578524092,0.09427074087628373,0.09429049721093358,0.14985073304880642
0.15306990369674173,0.09672751712724986,0.09676888637097103,0.15305838587735732,0.09687148708199306,0.09742604525178788,0.09753204900859652,0.09688117707100946,0.09690119449393442,0.09747103745061303,0.09752618085065373,0.0969591320220794,0.15309563831873046,0.09688364179167608,0.0968964746801958,0.15309841458163648
0.1565114728448388,0.09961122666840566,0.09963438827514981,0.15649847687096352,0.0997587315776371,0.10400924408576978,0.10409708584805033,0.09977112883781819,0.09980281578431643,0.10405221258093084,0.10409214485001295,0.09985974114296897,0.15655210819162096,0.09977367571739126,0.0997759705939561,0.15655037043222425
0.1601734028651864,0.10277617881306866,0.10278300040450283,0.16015453166905763,0.10292077167522384,0.11078219238560405,0.11084875001890748,0.1029195258602491,0.10296704928562506,0.11082265497920968,0.11084334838561821,0.10301879510442519,0.1602189436276814,0.10294042010580562,0.10293307935333673,0.16021848296838925
0.164068745253378,0.10621183462098094,0.10621062857212793,0.16404091712827829,0.10634708663021236,0.1176785116373546,0.11773047141555548,0.10632071285040073,0.1063807947742208,0.11771551341541703,0.11772038935813933,0.10642767929378522,0.16410874173946127,0.10637484820823595,0.10636059868528824,0.1641152401267883
0.16820410781730077,0.1098961362278097,0.10989725724665711,0.16816781774067163,0.11001673566064174,0.12462451549684794,0.12467364764308841,0.10996301912475892,0.11002711454200731,0.12465590589576275,0.12465397312150667,0.1100733156577941,0.16823241381545678,0.11005682809675504,0.11003718499222692,0.16824747427776415
0.17257741817742844,0.11379859932460823,0.11380783821873491,0.1725359557911043,0.11390099974955942,0.13155097774874763,0.13160764143169845,0.11382610604639665,0.11388638110368332,0.13157307160344411,0.13157518760503784,0.11393600039331009,0.17259399312113038,0.11395575915561523,0.11393212817440862,0.17261383378959
0.17717824174352242,0.11788391161873951,0.11790253281660873,0.17713532579079377,0.11796762886097228,0.13840096330936885,0.13847118127937497,0.11788329259530511,0.11793454656718261,0.1384096811324339,0.13842406532629536,0.11799017660518574,0.1771873161727175,0.11803442471602132,0.11801129721748305,0.17720635123259687
0.181988836380294,0.12211811155529168,0.12214271578165875,0.18194753876872616,0.12218450514774093,0.14513480999516526,0.14521730640577807,0.12210542316780237,0.12214461476631988,0.14512638078107293,0.14515405943469362,0.12220675427658301,0.1819967928291742,0.12225812425346683,0.12224134530407588,0.1820119332273627
0.1869889466233945,0.12647566052987652,0.12649687022813477,0.1869516451116786,0.12652665378498829,0.15172952320172306,0.15181555190400337,0.12646544312877428,0.12649187867782574,0.15170200184965382,0.15173570781828805,0.12655956288312326,0.1870028934718274,0.1266034034805864,0.12659379220977596,0.18701397052094731
0.1921621793328368,0.13094319020309675,0.1309501563185128,0.19213044283072744,0.13098081005294276,0.1581728964852268,0.15824974538342146,0.13094034224975187,0.1309581822911095,0.1581269053184584,0.15815419862102714,0.13102895295238615,0.19218753378996528,0.13105864878560658,0.13104978139075718,0.1921953827901794
0.19750099943059923,0.13551717186436396,0.1355040467545427,0.1974749212193847,0.13554277373517365,0.16445489826291393,0.1645106311568847,0.13551376866781806,0.13553178870463767,0.16439207259027566,0.16440092854867727,0.13560166341623786,0.1975383751323509,0.13561889278668288,0.13560306782711423,0.19754435553108612
0.2030079433401325,0.14019722229994797,0.14016335475683311,0.2029850298729846,0.14020855898317836,0.17055879145469183,0.17058719489751123,0.14017666249293675,0.14020215215586984,0.17047899815085926,0.17046465031396013,0.1402667952422761,0.20305092855852108,0.14028001641741028,0.14025626339419744,0.20305853527372814
0.2086901733364993,0.14497910152759513,0.14492778531343414,0.20866654592372286,0.14496933284260638,0.1764565799577904,0.17645943620956134,0.1449236897721175,0.1449566923200581,0.17635834075691048,0.17632500571242105,0.14501385469736677,0.2087272344926167,0.14503671064968576,0.14501019763329087,0.20874299521995554
0.21455232720142947,0.14984869697912884,0.14978967235019908,0.21452578770150788,0.14981081923533118,0.18211120592464314,0.18209880775590098,0.14974686404780185,0.1497801528749778,0.18199384383975276,0.18195200595148647,0.1498329165446442,0.21457294064352295,0.14987851215843617,0.1498547168573568,0.21460342610504507
0.22059145004823844,0.15478168907306844,0.15472802904444577,0.2205643798710507,0.154713211920941,0.1874866664030283,0.18747439384512227,0.15463412986898367,0.15465809840014783,0.18735127977752603,0.1873125410429089,0.15471279871381471,0.22059236150777967,0.15478659582161247,0.1547675490209512,0.2206381211175486
0.22679639771213522,0.15974995603611658,0.1597087591334561,0.2267754433770478,0.15965196481370475,0.19255883997621154,0.19256009631667687,0.15957033108041496,0.1595756110662751,0.19240517652907618,0.19238066914747765,0.15963926269222267,0.22678257788640355,0.15973421517263037,0.15972050571108481,0.22683750582716455
0.2331503317784367,0.16472712174385246,0.1646983076080628,0.23314248816361594,0.16460375279932227,0.1973211456138781,0.19734128557466823,0.16453757536889502,0.164516197548583,0.19714699518378231,0.19714551394160207,0.1645946758643591,0.23313094978010895,0.16469139792724885,0.16468618762816928,0.23318652449219446
0.23963365919121477,0.16969345602334962,0.16967310731367763,0.23964288384585647,0.169551734810447,0.20178383884709444,0.20181986868594204,0.16951728608902472,0.16946476973103597,0.20158706672916388,0.20161125391267565,0.16955994949519032,0.23961700813809356,0.16963360079668321,0.1696441948160653,0.23966784569917066
0.24622574714055973,0.1746377787915802,0.1746163415959492,0.2462525464401108,0.17448485336440117,0.20597107665644437,0.20601251396597275,0.17449272884625966,0.17440955499411248,0.2057503138592901,0.205792913197254,0.1745190240610836,0.2462181854132744,0.17455047755712727,0.17458100046392894,0.2462637431250087
0.2529083413305828,0.17955905341999284,0.17952321336100047,0.2529516572243462,0.17939904961101194,0.20991276762458339,0.2099461722896624,0.17945227275844888,0.17934420963312125,0.20966941766649738,0.20971693092773347,0.17946301180733748,0.2529150575133836,0.17944591130881576,0.17948873177923208,0.25295621026529436
0.2596705644138546,0.18446406555689365,0.18440610668079843,0.25972934036682027,0.1842995221493055,0.21363489499405536,0.21365143738987596,0.18439096741062622,0.18426823681266252,0.2133757773414237,0.21341609287917002,0.18439089367736722,0.25969540822740556,0.18432940680243237,0.18437058460426237,0.2597314008230665
0.26651200831300015,0.18936189030225914,0.1892838666256358,0.26658458161769294,0.18919543633751917,0.217156675062754,0.21715287091963437,0.18930989006911897,0.18918317673896035,0.2168873858883954,0.216916338386964,0.1893046445445094,0.26655405346289773,0.18920784378016514,0.1892416498333166,0.2665837154197088
0.2734397719947955,0.194259924372703,0.19416768199750006,0.27352304827937646,0.1940906264647363,0.2204874310882053,0.22046463691554313,0.1942142907206741,0.1940876247984919,0.22020748030646897,0.22023111518324934,0.19420546156160223,0.273491323946609,0.1940846796855537,0.1941171350986432,0.27351648092167063
0.28046078981765693,0.19916035347624822,0.19906024715632276,0.28055149287595804,0.19898192836782125,0.22362729730165976,0.2235933078087673,0.1991089153181147,0.1989777869638808,0.22333600709646156,0.22336546553378944,0.1990935287085771,0.2805106102885077,0.1989603000552458,0.1989992939539864,0.2805365597889983
0.2875747397486663,0.2040546478030329,0.2039561506690385,0.28767211168331097,0.20386254913993784,0.22657689074362308,0.2265424141331971,0.20399393568420587,0.2038497787101064,0.22627404446347538,0.22632160662200446,0.20396843997585518,0.28761566933174465,0.20382900199177306,0.20387830673118224,0.2876456738485291
0.2947720140118244,0.208925951406773,0.20883774574951547,0.29487960330810126,0.20872370106466237,0.22934458063803675,0.22932016847519904,0.20886603794641007,0.20870087267560006,0.22903117874892914,0.22910467845986016,0.2088284148392201,0.29480666716057835,0.2086797564488786,0.20873993060111234,0.29483592413322457
0.3020363718840354,0.2137588479871989,0.21368122557890268,0.30216011388645414,0.21355596287963585,0.23195041934425537,0.23194386105068593,0.2137200497444186,0.2135287193230863,0.23162897168043484,0.2317308464494905,0.21366833252863832,0.3020754488461329,0.21350026558889318,0.21356940173241118,0.3020914427334469
0.30934925303082966,0.2185457906897323,0.21847313836915655,0.3094933242061577,0.21835385717387445,0.23443008500045376,0.23443838250924826,0.21855037334506122,0.2183313774241285,0.2341004346616995,0.23422993737614234,0.21848267201472815,0.3094045895094395,0.21827933784593784,0.2183559300425812,0.3093945811197877
0.31669252990731067,0.2232871367720975,0.22321424742058038,0.3168560911518492,0.22311777116782572,0.2368272281518941,0.2368369326310364,0.22335061118901556,0.22310774120702276,0.23648727081741505,0.2366388384543936,0.22326763375939657,0.31677126692484703,0.22301070668975853,0.22309624746705803,0.3167292888874631
0.3240491128864105,0.22798929921181277,0.22790903163255827,0.3242273456531226,0.2278494589222007,0.23918184068818404,0.2391815763805723,0.22811674423008088,0.22785840531632778,0.2388350061724191,0.23899420375416675,0.2280199580430814,0.32415375737690055,0.2277001334362035,0.2277936934590818,0.3240809757235784
0.3314048252424733,0.23266331712220317,0.23256628384082662,0.33159257585225443,0.23255326144702054,0.2415288381907313,0.24151368723079203,0.23284918778248348,0.2325871159299574,0.241184487340531,0.2413330944668276,0.23273930085318145,0.33153693658238637,0.23236544071656717,0.2324557749637446,0.331435559680313
0.33875199151938734,0.23732258038091408,0.23720563822092117,0.3389460927224317,0.2372412105265218,0.24389811847039172,0.2438640658954745,0.23755229516432091,0.2372997359492185,0.24356307156448487,0.2436935758960566,0.23743335961028444,0.3389129370611621,0.23702305826184616,0.23709575694068796,0.33878176718216296
0.34609126963102155,0.2419789205271718,0.24184861420309534,0.34628961164196775,0.24192703420795492,0.24631005119346377,0.2462553333119516,0.24223411242114212,0.24200145675072915,0.24598553869792017,0.24610365999483502,0.2421128266638805,0.34627912122708904,0.2416791368513752,0.24173275120266002,0.346114864976496
0.3534281071800225,0.24664077339747992,0.246504103163726,0.3536278231655181,0.24661457522696217,0.24877474661948756,0.24870416265985495,0.24690472236515065,0.24669487636613396,0.24846065072562634,0.24857535104595702,0.24678223505088048,0.35363506359549646,0.24633585786762502,0.24638259835433124,0.3534380052953011
0.3607656401376742,0.2513117849098681,0.25117245318002657,0.36096312855137513,0.2513003835398919,0.2512979050486518,0.25122247693868216,0.2515719455433813,0.25138070650199074,0.25099545067311857,0.2511136413083553,0.25144203847575,0.360980742771823,0.25099663304727615,0.2510476247878314,0.36075567013375753
0.3680981269815999,0.2559843206491249,0.25584974814154016,0.3682919142734796,0.25598268918449396,0.25388971866259846,0.25382066706997286,0.25623839315933783,0.2560596426424254,0.25359972107004347,0.25372702007984815,0.25609723849196675,0.3683144644576466,0.25566151087521055,0.25571710638710543,0.36806615008871074
0.37541003677518137,0.2606455807278584,0.2605231065439837,0.3756026373342307,0.26066200369935766,0.25656718640241916,0.2565113308987031,0.26090491140728067,0.26073278440556713,0.25629006209688476,0.25642939932695574,0.26075420623172996,0.37563057024065705,0.2603222272654246,0.2603759805454665,0.3753564420675215
0.3826805340765813,0.2652900938802786,0.26517540078113344,0.3828767657845168,0.26533629906973777,0.2593543514043435,0.2593123338608173,0.2655722174727758,0.2654023317302633,0.25909162886861054,0.25924120200557116,0.2654133135977689,0.38291582205547003,0.2649713316954794,0.26501946152579536,0.38260549258401166
0.38988834447742804,0.2699189414672375,0.2698011701054126,0.3900911099105088,0.2700036118204109,0.26228238166986195,0.26224666230502336,0.27023786573408815,0.27007038088350105,0.2620355235515649,0.2621882549816607,0.2700713236665441,0.3901488398592382,0.269607243352456,0.26965185421291415,0.3897915429908314
0.39701425133863505,0.27453249654396356,0.27440836928690004,0.3972208975421567,0.27466549343483104,0.26538095271302287,0.2653403932578791,0.2748967339143097,0.2747379445601408,0.26515292722071093,0.265298112982199,0.27472581783892674,0.39730377679964207,0.27422950189897977,0.2742736834541246,0.39689704208896637
0.4040405152625706,0.2791338545067601,0.2790047031689445,0.40424395598451834,0.2793232827361161,0.26867191243475463,0.2686206499877986,0.27954617121388264,0.2794052543126954,0.26846911787402333,0.2685955561354094,0.27937408944216036,0.40435629166661324,0.2788399265739082,0.2788815551225263,0.4039075170192299
0.41095081602005007,0.2837333955622276,0.28359544881018345,0.41114401477354695,0.28397638300941086,0.27217202074207225,0.27210833375339427,0.2841871568326291,0.28407244558048983,0.2720003807782556,0.2720992244365795,0.28401483482467443,0.4112886370359612,0.2834503258828664,0.2834809331569401,0.410808893236922
0.417732451411796,0.2883415637746963,0.28819226150725064,0.4179123193386925,0.28862831606895867,0.27588971396404666,0.27581414552468175,0.2888215132024285,0.2887406051738627,0.2757537093254155,0.27582485023032977,0.288652552583007,0.41809064370058296,0.2880742127359448,0.28808541573613355,0.41758677772806757
0.42437918833290383,0.2929625931415871,0.2928091952680294,0.4245458625797166,0.29328628245954014,0.27982594011369477,0.27974347173246383,0.2934518409441049,0.2934105183799387,0.2797281146609162,0.2797810643549943,0.2932942039242401,0.4247565104527675,0.2927131032958118,0.2927063981021158,0.4242298774431524
0.43088977350593877,0.2975981052800651,0.2974485864848889,0.43104377360424484,0.29795217049240474,0.28397962327255505,0.28389701678559154,0.29808334543759996,0.2980816265330091,0.28391886195854094,0.28396178292777996,0.2979407328497484,0.4312808839251251,0.2973608974784166,0.2973491695569186,0.43073295765392483
0.43726255753313115,0.3022491269200616,0.30210335382471487,0.43740233150460717,0.3026211713361381,0.2883462813775045,0.2882699853335259,0.30272059164513576,0.30275302052174213,0.2883205051766757,0.28835614442130436,0.3025893274418815,0.43765654992864095,0.30201768942233204,0.3020132765055377,0.43709485049200497
0.44348820228649594,0.3069088546466252,0.30676697706036427,0.4436122977435235,0.3072917462910214,0.29291984267035576,0.2928564330296305,0.30736362114228327,0.3074234532707312,0.29292811239673255,0.29296030544450247,0.30724298289166496,0.4438743399352237,0.3066856898863448,0.3066890434502838,0.4433105206801642
0.4495477311397198,0.31156424569036684,0.311432125203336,0.44965759389461785,0.3119661100268427,0.2976974323580107,0.2976513016357348,0.31201132343912563,0.3120922911126268,0.2977390639828493,0.2977724748292556,0.31190718194091915,0.4499226674987646,0.3113582112127651,0.31136095484083,0.4493650381266365
0.4554167556827621,0.3162082319724726,0.3160859622168995,0.4555167571961661,0.316641604511283,0.3026790023346702,0.30265138791705215,0.3166643333188242,0.3167591000595853,0.3027539764648577,0.3027895174181643,0.3165796123186212,0.45578623209842806,0.31602438339773475,0.31602258187417365,0.455234087257273
0.46107184204687535,0.3208412313867174,0.32071900941755815,0.4611656408410898,0.32131108236015754,0.3078683727397567,0.30785410488175124,0.3213195214341725,0.3214224755702938,0.3079747332216551,0.3080111685593253,0.3212528550188056,0.4614446168456242,0.32068049032189916,0.32067820927785495,0.4608913987476618
0.4664930881907546,0.32545834193346296,0.32533148573580173,0.46657999516934007,0.32597018248552306,0.31326695145328676,0.3132564938460973,0.32596639024716834,0.3260783020337001,0.3134021270061153,0.31343610125310806,0.3259207188797202,0.4668729834975892,0.32532522447446344,0.3253258781872702,0.46631596439172734
0.4716629768094159,0.3300505798151419,0.3299254117181445,0.47173802148845123,0.3306129765848699,0.31886658885805985,0.3188539778689748,0.3305935635250754,0.3307193556035444,0.31903181464788805,0.3190579507243371,0.33057526978813684,0.4720462698044465,0.3299513129245423,0.32995152319474813,0.4714933291274275
0.4765649070179507,0.33461739660564316,0.33449738928719047,0.47662272453845705,0.33522683417212995,0.32465425594780284,0.3246383532603331,0.3351942823101154,0.33533676119457295,0.32485141294283737,0.3248662996020868,0.33520449906892424,0.47694428414071577,0.33455252617134257,0.3345458963788961,0.4764114674754846
0.4811842158678672,0.3391625747782051,0.33904477234751573,0.48122340232433597,0.33980110126498336,0.330613540692524,0.33059446041104457,0.3397630247233222,0.3399226120029458,0.33084244115507516,0.3308479666614338,0.3398001093822867,0.4815546690984311,0.33913038350396785,0.3391125740860242,0.4810570669997524
0.48551180691354945,0.34367992919887774,0.3435681010285172,0.48553522428883433,0.3443356606320106,0.33672199037632955,0.3367024020811784,0.3442918742608203,0.34447040844880195,0.3369822063973954,0.3369827464562181,0.344359929920659,0.4858716332568085,0.3436833428511443,0.34365410485257786,0.48541645785321424
0.48954549895080673,0.3481583948277076,0.3480620107220643,0.48955675719858543,0.3488312755360734,0.3429547826764805,0.3429370983881781,0.34877400989365603,0.34897313119430695,0.3432408699075732,0.34324250005965795,0.3488783328952183,0.48989189165608255,0.3481983402700344,0.3481631934338054,0.48947994869814665
0.493286703883336,0.3525952141900077,0.35251318330419884,0.4932865058403036,0.3532784287593239,0.3492830143233022,0.349266424387899,0.35320542787765097,0.3534222374159406,0.3495841217877831,0.34959466571459774,0.3533435339704587,0.4936111563045068,0.35266262261604736,0.35263078597720954,0.49324441660034707
0.4967338654437529,0.35698762597595957,0.3569102575499914,0.49672023253837067,0.35766517377150353,0.3556701997541125,0.35565694908264367,0.35757997639366335,0.35780864301561555,0.3559781929284552,0.3560044747252272,0.35774769901770076,0.4970236165638857,0.3570738903288515,0.3570487946481878,0.4967100100292863
0.49987786302581655,0.3613195058778328,0.36124621600439677,0.4998495359120783,0.3619872249292726,0.3620798279957148,0.36207464083802887,0.3618889910957341,0.36212437921299445,0.36238982581565976,0.3624379545170541,0.3620892688302365,0.5001223855501479,0.36142749627633225,0.3614022799350266,0.4998734632613761
0.5027033532947699,0.36557026817990235,0.3655080755813076,0.5026632720691173,0.36624092547510234,0.36847926002481357,0.36848264052133195,0.36612576824067133,0.36636171721480104,0.3687869596807023,0.3688622165464006,0.3663618113284297,0.5029001967904465,0.36570653811485976,0.3656736102945982,0.5027229621234077
0.5051951381256917,0.3697294627181317,0.36967451551942576,0.5051489827317113,0.3704114125239921,0.37483681777494027,0.3748455982290629,0.3702833100608602,0.37051067169724394,0.37513743483352857,0.37524099223839635,0.370548919226867,0.5053496720133982,0.36989417066433683,0.3698547629053719,0.5052412738249861
0.5073437937014221,0.37378739203263384,0.37372969104109854,0.5072949192853277,0.37447675079376813,0.38112118814841955,0.3811289259425615,0.3743454390364559,0.37455762882270577,0.38140711900959134,0.38153821949283784,0.37463250218347655,0.5074628208207733,0.3739815373128181,0.37393942003140535,0.5074137984552461
0.5091468944221019,0.3777217716129175,0.37766509623292477,0.5090925483611867,0.3784184175845314,0.3872988671278596,0.3872959630184636,0.3782879911711658,0.37848548240609003,0.3875617649002161,0.38772012063428896,0.37859604580597456,0.5092323605752305,0.37795513756723453,0.3779041737075075,0.5092356167140412
0.5106060814772404,0.3815088121923234,0.3814663750000531,0.5105388692865873,0.3822186778315639,0.3933314769455679,0.39331065723658254,0.3820899627844125,0.3822751150526151,0.39356631769921946,0.3937488250228129,0.3824189730855072,0.5106537011104139,0.38178632668072354,0.3817159878718327,0.5107113880900088
0.5117243441594169,0.38513760572563766,0.3851110066381648,0.5116378990509797,0.38585553897275354,0.39917760744653985,0.3991365949939339,0.38573582845393034,0.3859075658772777,0.3993822769085362,0.3995848146254399,0.38607782623418446,0.5117269833235715,0.38544943985516705,0.38535784954931873,0.5118497941350438
0.5125069468736471,0.3885992135530026,0.38858092843137476,0.5124009267939621,0.3893103970825273,0.4047955754403119,0.4047343503999368,0.3892077297818622,0.3893656226345807,0.40496817854166867,0.4051902344172309,0.3895553698803661,0.5124590881695257,0.3889374072155035,0.3888276009634577,0.5126583933467428
0.5129647083141098,0.3918740048575484,0.3918653569996661,0.5128445238868155,0.3925736856179645,0.410145432411157,0.4100621165892411,0.39248449336368524,0.39263328853917634,0.41027971495082977,0.41052442100036146,0.39283945564002665,0.5128636366806987,0.3922437287147093,0.39211398324171587,0.5131437023162186
0.5131158178236438,0.39494337918610123,0.39494984897779767,0.5129876486132545,0.3956353409687961,0.4151866029731694,0.4150757788697427,0.39554925040748096,0.39569436431447824,0.4152711924873409,0.4155444416840537,0.39591315387438697,0.512959157725414,0.3953447917632562,0.39519394234928296,0.5133164372933317
0.5129833684214007,0.3978012888845067,0.39781540169910107,0.5128491093158746,0.39847681243081085,0.4198740038770562,0.41973145618119223,0.39839030016782295,0.39853265617810835,0.4198990160958208,0.4202070236820961,0.39875636573571993,0.5127660732621391,0.3982167391119184,0.3980515688319101,0.5131953659510035
0.5125897485293058,0.4004396043860736,0.40044875215758985,0.5124467560308066,0.4010804432784161,0.42416225851026873,0.42398934566878427,0.40099492034468587,0.4011330755179808,0.42412250271184426,0.4244685325957939,0.40135627611395386,0.5123045985032365,0.4008535172153477,0.4006796081382896,0.5128055827730882
0.5119531995229231,0.4028355113023036,0.40284083077916866,0.5117980804879136,0.4034378528462101,0.4280123614867043,0.4278118181712252,0.40334922846932475,0.4034818694070541,0.42790422911284104,0.42829073352595615,0.4037058828081833,0.5115951152289585,0.40325163586581014,0.4030642223396557,0.5121720744711309
0.5110895844117321,0.4049656502677279,0.40497484578303555,0.510922122759094,0.4055405242839155,0.43139150899475986,0.43116396835574056,0.40544306571519184,0.4055656706345724,0.43121216542294705,0.431641303304611,0.40579280120132066,0.5106595947431891,0.40539166803255844,0.4051856308731305,0.5113147318302333
0.5100178998377775,0.40681940846018677,0.4068279104252995,0.5098411166009659,0.4073700793428461,0.4342733758764219,0.43401784647918157,0.40726701474373944,0.4073707273415688,0.4340203782335078,0.4344911306430811,0.4075987341464688,0.5095234027460532,0.4072501441870868,0.40703049592756424,0.5102505350387533
0.5087654867291156,0.4083861388253815,0.408384034738693,0.5085814424878631,0.4089058580978078,0.43663860643942126,0.4363513585633403,0.4088052249972499,0.40888404768013814,0.4363084929594369,0.4368190934043443,0.409109711587082,0.5082154366655041,0.40881572870613075,0.4085868947661243,0.5090007018500142
0.5073681400380954,0.4096438020212382,0.40963450985958144,0.5071738881704816,0.41013552952188814,0.43847399292818,0.438149157988422,0.41003909454952764,0.41009412055925676,0.4380629232746544,0.4386119410710902,0.4103172384477058,0.5067673454595729,0.410078854004462,0.4098324814889798,0.5075971517875656
0.505865721078192,0.41057393344820525,0.4105676146443089,0.50565382613941,0.4110510422404974,0.4397718985599069,0.43940452346544484,0.41095738340846766,0.41099106433609756,0.4392783697751246,0.4398608367827103,0.4112102611154361,0.5052131392551126,0.41102055942780025,0.4107464550831964,0.5060822028767358
0.5042974125864899,0.4111760050620968,0.4111710176936319,0.5040609409308145,0.41164222071441037,0.4405290960658417,0.44011670703450656,0.4115560850717229,0.4115676477854787,0.4399568473693222,0.44056541496035073,0.41177595644943227,0.5035895643389746,0.4116270116994352,0.41132836535483175,0.5045016348500299
0.5027004765167334,0.4114550546979926,0.4114431883966255,0.502438343929618,0.4119030275143878,0.4407498013696593,0.4402927087375704,0.41183021073731596,0.4118207887893036,0.44010597867904205,0.44073481989080954,0.4120094417224399,0.5019369840553408,0.41190205741179875,0.4115886345581391,0.5028975858639245
0.5011130553228629,0.41140845410513843,0.4113916595678846,0.5008307196207417,0.411837762241421,0.4404504460507678,0.4399484898549588,0.41177437359971103,0.41175180932918937,0.43973924879279624,0.44038421777139053,0.41191497286979933,0.5002990421364507,0.41185291664771334,0.4115265892873301,0.5013066904598007
0.49957698634954717,0.4110378004235403,0.41102131217332993,0.49928218036629235,0.41145413356585403,0.4396550089471084,0.43910520908404027,0.4113912101802448,0.4113648173175055,0.43887705989333176,0.4395360208258485,0.4114976844350303,0.49872063752941603,0.41147749481561335,0.4111359472047508,0.49976474197584575
0.4981375261265401,0.41035981073079275,0.41033556390636566,0.4978342901625347,0.41075700909489665,0.4383900369870102,0.4377903111014202,0.4106926179830346,0.4106665953504498,0.4375474348393453,0.43821949816865124,0.41076313792557384,0.4972454227977126,0.4107781847121083,0.41042688158207796,0.4983120033484049
0.496839104217797,0.40939326072464494,0.4093475219980164,0.4965255864506504,0.40975614444838127,0.43668682541066595,0.43604011057528913,0.4096925667102006,0.4096679346847182,0.4357848166419016,0.43646801634120547,0.4097248007807272,0.49591394392351124,0.4097754879206135,0.40942431517185585,0.4969938823104969
0.49572097105447804,0.40814675092575203,0.40807851038799986,0.4953921366396185,0.4084733426083597,0.43458282112761815,0.43389661873164503,0.40840618346871543,0.4083842321406402,0.4336293895457405,0.4343213493295498,0.40840439470301165,0.4947637107726929,0.4084949316650425,0.4081479284366443,0.4958557265283735
0.4948163711772243,0.4066321711034302,0.40654698217409735,0.4944689361877183,0.40693482018481403,0.43212284510880306,0.4314081128809707,0.40685507083498434,0.4068348171863444,0.4311289537179451,0.4318271318613448,0.40682396290707173,0.49383064496536916,0.4069523955811414,0.40661061177020746,0.49493634126974806
0.4941556194684631,0.40487746251318674,0.40476997696683675,0.493790460770018,0.4051625708993969,0.42936352788792076,0.4286304198278936,0.40506744843912323,0.40504367274112674,0.4283397168034163,0.4290402162485616,0.40500536718774377,0.4931500928952064,0.4051650176465203,0.4048334336156221,0.49426625955741305
0.493769754559624,0.40291387385034483,0.40277442303167343,0.49338998789229754,0.403179875686105,0.42637038329964183,0.42562402985673065,0.40307228068459067,0.4030405848825947,0.42532414917973016,0.4260231480178397,0.40297831170349757,0.4927562477016978,0.40316472148890115,0.40284630069606775,0.49387146545250277
0.4936906953815376,0.40076419659571105,0.4005976920308547,0.4932978795810819,0.40101983178328804,0.42321162588043026,0.4224540680873389,0.40089956937185656,0.400859994383408,0.42215050368497065,0.4228443048962941,0.40078093107431845,0.49267944202599967,0.4009886541679035,0.40067753209816515,0.4937785295787566
0.4939466643696614,0.3984558308904257,0.3982770574521631,0.49353867220961023,0.3987206681725758,0.4199595513476349,0.41919310726716447,0.3985859916573292,0.3985387142518203,0.4188932986206052,0.41957558637924847,0.39844968958931953,0.4929428111152135,0.39866621893113063,0.3983574285547682,0.4940152589453233
0.4945557778811199,0.39603291218529274,0.39584797566640917,0.4941293577616964,0.39631776354072196,0.4166898186694801,0.41591713770853955,0.39617334714330377,0.39611501565881424,0.4156300963650307,0.41629390285897283,0.3960166428636598,0.49356091270347396,0.39622830208358917,0.3959299167443203,0.49460512127590234
0.49552252293143995,0.3935428477969528,0.39335082099018964,0.4950779647021136,0.393845863504058,0.4134780557668851,0.4127044140201422,0.39370067189890806,0.39362925921180275,0.41243878196931916,0.4130785842175406,0.39351784712944293,0.4945397290775471,0.3937198022294568,0.39344376528176517,0.4955593803416172
0.49683922110053985,0.3910219841924003,0.3908289049884719,0.4963830450785368,0.3913460213817256,0.410400694974682,0.40963388031317516,0.39120409905852327,0.3911238078480019,0.40939709196724794,0.4100061147537473,0.3909981581611802,0.4958769019438475,0.39118960650998524,0.39093495419616964,0.49687303857253434
0.49849011249140057,0.3885068151296238,0.38832096974901187,0.49803348584786067,0.3888639786078419,0.40753421117551436,0.40677835368148296,0.38872429069843634,0.3886419136337824,0.40657855309161167,0.40714882233603744,0.3885045248040847,0.49756133192689955,0.3886752436328093,0.3884329746184358,0.4985275187064315
0.5004548355633974,0.38604811253902294,0.3858636174868888,0.5000075717413791,0.3864437638491788,0.40495171168762273,0.4042046787974596,0.38630772915353867,0.3862273665145704,0.4040488107444566,0.4045757178627914,0.3860807414655561,0.4995719555257655,0.3862114591831274,0.38598221034472274,0.5004973658902373
0.5027080565939713,0.3837012442784208,0.3835041130476903,0.50227345296801,0.38412954683111694,0.402714710027188,0.4019759080272615,0.38399988708628074,0.38392448380351757,0.40186674042070925,0.40234967993624116,0.38377083785937155,0.501877410884188,0.3838472718580761,0.3836414737660694,0.5027552031465027
0.5052165828094921,0.3815107940345927,0.3812998199711204,0.5047908441851794,0.3819701511150705,0.4008684687821677,0.40014579320855065,0.38184286736982187,0.3817771034792566,0.4000840201502961,0.4005226285146134,0.3816213180070701,0.504437347314415,0.38164020845029634,0.38146336531329916,0.5052706760377
0.5079374814122893,0.37951663997847507,0.3793014567076013,0.5075142368263201,0.3800146384809611,0.3994505227279931,0.39875641342676893,0.37987990598966914,0.37982738884724176,0.3987412221813641,0.3991341089673284,0.3796759465099102,0.5072052060316181,0.3796381388349703,0.37948805835100885,0.5080060140205235
0.5108195444716702,0.37776540680893966,0.37754727789851,0.5103954015527061,0.37830477062368495,0.3984942274279398,0.3978398610102871,0.37815611299720264,0.3781163968394195,0.3978666245645378,0.39821403804387856,0.37797412649749673,0.5101310008965687,0.37787993010003973,0.3777566956199152,0.5109124130753776
0.5138071564223919,0.3763021210881419,0.37607474321337064,0.513384219947571,0.37687664340942395,0.39802106670581594,0.39741492715654375,0.3767132576135437,0.37668505436131644,0.39747710352689963,0.3977834251601728,0.3765563193357514,0.5131622029795921,0.3764078513665913,0.37631454548690785,0.513931239443412
0.5168434087365565,0.3751579623148168,0.37492586294419106,0.5164270939444098,0.3757664613239523,0.39804005428262645,0.39748678999145237,0.3755879936885027,0.375571932553486,0.3975783424994135,0.39785071699477065,0.3754635958729198,0.5162423534212903,0.3752645365079143,0.3751988300681156,0.5169990100097727
0.5198697444925422,0.3743580851280678,0.37413687670341156,0.51946452340208,0.3750079339951782,0.39855075187453437,0.3980504209827815,0.37481439006875283,0.3748088667635122,0.3981655234439877,0.3984105918692533,0.37472793046412256,0.5193094691643529,0.3744788822077232,0.3744360630589817,0.5200521775216392
0.5228229101381641,0.3739327388566698,0.3737307564126956,0.5224300461359223,0.374624515801527,0.3995378553500455,0.39908815025094085,0.374421572054072,0.37441905608530623,0.3992236755009095,0.39944613049185174,0.37436795375272186,0.5222958031813414,0.3740681003355323,0.3740513610328832,0.523027767190209
0.5256327983301605,0.3739060777977267,0.37372212647252323,0.525251789842459,0.3746294880820308,0.40097158566342544,0.4005706429108544,0.37442704593806475,0.37441899887075564,0.40072691200395744,0.40093038264495834,0.3743968554841193,0.525130005992075,0.3740511334761074,0.37406597608797976,0.5258603129117188
0.5282238897122579,0.3742819081609239,0.37411993630795093,0.5278562807734568,0.37503241523918524,0.40281560685548307,0.40246123742769113,0.3748365062062598,0.37482005356742887,0.4026394226130242,0.4028251726395844,0.3748277985897085,0.527740431479188,0.3744457105599138,0.3744844381275083,0.5284790779437278
0.5305214626458483,0.3750532171870735,0.37492192787728096,0.5301728346620822,0.37583929853573694,0.4050285244568481,0.4047142153891154,0.3756512544643733,0.3756276338861869,0.40491487715462904,0.40508189467145284,0.3756678645352248,0.5300584285578784,0.37525368022633737,0.37529755172319224,0.5308096595068015
0.5324585561215391,0.37622019404296647,0.37611696452711063,0.5321365762368565,0.37704668875101566,0.40755859717089776,0.40727284742918435,0.3768701118201262,0.3768393286213011,0.40749437674712574,0.407643944082671,0.37691119761358266,0.5320204173299492,0.3764624899283476,0.3764999870406661,0.5327808469268517
0.5339812088389349,0.3777840524982343,0.3776965593675685,0.5336905905804508,0.37864149500417077,0.4103396880715623,0.4100715436427163,0.3784826333769898,0.3784440277763554,0.41031200686532615,0.41044683052418857,0.37854218798802697,0.5335697810196016,0.3780610138574338,0.3780920595679363,0.5343333520681978
0.5350492571670132,0.3797286522167945,0.37965560607820636,0.534788164203954,0.380605824199062,0.4132936230074482,0.4130370717838304,0.3804653390127387,0.3804221593661556,0.4132945217036194,0.4134163787478967,0.3805404283233495,0.534659116969602,0.3800403453464244,0.3800608443718265,0.5354249701334478
0.5356350627946938,0.38202203844499383,0.38197596071682105,0.5353955973714719,0.38291600139005705,0.41633742967729226,0.416089409150759,0.38278760194528205,0.3827454450382917,0.4163574595129637,0.4164703706374636,0.38287817082684106,0.5352538308653059,0.38237726164583896,0.3823737468927577,0.5360303253801451
0.53572284868333,0.3846322582520023,0.3846174576328349,0.5354956585796933,0.38553711871328655,0.4193861451433321,0.4191441748772497,0.38541588107063074,0.3853774626966415,0.41941359327019023,0.41952401883233614,0.38551820406570547,0.5353357801915504,0.3850302945381443,0.38499433541179595,0.5361373663841218
0.5353103486877624,0.387526153402657,0.3875302339937785,0.5350895930123607,0.3884239413536602,0.4223537800158127,0.4221158519175493,0.38831005878170405,0.3882753751171316,0.42237878322017613,0.42249333604388895,0.3884180141848102,0.534905273906459,0.3879539869895938,0.38788972157342855,0.5357445248279187
0.5344116139256957,0.3906548447455961,0.3906678199584599,0.5341965848446882,0.391528136386937,0.4251592561755973,0.42492185286337747,0.3914202768102062,0.3913907052368679,0.4251693921323088,0.4252955583196105,0.39153206547486025,0.5339806793077063,0.391105878898303,0.3910167149834489,0.5348616097011931
0.533058301375708,0.39395498781880994,0.39398093275207224,0.5328508161223446,0.39479892417584683,0.42772834890212086,0.4274841775519902,0.39469081484064683,0.39466840480355986,0.4277066822974573,0.427852037808575,0.39480621763102003,0.5325957153354791,0.39443356799471097,0.3943129882852011,0.5335138369714428
0.5312978295840067,0.39736417506638194,0.397406292134327,0.5310978676215037,0.3981758797708227,0.4299908249580693,0.42973173531793074,0.39806318965599474,0.3980456895397879,0.4299223661370664,0.43009377770219503,0.398174590709633,0.5307966202836871,0.39786652011401474,0.39770969479088136,0.5317446296785547
0.5291887956226609,0.40082126610807844,0.4008706187163765,0.5289922372709225,0.4015878203488017,0.43188378176434244,0.4316049054470683,0.4014726181563711,0.40145357988948477,0.4317585941116711,0.4319623225633942,0.40156701270567596,0.5286401976693316,0.4013297734656884,0.40114244454751635,0.529614372871021
0.5267968442827535,0.4042511522070949,0.4043001151978799,0.5265969071657477,0.4049606690156239,0.4333583036832028,0.43305671877966634,0.4048456521976965,0.40482014126685356,0.43317078956320143,0.43340972467634353,0.4049164029232242,0.5261935681847525,0.4047564498832254,0.4045426541389533,0.5271952150191153
0.5241932475876864,0.40756529658028345,0.40761861208534944,0.5239844859733228,0.40822208675780153,0.4343818605913832,0.43405413433533263,0.40810603576399473,0.4080720700532787,0.4341292005904799,0.4344019673579077,0.4081544030273785,0.5235339272217125,0.40807740668782033,0.40782911076543876,0.5245649576651427
0.5214566549017456,0.41068128106054247,0.41074198791414757,0.5212376106626798,0.41129684031275004,0.4349394130083679,0.43458095769331917,0.41117999807401107,0.41113418266416835,0.4346178944523764,0.43492275959002763,0.4112040666362759,0.5207477999989805,0.4112093252595639,0.41091832644968884,0.5218044232496694
0.5186751106447264,0.4135299609391325,0.4135865695489841,0.5184475236902298,0.41410487773163485,0.43503207986842685,0.4346363108473537,0.413993772093399,0.4139303510087594,0.43463782264105455,0.4349723108581913,0.41398383556769813,0.5179283587483432,0.4140653054924118,0.4137360250966208,0.5189991388082562
0.5159456129828378,0.41604120824399937,0.41608210082650166,0.515710709107061,0.4165692801933534,0.43467354589612545,0.4342331664502213,0.41647073631458675,0.4163871704462888,0.43420656121808743,0.43456506724313526,0.41641973188545545,0.5151720031339886,0.4165721444347184,0.41621217029269425,0.5162420442448516
0.5133696682621609,0.4181387433221026,0.4181692406949426,0.5131248138502152,0.4186244419896757,0.4338906736908069,0.4334011616155089,0.41853833672192386,0.41843806007170264,0.4333535833674646,0.43373121549513044,0.418449183181108,0.5125748329819799,0.4186667549013178,0.4182736218130238,0.5136336757842007
0.5110461282759701,0.41975814065678074,0.4197885680207419,0.5107850218170751,0.4202147663827651,0.43272493396005285,0.43218635595481847,0.42013764993322256,0.4200251666906008,0.4321236080472086,0.4325169983768675,0.42001642185013854,0.5102302760347365,0.4202858445454122,0.4198562963513338,0.5112768352049051
0.5090647435193442,0.420860075017486,0.42088463915919067,0.5087811875373756,0.4212917165098245,0.43123148922677723,0.4306475815561473,0.4212240015256172,0.4211010319413199,0.430577847395265,0.43098097435634974,0.4210723407886703,0.5082270588925231,0.42137511516641146,0.42092083906448274,0.5092674895753204
0.5075027350943192,0.4214194840162218,0.42142237566008556,0.5071950075550493,0.4218187385380851,0.42947978472965487,0.4288555244393498,0.4217625101342344,0.4216317633905349,0.4287861775006795,0.4291930641779676,0.421581616686296,0.5066465869612099,0.4219058603242739,0.42144637587276423,0.5076868575105294
0.5064238846342796,0.42141427482430005,0.42139114573907355,0.5060964725410426,0.42177868497069354,0.42755182327469654,0.4268922011176857,0.42173060593938727,0.421599303995117,0.4268270804256675,0.4272348729851013,0.421527002622618,0.5055590318522337,0.4218705985973832,0.42141424904424785,0.5065977616717668
0.5058784405901235,0.42083579450832354,0.42079376298516363,0.5055394965456775,0.42117357481038575,0.4255362010461573,0.42484694242868515,0.4211264102034885,0.42100221120576664,0.4247899311441396,0.42519532624235806,0.4209081642010641,0.5050185369531113,0.4212673852709609,0.4208130947356093,0.5060458410481578
0.5059013991173885,0.419703404258184,0.4196429827051533,0.5055577557205669,0.4200201782771351,0.4235240747098541,0.42281277593324695,0.41997112766231426,0.4198563961495292,0.4227667761010704,0.4231661147348559,0.4197421151822537,0.505058624720939,0.420102416280992,0.4196584204943669,0.5060617809275185
0.5065086749887245,0.41805905438075597,0.41797230704678495,0.5061622006831609,0.4183520839412219,0.42160622649182466,0.42088427038105203,0.4183034684748125,0.4181966368218617,0.42084919898078066,0.421241422943958,0.41806702838451854,0.5056900232288608,0.41840925603080575,0.41799592404937985,0.5066615255433589
0.5076926360548492,0.4159543475867901,0.4158415730385341,0.50734095054709,0.4162251659756176,0.4198711025810317,0.4191537175390426,0.4161769241933362,0.41607740949138655,0.41913007480821457,0.41951475827831736,0.4159424284896528,0.5069006050773155,0.41625371205292194,0.415885602580379,0.507842180705305
0.5094208323174516,0.4134540591024098,0.4133268012875312,0.5090608097996824,0.41371625258267053,0.4184056768160612,0.4177078841666258,0.413663395795544,0.41357152330774505,0.4176966462561511,0.41807190965739505,0.4134432372769142,0.5086569841707911,0.4137172241938974,0.4133944761401442,0.5095767465827739
0.5116376835625547,0.4106479918865551,0.41051222739524773,0.5112696925063102,0.41091577316975514,0.4172908866815312,0.416623625292747,0.41085469656473383,0.4107680967328242,0.416625025821591,0.4169882774756052,0.4106557191305395,0.5109064331520136,0.41088587237921737,0.4106062217556955,0.5118117981729762
0.5142686645106455,0.40764584607222976,0.40749670291359513,0.513898024664812,0.4079244943018299,0.41659383210497947,0.4159634956807614,0.40785708258537345,0.40777162622305674,0.41598029744861564,0.41632818419994605,0.4076806393686577,0.5135776647720999,0.40785873921414556,0.40762613452003005,0.5144695481586525
0.5172239795156958,0.40456096005441855,0.4043996540624326,0.5168588311234223,0.40485586652826133,0.41636514486996856,0.4157739371362469,0.40478566217853273,0.40469957038677895,0.4158101612595062,0.4161407368399848,0.4046344878146308,0.5165807239800544,0.4047537128158838,0.4045701064176454,0.5174538511482947
0.5204003052972889,0.4015079247947747,0.40135049219408964,0.5200475734205464,0.40183361353313996,0.41663566972263943,0.41608245894637175,0.4017628705967427,0.40167628057578725,0.4161402406446786,0.4164553039848481,0.40164161097116124,0.5198077181889516,0.4016958337714219,0.4015550220254615,0.5206561770892078
0.5236805779617757,0.3986119052572972,0.39847296595187526,0.5233435490125011,0.3989820530101714,0.41741042187131505,0.41689392123226604,0.39891459488413705,0.39882555675524634,0.4169756068639945,0.41727719665859947,0.39882353066212173,0.5231351054173712,0.39880541114338286,0.3987023123271456,0.5239586265037147
0.5269346246900625,0.39600399405624875,0.39588305983385474,0.5266139826927676,0.39641870101231425,0.41867002940818215,0.4181901484598267,0.39636088198345165,0.39626572602763516,0.4182983849411455,0.4185853265314675,0.396294806346223,0.5264285001887952,0.3962011584166282,0.396137899979186,0.5272341743185255
0.5300233568123742,0.3938006209581741,0.39369370910960855,0.5297201588629679,0.39425359012818795,0.42037418916142216,0.4199296738421777,0.3942089652608264,0.3941073193640588,0.4200643289401173,0.42033478039954003,0.3941637975883999,0.5295493904708845,0.39400230998461133,0.39397699840863987,0.5303474492095707
0.5328065354220745,0.39209379906959196,0.3920085301326964,0.5325247119005176,0.39258754488382847,0.42245867841242934,0.4220454490954501,0.39255327288599984,0.39244959584423766,0.4222053462504644,0.42245875334439764,0.3925294946709874,0.532361579870034,0.3923147988933214,0.3923107532440151,0.5331588887923906
0.5351528985599928,0.3909614744084897,0.3909082038647689,0.534898447292381,0.391504068013116,0.4248357847274436,0.4244479932059503,0.3914762732029706,0.3913746912671264,0.42463075378159,0.42486702255598546,0.3914734426543242,0.5347370494474549,0.391215841491714,0.3912124624952092,0.5355336696745574
0.5369493580349599,0.39047313780670184,0.39044833318712185,0.5367267088771216,0.3910618298053551,0.42739993908792295,0.42703081689870176,0.39104131150409704,0.3909421741520791,0.4272298654813657,0.42745085880035305,0.3910537804295514,0.5365616267163604,0.39075778596424027,0.39074714658814,0.5373529257311894
0.5381070423123111,0.39067480487093464,0.39066684805593227,0.5379151059263475,0.3912941719927488,0.4300295697169151,0.4296724948364602,0.39128292363620504,0.3911865655486308,0.4298804524776709,0.4300912461608956,0.39130448711979876,0.5377408573761525,0.3909795583950877,0.39096208904518687,0.5385236270454306
0.5385642992034797,0.3915745491561369,0.39158228988716254,0.5383952905458608,0.39221097473425215,0.43259169199518827,0.43224268616567013,0.3922053995827335,0.3921159074991638,0.43245371886623846,0.43266004908546163,0.39223457766334685,0.538206411630149,0.3919013941110605,0.39186866001186416,0.5389842547734974
0.5382884629756467,0.3931492421663535,0.39318053791267654,0.538130694236371,0.3937950640613105,0.43495499683507793,0.4346115822862962,0.3937874289192674,0.39370996265363734,0.43481706207099474,0.4350247007625825,0.39382516472217877,0.5379220244731343,0.39350727844879596,0.393442150875974,0.5387056552367478
0.5372781307437264,0.39535552981541044,0.39540882944413835,0.5371206908962387,0.3959976504116479,0.43699765066994095,0.4366560091050715,0.39598365701387384,0.39591966506107396,0.43684575210254983,0.43706160208812134,0.39602749466837095,0.5368879393300632,0.3957420073336055,0.39563577256582577,0.5376901228330836
0.5355663273108465,0.3981255209788738,0.39818666401216307,0.5354025696735457,0.39874123954797047,0.4386110928176898,0.4382656097790421,0.3987212673447054,0.39866925671277864,0.438432683742353,0.4386633136031731,0.39876583054354564,0.5351423991544844,0.39852626806135033,0.3983834869811163,0.5359711079778965
0.5332223324440398,0.40135647279664266,0.4014162436595553,0.533050072433382,0.40192710122273884,0.4397081726202072,0.43935117311160493,0.40190011335946574,0.4018596968093475,0.43949025020300664,0.4397416562458277,0.4019415875454355,0.5327598296490935,0.4017647282209728,0.40158829332068213,0.5336145357748039
0.5303505837709707,0.4049180271172907,0.4049793910785421,0.5301692509610941,0.40543815920360576,0.4402279713800893,0.43985049814699223,0.4053994012126137,0.40537070219474136,0.4399565936812822,0.4402346214559919,0.4054351552659833,0.5298471741691846,0.4053378796202365,0.40512066082502257,0.530720362948637
0.5270852141549673,0.4086696419518959,0.40873365571051246,0.5268928774810389,0.40913684018009766,0.44013718816035874,0.4397321225555464,0.40908359423207724,0.4090632391279694,0.4398036880360335,0.44011217309388084,0.40910835342836904,0.5265384056304591,0.4090985870012587,0.40883523324839494,0.5274211201711325
0.523581879275552,0.4124649109666566,0.412521383610278,0.5233740158630085,0.4128680149010367,0.43943651930800803,0.4389999508468985,0.4128041259623904,0.4127851282896374,0.4390377727060476,0.4393781532354476,0.41281111331932147,0.5229888533454194,0.4128872951847598,0.4125848446134367,0.5238762577727508
0.5200089027397692,0.4161435411387509,0.4161841104671676,0.5197800110836369,0.41647075995736693,0.4381626857389836,0.43769329967661275,0.41640247419795684,0.4163793254284856,0.43769909115864997,0.43807114662790475,0.41638959612534904,0.5193691700732397,0.41654826234066805,0.4162175664125609,0.5202618259567952
0.5165394857947931,0.4195360047064907,0.4195656681818635,0.5162863809929092,0.4197896532257808,0.4363848049300485,0.4358841276595265,0.4197199145019878,0.41969105364255493,0.43586235382634864,0.4362629665375319,0.4196906443807097,0.515858332357143,0.4199291547458297,0.4195731846943673,0.5167586744748405
0.5133454577406615,0.42248508582474986,0.42251077364438683,0.5130695005621871,0.4226784746448581,0.4342055551860178,0.43367470468550007,0.4226087770838389,0.42257292813798275,0.433631984511982,0.4340554201725812,0.42256477737794884,0.5126352257479986,0.4228762778820572,0.42249590974584966,0.5135423060608909
0.5105912797305536,0.42486048587921915,0.4248759633349983,0.5102978621148271,0.4250029170807651,0.43175565536607985,0.43119286514139105,0.42493763996649075,0.4248909600171949,0.43113656227317454,0.43157681927885705,0.4248751267660018,0.5098692266451103,0.42524581771575753,0.42485120239899865,0.5107756488822586
0.5084262805735613,0.42655466775247575,0.4265488420933802,0.5081221349525561,0.426649143863967,0.4291786600841357,0.4285843785783875,0.4265941182100719,0.4265334589489488,0.42852357742414315,0.4289743629005904,0.4265105705300259,0.5077099573619893,0.42692337634403366,0.42652900073274114,0.5086037315615823
0.506975235131013,0.42747973435708375,0.4274554283774376,0.5066652248953767,0.42753495853103607,0.426626883848488,0.4260064004643019,0.4274929992999368,0.42742010821568643,0.42595013723478314,0.4264047162334603,0.42739405886354437,0.506277483872949,0.42783054975044865,0.42744188216022744,0.5071480566905692
0.5063275795528706,0.42758208610936543,0.42755303705047276,0.5060134480134998,0.4276157462418839,0.4242597789903433,0.4236194919598405,0.4275871292565915,0.4275064178037947,0.4235745003633896,0.4240276124277996,0.42748296587475565,0.5056551713066226,0.42792000208637937,0.4275372896631067,0.5064984268921968
0.5065283332977149,0.42685877834189534,0.4268290700261206,0.5062101334100128,0.42688497300834866,0.4222286911331595,0.42157699513352587,0.4268719635175363,0.4267857924425371,0.4215495779671077,0.4219962855720047,0.4267691473049062,0.5058838427254224,0.42717924251763933,0.42681353179322346,0.5067030622269724
0.5075724088836098,0.42535431779426675,0.4253135110930453,0.5072520310624868,0.42537638679339573,0.42066653837913215,0.4200156463220292,0.42538245176637357,0.42529167874320795,0.4200113378642569,0.4204454353933267,0.42528317552750644,0.5069586394857174,0.4256445078796528,0.42531810347582544,0.5077604999635803
0.5094045579905273,0.4231463008022376,0.42308819847468243,0.5090881160724984,0.4231674686156466,0.4196870114065552,0.41904743584217824,0.42319170402628686,0.4231002956118028,0.4190675876547602,0.41948605419688245,0.42309923283272943,0.5088276925071684,0.4234032406473222,0.4231298665088185,0.5096162169214913
0.5119236840155681,0.42034430101192655,0.4202785861409916,0.511620915435834,0.42037830354700717,0.41937270826352296,0.41875140235735775,0.42041418726970414,0.42032937092853545,0.4187946290005725,0.4191981295392868,0.4203343699530264,0.5113929476931717,0.42057893421658993,0.4203540321940237,0.5121657393784689
0.5149892820774993,0.4170993440115115,0.41703833083006037,0.5147103533556087,0.4171633616523785,0.41976292229782475,0.4191676419184676,0.41720514164417566,0.41713190540655976,0.41923210312887277,0.4196195150011801,0.41714238352140415,0.5145130857587831,0.41731971260808004,0.4171351573028704,0.5152631519916204
0.5184288204904719,0.4136012016888919,0.41354542921031084,0.5181800723840457,0.4137031554661903,0.4208551127135213,0.42029342850241047,0.41375023383183496,0.4136885350134828,0.4203750322188621,0.42074547420575126,0.41370653489873327,0.5180098461201663,0.41380295172588344,0.4136622648059109,0.5187312761069427
0.5220449790425807,0.4100582617721016,0.4100044920019148,0.5218266258052133,0.41019860766293226,0.4226042530495101,0.422081223608431,0.4102512885389571,0.4101996585636387,0.42217407197501255,0.4225325171512638,0.4102299885124827,0.5216781600834961,0.41023703362920705,0.4101491163753842,0.5223715676025541
0.5256246385965441,0.40668040995827265,0.40663545682653335,0.5254315624548906,0.4068625387461575,0.4249208595191197,0.42444089999841916,0.4069162388742592,0.406875872770863,0.4245401409499041,0.4248936562399528,0.40692341001451837,0.5252984672829354,0.4068449102195059,0.4068076968400016,0.5259723447482861
0.5289500224881489,0.40367490967158476,0.40365011132660766,0.5287748823289872,0.40390455451411095,0.42767928099828256,0.42724391306584925,0.40395185257398725,0.40392486354197565,0.4273454951148645,0.42769738280443426,0.4039909971984288,0.528650394647475,0.4038406176087778,0.4038391385382976,0.5293176824638549
0.5318127940189616,0.40124059230595666,0.4012365881430472,0.5316493091800624,0.40151477314537043,0.43072260442287646,0.4303271672607865,0.4015512979385068,0.40153703299693155,0.43042697324441237,0.4307789354468013,0.40161942392919703,0.5315263729352452,0.4014155365642702,0.4014342917750923,0.5321981127623808
0.5340284768565966,0.39954736315521594,0.399556459332577,0.5338728332268584,0.3998525964651859,0.43386598804727794,0.4335009740832996,0.39987795483281785,0.399874003679887,0.43359532228842534,0.4339515577052663,0.3999686374043747,0.5337438215662923,0.39973305084468724,0.39976131523458325,0.5344247751344162
0.5354496643660788,0.3987156138275334,0.39873796884023555,0.5352995424527852,0.399039316685494,0.4369107527606879,0.4365625913984471,0.3990528862248578,0.39905826538551675,0.4366476051028365,0.43701492678384884,0.399160987139488,0.5351561691026345,0.3989181848209006,0.398942751110084,0.5358445403999217
0.5359760220535701,0.398812097369737,0.3988578653139455,0.5358284511402432,0.39914863511665244,0.43965722188436185,0.43930957973689255,0.39914829244745664,0.3991627844056905,0.43938175014886965,0.43976705840309316,0.39926886638994735,0.5356621631644262,0.3990420080084902,0.3990443539418662,0.5363534989768831
0.5355610101679947,0.3998550145972347,0.3999275115222024,0.5354102767479103,0.40019593313069857,0.4419124473323768,0.44155296919105524,0.40018168213966054,0.40020241361085074,0.44161092122417633,0.442017726137388,0.4003067294606204,0.5352139469650192,0.4001141444880861,0.40007998391437094,0.535905880887298
0.5342152820487764,0.4018083531728178,0.40189690890983215,0.5340533933643707,0.4021349103314552,0.4435107317349181,0.44313142342115736,0.402110152705498,0.4021318635202259,0.44317459210743815,0.44360290806680297,0.40223073650097974,0.5338230526613892,0.4020875923957777,0.40201305157802314,0.5345179569454515
0.5320078684222957,0.4045707203423042,0.4046652378377827,0.5318266975805641,0.4048631496473667,0.44433195303415207,0.4439239411204541,0.40483031570945405,0.4048500733856958,0.44395108269617545,0.4444010462521334,0.4049426275692488,0.5315628851608177,0.40486381397324145,0.40474736861520705,0.5322666318253725
0.5290652935540917,0.4079789200659667,0.4080820633542257,0.5288592995964265,0.4082297016807717,0.4443043587622527,0.44386017546804396,0.40818768577509684,0.40820660014802734,0.44387114975559555,0.4443435743345186,0.4082927981884865,0.5285673347559772,0.40829135486101187,0.40812527367249274,0.529285252701923
0.5255676943649407,0.4118295815221027,0.41194568623965794,0.5253355211044887,0.41204020215293913,0.4434130727461125,0.442929119569061,0.41198852096625826,0.41200778727149984,0.44292516568259604,0.4434186204190856,0.4120855307257568,0.5250244240388569,0.41216797660501137,0.4119446635232152,0.525757282236408
0.5217407977492726,0.41589774126234413,0.41601673821304785,0.5214846742289578,0.41606437648663985,0.4417106744957625,0.441182798930423,0.41600821674127386,0.41602586365098754,0.4411652726405759,0.4416769370439243,0.4160907174998592,0.5211649873315918,0.4162562032525275,0.4159797855275742,0.5219080181220028
0.5178426799143612,0.41994073472881766,0.4200446200561512,0.5175660493198553,0.4200519909258858,0.43930886067374364,0.43873439443196405,0.419999424513371,0.4200131007381173,0.43870609772427843,0.4392339363167691,0.4200621622335533,0.5172477433978231,0.42030463202788126,0.4199891232796454,0.5179933898676828
0.5141453244056124,0.42370326082114385,0.4237862247706138,0.5138506207507928,0.42375301525020537,0.43637001190345037,0.43575377928195586,0.42370816826694746,0.4237194388505653,0.43571863760078655,0.4362606656637654,0.4237547457268539,0.5135415015567254,0.4240621542806863,0.4237199379767146,0.5142839095309937
0.5109125572205396,0.42693973986667094,0.4270101859608152,0.510601106069724,0.42693435250880407,0.4331068032992151,0.4324575425436131,0.4268964680417388,0.4269091695728249,0.4324178632489506,0.4329715350067356,0.42693692251186594,0.5103064755386891,0.42728818538636626,0.4269281982546636,0.511044497761196
0.5083779836527853,0.42944237625176085,0.4295041105769677,0.508051676824718,0.4293914911858311,0.42976555078103323,0.4290924428198669,0.42936102858355574,0.42937628173576775,0.42905014221784865,0.42961233436296786,0.42940284926198036,0.507774889836264,0.42977018516073506,0.4294083038870936,0.5085115817555727
0.5067256421171301,0.4310546487473329,0.43109707650199264,0.5063897184310386,0.43096187797997043,0.4266014696908266,0.42591737688285597,0.4309431509697492,0.43095882698848215,0.42587660257663085,0.4264411950650933,0.43098764274556234,0.5061332057540566,0.43134688067860977,0.4310085916890873,0.5068715305665935
0.5060758137211248,0.43167139064549614,0.43168402573387454,0.5057402353968073,0.43153999056645875,0.4238650401329124,0.42318325208398255,0.4315366539941703,0.4315525253343081,0.42314854044098293,0.4237082757830497,0.4315830705498549,0.5055061514487335,0.4319212969618149,0.4316282988498235,0.5062441233591551
0.5064761536344363,0.4312453344366831,0.43123309967864315,0.506154430103832,0.431088679087638,0.4217832066171957,0.42111325900510205,0.4310993773108994,0.4311191498673872,0.4210865827995953,0.4216383296712431,0.43114907651449363,0.5059446697579992,0.43145954938956854,0.4312178650176919,0.5066732224051312
0.5078977336316688,0.42980280840992424,0.4297795096603367,0.5076034494499797,0.4296416225808604,0.42053396601353493,0.4198855738664404,0.4296628628191229,0.42969003829847335,0.4198670810711338,0.42041109397522314,0.4297186127266742,0.5074190579619863,0.42998906896315847,0.42979621907005117,0.5081246489391875
0.5102358003296987,0.4274510307979369,0.4274235647785932,0.5099784731621274,0.42730150343050893,0.4202330198125399,0.41961757021616786,0.4273323528184794,0.4273661505911145,0.419606345944222,0.420141775634594,0.42739711738489317,0.5098190352951878,0.42760644810317777,0.427467086024749,0.5104893541921959
0.5133148652038152,0.424365903719739,0.4243350334220666,0.5130970905674612,0.4242371527275595,0.4209258389561607,0.4203515931133317,0.42427832297458973,0.4243160988917709,0.42034519680061727,0.420872522105055,0.42435679694434847,0.5129603407070058,0.4244849321492141,0.42441082398498153,0.5135903145950408
0.516899055763723,0.42077507946620374,0.4207476932315762,0.5167166359564397,0.4206780932955539,0.42257748686492336,0.42204937534978515,0.4207264536209068,0.4207677266902428,0.42204522468871186,0.42256901382153944,0.4208255316137256,0.5165988996738435,0.4208645880590617,0.42085977725455237,0.5171928498373479
0.5207085123207433,0.4169487310017235,0.4169385488613175,0.52055282409868,0.4168993851382247,0.4250760860152763,0.42459572241969396,0.4169470008155972,0.41699343172469294,0.4245934248882808,0.42511802037295887,0.4170718554207722,0.520449232805156,0.41702759041786835,0.4170800873215392,0.521018584870139
0.5244406081837857,0.41319005828673505,0.4132037822811717,0.5243020013546722,0.4131988398693781,0.42824391104298093,0.4278054971168181,0.41323789136280087,0.4132900129598226,0.42780547679133235,0.42833196989779504,0.4133878659858913,0.524206595703363,0.4132739273489191,0.41336402591119253,0.5247644572079228
0.5277944317601849,0.4098102374399482,0.409842252553465,0.5276647354379718,0.40987328675691753,0.43184243757909724,0.4314329752215751,0.40989995878618457,0.4099568041818341,0.43143437474557117,0.43196432131107837,0.4100699054466924,0.5275702620869398,0.40990397221725616,0.4100143302577072,0.5281262916935956
0.5304960396290571,0.4070929881680154,0.4071381928103928,0.5303686591025866,0.40719759251895915,0.4355863455370927,0.43519097314056043,0.407210900396035,0.4072728162398201,0.43519125788095075,0.4357294747924694,0.4073956383194328,0.5302668139394054,0.40719942201707,0.40731413230723273,0.5308251909117063
0.5323207704173811,0.4052685534781214,0.4053330788093479,0.5321896531331209,0.40540415652808437,0.43917138590436083,0.4387737392840019,0.405402614774903,0.40547211963228325,0.43877028143840674,0.43932306776095437,0.40559866737636746,0.5320715634613055,0.4053964442510807,0.4054962986434932,0.5326326158686623
0.533111989928208,0.4045020500975611,0.4045939602256211,0.5329699757730567,0.4046598904221576,0.4422972439268134,0.44188095047257936,0.40464194375895485,0.40472024060513995,0.4418722502209527,0.4424450263844997,0.40484496715506496,0.5328276082070568,0.40465947490546017,0.40472590308811623,0.5333913354857632
0.5327945180903543,0.40488224295656994,0.4049972553970349,0.5326328783733708,0.40504650397010983,0.44468955362879603,0.4442439585731904,0.40501274068318405,0.4050972539665468,0.4442285766346468,0.44482401363843616,0.4052167611264077,0.5324607799777268,0.4050671933284256,0.40508969810612516,0.533029872826797
0.5313824509237769,0.406403597583616,0.4065290698531411,0.5311920316618641,0.40655177269316145,0.44613080587546805,0.4456499536073724,0.40650413824306153,0.4065912962594343,0.4456250672797468,0.44624355234404567,0.4067049509113288,0.5309889601288242,0.4066086838329602,0.4065843100611827,0.5315694258446113
0.5289813428192615,0.40895693685570333,0.4090873708738353,0.5287549236929607,0.409071625979301,0.4464827616242819,0.44596088326627736,0.40901051956295653,0.40909955227210554,0.44592366056790395,0.4465662230741781,0.4092085639472548,0.5285246701508348,0.4091812948993397,0.4091070546780713,0.5291232933180949
0.5257833543143755,0.41234167091122575,0.412481319968606,0.5255179210695703,0.41241734244745365,0.4456965027342472,0.44513033155998905,0.4123427242661529,0.41243478126833133,0.4450800455570385,0.44574800388098385,0.4125394132809985,0.5252688160484742,0.4125910992597572,0.41246216625215487,0.5258896504496698
0.5220551813331876,0.4162922309876764,0.41643945945089855,0.5217531165568253,0.41632714122860914,0.4438239797488883,0.4432140715865911,0.4162427483294863,0.41633713257336413,0.44315142492785176,0.4438429978450875,0.4164351716575201,0.5214961629884038,0.4165660834765319,0.41638371467308816,0.5221378978339917
0.5181183613605709,0.42049887338752234,0.42063856603365246,0.5177865127410901,0.4204852611490639,0.4410201381722014,0.44036776144210543,0.42040001706174523,0.4204935916151289,0.44029352207499006,0.44100505958078745,0.4205821912124544,0.5175331438320774,0.4207840717951412,0.4205617278885337,0.518189213547244
0.5143222303805124,0.4246227233970344,0.42473987177152994,0.5139700423351427,0.42455133177776117,0.4375264631185396,0.4368359372142108,0.42447411292145243,0.42456488744879955,0.43675264016801857,0.4374813824847824,0.4246439281277191,0.513729861096082,0.42490320413945215,0.42466078162330195,0.5143910956615103
0.5110115835104491,0.4283200387913623,0.4284155848129687,0.5106492261173494,0.4281922328244295,0.43365410048181174,0.4329363893593855,0.4281265803191551,0.4282156833881804,0.4328479163806645,0.4335897691941207,0.428289139210416,0.5104284196808573,0.42858669355216816,0.42834079300757955,0.5110866095018213
0.5084925653210941,0.43128031640199466,0.4313651745711128,0.5081300559389968,0.43110905614860573,0.4297640310141358,0.42903239992186853,0.43105529194264974,0.4311440177297473,0.42894167914116177,0.42968996376687607,0.43121777626189817,0.5079310737773739,0.4315274781970527,0.43129149056800004,0.5085810770111336
0.5070008441227969,0.43326162285997244,0.43333752700153855,0.5066483410448591,0.43305985270135094,0.4262284953161804,0.4254959567521641,0.43302117650585426,0.4331072189596057,0.4254057579602569,0.4261535641661702,0.43318596123091563,0.5064709726019624,0.4334784351772102,0.4332708120798988,0.5071098094409244
0.5066766867986388,0.43410693464263084,0.43416303033150505,0.5063453499208244,0.43388146865939253,0.4233916567811723,0.4226724202961559,0.4338644527793354,0.4339440341137106,0.42258789149227827,0.42332784184142735,0.43402899949707685,0.5061881271318065,0.4342808820673137,0.4341241746175627,0.5068119250836601
0.5075499574009774,0.43374882327346054,0.433778974464513,0.5072518613514756,0.4335088926050097,0.42154167574842455,0.4208482513973584,0.43351704769452626,0.433590184567449,0.42077351486164205,0.4214984317199199,0.4336787894631177,0.5071132260665346,0.4338781679738882,0.4337858044961634,0.5077143430483702
0.5095366804968922,0.43221838260500955,0.43223324161000043,0.5092827769401094,0.43198449411423434,0.42087879998301325,0.42021889120682065,0.4320136094099724,0.4320851412450654,0.42015393010195146,0.4208617659397268,0.4321726192781199,0.5091615849581801,0.43231453995118563,0.4322831178678441,0.5097284503452297
0.5124464434465306,0.42965610205615457,0.42967252149829666,0.5122432133555557,0.4294534130739398,0.4214858520267653,0.4208644515078194,0.42949472154807605,0.4295697634709308,0.42080859306834223,0.4215029100331371,0.42965289922666305,0.5121385011346294,0.4297306990669809,0.4297498857493109,0.5126591879212753
0.5159999360527234,0.4263066478172238,0.42633139412803905,0.5158459571234217,0.426150898123118,0.42332106815079845,0.42274052764227193,0.4261968831981228,0.42627726637257163,0.4226931748911251,0.423378403295416,0.426357949200656,0.5157560780096933,0.42636089024333257,0.42642732069786954,0.5162239446021619
0.5194677958902212,0.42285671455861285,0.4228869461407019,0.5193485486375968,0.4227464746282982,0.4259133227739155,0.4253676283958041,0.422791123796231,0.4228765562227656,0.4253241223650235,0.4260056003950733,0.422961465504092,0.5192694999091254,0.4228905173374277,0.4230007244828766,0.5196928239117126
0.5225005578682448,0.41970813946452484,0.41974475064366146,0.5223975487984792,0.41963894384792605,0.42887581061810526,0.4283568387627821,0.4196754194213451,0.4197674318645372,0.42831206824842905,0.42899680504096993,0.4198623979220673,0.5223246473610641,0.4197300663260416,0.4198721551414627,0.5227201090774812
0.5248883382508132,0.4172150270401223,0.4172630935356196,0.5247843596198968,0.4171830145195296,0.4318735875245677,0.4313718385406019,0.4172041726641472,0.41730523807527703,0.4313241903775823,0.4320180144224108,0.4174115553139803,0.5247127211870674,0.4172394312885149,0.41739262758655477,0.5250998061332112
0.5265619321660032,0.41557347356454355,0.41563311419720117,0.5264451490882468,0.4155700329801789,0.4345662329661766,0.43407027550531097,0.4155725987884827,0.41568295788547505,0.43401950623233504,0.43472452934952877,0.4157981474367203,0.52637044331755,0.41560877378265476,0.4157561824209665,0.5267651753904716
0.5275648531612315,0.4147711237925537,0.4148356843872343,0.5274298102886664,0.4147813136708582,0.4367158497548172,0.43621560793487313,0.41476723439869306,0.4148848756864884,0.4361601372511715,0.43687748830317735,0.4150056094020065,0.5273491161057284,0.41481645804524236,0.4149522240396559,0.527760290489101
0.5280162583914968,0.414642691088415,0.4147066407701877,0.5278634033468508,0.41465318576190147,0.43822871281427,0.4377192170131578,0.41462627005489106,0.4147491497970005,0.4376585192304818,0.43838799420422686,0.414873591699478,0.5277753798243378,0.4146947555408211,0.4148192704057644,0.5282040192064831
0.5280805782101627,0.4149489134715014,0.41501191259490766,0.5279133173545156,0.4149530119938477,0.4391067637645822,0.4385871193690602,0.4149174029402179,0.4150438485361804,0.43852193271360995,0.4392617582643183,0.41517091514616955,0.5278188447162441,0.4150066764752999,0.4151208066508679,0.5282612638135025
0.5279449346936567,0.4154122745488,0.4154759351861972,0.5277681105270731,0.415410000206362,0.4394646966101094,0.4389366148679873,0.415369118309711,0.4154976957851059,0.4388683189144394,0.4396150662950883,0.4156264631786207,0.5276692195065422,0.4154750427347923,0.41558055742342215,0.5281203694808082
0.5277969068400512,0.41575265511019854,0.41581678210540496,0.5276153272203057,0.4157461555718605,0.4395188377986458,0.43898635467588887,0.41570344209660687,0.41583272009909533,0.4389163212482581,0.4396661832628448,0.41596209488358615,0.5275143408432384,0.41581786611587307,0.4159187768968961,0.5279696533766446
