-1.0,-1.0,-1.0,-1.0,-1.0,-1.0,-1.0,-1.0,-1.0,-1.0,-1.0,-1.0,-1.0,-1.0,-1.0,-1.0
-0.9999806433149269,-0.9999806433289141,-0.9999806433289146,-0.9999806433149275,-0.999980643328915,-0.9999806433429016,-0.9999806433429009,-0.9999806433289138,-0.9999806433289138,-0.9999806433429003,-0.9999806433429004,-0.9999806433289136,-0.9999806433149265,-0.9999806433289136,-0.9999806433289132,-0.9999806433149258
-0.999829606350455,-0.9998296076408308,-0.9998296076408378,-0.9998296063504617,-0.9998296076408446,-0.9998296089312094,-0.9998296089312161,-0.9998296076408506,-0.9998296076408506,-0.999829608931216,-0.9998296089312225,-0.9998296076408568,-0.9998296063504732,-0.999829607640864,-0.9998296076408704,-0.9998296063504801
-0.9993408243079296,-0.9993408517832278,-0.9993408517836257,-0.9993408243083268,-0.9993408517840235,-0.9993408792582347,-0.9993408792586325,-0.9993408517844212,-0.9993408517844211,-0.9993408792586327,-0.9993408792590309,-0.9993408517848197,-0.9993408243091232,-0.9993408517852177,-0.999340851785615,-0.9993408243095202
-0.9982494537577848,-0.9982497283620662,-0.9982497283694824,-0.9982494537652017,-0.9982497283768983,-0.9982500029436773,-0.9982500029510916,-0.9982497283843125,-0.9982497283843127,-0.9982500029510859,-0.9982500029585002,-0.998249728391728,-0.9982494537800358,-0.9982497283991437,-0.998249728406562,-0.9982494537874543
-0.996278303728362,-0.9962794379854821,-0.9962797584203753,-0.9962782461775402,-0.9962795654242832,-0.9962809015158524,-0.9962808266708529,-0.9962797724142564,-0.9962795178223466,-0.9962808853558685,-0.9962808412442145,-0.9962797848705341,-0.9962786124334093,-0.9962796339325755,-0.9962796704905749,-0.9962783003444242
-0.9931924614897654,-0.9931977957169238,-0.9931981138206173,-0.9931932618339625,-0.9931975653647651,-0.9932032593838526,-0.9932033016563298,-0.9931981237446835,-0.9931979167174928,-0.9932033246010623,-0.9932040236066557,-0.9931977212686014,-0.9931934272391001,-0.9931978459998279,-0.993198001158184,-0.9931926588762536
-0.9888526595844583,-0.9888709325809012,-0.9888718150399729,-0.988853757642584,-0.9888707291037834,-0.9888896880645461,-0.9888897765818458,-0.9888716175757672,-0.9888713595061189,-0.9888897299824898,-0.9888906590750162,-0.9888713907224446,-0.9888543819954657,-0.9888712080394001,-0.9888715533251324,-0.9888532678009666
-0.9832520172754422,-0.9832996807305604,-0.9833057870877309,-0.9832548976921108,-0.9833000909834897,-0.9833525762621463,-0.9833562295957681,-0.983304420512732,-0.9833044786770322,-0.9833527460099359,-0.9833561006528555,-0.9833055676523854,-0.9832601505682224,-0.9833022056525218,-0.9833036369883775,-0.983255475999351
-0.976539177605744,-0.9766412535799193,-0.9766576289643663,-0.9765458296353808,-0.976642796465663,-0.9767579623468741,-0.9767706248501127,-0.9766540541425744,-0.9766555366615548,-0.9767584740002766,-0.9767680910384727,-0.9766575522156429,-0.976560710422593,-0.9766478162321006,-0.9766512769196064,-0.9765479592833699
-0.969030077560729,-0.9692242803986719,-0.9692491082629336,-0.9690402002807562,-0.9692269296699351,-0.969440632293496,-0.9694627868038448,-0.969243879318322,-0.9692473614852691,-0.9694414347715108,-0.9694577011116805,-0.969248584313591,-0.9690629924106208,-0.9692338392387378,-0.969238456015052,-0.9690425989590581
-0.9620863386269788,-0.9624195900596401,-0.9624414680909814,-0.9620960177554403,-0.9624229982158932,-0.9627704643629387,-0.9627935572090742,-0.9624381993154993,-0.9624427565173862,-0.9627718261450384,-0.9627886779826397,-0.9624414137438321,-0.9621169841315595,-0.9624287790517458,-0.9624318638694077,-0.96209698164399
-0.9564454311787848,-0.9569779971759417,-0.9569882295443466,-0.9564513797853874,-0.9569828970375337,-0.9575126661940144,-0.9575270835558076,-0.9569904562543237,-0.9569942021764928,-0.9575145564931757,-0.9575252416174317,-0.9569907253939909,-0.9564625919382856,-0.9569853877816276,-0.9569851982537758,-0.9564504015336349
-0.9526802704679999,-0.9534670766913016,-0.9534689016906462,-0.9526824444349388,-0.9534754285159636,-0.9542393446681007,-0.9542445730919624,-0.9534770732872875,-0.9534791111200273,-0.954241412693849,-0.9542449269491385,-0.9534758025431176,-0.9526866673440632,-0.9534739617280217,-0.9534713574819422,-0.9526811081350233
-0.9511313691291625,-0.9522000546615033,-0.9522039916271665,-0.9511340046393467,-0.9522124370854923,-0.9532431718031337,-0.9532475586182181,-0.9522173419488879,-0.9522175024411692,-0.9532452191739512,-0.9532467496345486,-0.9522166170945373,-0.9511417226591868,-0.9522093939190015,-0.9522060875970136,-0.9511342783780501
-0.9518993451315989,-0.9532401958462472,-0.953253157458223,-0.95190609339905,-0.9532554728283635,-0.9545467299515877,-0.9545586658696171,-0.953269642881024,-0.9532696162819523,-0.9545485930902174,-0.9545543139538741,-0.9532708773802183,-0.9519247711938102,-0.9532540341397295,-0.9532501941018818,-0.9519082718289035
-0.9548714197722864,-0.9564430629965083,-0.9564601879214649,-0.9548802806575315,-0.9564602856985653,-0.9579650796574697,-0.9579832794311505,-0.9564793025049908,-0.9564801486459622,-0.9579661924912948,-0.9579764158284659,-0.956481018520266,-0.9549058657461458,-0.9564592089741625,-0.9564542815078771,-0.9548830428161473
-0.9597400285638152,-0.9614826002808274,-0.9614927279812971,-0.9597467404666662,-0.9615005062302895,-0.9631473990647467,-0.9631617415942254,-0.9615143018269099,-0.9615154009804282,-0.9631480858592076,-0.9631565628437277,-0.961514025453659,-0.9597666148165173,-0.9614962092025403,-0.9614894812075525,-0.959747514851272
-0.9660139597296421,-0.9678523494235807,-0.967848631402162,-0.9660156439030181,-0.9678684341638064,-0.9695759167794956,-0.9695778800208152,-0.9678711284347861,-0.9678713529675509,-0.9695765887417128,-0.9695767475540938,-0.967867703351246,-0.9660214902409262,-0.9678600580906126,-0.9678516363117741,-0.9660137796671322
-0.9730489713981079,-0.9748840641474548,-0.9748706975283734,-0.9730464279878626,-0.9748970823822973,-0.9765706374915955,-0.9765609788761443,-0.9748906005431426,-0.9748893050827799,-0.9765712211789932,-0.9765637254537642,-0.9748856765704293,-0.9730399780759929,-0.9748862639667966,-0.9748783389967337,-0.9730429998401962
-0.9801135508790346,-0.9818203662329982,-0.9818067129368023,-0.9801100328236123,-0.9818297743143265,-0.9833574895196623,-0.9833442587053391,-0.9818212223511259,-0.9818191453095325,-0.9833579984026101,-0.9833483705844631,-0.9818169777309669,-0.9800996213384391,-0.9818200648587281,-0.9818145628454875,-0.9801068138021556
-0.9864854527798824,-0.9879272309246645,-0.987918131517197,-0.9864830400577295,-0.9879324511707092,-0.9891912346355277,-0.9891806537937451,-0.987926334513671,-0.9879246503210156,-0.9891913811570531,-0.9891841591804804,-0.9879237490317307,-0.9864744176023165,-0.9879259333612596,-0.9879234810075541,-0.9864805629623075
-0.9915383624285642,-0.9925905046444772,-0.9925840236282621,-0.9915366094976188,-0.992591124931101,-0.9934665963908464,-0.9934586910439525,-0.9925865693745225,-0.9925856835939597,-0.9934662085572923,-0.993461699686977,-0.9925851654216158,-0.9915293277105928,-0.9925878569254367,-0.9925875939164598,-0.9915347065984361
-0.9947925058984637,-0.9953619413149755,-0.9953553057129257,-0.9947904107905069,-0.9953583330241323,-0.9957671599474699,-0.9957595553399086,-0.9953531631665751,-0.9953524531372532,-0.9957664652478547,-0.9957629700035675,-0.9953521756147524,-0.9947819481223918,-0.9953573170928803,-0.9953585387955153,-0.9947887829651593
-0.9959369641018984,-0.9959703258260516,-0.9959651593025073,-0.9959348896203413,-0.9959640094425086,-0.9958657575407046,-0.9958589815577,-0.9959585220183755,-0.9959578504866285,-0.9958649990261271,-0.9958624224990313,-0.9959583584517852,-0.9959263722178733,-0.9959645909886556,-0.9959670759510346,-0.9959337733051292
-0.9948474907826241,-0.9943344940548846,-0.9943335787158462,-0.9948467429104263,-0.9943274695610712,-0.9937252780756889,-0.9937219921937084,-0.9943230024808996,-0.9943231518677387,-0.9937239565782068,-0.9937250074016888,-0.9943245824359646,-0.9948407038080892,-0.9943287127901073,-0.9943327916809185,-0.9948467800247123
-0.9916079173298398,-0.9905878180822386,-0.9905886882804456,-0.9916088819104718,-0.9905813527437581,-0.989524695307863,-0.9895238402689814,-0.9905774747055129,-0.9905815827980248,-0.9895217988153305,-0.9895258785885668,-0.9905815717705884,-0.9916061607578556,-0.9905807558286208,-0.9905864180794572,-0.9916109078298238
-0.9865079222699458,-0.9850767453032209,-0.9850750538692653,-0.9865103848231318,-0.9850722779043058,-0.983663951056781,-0.9836614627328095,-0.9850668569918274,-0.9850785647400226,-0.9836598861725917,-0.983661885264042,-0.9850717336453838,-0.9865098292466036,-0.985067472393681,-0.9850732462053617,-0.9865137061409892
-0.9800111936117399,-0.9783200598834301,-0.9783158239126795,-0.9800143988908989,-0.9783196854366546,-0.976717397196996,-0.9767111772483293,-0.9783120071142406,-0.9783310043578783,-0.976714298485906,-0.9767093296699306,-0.9783146659222138,-0.9800162819589915,-0.97831144247685,-0.9783147305168571,-0.9800169844503602
-0.9726933374341755,-0.9709319309961029,-0.9709325617130018,-0.9726971398859444,-0.9709379572618847,-0.9693390838389239,-0.9693337385404857,-0.9709324001865128,-0.9709516557279534,-0.9693383511121081,-0.9693300800066629,-0.9709326501969961,-0.9727060678303515,-0.9709307875681964,-0.9709305858558931,-0.9726979642400306
-0.9651755575265843,-0.963548791181066,-0.9635633198436891,-0.9651812533782076,-0.9635628006590098,-0.9621748242594219,-0.9621793804029619,-0.9635668971574379,-0.9635771854845898,-0.9621759824156395,-0.9621749080574773,-0.9635679811659517,-0.9652024348454725,-0.9635606935279721,-0.9635579864824759,-0.9651819546289904
-0.9580765723563912,-0.9567867178544734,-0.9568159949823246,-0.958085492623553,-0.9568087083937329,-0.9558224125994739,-0.9558418575797663,-0.9568264612583209,-0.9568255860508994,-0.9558240540763585,-0.9558380293791662,-0.9568326622203247,-0.9581197406932449,-0.9568111924675157,-0.9568083363720744,-0.9580891842660504
-0.9519785068416523,-0.9512167611522163,-0.9512503691474657,-0.951991147167407,-0.9512450212684829,-0.9508240347632029,-0.9508523704875644,-0.9512718544871422,-0.9512678649994531,-0.9508249766607537,-0.9508494148026979,-0.9512835390000028,-0.9520328026992235,-0.951247624689301,-0.9512449339379315,-0.9519993445942315
-0.9473905831805572,-0.9473272368615391,-0.9473517484671989,-0.9474056828131693,-0.9473592456242879,-0.9476380818046108,-0.9476631929487078,-0.9473877846556104,-0.9473898393313633,-0.9476395121457569,-0.9476595167842295,-0.947399200900953,-0.9474468786926069,-0.9473575325527189,-0.9473521903446124,-0.9474159987809707
-0.9446958599545535,-0.9454618324897048,-0.9454732516983955,-0.9447112458869644,-0.9454967390008209,-0.946572979088941,-0.9465869093927308,-0.9455216849489987,-0.9455316674452983,-0.9465770112184494,-0.9465811757194709,-0.9455263644585741,-0.9447478875410201,-0.9454896417984802,-0.9454788190791897,-0.9447190014807119
-0.9440976802879701,-0.9457592546272064,-0.9457656371718652,-0.9441120676278768,-0.9457961790853346,-0.9477108545424384,-0.9477163518995357,-0.9458199229677664,-0.9458300631220509,-0.9477188631056868,-0.947709023520395,-0.9458167212840713,-0.9441473462578526,-0.9457892302835049,-0.9457715839125649,-0.9441150491057748
-0.9455972629169463,-0.9481357410130183,-0.9481485521936085,-0.9456109934666809,-0.9481737446028421,-0.9508864844530258,-0.9508931266803907,-0.9482036604669123,-0.9482027210934145,-0.9508969741992099,-0.9508858928313311,-0.9481976863533937,-0.945649955420651,-0.9481738145792559,-0.9481508848851637,-0.9456111842630704
-0.9490124356829293,-0.9523229729532036,-0.9523457422944296,-0.9490266861873943,-0.9523606801432187,-0.9557413708159773,-0.9557559857630998,-0.9524001272704389,-0.9523852024167022,-0.9557513932024089,-0.9557501778531335,-0.9523973295356926,-0.9490697334436075,-0.9523681868334026,-0.9523443760760784,-0.9490274665039511
-0.9540212465981127,-0.9579290682775579,-0.9579546298895709,-0.9540358702757992,-0.9579655319018644,-0.961810489682406,-0.9618310274058377,-0.9580088520214063,-0.9579878368876715,-0.9618192010611107,-0.9618269835038139,-0.9580104008228677,-0.9540766231707437,-0.9579735153644742,-0.9579529463612257,-0.9540386870540685
-0.9602011950880238,-0.96448263105005,-0.9645010411122047,-0.960214698532173,-0.9645176211682849,-0.9685793280675423,-0.9685974220667154,-0.9645546152563582,-0.9645379205378248,-0.9685884536426189,-0.9685947684197599,-0.964556411803588,-0.9602444034846185,-0.964518601066979,-0.9645020595396616,-0.9602171754996475
-0.967051122466255,-0.9714499685697804,-0.9714566533511199,-0.9670612518322732,-0.9714801495431593,-0.9754946460534182,-0.9755036107904695,-0.971503574226786,-0.9714961646337626,-0.975505710234652,-0.9755020473844923,-0.9715007110605657,-0.9670757394026815,-0.9714736227423686,-0.9714601734487517,-0.9670600834658772
-0.9740155361446596,-0.978250743647567,-0.9782496841078425,-0.9740206878838275,-0.9782725228983786,-0.9819704646684246,-0.9819710006290381,-0.9782827634535884,-0.9782811089480834,-0.9819835325011882,-0.9819709703870808,-0.9782749226213743,-0.9740226138805715,-0.9782642191949779,-0.978253602385823,-0.9740151166154832
-0.9805207020009414,-0.9842995277714016,-0.9842977628882934,-0.9805213094404542,-0.9843109300193834,-0.9874270044343716,-0.9874245401841855,-0.9843134874256196,-0.984311206096904,-0.9874402830629316,-0.9874264567168193,-0.9843043327976476,-0.9805155573825196,-0.9843063969073378,-0.9842993325816602,-0.9805133841875886
-0.9860313411722522,-0.9890734550845365,-0.9890732260507513,-0.9860285322452047,-0.9890750163396812,-0.9913661038675488,-0.9913641212263643,-0.9890737698242468,-0.9890695337864618,-0.991377665149499,-0.9913684481277182,-0.9890680239227629,-0.9860182213735212,-0.9890749654511264,-0.9890727244414241,-0.9860213881310166
-0.9901067847857946,-0.9921757478179782,-0.9921741715679429,-0.9901015540971849,-0.9921697070120131,-0.9934431936185807,-0.9934407200930939,-0.9921648232086531,-0.9921620853686154,-0.9934531903781653,-0.9934477792232347,-0.992163572323276,-0.990087006842824,-0.9921710568968973,-0.9921739780658109,-0.990097096101698
-0.9924353619616941,-0.9933641594333087,-0.993358604720961,-0.9924280826845142,-0.9933532970499184,-0.9934932362994675,-0.9934876794263748,-0.9933426241561414,-0.993345345710271,-0.9935028590864793,-0.9934971728025979,-0.9933445069871647,-0.9924096183779222,-0.9933533866712403,-0.9933601082974322,-0.992425614854945
-0.9928417947102495,-0.9925461956438195,-0.9925386103128118,-0.9928330285012243,-0.9925327950880058,-0.9915134769583631,-0.9915040926541578,-0.9925166485381343,-0.9925244202715882,-0.9915234844206914,-0.991516058237899,-0.9925206924068649,-0.9928137025437587,-0.9925323875677039,-0.9925411656680653,-0.9928321128378523
-0.9912859926282471,-0.9897663157850809,-0.9897620976949988,-0.9912773540266777,-0.989752773894212,-0.9876345979499315,-0.9876265360449848,-0.9897361915932275,-0.9897447299813504,-0.987645224977469,-0.9876404859912284,-0.989741170223559,-0.9912614127265005,-0.989752910552123,-0.9897634792723056,-0.9912769957483709
-0.9878607683561813,-0.9852036591561474,-0.9852061366374006,-0.9878543551019889,-0.9851919839167209,-0.9821174085088133,-0.9821173511717091,-0.9851815249456601,-0.9851885270121084,-0.9821280179735384,-0.9821324271734386,-0.9851879295480026,-0.9878459960802205,-0.9851919452814828,-0.9852055228005374,-0.98785540495239
-0.9827951386174886,-0.979177563446098,-0.9791826102682321,-0.9827915885538198,-0.9791680782524539,-0.9753609887362777,-0.9753685562972999,-0.9791650929644709,-0.9791738730445176,-0.975370672524361,-0.9753835228142929,-0.9791737716347719,-0.9827919291519096,-0.9791665316457032,-0.979182935141117,-0.9827970405537395
-0.9764453486944596,-0.9721330219750165,-0.9721325516667401,-0.9764438922075087,-0.9721249595823208,-0.967885749149382,-0.9678926206774121,-0.9721247613589417,-0.9721415775050356,-0.9678949213352256,-0.967906565161655,-0.9721353232715396,-0.9764510443102022,-0.9721230632304072,-0.9721384370901048,-0.9764554099897227
-0.9692623229514671,-0.9645914500375969,-0.9645829852375535,-0.9692626628434449,-0.9645861664559836,-0.9602718397725781,-0.9602707178650509,-0.9645842247221137,-0.9646106362302286,-0.9602825942622182,-0.9602826924583903,-0.9645939779729285,-0.9692746203633069,-0.9645869783796935,-0.9645955189001367,-0.9692780612134674
-0.961740161848974,-0.957084610236641,-0.9570764259881102,-0.9617440961254952,-0.9570877031155213,-0.9530773251462618,-0.95307037577789,-0.9570864851298866,-0.9571152091699954,-0.95309048578431,-0.9530797063578612,-0.9570925782128085,-0.9617622875190028,-0.9570930179326721,-0.9570907810565922,-0.9617579946793032
-0.95436661834321,-0.9501037151653102,-0.950108604075542,-0.9543772511223523,-0.9501204129439328,-0.9467789737510247,-0.9467776972125806,-0.9501311907634716,-0.9501495759383531,-0.9467922475183472,-0.9467826767673972,-0.9501325123702848,-0.9544070305302355,-0.9501297162439767,-0.9501181963893982,-0.954386071033255
-0.947595774540945,-0.9440816159625485,-0.9441056404783562,-0.9476152345741301,-0.9441141956190868,-0.9417609086084413,-0.9417779245795198,-0.944146743671932,-0.9441481885540234,-0.9417711383476806,-0.9417777263170224,-0.9441456543141958,-0.9476610192642831,-0.9441231796957708,-0.9441077432278369,-0.9476202309108195
-0.9418379060706287,-0.9393941987064994,-0.9394311622703723,-0.9418649571574066,-0.9394394368957744,-0.9383341250236388,-0.9383713984199024,-0.9394926666255987,-0.9394826930747903,-0.9383401728399758,-0.9383665563940446,-0.9394924237613862,-0.9419246178227887,-0.9394427746885441,-0.939428148671049,-0.9418703154516082
-0.9374497055987981,-0.9363539029192142,-0.936388868780515,-0.9374804271922388,-0.9364049168407171,-0.9367429712380654,-0.9367872845464772,-0.9364664619212679,-0.9364581431061512,-0.9367459443792767,-0.9367782669606879,-0.9364682667058273,-0.9375456344328297,-0.9364006109927608,-0.9363871539203181,-0.9374903344895957
-0.9347083627777385,-0.9351723290813998,-0.9351945056538459,-0.9347385007746349,-0.9352238471949653,-0.9371228057908221,-0.937157538148526,-0.935278980677156,-0.9352817279103649,-0.9371256624675224,-0.9371447487255979,-0.9352807897631885,-0.9348011570291294,-0.9352157161435407,-0.9351980651629055,-0.9347526890902005
-0.9337751738573388,-0.9359154612803355,-0.9359275081340077,-0.9338026381126591,-0.9359679974007652,-0.9394450997988466,-0.9394639535891128,-0.9360101240232,-0.9360226080838995,-0.9394508132728729,-0.9394479749261335,-0.9360084275556565,-0.9338591650323895,-0.9359604154612648,-0.9359338491260345,-0.9338159019718804
-0.9346699220283987,-0.938483795851015,-0.9384988767777918,-0.9346957501991252,-0.9385425584222324,-0.9434976386771249,-0.9435089867750948,-0.938577259511783,-0.9385895959267188,-0.9435069575160874,-0.9434902366618945,-0.9385701217933178,-0.9347482343148887,-0.9385360521872854,-0.9385007877356344,-0.9347020013308739
-0.9372749210635262,-0.942636175998091,-0.9426659202000925,-0.9373017681295721,-0.9427062582982046,-0.9489236690485559,-0.9489407569971873,-0.9427460961515841,-0.942747158687552,-0.9489346880246499,-0.9489190984061009,-0.9427344091552954,-0.9373537293371429,-0.9426968244378564,-0.9426580749644218,-0.9372984238368176
-0.9413653504630933,-0.948042256482794,-0.9480866779314098,-0.9413940340267287,-0.9481236558016075,-0.9552915091960896,-0.9553204135904179,-0.9481746448938787,-0.9481623827559797,-0.9553014213083526,-0.9552960001956936,-0.948162975104992,-0.9414465184428539,-0.9481063607346811,-0.9480698724975688,-0.9413851591454061
-0.946646243812414,-0.9543285751639379,-0.9543761021286037,-0.9466748464729033,-0.9544147112840083,-0.9621542366310005,-0.9621892024873241,-0.9544698984913668,-0.9544545484483211,-0.9621623352335517,-0.962164348671318,-0.9544629722654041,-0.9467254285261546,-0.9543886548102049,-0.9543568838345297,-0.9466675271734051
-0.9527761224427144,-0.9610950717386177,-0.961133332339312,-0.9528010779975377,-0.961177432900023,-0.9690712299649322,-0.9691003091208444,-0.961223527183063,-0.9612154430571909,-0.9690797112712924,-0.9690779444107147,-0.9612203306696584,-0.9528428045795969,-0.9611456049659781,-0.9611183603808786,-0.952797389819803
-0.9593722499442965,-0.9679145186589168,-0.9679390692929853,-0.9593903653667274,-0.9679851665599998,-0.9755979216318869,-0.9756128963061178,-0.9680128841131497,-0.9680156938868331,-0.9756101629556772,-0.9755957097694086,-0.9680110600878253,-0.9594188890035441,-0.9679555519694231,-0.9679303019294412,-0.9593890570624497
-0.9660199417986541,-0.974337122780784,-0.9743530597055903,-0.9660303132427116,-0.9743935265077279,-0.9812861572630414,-0.981289026339321,-0.9744026094297463,-0.9744119006830493,-0.9813029991767421,-0.9812781535390281,-0.9743997821955752,-0.9660451274928388,-0.9743705882489099,-0.974347631347171,-0.9660277863194031
-0.9722916184514565,-0.9799216978586245,-0.9799363595540274,-0.972295231243705,-0.979965162667966,-0.9857183565717192,-0.9857174111572263,-0.9799634162880326,-0.9799716093350701,-0.9857377381063024,-0.985712348967386,-0.979959408739436,-0.9722995616827868,-0.9799496849274051,-0.9799313312956931,-0.9722897759992613
-0.9777831934506687,-0.98428526110208,-0.9842997832888364,-0.9777814321123268,-0.9843165688135517,-0.9885633929816007,-0.9885637685826462,-0.9843113373425381,-0.9843157422465,-0.988581789667927,-0.9885636356554971,-0.9843082024124659,-0.9777785127812756,-0.9843066159089603,-0.9842957574930126,-0.9777749217863421
-0.982154031760788,-0.9871445101804328,-0.9871536426783912,-0.982147221102037,-0.9871630306066159,-0.9896206634685425,-0.9896202937207739,-0.9871547230144064,-0.9871586332941097,-0.9896358253672131,-0.9896247391398795,-0.9871549982589294,-0.9821376624012182,-0.9871570531734194,-0.9871542451383024,-0.9821431158341296
-0.9851485117215889,-0.9883286967413237,-0.9883271595874347,-0.9851362334453448,-0.9883329288354361,-0.9888248144773527,-0.988818386357837,-0.9883169267749845,-0.9883250035999246,-0.9888375188761048,-0.9888279826737432,-0.9883215469399986,-0.9851192672139397,-0.9883318955959266,-0.988335291055318,-0.9851367326462933
-0.9865975168538207,-0.9877672067824669,-0.9877560109258342,-0.986580341405091,-0.9877575094902195,-0.9862211534947042,-0.9862071683699574,-0.9877304840193543,-0.9877432645096429,-0.9862329398450064,-0.986222271515945,-0.9877386096458038,-0.9865564608777107,-0.9877633435179676,-0.9877712428268262,-0.9865846246957292
-0.986412258807589,-0.9854733319978488,-0.9854600557702995,-0.9863918836332399,-0.9854525786841193,-0.9819384404628811,-0.9819230901708104,-0.9854177342199465,-0.9854311364014986,-0.9819498855546603,-0.9819431822506921,-0.985428105292269,-0.9863650449791828,-0.9854666457192351,-0.9854789053818144,-0.9863983003956559
-0.9845820291464585,-0.981543862732691,-0.9815352638094458,-0.9845614454272388,-0.9815151830823334,-0.976184705520486,-0.976177859897635,-0.9814820000668831,-0.9814913691463119,-0.976194882430728,-0.9762014401192947,-0.9814945744637202,-0.984537777151378,-0.9815371566434421,-0.9815554432663178,-0.9845698752768024
-0.9811821244899378,-0.9761700006413692,-0.9761650306283971,-0.9811639703046698,-0.9761342205746673,-0.9692610750142961,-0.9692666169247547,-0.9761112415323866,-0.9761166281851539,-0.9692683915435771,-0.9692914910182372,-0.9761265199445824,-0.9811478501605914,-0.9761626385229587,-0.9761875904956483,-0.9811765224906331
-0.9763813074486485,-0.9696409458069325,-0.9696307638393182,-0.976366068815244,-0.9695969695240526,-0.9615628661256934,-0.9615737240885482,-0.9695845969441386,-0.9695918694584557,-0.9615669841208723,-0.9615981697338172,-0.9696026416793279,-0.9763576335186265,-0.9696305793170629,-0.9696591173214326,-0.9763853591762227
-0.9704341132272118,-0.9623219614255667,-0.9622985203036769,-0.9704205159742667,-0.9622707875386821,-0.9535463901553864,-0.9535506327382337,-0.9622620315397257,-0.9622782022190933,-0.9535497062146899,-0.953573810071243,-0.9622812971010616,-0.9704168871442509,-0.9623091937904338,-0.9623346536736427,-0.9704466864096477
-0.9636532557217666,-0.9546112145130001,-0.9545760501768351,-0.9636409591978226,-0.954559505921813,-0.9456698977440997,-0.9456616280994656,-0.9545476007754695,-0.954573310551738,-0.945675014205541,-0.9456840456875466,-0.9545657560573974,-0.9636403839331835,-0.9546021295098416,-0.9546181117721705,-0.9636702317765247
-0.956373561679678,-0.9468965309838846,-0.9468624423253901,-0.9563656792578481,-0.9468534749290759,-0.9383423262174195,-0.9383283594834753,-0.946842635354117,-0.9468699681190833,-0.9383494955834938,-0.9383485239835085,-0.9468576513876046,-0.9563715206154373,-0.9468999757533091,-0.9469048918385363,-0.9563926011021261
-0.948928403406836,-0.9395329750054752,-0.9395162554833403,-0.9489291740999032,-0.9395086876373923,-0.9319011457865272,-0.931898937061478,-0.9395101960674809,-0.9395287698041932,-0.9319079624512308,-0.9319147757409858,-0.9395218362156532,-0.9489479846878847,-0.939553462756787,-0.9395519024927217,-0.9489499710824152
-0.9416404620480157,-0.932847642684328,-0.9328554387793506,-0.9416540924061497,-0.9328461175967321,-0.9266300863440029,-0.9266530337550117,-0.932873318588224,-0.9328762869630799,-0.9266346775842906,-0.926662603124399,-0.9328827471473916,-0.9416901278776397,-0.9328837154061256,-0.9328807762091355,-0.9416686986027393
-0.934825892291205,-0.9271499495879306,-0.9271742987546451,-0.9348532045873557,-0.9271674109317674,-0.9227798964624913,-0.9228262667608864,-0.9272233703229767,-0.9272158587855759,-0.9227809635711046,-0.9228282424483094,-0.9272317807123309,-0.9349062374741716,-0.9271927270461787,-0.9271913939802666,-0.9348653758307226
-0.9287915945267274,-0.9227226569196783,-0.9227465868405369,-0.928829193257116,-0.9227514671363803,-0.920563069604094,-0.9206153491485501,-0.9228242303763048,-0.9228186356527792,-0.9205604547660469,-0.9206096086352563,-0.9228312662973129,-0.9288920883089975,-0.9227623597750673,-0.9227601552568154,-0.9288425109055111
-0.9238155457430313,-0.9197900883301319,-0.9198014758966726,-0.9238584519925953,-0.9198261651274351,-0.9201147114503327,-0.9201525439017995,-0.9198984861075126,-0.9199052203547328,-0.9201106224417431,-0.9201404405251243,-0.9199012291902005,-0.9239225042354471,-0.9198232953854472,-0.9198138919450234,-0.9238720790002901
-0.9201155431031098,-0.9184796939028381,-0.9184809107830147,-0.9201610967835064,-0.9185273039407209,-0.9214462835848094,-0.9214624812739602,-0.9185872201730352,-0.9186080978359776,-0.9214431544951573,-0.9214457338956817,-0.9185819193590115,-0.9202212857805022,-0.9185106597619547,-0.9184892233213076,-0.9201690397389933
-0.9178225715531219,-0.9188022990051661,-0.9188081347450565,-0.9178720891213158,-0.918870091592405,-0.9244314599715093,-0.924436381185008,-0.9189202679543822,-0.9189471643126921,-0.9244291471108673,-0.9244151952655051,-0.9189049461101065,-0.9179304184982915,-0.9188391499271388,-0.9188060024585072,-0.9178675967408126
-0.916975862065484,-0.9206651161898427,-0.9206905172706576,-0.9170329448166803,-0.9207589210594022,-0.9288337760837053,-0.9288458274735178,-0.9208136608046517,-0.9208356346607003,-0.9288290343456307,-0.9288201858463636,-0.9207902972335938,-0.9170966056577512,-0.9207125174038672,-0.9206734405694006,-0.9170135041399705
-0.9175402731434925,-0.9239074174322057,-0.9239555271620762,-0.9176071185822673,-0.9240247139554549,-0.9343597987753582,-0.9343904184332352,-0.9240974657400081,-0.9241097982575142,-0.9343494157879384,-0.9343608184852541,-0.9240710026438387,-0.9176819840598709,-0.9239626492551424,-0.9239254871340961,-0.9175756361917357
-0.9194315746308782,-0.9283350384955478,-0.9283955969704514,-0.9195062171228708,-0.9284673869711206,-0.9407056289864855,-0.9407510539094279,-0.9285583145598144,-0.9285657566037568,-0.9406898349633349,-0.9407186787627989,-0.9285319303949129,-0.9195909844040125,-0.9283897858859934,-0.9283594572413738,-0.9194692494952257
-0.9225305754854457,-0.93373242080528,-0.9337885778166738,-0.9226068542710606,-0.933867791760367,-0.9475678521981548,-0.9476124077493544,-0.9339625946644697,-0.9339754525011904,-0.9475497544370511,-0.9475788134966435,-0.9339367497469329,-0.9226930484080242,-0.9337775872870968,-0.9337540991340895,-0.9225703719907543
-0.9266826710008644,-0.939850635049096,-0.9398919421974223,-0.9267537896209345,-0.939979651267824,-0.9546276915501679,-0.9546550934175457,-0.9400599974735149,-0.9400849661261731,-0.9546115073834018,-0.9546217502758974,-0.9400325595222907,-0.9268306971062817,-0.939882730130817,-0.9398618512893452,-0.9267189784608486
-0.9316850645736946,-0.9463919296578598,-0.9464196159377015,-0.9317473657404102,-0.9465110757182138,-0.9615296269002903,-0.9615342189420573,-0.9465678593163841,-0.946603535731644,-0.9615185744375584,-0.9615035823156236,-0.9465369400420014,-0.9318093845884511,-0.9464145470173129,-0.9463923507484622,-0.9317121237056547
-0.9372850039219434,-0.9530148328799457,-0.9530395039107634,-0.937338680713305,-0.9531268910729075,-0.9678924785176333,-0.9678835178685239,-0.9531636076643086,-0.9532023944815693,-0.9678875964620846,-0.9678559484679252,-0.9531296724799073,-0.937387193290689,-0.9530356549408556,-0.9530110859703558,-0.9372995623899651
-0.9431923814239884,-0.9593633164807174,-0.9593940841586912,-0.9432393578209708,-0.9594715105118202,-0.9733482392804849,-0.9733394843978045,-0.9594998338254567,-0.9595336625041596,-0.9733479709130162,-0.9733150599150717,-0.9594661864252587,-0.9432796884437955,-0.9593880878474021,-0.9593634493728308,-0.9431963496950644
-0.9491081324685969,-0.9651080048286049,-0.9651451430360196,-0.9491487297838812,-0.9652115473254378,-0.9775914471286128,-0.9775904945597322,-0.9652410953714186,-0.9652679379590992,-0.9775942700493735,-0.9775699852217822,-0.9652125857293312,-0.9491857517501693,-0.9651371881660957,-0.9651165662684401,-0.9491065801000863
-0.954752619216379,-0.9699761186031216,-0.9700114108697488,-0.9547841858961216,-0.970069534744873,-0.9804073604453466,-0.9804104021612202,-0.9700990351672365,-0.9701223792884186,-0.9804136375371552,-0.9803949993157022,-0.9700795692492535,-0.9548174209447742,-0.970005397761823,-0.9699913441237606,-0.9547493223457413
-0.9598809707579627,-0.9737576344251407,-0.9737818308336993,-0.9598993034643476,-0.9738333686459104,-0.9816687989022518,-0.9816663057167636,-0.9738522165820878,-0.9738768778690596,-0.9816808996719288,-0.9816578368753239,-0.9738430381488372,-0.9599234781403476,-0.9737823040022711,-0.9737746456050458,-0.9598759417792516
-0.9642828138722777,-0.9762926312666433,-0.9763032498363777,-0.9642848661898107,-0.9763447249082708,-0.9813134318920588,-0.9812992555375197,-0.9763422481849906,-0.9763692700029729,-0.9813341670393163,-0.9812994261514814,-0.9763419020633315,-0.9642944345340175,-0.9763106962202979,-0.9763087260795115,-0.9642732118726838
-0.9677730392549777,-0.9774561032617635,-0.9774592665859101,-0.967759154948629,-0.9774835999381013,-0.9793248626447612,-0.9793016855206425,-0.977457056265504,-0.9774832075871135,-0.9793544998732888,-0.9793105445896355,-0.9774633308913637,-0.9677534524509912,-0.9774698444013987,-0.9774736013617121,-0.967756567251239
-0.9701923266497954,-0.9771612289609697,-0.9771654555845461,-0.970165603669789,-0.9771669036437814,-0.9757341987625685,-0.9757132495324609,-0.9771234369514445,-0.9771435649181708,-0.9757707962059103,-0.9757288171403571,-0.9771351695426738,-0.9701485499903033,-0.9771738270469144,-0.9771845934355773,-0.970169982373664
-0.9714163088259093,-0.975376257579471,-0.9753847599266211,-0.9713806694910702,-0.9753627760336036,-0.9706415761883398,-0.9706329858208945,-0.9753142641053687,-0.9753259378613083,-0.9706817577390284,-0.9706524019694557,-0.9753319012286582,-0.9713578074124198,-0.9753887473526639,-0.9754079153979107,-0.971392324171227
-0.9713722245998769,-0.9721433657910143,-0.9721502083016474,-0.9713300578110131,-0.9721108611689753,-0.9642320021880775,-0.964235900309099,-0.9720655026419597,-0.9720716171049634,-0.9642735866180453,-0.9642576185431491,-0.9720900110818816,-0.9713046347705196,-0.9721544070971484,-0.972181057301414,-0.971351666966005
-0.9700505911033507,-0.9675826922074751,-0.967577169258802,-0.9700017475091184,-0.9675304124220471,-0.9567694646503823,-0.956775471346794,-0.9674868252272324,-0.9674932189899454,-0.956812820559691,-0.9568000907275482,-0.9675182572376477,-0.9699727564801061,-0.9675903089176998,-0.9676207929680387,-0.9700354215685517
-0.9675017336078733,-0.9618742045718941,-0.9618501500981863,-0.9674452133990133,-0.9618043822827708,-0.948565328176474,-0.9485610107823085,-0.961754471616184,-0.9617651433659772,-0.9486125096096378,-0.9485904622146112,-0.9617910621357666,-0.967409266688696,-0.961878897845762,-0.9619081179984914,-0.9674898966377505
-0.9638193662855413,-0.9552283813952194,-0.9551913456792145,-0.9637561876028167,-0.9551484578324304,-0.9399370860296126,-0.9399187709254516,-0.9550854809495666,-0.9550990834766173,-0.9399890502374808,-0.939953538582702,-0.9551246012567225,-0.9637117034808547,-0.9552344092932537,-0.9552588404945643,-0.9638070256389222
-0.9591213398125613,-0.9478635725274279,-0.9478283620192796,-0.9590563890527267,-0.9477826740536037,-0.931181421033338,-0.9311596468007561,-0.9477113307550453,-0.9477205364306615,-0.9312374240856482,-0.9311966770568965,-0.9477501339656724,-0.9590072671621788,-0.9478769790740342,-0.9478963485423856,-0.9591071934116847
-0.9535396724701953,-0.9400001061897965,-0.9399810540150384,-0.9534792760139496,-0.9399267450192341,-0.9225735232135696,-0.922568142519715,-0.9398604291016611,-0.9398579589603315,-0.9226309256079201,-0.9226046147264254,-0.9398991918748051,-0.9534353678015247,-0.940024563875333,-0.940043558656655,-0.953527509165246
-0.947224978262318,-0.9318737574025128,-0.9318738121539484,-0.9471750982372631,-0.9318100571615486,-0.9143897495500175,-0.914414916487117,-0.9317657783360087,-0.9317488466509435,-0.9144457751211108,-0.9144485019215813,-0.9318043517845848,-0.9471442360004316,-0.9319068087157405,-0.9319303618732699,-0.9472212435845142
-0.9403563451321538,-0.9237445743914229,-0.9237537790331102,-0.9403190293335003,-0.923688189336057,-0.9069182691750739,-0.9069726524638082,-0.9236735456603241,-0.9236481088378998,-0.9069714598565072,-0.9070024554011604,-0.9237119247089401,-0.9403052814697215,-0.9237810177638943,-0.9238097010796834,-0.9403675074753819
-0.9331439909425845,-0.9158926987652897,-0.9158941562201315,-0.9331166490559548,-0.915838999778042,-0.9004476928006284,-0.9005138084850262,-0.915848785794295,-0.9158254223086493,-0.900499034408111,-0.9005398787663882,-0.9158858407488552,-0.9331174180028512,-0.9159276838820929,-0.9159554054468548,-0.9331713730120655
-0.9258188903020508,-0.9085943794088458,-0.9085758778247499,-0.9257986319271017,-0.9085428121822845,-0.8952324866926502,-0.8952880759870038,-0.908562717210655,-0.908550522897146,-0.8952831677138746,-0.8953121348465477,-0.9085950097645246,-0.9258069733230821,-0.9086261531823858,-0.9086446791566083,-0.9258574250513478
-0.9186096218031992,-0.902087313071158,-0.9020511926686208,-0.9185962761228379,-0.9020453264893591,-0.8914508049414874,-0.891485091798393,-0.9020624980110192,-0.9020628829699755,-0.8915008726275782,-0.8915070808983312,-0.9020845352202395,-0.9186059152436796,-0.9021189815193735,-0.9021222062002217,-0.9186510220264051
-0.9117177237912666,-0.8965452378787381,-0.8965080999569129,-0.9117130753039817,-0.896524795044868,-0.8891831385849607,-0.8892030103187022,-0.8965368055938185,-0.8965423927811396,-0.8892306289912429,-0.8892214417423553,-0.8965465470503863,-0.9117242457372496,-0.8965836800587459,-0.8965706930576379,-0.9117552561582146
-0.9053033054241406,-0.8920798621699844,-0.8920617065487341,-0.9053136684773387,-0.892089766474496,-0.8884245322679989,-0.888451051895734,-0.8921096364323382,-0.8921099192973009,-0.8884668479631649,-0.8884622386194786,-0.8921073530640565,-0.9053325704657461,-0.892129606438245,-0.8921052513271712,-0.9053372709881393
-0.8994911282667425,-0.888758711706675,-0.8887689361272652,-0.8995220415930811,-0.8887975996493414,-0.889121618632267,-0.8891749365939907,-0.8888453372589106,-0.8888327508927379,-0.889154675027851,-0.8891750169341417,-0.8888346402370524,-0.8995580338074124,-0.8888180813430788,-0.8887905553277,-0.8995283825008689
-0.8943867762696645,-0.8866296657607619,-0.8866608884418392,-0.8944384200429509,-0.8866870373918195,-0.8912041386528645,-0.8912879223206173,-0.8867753782457535,-0.8867505208097068,-0.8912243799461381,-0.8912768532770671,-0.8867601553265857,-0.8944986937878248,-0.8866908674576806,-0.8866670219883301,-0.8944348178707753
-0.8900898203760964,-0.8857310488898977,-0.8857638468394292,-0.890157126690072,-0.885792904616943,-0.8945950516711696,-0.8946916292563158,-0.885916918946367,-0.8858882071226122,-0.8946017216263618,-0.8946741653760619,-0.885899757719463,-0.8902394005505412,-0.8857838287174024,-0.8857647029204314,-0.8901517572228019
-0.8866935146156144,-0.8860830129106582,-0.8860991766992184,-0.8867681502917983,-0.8861386984188466,-0.8991948806349852,-0.8992795985296504,-0.8862772438960312,-0.8862561920308605,-0.899190371912163,-0.8992588708276763,-0.8862582622152927,-0.88686175921107,-0.8861182591169798,-0.8860993583153913,-0.8867643218548825
-0.8842706445834992,-0.8876635608504004,-0.8876569703430163,-0.8843456659979245,-0.8877092097251229,-0.9048514386292301,-0.9049083446749613,-0.8878380390632638,-0.8878316458509035,-0.904838201621327,-0.9048831860805848,-0.8878148760849577,-0.8844374935343187,-0.8876778999517094,-0.8876534287108522,-0.8843409549335508
-0.8828545083902365,-0.8903868443861314,-0.8903660777583449,-0.8829275724703646,-0.8904273504150324,-0.9113426603050061,-0.9113691040060282,-0.8905341206287865,-0.8905401124098417,-0.9113216244204582,-0.9113398303171508,-0.8905031285828485,-0.883007999674853,-0.8903834336583492,-0.8903509606941438,-0.8829146190568209
-0.882425454710452,-0.8941022973714531,-0.8940838993494529,-0.8824991836400223,-0.8941479401221601,-0.9183865273827216,-0.9183944288117375,-0.8942377729733324,-0.89424616971659,-0.9183545067561882,-0.9183596901540698,-0.8941966337106645,-0.8825673830604848,-0.8940887572450629,-0.8940503224223798,-0.8824713698647335
-0.8829152746586945,-0.8986147717997148,-0.8986142574894158,-0.8829940345986355,-0.8986757690578758,-0.9256749406153953,-0.9256826850551769,-0.8987650623702081,-0.8987654351652441,-0.9256283375881156,-0.925637671254216,-0.8987149962507214,-0.8830577111948267,-0.8985989350294143,-0.8985586504433632,-0.8829485245364834
-0.884223944024557,-0.903718343589298,-0.9037387201068418,-0.8843103203193633,-0.9037956966281688,-0.932911234025408,-0.932931570118438,-0.903899102825891,-0.9038886705333691,-0.9328500749854878,-0.9328752899859879,-0.9038461851151516,-0.884378066623196,-0.9037020943244736,-0.9036654277239735,-0.8842513586532196
-0.8862424209295565,-0.909221515911454,-0.9092521992605536,-0.8863345748305875,-0.9093057976600748,-0.9398425636061989,-0.9398729404193353,-0.9094278540585752,-0.9094127639751054,-0.9397696749968689,-0.9398100289855594,-0.9093784551822881,-0.886410055651895,-0.9091986412785218,-0.9091711603694004,-0.8862707571702548
-0.8888672106396521,-0.9149516662152013,-0.9149763359621015,-0.8889590013593498,-0.9150306300496882,-0.9462592778700293,-0.9462844325404014,-0.9151612994177407,-0.915152314640137,-0.9461813947770537,-0.9462228487966271,-0.9151186000996943,-0.8890385903644785,-0.9149142714488233,-0.91489779111201,-0.8888981466120309
-0.8919981818779701,-0.9207434670175793,-0.9207513242602468,-0.8920819918792782,-0.9208088203501785,-0.951971985176137,-0.9519739867145594,-0.9209282379376444,-0.920934056792157,-0.9518965469602887,-0.9519195778688334,-0.9208918745753036,-0.892157616901592,-0.9206882966602027,-0.9206791626430578,-0.8920270469314694
-0.8955262821538656,-0.926420798508146,-0.9264136896319694,-0.8955972359916651,-0.9264724649019707,-0.9567861900722725,-0.9567599476272971,-0.9265623432980027,-0.9265841457034019,-0.9567189610067386,-0.9567138035221793,-0.9265291315185913,-0.8956602236299448,-0.9263502452020181,-0.9263438974011668,-0.895545120596839
-0.8993226502071302,-0.9317885031930171,-0.9317780536381233,-0.899380941582504,-0.9318328053306455,-0.9605045349892045,-0.960459674858779,-0.9318876927627397,-0.931920401540327,-0.9604476332563243,-0.960419538631252,-0.9318535248624296,-0.8994263736594919,-0.9317097568080891,-0.9317047769999879,-0.8993256414096383
-0.903235833436494,-0.9366411873768576,-0.936639918561709,-0.9032855469231608,-0.9366863609088202,-0.9629456029339246,-0.9628964082517936,-0.9367164660617995,-0.9367520633898698,-0.9628972272269533,-0.9628612821465474,-0.9366797326965539,-0.903314575102705,-0.936563633221584,-0.9365618610641031,-0.9032235003156062
-0.9071031990521158,-0.940786881012484,-0.9407998678771607,-0.9071482246425582,-0.9408386556114741,-0.9639705826459053,-0.9639294755815686,-0.9408602211176926,-0.9408940263450499,-0.9639289252025475,-0.963898223081004,-0.9408233424902372,-0.9071676759068423,-0.9407170073411177,-0.9407202911582966,-0.9070804177879817
-0.910769709331889,-0.9440713171430373,-0.9440931937758059,-0.9108105710935377,-0.9441296359722953,-0.9635076369698269,-0.9634772038439079,-0.9441539465097563,-0.9441876797772177,-0.9634738467449246,-0.9634504505682634,-0.9441229863777706,-0.9108270964177797,-0.9440113008755877,-0.9440203686485826,-0.9107430490504583
-0.9141036733683949,-0.9463905587883379,-0.9464092559611441,-0.9141369573483842,-0.946449439060663,-0.9615551982828252,-0.961527101158488,-0.9464753771388131,-0.946516237150733,-0.9615333731017692,-0.9615082226032867,-0.9464568389100095,-0.9141529215114802,-0.9463378393768148,-0.9463526343036847,-0.9140775785320729
-0.917001746105222,-0.9476839278078732,-0.9476898811479697,-0.91702201326825,-0.9477356643980568,-0.9581630790439963,-0.95812431266648,-0.947750887099768,-0.9478049246701682,-0.9581585316913996,-0.9581187710830652,-0.9477467704866365,-0.9170337404279528,-0.947635341785448,-0.9476543064531218,-0.9169760624457055
-0.919383540154195,-0.9479169127553748,-0.9479100318493963,-0.9193865377448273,-0.9479571776678273,-0.9534068882048942,-0.9533503728473385,-0.9479456298468161,-0.9480131100909736,-0.9534238855141983,-0.95336108840783,-0.9479547733820785,-0.9193868568553937,-0.9478716892642575,-0.9478928483817619,-0.9193534226235959
-0.9211780928253077,-0.9470636461440044,-0.9470542383203756,-0.9211636027595926,-0.9470935153571782,-0.9473695506574719,-0.9473007314471734,-0.947046800253784,-0.9471210429644035,-0.9474090094640266,-0.9473265932681345,-0.9470656146929392,-0.9211477457528776,-0.9470250116891397,-0.9470480847723971,-0.9211381383707781
-0.9223142882316255,-0.945101826104485,-0.9451041565335543,-0.9222859600313871,-0.9451251692726877,-0.9401413212553196,-0.9400758925673692,-0.9450490704162823,-0.9451200942396134,-0.9402010316083595,-0.9401129204599754,-0.9450728050182994,-0.9222542955782314,-0.9450743888817208,-0.9451020142269957,-0.9222625883175248
-0.9227223120048722,-0.9420225868584192,-0.942044894519848,-0.9226856150252425,-0.9420439615626336,-0.9318397779270944,-0.9317932971863172,-0.9419537626261008,-0.9420145539920031,-0.9319152968407356,-0.931837375062227,-0.9419811946362143,-0.9226428563827536,-0.9420103441471112,-0.9420462435194195,-0.9226628122086595
-0.9223454848454855,-0.9378504803680808,-0.9378887927118722,-0.922304443830313,-0.9378716070143427,-0.9226295579034125,-0.9226074851915491,-0.9377851469845099,-0.9378347731407327,-0.9227155700481705,-0.922655522246378,-0.9378166232971097,-0.9222578446592752,-0.9378527188602233,-0.9378993281431293,-0.9222843765044803
-0.9211524531223197,-0.9326533526264152,-0.9326941464917142,-0.9211065680313433,-0.9326725152400556,-0.9127217596186364,-0.9127182571548472,-0.9325973829274342,-0.9326441114960016,-0.912817500729274,-0.9127689661609734,-0.9326374135773059,-0.9210622137091686,-0.9326671311547323,-0.9327225940885222,-0.9210965088896126
-0.9191472482751375,-0.9265429660743782,-0.9265710693405724,-0.9190930845385905,-0.9265583810135286,-0.9023627625597868,-0.9023631671722311,-0.9264875657044042,-0.9265424062940977,-0.9024698688331749,-0.9024168621302305,-0.9265388499660422,-0.919049828742017,-0.9265638892394306,-0.9266231741525359,-0.9190985813411982
-0.9163640267926122,-0.9196561442737329,-0.9196647438788386,-0.9162981641476245,-0.9196675865158898,-0.89180288665914,-0.8917915925082445,-0.919586577740131,-0.9196559585819687,-0.8919234128234178,-0.8918513021049965,-0.9196468869783712,-0.916250501006299,-0.9196814024581357,-0.9197397871989477,-0.9163190657901277
-0.9128545961223521,-0.9121342911856812,-0.9121300087296738,-0.9127768649798097,-0.9121451135159881,-0.8812677778957266,-0.8812418001240934,-0.912041329750116,-0.9121225509331746,-0.8814025868426483,-0.8813063241915413,-0.9121056020601547,-0.9127175662414047,-0.9121641688396975,-0.9122182722622805,-0.9128071229012419
-0.9086736279450044,-0.9041046630936602,-0.9041046991163,-0.9085878396262663,-0.9041211362103838,-0.8709443990519792,-0.8709180683270021,-0.9039922318940521,-0.9040747049002462,-0.8710922310323687,-0.8709810441798295,-0.9040549504535413,-0.9085137243014205,-0.9041436308762669,-0.9041933589175145,-0.9086186236268019
-0.9038672122691602,-0.89567832535743,-0.8957008028883794,-0.9037805610221742,-0.8957062133159325,-0.8609906750653025,-0.8609853902622837,-0.8955627447203707,-0.8956339557032045,-0.8611464033053817,-0.8610406456812109,-0.8956207342002149,-0.9036949076880357,-0.8957314532028495,-0.8957810213716095,-0.9038052525466473
-0.8984760224037944,-0.8869616267102491,-0.8870154177197273,-0.8983958790680836,-0.8870041216964403,-0.8515568191858742,-0.8515873018943391,-0.8868647352352608,-0.8869166496660724,-0.8517128109833545,-0.8516336477732404,-0.8869179909336486,-0.8983076257102237,-0.887031343670558,-0.8870882683644076,-0.8984136574764365
-0.8925456375550107,-0.8780746795855935,-0.878152959844329,-0.8924771032784817,-0.8781289913269753,-0.8428051134573825,-0.8428711456152898,-0.8780137738614135,-0.8780463546141463,-0.8429562415141841,-0.842910568266335,-0.8780635355044482,-0.8923967589075986,-0.8781576327452703,-0.8782265406758512,-0.8924928402527408
-0.8861392927650137,-0.8691611857993037,-0.8692448924931245,-0.8860824974975163,-0.8692195088104888,-0.8349133269146443,-0.8350029122558437,-0.8691393485943709,-0.8691599632747098,-0.8350608042535148,-0.8350356835634055,-0.8691875908463937,-0.8860170828916489,-0.8692489783961794,-0.8693277627058209,-0.8861039761832132
-0.8793447288034923,-0.8603843657824137,-0.8604517846389694,-0.8792944664235448,-0.8604378481465711,-0.8280582341505683,-0.8281534364888233,-0.8603876150287985,-0.8604093214185797,-0.8282060003977281,-0.8281805413920847,-0.8604366168013431,-0.8792440363513542,-0.8604686207598551,-0.8605494701142674,-0.879328602455508
-0.8722689377450054,-0.8519079773530653,-0.8519469758248716,-0.8722185339316664,-0.8519526438753119,-0.8223864324911164,-0.8224691773348247,-0.8519129718976897,-0.8519480296566467,-0.8225368579789293,-0.8224944891483404,-0.8519634978514241,-0.8721763204460652,-0.8519841430800905,-0.8520589348696465,-0.8722665165954241
-0.8650231178214022,-0.8438726056180654,-0.8438868633689224,-0.8649692057449618,-0.8439123445000295,-0.8179861326800816,-0.8180482648947801,-0.8438626006526115,-0.8439113856407761,-0.8181395985552498,-0.8180754465283099,-0.8439111472790971,-0.864925569554042,-0.843943181358851,-0.8440070169049676,-0.8650258218783946
-0.8577058098358432,-0.8363809325107923,-0.8363881876686796,-0.8576510074220558,-0.8364238769617711,-0.8148810234132325,-0.8149312847722145,-0.8363554294347211,-0.8364064970973731,-0.8150365586557367,-0.8149572896458085,-0.8363967767200101,-0.8575994068673439,-0.83645429711071,-0.8365033078620827,-0.8577055143443078
-0.8503938209068349,-0.8294970679057923,-0.8295185416024207,-0.8503441813992698,-0.8295497286012388,-0.8130433481416133,-0.8131039811084699,-0.8294714991914839,-0.8295108828581317,-0.8131968506115825,-0.8131196297302745,-0.8295028032779097,-0.8502856399518413,-0.8295819558442658,-0.8296148770783508,-0.8503859554582232
-0.8431395445193531,-0.8232559520193157,-0.82330399171734,-0.843100377287267,-0.8233199998473292,-0.8124171977170648,-0.8125108442423384,-0.823253249291925,-0.8232721901917539,-0.8125619101874035,-0.8125083228252958,-0.8232758382246876,-0.843043998434754,-0.8233562337798183,-0.8233787915775261,-0.8431274396845158
-0.8359778657912637,-0.8176821434246011,-0.817754496393014,-0.8359535776652793,-0.8177550936461293,-0.8129457946349969,-0.8130797192487097,-0.8177232093513637,-0.8177199437194159,-0.8130768574359697,-0.8130620186288631,-0.8177406173670381,-0.8359120683622607,-0.8177956144999525,-0.8178200561620705,-0.835974225410913
-0.8289425850612451,-0.8128096985656127,-0.8128907743149794,-0.828935788281049,-0.8128853210048664,-0.8145903255146079,-0.8147524660046825,-0.8129033089532883,-0.8128810814777526,-0.8147087230556402,-0.814730240820222,-0.8129187396929661,-0.8289204675657985,-0.81292980512711,-0.8129634429088483,-0.8289612681204952
-0.8220827416074206,-0.8086899062178732,-0.8087579807857772,-0.8220914028904484,-0.8087583657427678,-0.8173251931169623,-0.8174937054911051,-0.8088249594844013,-0.8087933525032421,-0.8174363155230887,-0.8174741316432694,-0.8088405388563615,-0.8221068380488239,-0.8088080754062343,-0.8088454489262852,-0.822128569586674
-0.8154645845889876,-0.8053784147909675,-0.8054154018124341,-0.815480800958192,-0.8054292575499129,-0.821108899026531,-0.8212639748780588,-0.8055260367574508,-0.8055001987916027,-0.8212180544407242,-0.8212478415920258,-0.8055435779672071,-0.8155229593810251,-0.8054873446707855,-0.8055161390889527,-0.8155326987578216
-0.8091580342810172,-0.8029107618676716,-0.8029113026100235,-0.8091722542962771,-0.8029384042131128,-0.8258552058283701,-0.8259855642314964,-0.8030383663814427,-0.8030302505269591,-0.8259645580326812,-0.8259725929845001,-0.8030582207377133,-0.8092307934480083,-0.8030067735316818,-0.8030188290499819,-0.8092384537291081
-0.8032183047255358,-0.8012820137113621,-0.8012560864846093,-0.8032258017706579,-0.8012896001140508,-0.8314229926582819,-0.8315307037682604,-0.8013724087373499,-0.8013792737145368,-0.8315312744196872,-0.8315210716336587,-0.8013916818882125,-0.8032895599565395,-0.801367902608034,-0.8013625378993086,-0.8033013738747021
-0.79767363175488,-0.8004421913561304,-0.8004100562556435,-0.797677443498082,-0.8004401588512136,-0.8376301859706725,-0.8377302971364828,-0.8005043138750213,-0.8005098541960275,-0.837733530976781,-0.8377206394144585,-0.8005170140027589,-0.797740135608103,-0.8005277039234865,-0.8005057249677799,-0.7977519074081366
-0.792523189761658,-0.8003104461059308,-0.8002907656308459,-0.7925304932564766,-0.8003096898506347,-0.8442787525277202,-0.8443917723137017,-0.8003717803036935,-0.8003599896276037,-0.8443726339428441,-0.8443750076391179,-0.8003743317912531,-0.7925944457924742,-0.8004066157125783,-0.8003688056369941,-0.792594277082378
-0.7877429738780652,-0.8007940595024967,-0.8007935447135588,-0.7877594817877859,-0.8007997273117012,-0.8511796050135487,-0.8513196801256788,-0.8008835296866976,-0.8008491473882521,-0.8512606131799838,-0.8512920285940484,-0.8008783836230645,-0.7878339116127716,-0.8009057133955921,-0.800857017502142,-0.7878115399550325
-0.7832963453213172,-0.801805220849166,-0.8018167167144322,-0.7833241604290523,-0.8018162348378377,-0.8581721692556603,-0.8583378903579771,-0.8019408134939949,-0.8018877088977927,-0.8582393793834833,-0.8583043144994875,-0.8019344695996931,-0.7834201535888579,-0.8019293763796012,-0.8018799187501262,-0.7833741185448068
-0.7791485257139217,-0.803275252765152,-0.8032830245637642,-0.779187270590669,-0.8032861933743085,-0.8651308617937037,-0.8653056638593386,-0.803458227470114,-0.8033929390199505,-0.8651868502388591,-0.8652757402259249,-0.8034549624363594,-0.7793122950033283,-0.8034040975791471,-0.80336087513199,-0.7792478413492201
-0.7752800964332235,-0.805157238669512,-0.8051445109654666,-0.7753264626762333,-0.8051598128491299,-0.8719512623614188,-0.8721129135043882,-0.8053689125713508,-0.8053002988904402,-0.8720021864067984,-0.8720933516720594,-0.8053692200085119,-0.7754808987416076,-0.8052815669330987,-0.8052407486500442,-0.775404064459954
-0.7716887754309898,-0.8074113802518577,-0.8073678280245374,-0.7717352659303401,-0.8073965750956105,-0.8785234075995823,-0.8786550121208474,-0.8076164204686702,-0.8075577064218457,-0.8785756747729463,-0.8786476922367267,-0.8076208513074195,-0.7719118050827208,-0.8075232764340697,-0.8074745746686095,-0.7718288690839233
-0.7683764512132923,-0.8099831802307805,-0.8099098701725017,-0.7684142665077113,-0.8099458023593302,-0.8847124775972226,-0.8848087891715266,-0.8101453171196855,-0.8101075161727376,-0.8847676758174707,-0.8848127058599038,-0.8101542157963861,-0.7686001927457256,-0.8100780600563222,-0.8100156982327421,-0.7685193978303719
-0.7653312346996655,-0.8127883599287963,-0.812697658681842,-0.7653558287800806,-0.8127303127248144,-0.8903576007203308,-0.8904255464400974,-0.812891420672588,-0.8128714537225606,-0.8904110683595585,-0.8904376335410644,-0.8129009087375632,-0.7655382914785964,-0.8128667574962446,-0.8127935358153183,-0.7654663553058639
-0.76251730675224,-0.8157141894163191,-0.81562337514815,-0.7625313997082015,-0.8156441235193395,-0.8952885885099324,-0.8953435107522285,-0.8157713650858963,-0.8157518948751056,-0.8953329207942133,-0.8953577829397908,-0.8157734836288975,-0.762702981332817,-0.8157818827426291,-0.8157033501215616,-0.7626388135650497
-0.7598760083920058,-0.8186346927193661,-0.8185569225709661,-0.7598873857714269,-0.8185631770243903,-0.8993496404317609,-0.8994085551080307,-0.8186783750463787,-0.818641877414703,-0.8993797988456603,-0.8994175795450494,-0.8186672577322821,-0.7600486329042285,-0.8186996018571013,-0.8186188582974055,-0.7599827787880121
-0.7573351193104177,-0.8214322098225457,-0.8213685530202008,-0.7573511912482214,-0.8213649610051108,-0.9024224952809488,-0.9024930219133162,-0.8214923279195517,-0.8214345182252368,-0.9024370267174144,-0.9024934885711892,-0.821469610349981,-0.757508669065791,-0.821497628270457,-0.821416358320361,-0.7574309219409198
-0.7548215455073483,-0.8240105453446044,-0.8239505454929718,-0.7548448145849164,-0.8239468772738379,-0.9044359649743616,-0.9045096451555453,-0.824101216058264,-0.824030001909344,-0.9044357381512528,-0.9045062179567366,-0.8240736755691563,-0.7550066096894984,-0.8240725027947925,-0.8239941309912621,-0.7549144080264314
-0.7522720227307957,-0.8263007605974835,-0.8262306437324412,-0.7523007463378116,-0.8262364319894057,-0.9053592654156108,-0.9054159976154479,-0.8264183161583949,-0.8263443933332507,-0.9053467893167143,-0.9054170727889379,-0.8263911086727953,-0.7524715546579686,-0.8263517846191113,-0.8262791337519526,-0.7523709104782421
-0.749641366823135,-0.8282611843788207,-0.8281706203128095,-0.7496718765914346,-0.8281888856651834,-0.9051822052489258,-0.9052031161965265,-0.8283840009310569,-0.8283158376908598,-0.9051625354992223,-0.9052134292677643,-0.8283581536055769,-0.7498501395610346,-0.8282930876914296,-0.8282239367854565,-0.7497495639821128
-0.746904365377417,-0.8298651411434342,-0.8297514148068609,-0.7469317118696198,-0.8297747688683348,-0.9038952420427799,-0.9038707776371662,-0.8299568505047276,-0.8299021349288622,-0.9038729177289303,-0.9038899476372926,-0.8299310836426871,-0.7471092167220228,-0.8298696731318135,-0.8297979366408424,-0.7470148141747194
-0.7440460233272623,-0.8310796133046385,-0.8309500482974316,-0.744064581384778,-0.8309619057857297,-0.9014745606957493,-0.9014077713178454,-0.8311032155020278,-0.831067209054917,-0.9014505970792248,-0.9014327888156535,-0.8310756847686538,-0.7442289967452648,-0.8310510638876293,-0.830973740645604,-0.7441452649440568
-0.7410461251967772,-0.8318542143881974,-0.8317227996918919,-0.7410523964220869,-0.8317045259712222,-0.8978858630675354,-0.8977900819522221,-0.8317906103604651,-0.8317694572768943,-0.8978559626921577,-0.8978165815376904,-0.8317570588090292,-0.7411915401673624,-0.8317901946611932,-0.8317116943399989,-0.7411224824153215
-0.7378668802689071,-0.8321204333927354,-0.8320016754785573,-0.7378634780602837,-0.8319416090358028,-0.8930980084409564,-0.8929927902914754,-0.8319808517623547,-0.8319596890443155,-0.8930561795429286,-0.8930144708571568,-0.8319339100882548,-0.7379705692519514,-0.8320237545516727,-0.8319516027334636,-0.7379160675258488
-0.7344542153654181,-0.8318069479953124,-0.8317092671714599,-0.7344491359166799,-0.8316068243490492,-0.8871055468863843,-0.8870079514212529,-0.8316263386739898,-0.8315880052439548,-0.8870473153504678,-0.8870176365043003,-0.8315588167255723,-0.7345250823976038,-0.8316835915597534,-0.8316215249894408,-0.7344781208981659
-0.7307466733540138,-0.8308570155820159,-0.8307776743473253,-0.7307486414519403,-0.8306441387963812,-0.8799438964780273,-0.8798593198026581,-0.8306741871276302,-0.8306121030834394,-0.8798683775072895,-0.8798538690076454,-0.8305843448026228,-0.7308012498813454,-0.8307122951686795,-0.8306594864951669,-0.7307513074860186
-0.7266881596898034,-0.8292407218506044,-0.8291672351085516,-0.726701737473625,-0.8290212259627716,-0.8716918857288746,-0.8716100110107071,-0.82907996647615,-0.829001822453786,-0.8716008890648091,-0.8715929291759578,-0.8289722954257187,-0.7267407907508633,-0.8290757273257111,-0.829030664980381,-0.7266819908317877
-0.7222374049532236,-0.8269573720209547,-0.826874736291431,-0.7222613816200966,-0.8267342304157602,-0.8624577721394979,-0.8623587096385987,-0.8268217739646085,-0.8267414055578167,-0.8623561703530694,-0.862338037424325,-0.8267034321571751,-0.7222937603426124,-0.8267699718115289,-0.8267316825539193,-0.7222292987718922
-0.7173728592274,-0.8240312931735716,-0.8239307950402025,-0.7174031431855011,-0.8238039185200781,-0.8523594844290413,-0.8522246355247854,-0.8239050536871796,-0.8238333298264475,-0.8522536445993036,-0.8522082508071569,-0.8237815723592358,-0.7174295062994485,-0.8238190169152587,-0.8237843904338686,-0.7173682223253788
-0.7120926344044483,-0.8205006547509145,-0.8203839992980859,-0.7121249239381625,-0.8202646504979225,-0.8415032944544791,-0.8413253233342777,-0.8203550254429302,-0.8202976168287504,-0.84139920285577,-0.8413179990127325,-0.8202287006277214,-0.7121393923256335,-0.8202620553761152,-0.8202254171251222,-0.7120890402941149
-0.7064081350270238,-0.8164009687768565,-0.8162793351956228,-0.7064387721149018,-0.816149568234862,-0.8299738954039872,-0.8297607842078273,-0.8162063132210369,-0.816163970335336,-0.8298745157899231,-0.8297638152687551,-0.8160758188974003,-0.7064315273917173,-0.8161355374261923,-0.8160942168547655,-0.7063955685083653
-0.7003310793660834,-0.8117496830254226,-0.8116395614430941,-0.7003573863341955,-0.8114786048359163,-0.8178357530605164,-0.8176093306558437,-0.8114920462240034,-0.8114582540683738,-0.8177412419455713,-0.8176195034473853,-0.8113523727804888,-0.700318842951816,-0.8114585182474325,-0.8114190055781328,-0.7002985339023872
-0.6938601926065165,-0.8065449657455003,-0.8064622272580579,-0.6938832282452854,-0.8062570258360139,-0.8051479094964242,-0.804935901982807,-0.8062376458579811,-0.8061976110121312,-0.8050579250987739,-0.8049476382986925,-0.8060817359558412,-0.6938087233625391,-0.8062327164166478,-0.8062070506396084,-0.693803170836727
-0.6869770543103224,-0.8007775466631887,-0.8007312234497004,-0.687003046258073,-0.8004825368447258,-0.7919815118284604,-0.7918058283038993,-0.8004577423243636,-0.8003943684313671,-0.7918955748381383,-0.7918157102999741,-0.8002805177140621,-0.6868957836167581,-0.8004526485652175,-0.8004480588120878,-0.6868992591355515
-0.6796531942696272,-0.7944476423738627,-0.7944339991909943,-0.6796909366618847,-0.7941584566495523,-0.7784356152287919,-0.778302499962185,-0.7941609482795018,-0.7940659014287499,-0.7783546900415806,-0.7783133032287636,-0.7939624097911496,-0.6795621127446372,-0.7941191597883888,-0.7941338412933265,-0.6795630340632215
-0.671862509493244,-0.7875763307580381,-0.7875787428557441,-0.6719181657434434,-0.7873058267395753,-0.7646429767252908,-0.764539057168889,-0.7873585742991985,-0.7872384104515584,-0.7645689731691659,-0.7645592212837213,-0.7871446414124296,-0.6717825165210775,-0.7872503035835281,-0.7872788026294235,-0.6717695197464234
-0.6635917843653985,-0.7802077275443806,-0.7802054855066858,-0.6636643645186567,-0.7799665286787165,-0.7507509690063041,-0.7506527047138232,-0.7800739617504822,-0.7799457709159854,-0.7506881882084745,-0.7506920537569867,-0.7798533686844118,-0.6635351723690864,-0.7798863438064899,-0.7799256300155462,-0.6635050514444717
-0.6548451636451431,-0.7724028013507835,-0.7723843235625302,-0.6549280884177914,-0.7721980005008812,-0.7368980445025047,-0.7367847171366031,-0.7723477879072067,-0.7722272377926334,-0.7368538567931118,-0.7368496247899243,-0.7721279992133798,-0.6548120137577392,-0.7720884816887695,-0.7721357436511828,-0.65477233242082
-0.6456435165129552,-0.764232176762521,-0.7641949343667825,-0.6457293484184125,-0.7640647422780554,-0.7231980733812623,-0.7230576374412501,-0.7642334148093898,-0.7641309068656348,-0.7231806377351322,-0.7231518693474093,-0.7640196467896285,-0.645625367654565,-0.7639311505679574,-0.7639774055650339,-0.6455872975348063
-0.636022327239412,-0.7557637768894166,-0.7557145684366825,-0.6361049224625477,-0.7556309897045181,-0.7097303800096695,-0.7095653871884439,-0.7557891536643953,-0.7557107704673602,-0.7097472384378541,-0.7096918811306128,-0.755586491446834,-0.6360064143416516,-0.7554837514930663,-0.7555173093918482,-0.6359761335452746
-0.626022106753211,-0.747048678940247,-0.7470062595437305,-0.6260967097766428,-0.7469466924300234,-0.6965409535965539,-0.6963688961919933,-0.7470691137424514,-0.7470162426443485,-0.6965959963006924,-0.6965285843634239,-0.7468808742337535,-0.6259942130563452,-0.7467931930388272,-0.7468124155804481,-0.6259720589581054
-0.6156756413343264,-0.7381136195938065,-0.7380996873629744,-0.6157391143385451,-0.7380383798941145,-0.6836542070295464,-0.6835005092331571,-0.7381193155004963,-0.738083635417781,-0.6837461893630832,-0.6836916027579457,-0.7379420940952277,-0.6156249324200694,-0.7378827024287868,-0.7379004372184856,-0.6156092344196412
-0.6049980011388015,-0.7289656562712721,-0.7289919064909146,-0.6050501575612306,-0.7289144525296527,-0.6710902034741721,-0.6709787376862306,-0.7289724626643639,-0.7289364225907247,-0.6712158548194487,-0.6711981429026455,-0.7287966731675243,-0.6049232497352982,-0.7287622144266342,-0.7287938643457715,-0.6049112889378278
-0.593984113319735,-0.7196055554001041,-0.7196732904863338,-0.5940299402540308,-0.7195828820336433,-0.6588824170906163,-0.6588256102049775,-0.7196466750141265,-0.7195956956882603,-0.6590420036982815,-0.6590706993720797,-0.7194664095154478,-0.5938981428829578,-0.7194399671651794,-0.7194874732116051,-0.5938829294525437
-0.5826196533270014,-0.7100417969448097,-0.7101444293731317,-0.5826669081525543,-0.7100613343147872,-0.6470868400844192,-0.6470811275808773,-0.710152620455765,-0.7100866153598838,-0.647283318486179,-0.6473499885751579,-0.7099722906052665,-0.5825455310147666,-0.7099265787006285,-0.7099796047334183,-0.5825140095600889
-0.5708953455971411,-0.7003026060417423,-0.7004206552996018,-0.5709484245969842,-0.7003783615293376,-0.6357775881507137,-0.635802384488198,-0.7005062719043963,-0.7004396942500444,-0.6360123123204945,-0.636095988097027,-0.7003341669107116,-0.5708541187129541,-0.7002429756831277,-0.7002905662852864,-0.5707931477899099
-0.5588170999035231,-0.6904366218538631,-0.6905439419111085,-0.5588712402578986,-0.690573576158118,-0.6250266671939434,-0.6250512123097555,-0.6907317402620327,-0.6906838031997043,-0.625297440444948,-0.6253749179141822,-0.6905744025723706,-0.5588152769844407,-0.6904268083567751,-0.6904649019580976,-0.5587237577649028
-0.5464072045757296,-0.6805000879277668,-0.6805824817330878,-0.5464491132459044,-0.6806960703725905,-0.6148823200475769,-0.6148798073666463,-0.6808593378391701,-0.6808487778674498,-0.6151896469418476,-0.6152386617050447,-0.6807214746155547,-0.5464348442271929,-0.6805315696547393,-0.6805589885778304,-0.5463249883456709
-0.5336993364431266,-0.6705457565122951,-0.6706033847838744,-0.5337150236727681,-0.6707924944013555,-0.6053577087722438,-0.6053174288506635,-0.67092484926221,-0.670967604902834,-0.6057060096324354,-0.6057089721167959,-0.6708106482712818,-0.5337381004397821,-0.6706172041455023,-0.6706276247436614,-0.5336269510156111
-0.5207326816175705,-0.6606130879533008,-0.6606537853726447,-0.5207142323082871,-0.660896530379106,-0.5964323223058111,-0.5963602626281159,-0.6609654278219506,-0.6610704605379281,-0.5968258665416722,-0.5967774921746487,-0.6608801010096194,-0.5207659837238129,-0.6607327984066336,-0.6607116103678694,-0.5206643086016587
-0.5075485057188805,-0.6507244424168396,-0.6507673168081016,-0.5074949071197784,-0.6510302932711977,-0.5880578466871113,-0.5879749720680545,-0.6510145423074807,-0.651180890011775,-0.5884993722814198,-0.588414173605492,-0.6509619518778328,-0.5075636291734512,-0.6508990448857455,-0.6508379990721421,-0.5074725137499826
-0.4941833173388343,-0.6408818931600143,-0.6409535732779991,-0.49409668555130754,-0.6412019007779761,-0.5801744647508332,-0.5801076554206752,-0.6410954544831022,-0.6413115807337575,-0.5806611646670052,-0.5805661381445331,-0.641073976385325,-0.4941698849732328,-0.6411081773823685,-0.6410225364415358,-0.4940875794694113
-0.4806588711722907,-0.6310718688862127,-0.6311877866384031,-0.4805413192663594,-0.631400955701389,-0.5727302100118893,-0.5726971252202481,-0.6312180651787476,-0.631463526374675,-0.5732484453171526,-0.57316781424166,-0.6312182126452656,-0.4806091835451889,-0.6313411863951353,-0.6312588307914753,-0.480537198353867
-0.46697598337399976,-0.6212762193954817,-0.6214322667487284,-0.46683083676461407,-0.6216091273249617,-0.565686649874492,-0.5656942581607313,-0.6213802198617621,-0.6216336465220793,-0.5662252282232092,-0.566167323226072,-0.6213907109109812,-0.46689189307420453,-0.6215843124396697,-0.6215167003333668,-0.46683256916058236
-0.453120456010409,-0.611480151254594,-0.6116646360049999,-0.45295390344124714,-0.6118187470705274,-0.5590251378235894,-0.5590707261689137,-0.6115714185586518,-0.6118247504030162,-0.559585039387062,-0.5595377696335013,-0.6115890768767955,-0.45301735210678196,-0.6118306406288926,-0.6117657298027136,-0.45296703815665873
-0.43907842036468614,-0.6016792930475036,-0.6018795056873545,-0.4388970142480839,-0.6020361432643575,-0.5527454053966805,-0.5528133843824654,-0.6017821693637706,-0.6020444260722384,-0.5533279858070769,-0.5532690689324211,-0.6018129425828458,-0.4389787794229846,-0.6020793998895084,-0.6020014120920272,-0.4389268804220035
-0.42485052050266736,-0.5918907043939342,-0.592087698661923,-0.424655776633378,-0.5922749017201243,-0.5468462185127538,-0.5469151717336058,-0.5920121286315883,-0.5923004425797872,-0.5474519110730492,-0.5473567867559911,-0.5920631200482896,-0.42476866133651076,-0.5923419960164539,-0.5922433865376355,-0.4247086523029417
-0.41045597197635125,-0.582148097186454,-0.5823245085009691,-0.41024079338379743,-0.5825525978706753,-0.5413108387239265,-0.5413596630496019,-0.5822679241071799,-0.5825982546487999,-0.5419376425021417,-0.5417906430802797,-0.5823431703215598,-0.41038666567884324,-0.5826404871022428,-0.5825201387977753,-0.41032815173355086
-0.3959272562319292,-0.5724823040256022,-0.5726375488421946,-0.3956797722270917,-0.5728880742407283,-0.5360991613114893,-0.5361122778986281,-0.5725599005111628,-0.5729425613538274,-0.5367420566391303,-0.536538307101019,-0.5726633349427234,-0.3958491023077342,-0.5729994688222136,-0.5728611965351776,-0.3958171145331062
-0.3813014939383407,-0.5629084186205354,-0.5630537232616869,-0.3810133515876845,-0.5632922856522511,-0.5311398299990925,-0.5311232349815035,-0.5628992533098776,-0.563337245151743,-0.531799130676601,-0.5315401252477153,-0.5630346559705437,-0.381190820981121,-0.5634413243081243,-0.5632881399148376,-0.3812108377604247
-0.36661494018537866,-0.553425726455805,-0.5535715051588392,-0.36628781769630153,-0.5537644576643486,-0.5263455436962118,-0.5263261347379272,-0.5532987776219689,-0.5537845175859545,-0.5270254583651699,-0.5267223230912128,-0.5534647324812069,-0.366457466150306,-0.5539785866204829,-0.5538075050658839,-0.3665414222250738
-0.35190177422717905,-0.5440214015763745,-0.5441819367348835,-0.35154530869375483,-0.5443010821555986,-0.5216363186236319,-0.5216368472388554,-0.5437665115398382,-0.5442831893673444,-0.5223299876551618,-0.5220115924916665,-0.5439600839138372,-0.35169248524619895,-0.544599733127593,-0.5444126130818364,-0.3518380485528431
-0.3371903495150535,-0.5346733657555937,-0.5348674323183468,-0.33681484829549113,-0.5348934771059589,-0.5169423236185374,-0.5169726255384159,-0.534301624435033,-0.5348257681400852,-0.517631025318938,-0.5173338110663448,-0.5345213982936371,-0.3369261268352272,-0.5352691185668657,-0.5350884500725108,-0.33712888063937396
-0.3224960169612253,-0.5253548392381718,-0.5255887235581577,-0.3221078145551366,-0.5255175789469564,-0.5122037630592166,-0.512271868209051,-0.5248954096713582,-0.525400528101563,-0.5128738568710303,-0.5126128482078868,-0.5251332807794311,-0.32217412587767574,-0.5259538834763077,-0.5258084861186241,-0.3224364656356741
-0.30781746073795685,-0.5160421589456564,-0.5163027715938093,-0.3074207767160645,-0.5161459315840902,-0.5073798976130725,-0.5074893333760968,-0.5155317751577158,-0.5159970864985417,-0.5080289226041597,-0.50779268001033,-0.515774346672239,-0.30744175754582187,-0.5166417262972496,-0.51653449759468,-0.3077702700470079
-0.293143785639955,-0.5067184532050402,-0.506991793672548,-0.29274435366896373,-0.5067708495460757,-0.5024505067610249,-0.5025916746802901,-0.5061905552696987,-0.5066102472677321,-0.5030786985487473,-0.502849297908086,-0.506435529898239,-0.2927298728090071,-0.50732828426475,-0.5072348032913375,-0.29312398940939777
-0.27846871972465154,-0.4973764301802638,-0.4976550936399468,-0.2780737428972498,-0.4973992329202162,-0.4974041899026964,-0.4975550461226357,-0.4968561089132374,-0.49723858699601853,-0.49800909865376286,-0.49777271738328943,-0.4971159230485,-0.278038514456354,-0.49800673390544775,-0.49790475042433724,-0.2784886597324849
-0.26380374603680024,-0.48803135870175013,-0.48830050371691974,-0.26341617145304075,-0.488034621631012,-0.4922205626748031,-0.4923586658600543,-0.48752321368132434,-0.4878807147151492,-0.4928005578599131,-0.4925459598403037,-0.4878055230160665,-0.2633710710847068,-0.4886769782495789,-0.48856578722578914,-0.2638676998225785
-0.24917992644963732,-0.4787088385442832,-0.47895378691203266,-0.2487947253315385,-0.47867599260128474,-0.48686562719516163,-0.4869773382025938,-0.4781901771854387,-0.47853443118886574,-0.48741987580623053,-0.48714120134608857,-0.47849158753654003,-0.24873885951868596,-0.4793555454691508,-0.4792480389090669,-0.24928711586495694
-0.23463893184683737,-0.46941981223944285,-0.46964919843773306,-0.2342464684309664,-0.4693274018605244,-0.48129129719131303,-0.4813753322783653,-0.4688555650544483,-0.46919533653947343,-0.48181674226277893,-0.4815175959888577,-0.4691733728044622,-0.23416835588905996,-0.47005733660904125,-0.4699610769484093,-0.2347890148319767
-0.22022331104514398,-0.460162117065525,-0.4603976597891748,-0.21981778017898235,-0.4599927763591783,-0.47543523666027604,-0.4755066753899533,-0.45952426853182365,-0.4598592382329979,-0.4759289528968702,-0.4756234900366786,-0.45985735266691175,-0.21970232028152364,-0.46078551329508805,-0.46069629157417163,-0.22041691401833718
-0.2059714973227299,-0.4509350069120729,-0.4511832614261999,-0.20555820491568652,-0.4506690131303379,-0.4692380945739543,-0.46931921348424177,-0.45020653217138057,-0.45052411087971844,-0.46969414555857814,-0.46940377403560196,-0.4505483643221465,-0.20539244640071586,-0.4515409962020405,-0.45145263309175077,-0.2062059158220673
-0.19191896947485879,-0.44173229098647976,-0.441990593662111,-0.19151208803096337,-0.44135343452776776,-0.4626561751304907,-0.4627587000244028,-0.4409076575722347,-0.44118949137460917,-0.46306176425195333,-0.46280888772918116,-0.44125182111567934,-0.19128741666677357,-0.4423201468521835,-0.44223688975494735,-0.19218496596154022
-0.1780983679598999,-0.4325332088755448,-0.4328091023796331,-0.1777119704529061,-0.4320472339811782,-0.4556559585158555,-0.45578333249321146,-0.43162568633474185,-0.4318551088390203,-0.45599923844348883,-0.455801551126841,-0.43197033035065113,-0.1774227259280776,-0.4330993482342672,-0.4330381336861197,-0.17838221352615602
-0.16453509717640805,-0.42331687245060745,-0.42361547698549873,-0.16417536132261498,-0.4227433678620826,-0.4482205720719067,-0.44837170895063644,-0.422356973595143,-0.42251878965227463,-0.44849258134916903,-0.44835029953934047,-0.42269489483398603,-0.16381871259883407,-0.42385157452811034,-0.42382916852773295,-0.16482644454386483
-0.1512416233341923,-0.41407481371682575,-0.41438160946394115,-0.15090827484056682,-0.4134274350809198,-0.4403481197726104,-0.44051305653507233,-0.4130963181117901,-0.4131789632401226,-0.4405437706781676,-0.44043787129001144,-0.41341159215151974,-0.15048697909446498,-0.4145737934083764,-0.4145872037957684,-0.15154024511369524
-0.1382204529881225,-0.40480378943986983,-0.4051028270302222,-0.13791245279151035,-0.40409565901519046,-0.4320407534548899,-0.432205966428817,-0.40383330912480003,-0.40383674693398175,-0.43216227608291813,-0.43207643414444014,-0.40411853430050315,-0.13743823214974987,-0.4052782050431668,-0.4053016608861628,-0.13853408469215037
-0.12547488493373768,-0.39550174615987677,-0.3957932923505703,-0.12519533699078564,-0.3947576573277239,-0.4233074372449909,-0.42346002933294824,-0.3945588167097285,-0.3944939589565158,-0.42335898964664864,-0.4232877111573913,-0.39482134511623707,-0.12468690014271808,-0.3959646211553359,-0.39597344698892456,-0.12581029901599008
-0.11302359542700816,-0.38618229070674953,-0.38646604587927147,-0.11277540451295304,-0.38541650741795713,-0.41416031465928843,-0.414287133940739,-0.38527275771543346,-0.38515309345853765,-0.41414377520653484,-0.4140793891109951,-0.38551403421667,-0.11225132012955259,-0.38662862022731037,-0.3866219130994324,-0.11337895863967162
-0.1009045377205604,-0.3768715086192663,-0.37713574959332796,-0.1006848122107643,-0.37606777994631463,-0.40460513528397857,-0.40469739672853045,-0.37597735312174874,-0.3758154177747464,-0.40452187203430146,-0.4044550503414888,-0.37618563611816164,-0.1001546650024708,-0.37728357757446984,-0.37727809031834003,-0.10126992374672703
-0.08916648863447588,-0.3675835360550547,-0.367828075566201,-0.08896648560766789,-0.36671679097743404,-0.3946419953306596,-0.3946972241658957,-0.3666713333623516,-0.36648179988082935,-0.39449204707028457,-0.3944209651636715,-0.36684077536275755,-0.08842753580314394,-0.3679512332045305,-0.36795483625165276,-0.08953182548545398
-0.07785631590624931,-0.3583175372265652,-0.3585619811648837,-0.07766871831782043,-0.3573778352796849,-0.3842632545204866,-0.38429179023649757,-0.35736095713165505,-0.35715504885941235,-0.38405053355668983,-0.38397766288134944,-0.3574942899623887,-0.07711076630875155,-0.3586390193562017,-0.35864358144429004,-0.07821720250467644
-0.06701382361849084,-0.3490833161330741,-0.3493370285283965,-0.06684000966131991,-0.3480596350289539,-0.3734660970934265,-0.37348701230780545,-0.34806721950566333,-0.34784339593259983,-0.3731957459877694,-0.37312779749378383,-0.3481585622405597,-0.0662540330048216,-0.3493495510510732,-0.34934824362545963,-0.06736807121654528
-0.05667404638116822,-0.3398988403697162,-0.34014917656371096,-0.05652395702309757,-0.3387740468302603,-0.3622668222838803,-0.3622920442620504,-0.3388128729498492,-0.3385612887929113,-0.3619363707042239,-0.36188409855132575,-0.3388494604237263,-0.055907460391106945,-0.3400973741509155,-0.34009695361050374,-0.05701334174514501
-0.046870185964098664,-0.3307652067887137,-0.33100522142561906,-0.04675455092308592,-0.3295463316557401,-0.3506914881043944,-0.3507232934793338,-0.3296114353797692,-0.3293264776108541,-0.3502971741143252,-0.35026740079582636,-0.32959100186215157,-0.04611143171856852,-0.3308949476573149,-0.3309082072422078,-0.04717706504903084
-0.03763156826426556,-0.32167485044358973,-0.3219104553049685,-0.03755319535132806,-0.3203977974700333,-0.3387729186149519,-0.3388110791779108,-0.32047395055335565,-0.3201547759941083,-0.3383151176898497,-0.3383040666771324,-0.32039978123542656,-0.03689066180313781,-0.32173923299206436,-0.3217748518279516,-0.037885866000495184
-0.028976386172901124,-0.3126401416022445,-0.31286379794296554,-0.028929551422331324,-0.31132867873597886,-0.32655601924734096,-0.3265951958376431,-0.3114162514783594,-0.31105918310239616,-0.32603558720520914,-0.32603450708756376,-0.311280140158682,-0.028256733486383023,-0.31263331429771135,-0.31269179029484423,-0.029167084293571555
-0.020909002098386583,-0.30368321034458473,-0.30387597855587145,-0.020886485602829172,-0.30233744892785314,-0.31409043464703895,-0.31412580322364386,-0.302451980212688,-0.30205373761138604,-0.31351826018485357,-0.31351499988068404,-0.30224333420956345,-0.020216216687834868,-0.3036033194599312,-0.30367361313238916,-0.021040102603706663
-0.013426592233327978,-0.2948095716199845,-0.2949736333916023,-0.013426988319392846,-0.2934431424813521,-0.30143397135339556,-0.301467151224202,-0.2935891442446981,-0.2931555251681188,-0.30083175642443377,-0.3008106685708046,-0.29331293205908254,-0.012777687390986352,-0.2946747547679053,-0.294738428045581,-0.013511166799305844
-0.006532269112494197,-0.2860247480480808,-0.2861794849000172,-0.0065595349232586714,-0.28466965245699294,-0.2886596004917749,-0.28868610183471266,-0.28484004721267325,-0.28438271396876896,-0.28804361414308965,-0.2879910505495456,-0.2845046019645984,-0.005952766872228543,-0.28585221934229704,-0.28590241070362443,-0.006579979941427445
-0.0002442739483669023,-0.2773609882443344,-0.2775075679912065,-0.00030092817584342874,-0.27602555014145486,-0.2758403440085704,-0.27585071832394226,-0.27622201780853184,-0.27575124157401104,-0.2752203483686805,-0.2751240909658918,-0.2758214623395269,0.0002447711002957797,-0.2771450074473355,-0.27719544012994674,-0.0002530734772478165
0.005406706589539797,-0.26885946364019525,-0.26898384883738485,0.00532654413823466,-0.2675181490497954,-0.2630414799503729,-0.26303471895733616,-0.2677484635186573,-0.26727656557039786,-0.2624260806385954,-0.2622755669071988,-0.2672763773431405,0.005800393580892981,-0.26858692377028054,-0.26865277941080357,0.0054459242468153654
0.010390276251383355,-0.26054107456373665,-0.26065096896114853,0.010297965463422631,-0.2591771749520157,-0.25032636445011947,-0.25030880354187424,-0.25943337987827964,-0.2589786566055121,-0.24972513033294283,-0.2495180155232073,-0.258902161546266,0.010699344026796308,-0.2602116586713263,-0.2602904741892562,0.010482547649972054
0.014687587402844364,-0.2524252159347323,-0.2525406179178029,0.014589838570655387,-0.25104649841246374,-0.23775762370316092,-0.23774214811487704,-0.2513091219270882,-0.25088474235458846,-0.23718576198081726,-0.23692356101432438,-0.25073499563304696,0.014925641641546715,-0.25203692537436384,-0.2521211599371893,0.014827596910492364
0.018293788844203913,-0.24455645677416502,-0.2446698075341505,0.018185096722373242,-0.24316316483093728,-0.22540226574428077,-0.22540807396307283,-0.24342401765766838,-0.24302903518781988,-0.22487647019956777,-0.22455975873142212,-0.24280790838805089,0.01846472115046098,-0.24408972486553088,-0.24419165258498493,0.018471233428082323
0.021212162954480866,-0.23698237561535318,-0.23706724999989387,0.021077738573174666,-0.2355626443368722,-0.21333704610886423,-0.21337868552683492,-0.23582007443117503,-0.23544976989476982,-0.2128673646015611,-0.21250234995437425,-0.23516205382898553,0.021307402220827824,-0.23642734663855286,-0.2365680242563346,0.021422776180017724
0.023448688318833746,-0.22972478854872466,-0.22977798672367047,0.02327579810195931,-0.2282889220544929,-0.20164478510692035,-0.2017268100121322,-0.2285283430921393,-0.22818486824544457,-0.20123544618292755,-0.20083037074912027,-0.22784434753163108,0.023453966647142863,-0.22910112028966592,-0.2292843009013626,0.02369958827008769
0.02501389374729416,-0.22280157289399483,-0.22283814313725048,0.02480185358792412,-0.22137920583494541,-0.19040884911937614,-0.19053129920012637,-0.22158454043627565,-0.22126875473083862,-0.1900636429166627,-0.18961953116553826,-0.22088926023926786,0.024918176339051384,-0.22212518556899302,-0.22234479807308463,0.025316786693485485
0.025929416628219633,-0.2162519902849032,-0.21626928600066778,0.025689047773630878,-0.21485262876407096,-0.179709135177686,-0.17987576682151785,-0.2150310132726295,-0.21473342292164738,-0.17944057009834044,-0.17895115799927708,-0.21432108871994676,0.025727273361397286,-0.21551254257058142,-0.21577203351656832,0.02628740463243728
0.026231635647287553,-0.2101132416277975,-0.2101003020444047,0.025975297226509063,-0.2087293180624078,-0.1696267940536612,-0.16984844226051463,-0.2089014991850381,-0.20861127137104346,-0.16945761502531825,-0.1689111166318926,-0.20817369225122606,0.025918315450827997,-0.2093104164734876,-0.20961211530143406,0.02663287458666323
0.025966736842801312,-0.2043974222309865,-0.2043691966017979,0.025698218631749255,-0.20304637513837828,-0.1602519922458876,-0.16053708763761554,-0.20321939966435415,-0.2029346876437833,-0.16020196780835838,-0.15958595263580774,-0.2024872685285601,0.025532146524278224,-0.20356652177616322,-0.20389686233617973,0.026390731902006987
0.025179497058611614,-0.19912079122785276,-0.1991024956848203,0.024893512061613266,-0.1978391134431679,-0.1516754829794625,-0.15202130866243146,-0.19801015931062824,-0.19773384896403848,-0.15175499457631147,-0.15106293480841215,-0.19728744777209234,0.024609197006473026,-0.1982929655693046,-0.19864078372342078,0.025611165546176377
0.023906399045846155,-0.19432897739539276,-0.19431833844166266,0.02359616097582723,-0.1931242943075798,-0.14397527702659138,-0.14437636365754958,-0.19330154306135047,-0.1930362611858918,-0.14419154177431792,-0.14341853294808773,-0.19258823438363343,0.023190230457917047,-0.19349672826837974,-0.1938715553206886,0.024344148942261848
0.022179168823464237,-0.19006869946454416,-0.19005030843392895,0.021844245518188084,-0.18891895143216894,-0.13721698201048022,-0.13767206328851883,-0.18911386856961637,-0.1888686587308552,-0.13757566915410588,-0.136717393390778,-0.18841439759735867,0.02131918948637824,-0.1892166639348831,-0.18962873825373905,0.022629463660466597
0.020035799675554862,-0.18636118307962643,-0.18634417914940107,0.019682233201931736,-0.18525984131430778,-0.13145324824715623,-0.13196430704163684,-0.1854659705125211,-0.18525854531686234,-0.13195924353298444,-0.13101773871383784,-0.1848025317070624,0.019046805492106567,-0.18549971162582632,-0.1859390081448715,0.02050107007750661
0.017530973458231184,-0.18322772234923704,-0.18323193052261402,0.017162884975726073,-0.1821882838043844,-0.12672278712115745,-0.12729728287331946,-0.1823895500055002,-0.18223190463972375,-0.1273830140811262,-0.12636181319131135,-0.18178057682583607,0.016430873331008188,-0.1823685425877385,-0.1828262104677514,0.018001403700028402
0.014736280076190746,-0.18071239595752359,-0.18073098028083714,0.014347776340963216,-0.17972894095622377,-0.12305201414363996,-0.12370168402315601,-0.17992181090094472,-0.17981175888148648,-0.12387415345069124,-0.12277611785781957,-0.17936552310458842,0.013534690919145722,-0.17984229199107607,-0.18033503702204032,0.015194303575131202
0.011731442156384131,-0.17885213310358944,-0.17886477071138224,0.01130765227882008,-0.17789791551900527,-0.12045620288018624,-0.12119095306911029,-0.17808523318306474,-0.17801787132780486,-0.1214432604497509,-0.12027832643457934,-0.17757947776912775,0.010426278510225179,-0.1779588811443995,-0.17850708983360722,0.012164405753471556
0.008594825172979624,-0.17764798987580646,-0.17765796461273622,0.008121881861629057,-0.1767155585711793,-0.11894180786831664,-0.11976658593098692,-0.17688782985655419,-0.17686470442904256,-0.12008630526135555,-0.11886917007929852,-0.17644808710113544,0.00717912867794915,-0.17674597660112956,-0.17734326929033645,0.009003269700059678
0.005400953033466878,-0.17708989060401487,-0.17711362320674892,0.004876687859235831,-0.17619394497122443,-0.11850039726068139,-0.11941458252485913,-0.17633957852536802,-0.17635842242139277,-0.11978804264191592,-0.11853036021838098,-0.17598111655512022,0.003873968110681655,-0.17619588517640244,-0.17682273088372175,0.005795171727849054
0.0022261106457257263,-0.17718309178972314,-0.1772166808642308,0.0016614392414834086,-0.17632447551715805,-0.11909910789846441,-0.12010302029008241,-0.1764512528005779,-0.17649638134162127,-0.12052150241440746,-0.11923156445721898,-0.17617005426040136,0.0005980842729013528,-0.17629416670457335,-0.1769468214253398,0.002613380919601352
-0.0008460273009056433,-0.1779243991529193,-0.1779573756533402,-0.0014356392674153427,-0.17709173286829197,-0.12068998210578319,-0.12178958183191949,-0.1772175796395104,-0.17727036536498902,-0.12224588021333649,-0.12092795834830307,-0.17700463112993936,-0.002558724941167934,-0.17704501036877332,-0.17772810559049843,-0.00047051604830850025
-0.003724947746919822,-0.1792803785384145,-0.1793288721872687,-0.004331419674930611,-0.1784859818102067,-0.12321992602597966,-0.12441937779715961,-0.1786147640339308,-0.1786668092991004,-0.12490513032130944,-0.12356100366269748,-0.17847372414885232,-0.0055091544045747344,-0.17844363057578339,-0.17914623683584413,-0.0033759933031901716
-0.006321791564405988,-0.1812134785507101,-0.18130495600396723,-0.006948827098699169,-0.18048771110323752,-0.12662634917866805,-0.12791977884942174,-0.18061486657959874,-0.1806641306305636,-0.12843036671619681,-0.127063967317589,-0.18055039843854562,-0.0081721121529775,-0.18044902415877292,-0.18115136965628834,-0.006012235379006145
-0.008558057891043955,-0.18370649814849588,-0.18384297922400025,-0.009215726720762991,-0.1830533147832806,-0.1308343577447637,-0.13220676253670993,-0.18318763306256913,-0.1832315357187196,-0.13274122090851906,-0.13135730134090046,-0.18319121059397672,-0.010472578454614282,-0.18301013666991497,-0.18370414312671135,-0.008288546943253018
-0.010367257645551298,-0.18673565779313955,-0.18690603565180536,-0.011062127624563392,-0.18613035963037197,-0.13575430978239392,-0.13718377423805866,-0.1862898583300313,-0.18633036562731123,-0.13774209256410988,-0.13634573627731034,-0.1863520741858565,-0.012338710069261715,-0.18609520883771724,-0.1867787764595851,-0.010127317460503892
-0.011688761063073861,-0.19024507497362653,-0.19046004606632647,-0.012419078459964062,-0.18967485820120628,-0.14127294422415843,-0.14273916034421272,-0.18986510312175348,-0.18991265451774653,-0.14332056639316743,-0.14191956750287676,-0.18998926562451243,-0.013699814209587238,-0.1896699647069594,-0.19033313276875588,-0.011467480885173863
-0.01246049088075195,-0.1941722522993103,-0.19445115393665313,-0.013220024215404965,-0.1936402486277899,-0.14725923340071628,-0.1487519402865387,-0.1938554386308187,-0.1939188302348106,-0.1493517016405397,-0.14795370396432064,-0.19404337659300488,-0.014487504596604422,-0.19367055702219765,-0.19430739860786456,-0.012257069094994482
-0.012618609236924812,-0.19847160680857784,-0.1988046159382906,-0.013404240837836232,-0.1979603364334239,-0.15357674823913944,-0.15509186382532228,-0.19820086125628694,-0.19828001123318392,-0.1556989926300587,-0.15431139020741177,-0.19843813785136316,-0.014641115948000643,-0.19802269166419295,-0.19864493580366965,-0.012442940842486773
-0.012106671260677186,-0.20308833821914868,-0.20344588509567388,-0.012922655580779555,-0.20255866365484848,-0.16008089730473019,-0.1616137854656711,-0.20282801668534156,-0.20292257149635934,-0.16221340275878962,-0.1608488272415031,-0.20310062082136093,-0.014114377769572986,-0.2026675621377388,-0.20328514289046368,-0.011969482109353478
-0.010888444237760255,-0.20793417562941455,-0.2083040486671817,-0.011741284476607107,-0.20736447291855606,-0.16662036266103974,-0.16816572458292095,-0.20765330571339244,-0.20776996868237152,-0.16873980726993867,-0.16741219428205434,-0.20796671427268046,-0.012878174593052105,-0.2075433958328216,-0.2081401665113593,-0.01078975744819535
-0.008954954137120106,-0.21291430440609432,-0.21329835801962074,-0.009844070595772744,-0.21230827299188404,-0.17304388846622973,-0.1745911719597156,-0.2125986562021839,-0.21274148157639453,-0.17512243606136174,-0.17384283156491873,-0.2129643057411142,-0.010920541844905787,-0.21256039554108636,-0.21311246943646966,-0.008881239316765628
-0.006321557798920275,-0.21795603161519936,-0.21834219002305616,-0.0072339098429263695,-0.21730795723654883,-0.17919861005063598,-0.18073223937364966,-0.2175918018829535,-0.2177523843039962,-0.18120581606550407,-0.17998777049250533,-0.2180036836776396,-0.008246196112305012,-0.21762078698002957,-0.21813009160766073,-0.006253922854931324
-0.0030197750171988644,-0.2229863697407523,-0.22335806050197632,-0.003933028304278657,-0.22227204278431623,-0.18493157764897128,-0.18644329263703402,-0.2225514186031273,-0.22271617273243513,-0.18684289381677663,-0.18570235532792514,-0.22299095039183064,-0.004877336146200928,-0.2226495127343814,-0.22313405076312842,-0.002944962587136904
0.0009096711267947773,-0.2279037749219541,-0.22827276502622243,1.5143482758231848e-5,-0.22711247230164244,-0.19009657662475457,-0.19159064240508086,-0.22738454169292263,-0.2275452669708592,-0.1919023785110868,-0.1908485642744172,-0.22783851706888777,-0.000856088948468977,-0.22757708163374524,-0.2280355793105545,0.0009947317804746563
0.005416113187942654,-0.23259751144315838,-0.2329917739046194,0.004546905936019931,-0.23174090633776614,-0.19457057994562402,-0.19604818394547693,-0.23200022582743854,-0.23215103239296483,-0.19626651915858145,-0.19530064012751763,-0.23245832428125687,0.0037548217683760635,-0.23230545628384786,-0.23271705246786129,0.005510406293005368
0.010433165618984167,-0.23697841193081456,-0.23740036005775916,0.009581688370358719,-0.23605969776985902,-0.19826306243566463,-0.1997084135828987,-0.23631426526035626,-0.23644579304148683,-0.1998319596994078,-0.19895474297077326,-0.23675736398585978,0.008874694628829985,-0.23671958309940727,-0.2370732693734017,0.010541352075399989
0.01587496282457873,-0.24096672004304984,-0.2413970865847974,0.01502847365264022,-0.2399707230380778,-0.2010989545440138,-0.2024871731464621,-0.24024018802066177,-0.24034522230551644,-0.20251755563727183,-0.20173178206534317,-0.24064810698017952,0.014410412063236172,-0.24072372233005945,-0.24102388329798224,0.016012028041046913
0.02163908894334052,-0.24446918638212065,-0.24490544420297997,0.0207908031054123,-0.24339045875263007,-0.20301154514412045,-0.2043202779794257,-0.24368777400559474,-0.24376720632116103,-0.20426675087092439,-0.20357192391224282,-0.24405174700500656,0.02026200179313737,-0.24424013979992049,-0.2444866087601696,0.021824826150755122
0.027614312844783793,-0.24739575782371614,-0.2478505135732587,0.026768439895141896,-0.24624671318115207,-0.2039578665883681,-0.2051701456869125,-0.24657348477291266,-0.24662989127736712,-0.20504579294620073,-0.20443314967965442,-0.24688736132849717,0.02632440595918422,-0.2471842972668175,-0.24737090902618433,0.02786247888682411
0.03368681747311302,-0.2496840753703664,-0.25014827411161794,0.03285418788881947,-0.24846707735209536,-0.20391989143474715,-0.20502642001709526,-0.24882401262299456,-0.2488561348930281,-0.20484331500117306,-0.20429856601045873,-0.2490728082541605,0.032484706842580625,-0.24947092698417137,-0.2496023398637688,0.033998020019545314
0.03973948898508431,-0.2512838297438645,-0.2517262465931769,0.038929046804160025,-0.2499841320096436,-0.20289849625093123,-0.203899158034437,-0.25037121986249433,-0.25038226647297557,-0.20366895311202454,-0.20317881626149337,-0.2505441390717549,0.038618938328705804,-0.25104223558455363,-0.25112787388203667,0.04010435504327845
0.0456458202763281,-0.2521345222866604,-0.2525384871746088,0.044860092271844454,-0.25075096839694605,-0.200924289299909,-0.20182369949811826,-0.25115685589185593,-0.2511618878293876,-0.201552648998181,-0.2011077390162965,-0.2512640924945563,0.04459160636268267,-0.25186379932893543,-0.25189727793423355,0.046055534380418185
0.051265596660321044,-0.25218784440454656,-0.25255574705495354,0.05050357968491799,-0.2507410238359385,-0.1980568286731491,-0.19885871417829115,-0.2511459081238705,-0.2511620022584887,-0.19854617599208516,-0.19813923471008335,-0.2512062890317614,0.05026001198415016,-0.2518977330477852,-0.25186804782404054,0.051720625823437574
0.05644777942451564,-0.2514361836781522,-0.2517601273840981,0.055712561546913696,-0.2499351695216295,-0.19436878628903387,-0.19507752514461768,-0.2503269875874804,-0.2503598928651423,-0.19472115477395163,-0.1943496547208312,-0.250344402820583,0.055480862958376155,-0.25110857888017235,-0.25103112374498343,0.056958155887455585
0.06104292529169674,-0.249893565625853,-0.25015614424543803,0.060345669324164325,-0.24832140292852617,-0.18994295108630377,-0.1905715692217692,-0.24869749107125344,-0.24874473222762622,-0.19017024569074198,-0.1898362106570943,-0.24866427092955037,0.06011685711575686,-0.24949263954732526,-0.24940489655361556,0.0616193190136029
0.06491711224307839,-0.2475596119140671,-0.2477660709457787,0.06427315247371297,-0.24590662249796866,-0.1848828056582045,-0.18545430514163128,-0.24625977635974763,-0.24632134275739778,-0.18501124650574854,-0.18471211183465802,-0.24617760477283465,0.06404083465989831,-0.24707502014330485,-0.24700002591866776,0.06556169385370329
0.06796241767786977,-0.2444318950035314,-0.24460688126486296,0.06738118116090154,-0.24271700999165843,-0.17932062385687544,-0.17985691271456739,-0.2430347332460204,-0.2431119444472892,-0.17937598626934773,-0.17910633895162284,-0.2429156240239461,0.06713956203920333,-0.24387797228513242,-0.2438158808641274,0.06866670413639556
0.07009851433402638,-0.24054269556641095,-0.24068878784358733,0.069576328407908,-0.23878835160187595,-0.17341275398510358,-0.17392585643233913,-0.23906932197452255,-0.23915568126768882,-0.17341095659276118,-0.1731672425042066,-0.23891914335330103,0.06931823393920397,-0.23991930930715127,-0.239878311256347,0.07084994026689567
0.07127012558938747,-0.23595592311001237,-0.23604807856635793,0.07079119474294376,-0.23416799721988593,-0.16732514064541548,-0.1678211816984821,-0.23442479610943595,-0.2345091099234166,-0.1672850809740726,-0.1670592587250727,-0.23424365834631786,0.07050766173061176,-0.23524547670832208,-0.23525250621448462,0.07206065076029018
0.07144569736666004,-0.2307354834959954,-0.23076508473433022,0.0709913171593866,-0.22892576257342695,-0.16122770971333575,-0.1617116502455006,-0.22916823785873855,-0.22924507460671695,-0.1611728134596196,-0.16095196233532771,-0.22896359186858908,0.07067156038310066,-0.22993941092371145,-0.23001132917640804,0.07227473276824362
0.07062069737552479,-0.22494769319468597,-0.22493953201244302,0.07017918602472145,-0.22315211729267964,-0.1552924399683746,-0.15576829616490143,-0.2233798824365919,-0.2234492497657368,-0.1552424335596477,-0.1550133279122221,-0.2231639716303796,0.06981054781291803,-0.2240920260208123,-0.2242205568531429,0.07148904965583738
0.0688232278513914,-0.2186903105088078,-0.21866436008308024,0.06839316968937656,-0.216943727226126,-0.1496814876488054,-0.15015629427324512,-0.21715944637958756,-0.21721858952626422,-0.14966121573538235,-0.1494088833607789,-0.21693586905027948,0.06796135861541261,-0.21778824220339402,-0.21796657003310216,0.06972321940238635
0.06611660275141595,-0.2120900243623801,-0.2120381344958555,0.06570163224468922,-0.2104021516483064,-0.1445433021957583,-0.14503164489601958,-0.21061837031870634,-0.21066319039288026,-0.1445866354050854,-0.14429592438285,-0.21038756473795991,0.06519143067095831,-0.21113286401057801,-0.21137402342959777,0.06702767394288577
0.06259565916801357,-0.20527164986723612,-0.20518741573134602,0.06219573524300745,-0.20364824045835467,-0.14001835008386143,-0.1405365293641385,-0.20387362068801057,-0.2039086209204242,-0.14015526772586714,-0.13981244459560999,-0.203650818580734,0.061593240567374266,-0.20426695977197049,-0.20458061041823722,0.06348925935710945
0.058377591245321804,-0.1983574677838431,-0.1982587625672469,0.05798447454184498,-0.19682435930239656,-0.13623243647131514,-0.13679018910586344,-0.1970547636872578,-0.1970928402210305,-0.13648281177665778,-0.13607535487321165,-0.19686597458864805,0.05728039533866322,-0.19734045306862327,-0.1977151109049673,0.0592287457420419
0.05359368856550701,-0.19149769558581017,-0.19139976960424024,0.053193814331495365,-0.19007866196875223,-0.13328339263359448,-0.13388656244066735,-0.19030869560460698,-0.19035971746629288,-0.13365842087359708,-0.13318055064731296,-0.1901671941535517,0.05238713636950503,-0.19048710023354923,-0.19091469172209335,0.054390430038230624
0.04838649517537271,-0.18486940683943306,-0.18476277582930117,0.047968971946645685,-0.18355582648439694,-0.13123627881723363,-0.13189173132933477,-0.1837879284720106,-0.18385585989344258,-0.1317415988190403,-0.13119606528418465,-0.18369119394524303,0.04706785444342503,-0.18384518662435928,-0.1843417784691225,0.049129915330285254
0.042913309803491194,-0.178637437878915,-0.17851602417170484,0.042475221325359545,-0.1774063193744999,-0.13012117398326412,-0.13083808461336163,-0.17764000385197792,-0.17773163467166334,-0.1307642110952472,-0.13015448081994477,-0.17759186672744823,0.041495599997960986,-0.17758134948087226,-0.17816334710062234,0.04360884649933861
0.03735022128945271,-0.17294007812173492,-0.17282686090203178,0.03689504738045976,-0.17179024453673036,-0.12993584026314633,-0.13072737830529257,-0.17201245581320201,-0.17213929798248123,-0.1307243547178909,-0.1300553782836174,-0.1720323288646038,0.03585671749668649,-0.17186938901517648,-0.1725279498067585,0.03799827761651237
0.031891225965675674,-0.1679175835120012,-0.16783579834699672,0.03142141821412189,-0.1668614396132932,-0.1306529082077491,-0.1315336670995574,-0.1670585273708265,-0.16722565910742232,-0.13158687756382512,-0.13086986551372953,-0.16716053622908916,0.030344006267977154,-0.16685571113056316,-0.16757565941461147,0.03248408848970327
0.026739336524321734,-0.16372251335579477,-0.1636615186101148,0.026249627700430583,-0.16275111602064862,-0.13221865261838614,-0.13319767676898223,-0.16292332655615224,-0.16312387985659468,-0.1332928332650708,-0.13253756900973915,-0.16310163363778396,0.02514966596395985,-0.16266649019736448,-0.1634527563739524,0.02726735156840139
0.022092256551940154,-0.16048371868643857,-0.16042286395851627,0.021570043634150216,-0.15957046723446983,-0.13455013207989425,-0.13562728809036304,-0.15972470013355494,-0.15994966661879842,-0.1357527839055828,-0.13496600324626495,-0.15996715629972288,0.02046055206947292,-0.15942831090917567,-0.16028740729733237,0.02255367040981023
0.01812948703868835,-0.15827984996502803,-0.1582307216816187,0.01756237507475106,-0.15741656698035103,-0.1375370215464455,-0.13870483688770538,-0.15755199694876562,-0.15779793611736018,-0.13884430520947003,-0.13803805128730057,-0.15785531842265943,0.0164541177850462,-0.15724976966717708,-0.1581583218710345,0.018534979150640774
0.015005470188638374,-0.15716103196755637,-0.15715524867982894,0.014390015110098544,-0.15636252292382977,-0.1410404305406902,-0.1422889511213003,-0.15647497973153118,-0.15673647321893028,-0.14242764499864102,-0.1416138716440648,-0.15683676662740798,0.013293173922419773,-0.1561882793514522,-0.15710724825447148,0.015373715021058807
0.012847769268559057,-0.15717145035139984,-0.15721770852185296,0.012192945082085183,-0.1564426300586129,-0.14489635345060692,-0.14621559776462859,-0.15653878812122551,-0.15680139200976595,-0.14634583914866492,-0.1455302540297973,-0.15694599475476395,0.01111806370446739,-0.1562588028052337,-0.15717150191150434,0.01319552334353361
0.011756881180247125,-0.15832841098335287,-0.15841247402967276,0.01107899309135513,-0.15765285037922852,-0.14892759790768534,-0.15030611514262976,-0.15774717959302295,-0.1579955775884667,-0.1504201377117208,-0.14960934751528387,-0.1581836715978718,0.010037073906222577,-0.15746522945807814,-0.15837381052878138,0.012091682096315405
0.011802798234777017,-0.160593191483632,-0.16071403458969333,0.011115511441133803,-0.1599596434457298,-0.15295185058029181,-0.15437444813350615,-0.16005774467537143,-0.1602872077009416,-0.15446644779785929,-0.1536677705302883,-0.1605157696354926,0.010117249441877921,-0.15979516743801597,-0.1606831590112662,0.012123561855037056
0.01301734997744907,-0.1638818912384881,-0.1640553859064301,0.012324401366321808,-0.16329583211755616,-0.15678754701635073,-0.15823145923789597,-0.163393063050375,-0.16360672635627663,-0.15830160203843863,-0.15751715411208403,-0.16386594323096293,0.011380046457721593,-0.16318148793838846,-0.1640081519012403,0.013323051086717738
0.015385272109698318,-0.16809130482641976,-0.1683168539229318,0.01468190109418004,-0.16754966804876478,-0.1602577948379366,-0.16169256492191478,-0.16764615161332763,-0.1678451810172269,-0.1617398503835709,-0.16097048344336531,-0.16811514302069447,0.01380121015463091,-0.16749257589415611,-0.168228794839242,0.01568436141060984
0.01884166463490317,-0.17309188179518045,-0.17334639742493765,0.018121619599364733,-0.172567494834659,-0.1631886463678775,-0.1645842316667484,-0.17267320840891204,-0.17285695338450996,-0.16460670748769782,-0.16385618068520985,-0.17311352544617162,0.01731396834158227,-0.17256555161220521,-0.1732110477197116,0.01915349316554764
0.023275367125109307,-0.1787040162268898,-0.17897554520950454,0.022539385012620303,-0.17816845366048978,-0.16541822663693762,-0.16675274941450605,-0.1782906068705323,-0.17846380653435157,-0.16674994835681803,-0.16602344504878966,-0.178688561738921,0.021812866304027217,-0.1782282552415653,-0.178787556488609,0.023623596345952243
0.028537329021290907,-0.1847083078555405,-0.18500659417280976,0.02779604932962405,-0.18415101139634013,-0.16681233579004107,-0.16807300863847713,-0.18428583482925315,-0.18445674755388647,-0.16803940510276877,-0.16734363160010793,-0.18463872126268452,0.027155329544199795,-0.1842825215717089,-0.18474773095993988,0.028939096317305096
0.034447959031391445,-0.19087807989116296,-0.19120069187513475,0.0337176622468447,-0.19028826694347728,-0.16726971026006288,-0.16845212572750629,-0.1904286756429345,-0.19060085922644215,-0.16837967748098764,-0.16771852632003037,-0.19073102437073844,0.03316144796010875,-0.19049257436823244,-0.19085978716470917,0.034907702296589405
0.04080061059457763,-0.1969841504104506,-0.19729901561182075,0.040095146841092826,-0.1963327729337201,-0.16672866055472108,-0.16783508210725645,-0.19647425880651462,-0.1966474388484255,-0.1677195187106428,-0.16708939203030385,-0.19671677805767754,0.0396154363779031,-0.19660833245715623,-0.19688995594907696,0.041312354178415604
0.047361155923551286,-0.20277618948540554,-0.2030540680962495,0.046687098025002344,-0.20203589397965713,-0.16517915625736984,-0.16621215753546795,-0.2021708102317259,-0.20234888648950727,-0.166048786272011,-0.16544560668280103,-0.2023529386757565,0.046270210834742406,-0.20238917771323425,-0.20259537534570884,0.04791725300742936
0.05386924938012502,-0.20799201188750244,-0.2082338803322905,0.05322796538553518,-0.20716259797537154,-0.16265994118363572,-0.16361970308034657,-0.20727823603309675,-0.2074685479447297,-0.16340323011770894,-0.1628293469370649,-0.20741038730755398,0.05285700037759028,-0.20759768316674365,-0.20772420004162798,0.05446834863705088
0.060046713624748345,-0.21239875808365186,-0.21261258178078288,0.05944031772593572,-0.21149281974362408,-0.15925162167715567,-0.1601406523156445,-0.2115820694783472,-0.21178536127188238,-0.15987134211976536,-0.15933043920091997,-0.21167240482320013,0.05909878094176891,-0.21199538003077736,-0.2120460031827202,0.06069489841914123
0.06561307084414894,-0.21581240186081613,-0.21598293973460725,0.06504942380103532,-0.21482491023234307,-0.15508264317514125,-0.15590910180909975,-0.21489345422800038,-0.21510080831152467,-0.1555893074990712,-0.15508249331120472,-0.21494101065802523,0.06472315974006783,-0.2153704022133572,-0.21537849351196986,0.06631777758478109
0.07030579711998554,-0.21807705118302054,-0.2181835922704623,0.069796894584762,-0.21699186397376805,-0.15032843054511277,-0.15110401358809947,-0.21704745359405875,-0.21725061746574725,-0.15073849243682,-0.15026595488802907,-0.2170531146913516,0.06947409889490984,-0.21756831701657198,-0.21757507500958165,0.07106733934911487
0.0738987160699199,-0.21905372438659632,-0.21910333362575626,0.07345341775424319,-0.21787634038928985,-0.14520012182415415,-0.1459383662025965,-0.21791737699180594,-0.21811565169584177,-0.14554026903726858,-0.14509828239929384,-0.21789243914089715,0.07312325343272094,-0.21848442807151952,-0.21850570682371995,0.07470585146237882
0.07621408462462216,-0.2186503902581307,-0.2186663038881355,0.07583021185269506,-0.21741165601450238,-0.13994086056616978,-0.14065501032707967,-0.2174341527275899,-0.2176268689027384,-0.14023909504465817,-0.13981750767820875,-0.21739102576040245,0.07548171475230504,-0.2180408832098246,-0.21807582190962624,0.07704725409086113
0.0771285984069595,-0.2168509016877263,-0.21683542022567492,0.07679058109172154,-0.21557805053149565,-0.1348166160096235,-0.13551462766865974,-0.2155892008345331,-0.21576818500167236,-0.13509256226752311,-0.1346799018290767,-0.2155308446733063,0.07641282326029804,-0.21619721177787898,-0.2162626799762717,0.0779685095469948
0.07657692595129333,-0.21370151566729298,-0.21363892417464692,0.07626138847274203,-0.2124098718773791,-0.13009000632984413,-0.13077683542740756,-0.21242514216146524,-0.2125800746927253,-0.1303658758580105,-0.12995059847483506,-0.21234967055564244,0.07584404894626866,-0.21298544310240813,-0.21311569824805193,0.07741131047349573
0.07455626148745294,-0.20928894036917914,-0.20918234111172335,0.07424138179247736,-0.2080046991767041,-0.12600469866011813,-0.126687981789857,-0.20803268597225236,-0.20816066987785206,-0.12630849579490028,-0.12587679582375735,-0.20794501066325807,0.07377587866012639,-0.20851598533278906,-0.20872845486834846,0.07538024566616718
0.07113265462169309,-0.20374895804225235,-0.2036266719756738,0.07080513934709134,-0.2025175209040591,-0.1227778143646204,-0.12346878044191582,-0.20255746531058916,-0.20266148657444275,-0.12313463251529404,-0.12267337279365376,-0.20246833891290875,0.07028479830896878,-0.2029474638772993,-0.20323302603776738,0.07194221595579299
0.06644466488807964,-0.19728705440671468,-0.1971675126808894,0.06610014486676388,-0.19614579755452233,-0.12058365475958553,-0.1212976537767901,-0.19619977328106855,-0.196280606381305,-0.12101949959398674,-0.12051668750834463,-0.196116824909129,0.06551965929818704,-0.19647054355805438,-0.1968234133586358,0.06722907154960775
0.06070116754194134,-0.19016394576541865,-0.19004121784291578,0.06033850192218829,-0.18912368159278845,-0.11954405723982144,-0.1202990037060155,-0.1892011975747726,-0.18925859561051722,-0.12008681263743562,-0.11953075708801623,-0.18912968946803346,0.05969434833836926,-0.18932424075952703,-0.18975867834995488,0.06144072589727401
0.05417042830993479,-0.18266071609620815,-0.18253268857897506,0.05378575496207779,-0.1817263196398047,-0.11972562367928251,-0.12053575488890723,-0.18183281153584555,-0.18187352174406124,-0.12039262392793307,-0.1197756538122383,-0.18178329314326186,0.05307681126091809,-0.18180282599748265,-0.18232953350321013,0.05484224034226498
0.047163758551103926,-0.17507017806668684,-0.17495723277944403,0.04674803172601685,-0.17426397019792664,-0.12112696138398389,-0.122000098306203,-0.17439174807521915,-0.1744297434207252,-0.12192445458790485,-0.12124369352910484,-0.1743777733613571,0.04597770669083881,-0.1742254096304804,-0.17483031077312655,0.04775251554550161
0.040017805479538336,-0.1677129177224982,-0.16763177906566484,0.03956002216727373,-0.1670584800852662,-0.12367462852203286,-0.12461340064677451,-0.1671950516040863,-0.1672413491430288,-0.12460181768270004,-0.1238577067441905,-0.16722080774930193,0.038738340146479255,-0.16690347531866387,-0.16756486717487812,0.04052365191359034
0.03307897158958628,-0.16092799058701854,-0.16086866363627292,0.03257276198581855,-0.16042069354843833,-0.12723039013990298,-0.12823174468094703,-0.1605601709960244,-0.1606178927148901,-0.1282752923473027,-0.1274740669249362,-0.16061871123858068,0.031716664714285914,-0.16014169050834062,-0.16085363061126545,0.033517348949680836
0.026690915481323005,-0.15502982835050028,-0.15497845271122634,0.02613900112437424,-0.15464305071028386,-0.13158888962796442,-0.13265059062899986,-0.1547824458323222,-0.15485414372403453,-0.132736030976036,-0.1318891596548376,-0.1548704452441023,0.02527045149599723,-0.15424744423588552,-0.1550081805083007,0.027084612121781815
0.02118255946110732,-0.15027902824156172,-0.15024807333000348,0.020595724229654184,-0.14999416583846986,-0.13648868926784025,-0.1376142697172179,-0.15012472006701852,-0.15021807996561018,-0.13772687545365095,-0.13684636144228587,-0.15024974646799638,0.019738453290220535,-0.14950836456848493,-0.15029759520200264,0.021551297764517145
0.016852561147122667,-0.1468906644950485,-0.14690231581323968,0.016244269905112237,-0.14670171227206596,-0.14164267983172865,-0.14283124284322504,-0.14681176357985617,-0.1469330821021024,-0.14295284515171364,-0.14205127419881927,-0.1469788589399482,0.015419914723978651,-0.14615324731193263,-0.14694199853451778,0.017207463123164693
0.013950470262025982,-0.14504053128583255,-0.14508914324512476,0.01333044979075345,-0.14493008293792786,-0.14674623230302403,-0.1479871990713962,-0.14501400140012646,-0.14515978356862708,-0.14809972553043366,-0.14719056753307933,-0.14521188227291124,0.012554967745898038,-0.1443389004991027,-0.14511623567954512,0.014296113381138259
0.01265515910574118,-0.14483582778126913,-0.14489392589905453,0.01202689602699961,-0.14476850751623221,-0.15148044201931338,-0.15276101608031897,-0.14482574148681707,-0.1449871643924105,-0.15285099927322082,-0.15194477514440072,-0.1450340682504887,0.011310342613245362,-0.14415999582724126,-0.14492542067378653,0.012996853784393707
0.01305666659542965,-0.14628244331620935,-0.14634185994775883,0.012420266820025552,-0.1462300539833027,-0.15554261773368108,-0.15684600973294827,-0.14625607296492737,-0.1464284151149258,-0.15690084406578464,-0.15600742885599064,-0.14646170539018752,0.011767685450844894,-0.14564151496472136,-0.14637293641355303,0.013406124453944785
0.015144817767219591,-0.1492913644114665,-0.14937297781390935,0.014504062124973573,-0.14924722641320856,-0.1586669232417357,-0.15996870735594157,-0.14923509646725286,-0.14941664251358408,-0.15997732427148628,-0.15910912921334663,-0.14943364894498712,0.013917278971434804,-0.14871098424069437,-0.14936379304834907,0.015520999927160611
0.018809115981054517,-0.1537073983955248,-0.1538236030506351,0.018176232144996727,-0.15366506276870687,-0.16062597718688962,-0.16190512831564352,-0.15361659194742625,-0.15379940877639442,-0.16186482469047958,-0.16102789160623515,-0.15380153433454113,0.01765538501433679,-0.15319351870535555,-0.15374026698236296,0.019232433842982597
0.023847368031136205,-0.15931139797614688,-0.1594428277180168,0.023241830871668038,-0.15924339290598566,-0.16125458347295407,-0.1624971952852845,-0.1591716254605917,-0.15934125814292907,-0.162410741998855,-0.16160374092142643,-0.15933126009394719,0.022785895386343277,-0.15884213156682012,-0.1592919356119527,0.02433147875693776
0.02997856415499859,-0.165801311976977,-0.16592333833987927,0.029420706711217336,-0.16567327669524304,-0.16047415540435045,-0.16166471616306474,-0.16558971671164874,-0.16573618918688046,-0.16153579374225446,-0.16076096999763975,-0.16571523295719168,0.0290261715175662,-0.1653605747838399,-0.16572968539425928,0.03052630398324095
0.0368576409809437,-0.17279759662221622,-0.1729091415793783,0.0363601447680914,-0.17259368906761935,-0.1582897745729575,-0.159413142995179,-0.17249953233633009,-0.17262292997303436,-0.15924993556227587,-0.15850905158849748,-0.1725869302025335,0.03601969224033261,-0.1723940965482331,-0.17267547038817824,0.037462552213885315
0.04408995808516142,-0.1798834764557968,-0.1799910159961704,0.04365325161042665,-0.17960278467413543,-0.15479149390097982,-0.15583755278313804,-0.17949742292208576,-0.17960068287272254,-0.15565185604997495,-0.15493496569747242,-0.17954002297503455,0.04335632016699217,-0.1795259327415859,-0.17970176724923154,0.04474313520510828
0.051249277193088166,-0.1866391800834547,-0.18672908634693325,0.050863124909781204,-0.186274922507685,-0.15015828096176062,-0.15111820000316162,-0.18616752225148153,-0.18624825445827392,-0.15091971810019178,-0.15021268752009445,-0.1861531799709633,0.05059693456587076,-0.18631017956098817,-0.1863846063199967,0.051944689496572244
0.057900044976297846,-0.1926501806568305,-0.19269977734678467,0.05754976465797428,-0.1921908909717781,-0.14464143800343493,-0.1455121738683015,-0.19209629485202553,-0.19215027291604866,-0.14530900977027097,-0.14460523439113143,-0.19201800560314236,0.05730078929495006,-0.19231876478244436,-0.19232172292340474,0.05863536492770982
0.06362558803792318,-0.19751881538808666,-0.19752682371390556,0.06329861836012468,-0.1969704537092592,-0.13855479115424701,-0.13934566547842694,-0.1968974041229864,-0.19692593400613692,-0.13914605351117523,-0.1384421291063974,-0.19676115214160597,0.0630527458704903,-0.1971689268714596,-0.19713141644981533,0.06439622552476174
0.06805695371319323,-0.20090527368956815,-0.20088708133484606,0.06774566645371678,-0.20029480706962816,-0.13226802390544407,-0.1329980518334009,-0.20024409033436433,-0.200251992640226,-0.1328093554231493,-0.1320968845894675,-0.2000627251912506,0.06748764313258455,-0.2005338983106255,-0.20047736953083356,0.06884955026883241
0.07089932873215757,-0.2025687723449332,-0.2025240623195289,0.07059908490557046,-0.20192136662901192,-0.12617849447862417,-0.1268748172031058,-0.20189422755028444,-0.20188346922896652,-0.126704789794327,-0.1259701464323023,-0.20167802572102406,0.07031233820526894,-0.2021636303581988,-0.20211449777983204,0.07168908079984326
0.07195204410714019,-0.20237580526052595,-0.202284269372109,0.07165690228048649,-0.2017027297666951,-0.12068555623127629,-0.12138084052621485,-0.20170341510508666,-0.20167443118861908,-0.12123649970226072,-0.12046588319381363,-0.2014622672201053,0.07132432632885236,-0.20191598398301952,-0.20191129211626754,0.07270699795376626
0.07112202033598955,-0.20028997080553057,-0.20014497695559522,0.07082055349582059,-0.19960813373860284,-0.11617510533524646,-0.11689406161788948,-0.19963663572067897,-0.19959517277829852,-0.11677815755164728,-0.11596454772522405,-0.19938654107875925,0.07042789393003836,-0.19977171102382785,-0.1998400321712581,0.07181176177459596
0.06843056409755291,-0.19638329365436433,-0.19620618218033573,0.06810678672874158,-0.1957301793370896,-0.11297853653016376,-0.11373715315768532,-0.19577969458900402,-0.19573627295954815,-0.1136508157851237,-0.11279418386639406,-0.19553852699804047,0.06764610532277848,-0.19582481520844464,-0.1959738968439537,0.06903591389090302
0.06401573684459148,-0.19085855931539167,-0.19066952432443465,0.06365339516112828,-0.19027370070526656,-0.11133609393169588,-0.11215211775909187,-0.19033936858109188,-0.19029985322860843,-0.11209783460764909,-0.11119790749573322,-0.19011474486150237,0.06312577032163554,-0.1902723720535171,-0.19050526276958593,0.06453326365074505
0.05813058710818342,-0.18404215986806655,-0.1838358732915486,0.05771859919285302,-0.18354059663845654,-0.11139128247549454,-0.11227964906391205,-0.18362462844980632,-0.18358679970394534,-0.11225770048880893,-0.11131285133096282,-0.1834144036230269,0.05713466951195432,-0.1834172902779762,-0.18374945265501458,0.05857050540384598
0.05113538872988131,-0.17634083695579464,-0.1761086275206841,0.050671042208977356,-0.17591959569412174,-0.11317385450777492,-0.11414176086187802,-0.17602295806748347,-0.1759844254570003,-0.11414966863480792,-0.11316275916182883,-0.1758289385484863,0.05004884807771379,-0.17566404678997724,-0.1761106729535696,0.05151456447281612
0.043481595498545265,-0.16820451747531173,-0.16796652357390426,0.04296934845791557,-0.16787124702672027,-0.11657865100847496,-0.11763440213915399,-0.16798356651745228,-0.1679482726980249,-0.1176694547188481,-0.11664612591215141,-0.1678185650002816,0.04232997466318355,-0.167487593494945,-0.16804042894485163,0.04381603624400566
0.03568535982872231,-0.1601185305423647,-0.15991075988769765,0.0351320986397105,-0.15989601814822837,-0.12138227865251273,-0.1225312111360719,-0.16000115097325796,-0.1599737985237654,-0.12258780455144314,-0.12153212736646182,-0.15987567553289345,0.0344954867956462,-0.15939073594423744,-0.16002175344070926,0.035986779735365695
0.028290648811224936,-0.15259347835771228,-0.15242755045877246,0.02770124150158569,-0.15249396949958932,-0.12725997619309926,-0.12849244143608826,-0.15258366346610502,-0.15256112229886948,-0.12856272479842687,-0.1274786686724692,-0.15249050854629217,0.027083003113450823,-0.1518756914386274,-0.15256012404657088,0.028567819061987257
0.02182511444107919,-0.1461205202666581,-0.14597962807836964,0.021202212139447892,-0.1461312949823919,-0.13378639340156984,-0.1350849149127737,-0.14620706391652236,-0.1461816608543502,-0.13516427350209875,-0.1340569299865288,-0.1461261549762681,0.020612951077378323,-0.1454236292272675,-0.1461436034906728,0.022088995522391883
0.01675596730557071,-0.14111524749647827,-0.14099177884606467,0.016103353649435954,-0.14121701762833785,-0.14046889843793356,-0.14181511436026611,-0.14127794283288858,-0.14124743652846453,-0.1418997155643027,-0.14077533127406433,-0.14119430147603934,0.015549779672527833,-0.14045962967852993,-0.14118339222581278,0.017023163511145203
0.013451284234260187,-0.1378907025053342,-0.13780584699601472,0.012779436862077184,-0.13807624404005908,-0.1467970606183469,-0.14816524623428806,-0.1381136980605015,-0.1380823460230357,-0.14824679484673825,-0.1471176098698134,-0.13802471450887535,0.012266411508113174,-0.13730623864278046,-0.1379828166218254,0.013743061133186997
0.012151627442249426,-0.13665721870900768,-0.1366319485322509,0.011480470793614687,-0.13692001886708247,-0.15226991973417522,-0.15363349583203484,-0.1369266920116594,-0.13689494933138374,-0.15370291911803416,-0.15258344843390054,-0.1368338589002902,0.011012302897466885,-0.13615740607637017,-0.136743402300353,0.012488246718310357
0.01295230726887272,-0.13750933112663377,-0.1375338006427137,0.012308860207663945,-0.137822641824724,-0.15643358676560862,-0.1577734819897959,-0.13780124537820115,-0.13776170026522566,-0.15782683440080936,-0.15672334065751384,-0.13770184697101273,0.011889339515998444,-0.13708090122086297,-0.13756426996461618,0.013346444810262472
0.01579546726333759,-0.14039438318015157,-0.14044098067932667,0.015206898899959461,-0.14071675483827914,-0.15893206797293016,-0.16022885226711928,-0.1406742743617542,-0.14061992340305332,-0.16026583785773243,-0.15917781204955372,-0.1405627745466516,0.014838115923972488,-0.1400218620736831,-0.1404075618598977,0.01624929787837499
0.020471600659397467,-0.1450979384041262,-0.1451528704428136,0.01995694632425483,-0.14539699313898213,-0.15953396037492024,-0.1607648595676643,-0.14533529436304116,-0.14526769881777105,-0.16078730811155598,-0.159716448730812,-0.1452057652302137,0.0196380705903755,-0.14478710379364448,-0.14506582795050205,0.02097870838439181
0.026629730407630416,-0.151268192560522,-0.15132993315586682,0.026194181134922473,-0.15152569454488093,-0.1581483220876786,-0.15929681377333657,-0.15144335405082052,-0.1513678022164582,-0.15930960639876543,-0.15825495578988996,-0.1512864061113031,0.02592068141401151,-0.15103013570157175,-0.151178352030037,0.027180629190081556
0.03379811152744587,-0.15844984106759247,-0.1585046135368476,0.03343327191287934,-0.15864381340889225,-0.15484502627015334,-0.15590124930042976,-0.15854709275818632,-0.15846454661951434,-0.15590955062257628,-0.15486197235692112,-0.15834893677254885,0.033197799347686976,-0.1582708238818766,-0.15828044549089523,0.03438569967469586
0.04141702464148677,-0.16610253799655292,-0.16612290227736506,0.04110564819736005,-0.16620122972355053,-0.1498478279694474,-0.1508085551606121,-0.16610599836880557,-0.16601313655061414,-0.15081315022343839,-0.14976395925408226,-0.16585628915845557,0.04089846561031198,-0.16594481916426326,-0.16583982535692168,0.04203716974027796
0.04888121636757137,-0.1736198834265299,-0.17359243543765657,0.048604002709344465,-0.1736023202612438,-0.1435121779140381,-0.1443890057663638,-0.1735242172743982,-0.17341997408035487,-0.1443890464173353,-0.14333606020440995,-0.1732242680282174,0.04841319140672605,-0.17345214530216174,-0.17327194817761493,0.04952891441584541
0.05558886352036983,-0.18037952512010355,-0.18031549489307,0.05532947087594344,-0.1802534264861649,-0.13631512484180558,-0.13713404955684982,-0.1802000824276309,-0.18008639163633172,-0.13713125050885766,-0.13607135737784323,-0.17986018910661522,0.0551405241738795,-0.18019205556548765,-0.17997133948458552,0.056252583387191274
0.060992079258114215,-0.18581402366396915,-0.1857236143792144,0.060737318205173196,-0.18560481496208164,-0.12882730892581465,-0.1296180537188792,-0.18557819920792998,-0.18545436752035982,-0.1296174842380985,-0.1285410504150613,-0.18520872336113436,0.060533627878810975,-0.18560115596586,-0.18537173538553456,0.06165038182341265
0.06464154083476216,-0.18946289304375724,-0.1893338423813042,0.0643793062662419,-0.1891916869438312,-0.12165722819127832,-0.12245252143199631,-0.18919477045019398,-0.18905576073543345,-0.12245943712318648,-0.12135386447809131,-0.1888026652472651,0.06414312692261084,-0.18920711149783861,-0.18900740271301367,0.06526523173732461
0.06622397985641602,-0.19099589980487772,-0.19081207954875778,0.06593995154611342,-0.19068021915568478,-0.11540551214637322,-0.11623809905484127,-0.19071611248209033,-0.19055951878972008,-0.11625549955809455,-0.11510994723100065,-0.19031006568987005,0.0656552164141135,-0.1906810501890797,-0.1905481938237675,0.06678267097152646
0.06558903618070847,-0.19023551408686018,-0.19000548920593022,0.06526575674674152,-0.18990699205978032,-0.11062089274240795,-0.11151208285361928,-0.1899745186336319,-0.18980549206690644,-0.11154284673070639,-0.11035197272312768,-0.1895664777471846,0.06492155995545361,-0.1898656133431488,-0.18982060378774973,0.06605974565359415
0.06276490184755389,-0.187192804832768,-0.18694186029371784,0.06238406332372832,-0.18689645461367713,-0.10773838824906387,-0.10870009278525512,-0.18699172351387697,-0.18681740748113138,-0.1087498654405064,-0.1075128953119087,-0.1865900981773424,0.06197792025764838,-0.1867826323340796,-0.18683137987763465,0.06313885168922267
0.057962685638522866,-0.18208612628859336,-0.18182525825232937,0.057509847385921437,-0.181856748041398,-0.10703447675143615,-0.1080782334674453,-0.18197896087408694,-0.18180089545578895,-0.1081526788641921,-0.10686755385164379,-0.18158287210549043,0.05704934030166973,-0.18163741020132063,-0.18178589064385742,0.05824658663618986
0.05156670862875105,-0.17531665817754855,-0.17503736006278806,0.05103584213914056,-0.17516531510509273,-0.10860699453150557,-0.10973933688002187,-0.17531455146769412,-0.1751304374633373,-0.10983990888592297,-0.1085039922380323,-0.17492117343800295,0.05053763209694829,-0.17481780148048562,-0.17507566749569028,0.05177930089933964
0.044110362666375295,-0.16741553802464712,-0.16712108109820292,0.043506233113650546,-0.16734571754278174,-0.11235204050222332,-0.11357185682681786,-0.16751450334102738,-0.1673257348532718,-0.11369715014429653,-0.11231400430982491,-0.1671296566849598,0.04299232597680772,-0.1668678330469362,-0.16723257065382366,0.044275795667983404
0.03623672272114177,-0.15900225322495537,-0.15872286793269505,0.0355730254821803,-0.1590294777018721,-0.11795972365559709,-0.1192644771157891,-0.15919996587650956,-0.15901281676974222,-0.11941295585001983,-0.1179898808384251,-0.15883561757509124,0.03506628766415474,-0.15843185640971752,-0.15887654422293265,0.03637842709448805
0.028644460761024823,-0.15075455320593123,-0.15052025645694006,0.02794008467028541,-0.15089733644447764,-0.12494707376292079,-0.12632812557157835,-0.15105177415709517,-0.1508702251024009,-0.12649471966396283,-0.12503723503043523,-0.1507121437445618,0.02745972219216397,-0.15019359172109564,-0.15067843675339607,0.02878219132302061
0.02202316702089818,-0.14335992241727538,-0.14316883037406253,0.02129845223469888,-0.14361553435114102,-0.13269179903637657,-0.13412722128122903,-0.14374683936168978,-0.14356863322363925,-0.13430416723867103,-0.13282046161175862,-0.14342172157916797,0.020856839361714497,-0.14282661289566362,-0.14331841398484094,0.022173219003642452
0.016985130642188158,-0.13743936719601071,-0.1372696508577744,0.016260111877993647,-0.13778188770278854,-0.14047193797172844,-0.1419352001562629,-0.1378894161147005,-0.13771196454050535,-0.14211664171767646,-0.14062007246624791,-0.13756444747620367,0.01586214755474789,-0.13694504360589455,-0.13741701886399993,0.017162154022267357
0.0140016882455937,-0.13347675428005515,-0.13332494599692288,0.01329668208971833,-0.13388029459729817,-0.1475430093676392,-0.1490080864956717,-0.1339576469882915,-0.13378556208078862,-0.14918848407948618,-0.14769287166765965,-0.13362807753816877,0.012941945203924849,-0.13304312964557966,-0.13345837584020243,0.014219618881848788
0.013353373597277403,-0.13178613071473838,-0.13167393933698987,0.012690699841648657,-0.13223706268121496,-0.15321668643765537,-0.15465515940768812,-0.13227109444132923,-0.13211193177257885,-0.15482421701544352,-0.1533443163171453,-0.13194200100584627,0.01237625426361299,-0.13143823586537265,-0.13175165076487458,0.013623850167320192
0.01509991480195484,-0.1325023534530789,-0.13244205107097393,0.014503722702951208,-0.13298221478998062,-0.15691664850315087,-0.15830349720528328,-0.13296590461094754,-0.13281963086510193,-0.15845297027671593,-0.1570031365601602,-0.13264242107376456,0.014226452133069245,-0.13224366405222363,-0.1324283910076732,0.015428686096740224
0.01907336099378422,-0.13556323478998086,-0.1355335167799992,0.018565553880218695,-0.13603101177153135,-0.15824240003397344,-0.15956221758635872,-0.1359727811800552,-0.13582971750986914,-0.15969213979609712,-0.1582764681205464,-0.13565476144376015,0.018323169916360228,-0.1353709200976287,-0.13543376426431175,0.019456900690459522
0.0248928868930611,-0.14068779588769093,-0.14065495700340666,0.024486426711111255,-0.14109317385212042,-0.1570282959464694,-0.15827109698436112,-0.14101055690384792,-0.1408604730581384,-0.15838281386331557,-0.15699417993372577,-0.14069420154667386,0.024277002269258784,-0.14053860186603817,-0.14050022850137822,0.025318375842550506
0.03199987210544694,-0.1473867043655524,-0.14733721174392192,0.03169191424684346,-0.14769820375376397,-0.15335786369840307,-0.1545189447154561,-0.14760623360375433,-0.14744546725485674,-0.15461365021774978,-0.15324319340916798,-0.14728410159868802,0.03151215601938647,-0.1472782195133348,-0.14714535860426092,0.03244788920432379
0.038935591780442286,-0.1542865708827743,-0.1542261077185963,0.038697097275193736,-0.1545070507434037,-0.14817335445216895,-0.14926474320839178,-0.15441775240753797,-0.15424688755446883,-0.14935175526995306,-0.14798879920985336,-0.15407706899181597,0.038538999818250916,-0.15421896532514456,-0.15399855103424673,0.039385647823425185
0.04500111573648965,-0.16058372107095034,-0.16051049871267706,0.04479509759695847,-0.1607221123041479,-0.1422483787637895,-0.14328632247443587,-0.16064916115730982,-0.16046513627092565,-0.14337586350314188,-0.1420063899180601,-0.1602752041558654,0.04464929472212811,-0.16053986734791678,-0.16025568971707457,0.04544021815496243
0.049776676501626385,-0.16556994591975538,-0.16547381292876082,0.04956871923979352,-0.16563397096094076,-0.13625282495086455,-0.13725632291879622,-0.16559165467170553,-0.16538952384944597,-0.1373516192448354,-0.13596397115517847,-0.16517688937203945,0.04942544237413481,-0.16552113742297025,-0.16521474482689044,0.0501996122664224
0.053123864332006526,-0.16885305287091296,-0.1687337716055976,0.052890298176493655,-0.16885993403964214,-0.13086753406764678,-0.13185944898937813,-0.1688548024230346,-0.16863408422904988,-0.1319609875353299,-0.13055094130094244,-0.16840370512655944,0.05274088663509998,-0.16878245243469045,-0.168487635158067,0.05353035078094315
0.055129706322462904,-0.17045775241489258,-0.17032863122553138,0.054859620577332846,-0.17043737265828363,-0.1265683004903656,-0.12756878413025377,-0.1704655312026139,-0.17023024862702318,-0.12767972549765708,-0.12624502339364527,-0.1699887811959871,0.05469823221145691,-0.17036708390951524,-0.17009555192068812,0.055520580978201985
0.05603251678299355,-0.17071461782316996,-0.17058671845962456,0.05572680669370167,-0.17069362847619707,-0.12354257437146003,-0.12456156597368435,-0.17074745989021792,-0.17050170040599902,-0.12468296153903631,-0.12322401159154629,-0.17025281660104394,0.055550759648675466,-0.17061048891835787,-0.1703614591884713,0.056408038412966086
0.0561611564203254,-0.17010217305699715,-0.16997617481018465,0.05582663470903126,-0.17009397601230458,-0.1217864724708356,-0.12282576126187958,-0.17016519411956424,-0.16991230292763912,-0.1229561345727801,-0.12147648347136342,-0.16965816970766096,0.05563768943248813,-0.16998664704940022,-0.1697583866982642,0.056522527627004826
0.05588986938731322,-0.16917545090240002,-0.16904812962760568,0.055536221054146157,-0.1691799995872761,-0.1210706067797812,-0.12212677026402538,-0.16926176338057802,-0.16900460842978812,-0.12226336217112119,-0.12076986740982339,-0.16874707364275868,0.05533843901308441,-0.16904991453041537,-0.16883888515315576,0.05624073896161631
0.05559381368010248,-0.16849468977960294,-0.16836643578919014,0.05523065444061141,-0.168507688856279,-0.12096232440270835,-0.12202729064822222,-0.16859311580678626,-0.16833455980180936,-0.1221673575034838,-0.12066763347431038,-0.16807581023282772,0.05502868168647686,-0.1683642677682539,-0.16816244620620782,0.05593930675328919
